time,viseme,voice,teacher_sil,teacher_PP,teacher_FF,teacher_TH,teacher_DD,teacher_kk,teacher_CH,teacher_SS,teacher_nn,teacher_RR,teacher_aa,teacher_E,teacher_I,teacher_O,teacher_U,avr_sil,avr_PP,avr_FF,avr_TH,avr_DD,avr_kk,avr_CH,avr_SS,avr_nn,avr_RR,avr_aa,avr_E,avr_I,avr_O,avr_U
0.00000,0,0.01949,1.00000,0.00000,0.00000,0.00000,0.00000,0.00000,0.00000,0.00000,0.00000,0.00000,0.00000,0.00000,0.00000,0.00000,0.00000,1.00000,0.00000,0.00000,0.00000,0.00000,0.00000,0.00000,0.00000,0.00000,0.00000,0.00000,0.00000,0.00000,0.00000,0.00000
0.02133,0,0.01538,1.00000,0.00000,0.00000,0.00000,0.00000,0.00000,0.00000,0.00000,0.00000,0.00000,0.00000,0.00000,0.00000,0.00000,0.00000,1.00000,0.00000,0.00000,0.00000,0.00000,0.00000,0.00000,0.00000,0.00000,0.00000,0.00000,0.00000,0.00000,0.00000,0.00000
0.04267,0,0.01213,1.00000,0.00000,0.00000,0.00000,0.00000,0.00000,0.00000,0.00000,0.00000,0.00000,0.00000,0.00000,0.00000,0.00000,0.00000,0.96099,0.00309,0.00066,0.00578,0.00071,0.00577,0.00183,0.00201,0.00000,0.00000,0.00034,0.01084,0.00603,0.00000,0.00194
0.06400,0,0.03533,1.00000,0.00000,0.00000,0.00000,0.00000,0.00000,0.00000,0.00000,0.00000,0.00000,0.00000,0.00000,0.00000,0.00000,0.00000,0.93103,0.00547,0.00116,0.01022,0.00126,0.01019,0.00324,0.00355,0.00000,0.00000,0.00061,0.01917,0.01066,0.00000,0.00343
0.08533,0,0.02787,1.00000,0.00000,0.00000,0.00000,0.00000,0.00000,0.00000,0.00000,0.00000,0.00000,0.00000,0.00000,0.00000,0.00000,0.00000,0.89633,0.00822,0.00175,0.01536,0.00190,0.01532,0.00487,0.00534,0.00000,0.00000,0.00091,0.02881,0.01603,0.00000,0.00516
0.10667,0,0.02199,1.00000,0.00000,0.00000,0.00000,0.00000,0.00000,0.00000,0.00000,0.00000,0.00000,0.00000,0.00000,0.00000,0.00000,0.00000,0.88251,0.00932,0.00198,0.01741,0.00215,0.01736,0.00552,0.00605,0.00000,0.00000,0.00104,0.03265,0.01816,0.00000,0.00585
0.12800,0,0.01735,1.00000,0.00000,0.00000,0.00000,0.00000,0.00000,0.00000,0.00000,0.00000,0.00000,0.00000,0.00000,0.00000,0.00000,0.00000,0.87757,0.00971,0.00206,0.01814,0.00224,0.01809,0.00575,0.00630,0.00000,0.00000,0.00108,0.03403,0.01893,0.00000,0.00610
0.14933,0,0.01369,1.00000,0.00000,0.00000,0.00000,0.00000,0.00000,0.00000,0.00000,0.00000,0.00000,0.00000,0.00000,0.00000,0.00000,0.00000,0.87590,0.00984,0.00209,0.01839,0.00227,0.01834,0.00583,0.00639,0.00000,0.00000,0.00109,0.03449,0.01918,0.00000,0.00618
0.17067,0,0.01080,1.00000,0.00000,0.00000,0.00000,0.00000,0.00000,0.00000,0.00000,0.00000,0.00000,0.00000,0.00000,0.00000,0.00000,0.00000,0.87537,0.00988,0.00210,0.01847,0.00228,0.01842,0.00585,0.00641,0.00000,0.00000,0.00110,0.03464,0.01927,0.00000,0.00621
0.19200,0,0.00852,1.00000,0.00000,0.00000,0.00000,0.00000,0.00000,0.00000,0.00000,0.00000,0.00000,0.00000,0.00000,0.00000,0.00000,0.00000,0.87520,0.00990,0.00210,0.01850,0.00229,0.01844,0.00586,0.00642,0.00000,0.00000,0.00110,0.03469,0.01929,0.00000,0.00622
0.21333,0,0.00672,1.00000,0.00000,0.00000,0.00000,0.00000,0.00000,0.00000,0.00000,0.00000,0.00000,0.00000,0.00000,0.00000,0.00000,0.00000,0.87515,0.00990,0.00210,0.01850,0.00229,0.01845,0.00586,0.00643,0.00000,0.00000,0.00110,0.03470,0.01930,0.00000,0.00622
0.23467,0,0.00530,1.00000,0.00000,0.00000,0.00000,0.00000,0.00000,0.00000,0.00000,0.00000,0.00000,0.00000,0.00000,0.00000,0.00000,0.00000,0.87513,0.00990,0.00210,0.01851,0.00229,0.01845,0.00586,0.00643,0.00000,0.00000,0.00110,0.03470,0.01930,0.00000,0.00622
0.25600,0,0.00418,1.00000,0.00000,0.00000,0.00000,0.00000,0.00000,0.00000,0.00000,0.00000,0.00000,0.00000,0.00000,0.00000,0.00000,0.00000,0.87513,0.00990,0.00210,0.01851,0.00229,0.01845,0.00586,0.00643,0.00000,0.00000,0.00110,0.03471,0.01931,0.00000,0.00622
0.27733,0,0.00330,1.00000,0.00000,0.00000,0.00000,0.00000,0.00000,0.00000,0.00000,0.00000,0.00000,0.00000,0.00000,0.00000,0.00000,0.00000,0.87512,0.00990,0.00210,0.01851,0.00229,0.01845,0.00586,0.00643,0.00000,0.00000,0.00110,0.03471,0.01931,0.00000,0.00622
0.29867,0,0.00260,1.00000,0.00000,0.00000,0.00000,0.00000,0.00000,0.00000,0.00000,0.00000,0.00000,0.00000,0.00000,0.00000,0.00000,0.00000,0.87512,0.00990,0.00210,0.01851,0.00229,0.01845,0.00586,0.00643,0.00000,0.00000,0.00110,0.03471,0.01931,0.00000,0.00622
0.32000,0,0.00205,1.00000,0.00000,0.00000,0.00000,0.00000,0.00000,0.00000,0.00000,0.00000,0.00000,0.00000,0.00000,0.00000,0.00000,0.00000,0.87512,0.00990,0.00210,0.01851,0.00229,0.01845,0.00586,0.00643,0.00000,0.00000,0.00110,0.03471,0.01931,0.00000,0.00622
0.34133,0,0.00162,1.00000,0.00000,0.00000,0.00000,0.00000,0.00000,0.00000,0.00000,0.00000,0.00000,0.00000,0.00000,0.00000,0.00000,0.00000,0.87512,0.00990,0.00210,0.01851,0.00229,0.01845,0.00586,0.00643,0.00000,0.00000,0.00110,0.03471,0.01931,0.00000,0.00622
0.36267,0,0.00128,1.00000,0.00000,0.00000,0.00000,0.00000,0.00000,0.00000,0.00000,0.00000,0.00000,0.00000,0.00000,0.00000,0.00000,0.00000,0.87512,0.00990,0.00210,0.01851,0.00229,0.01845,0.00586,0.00643,0.00000,0.00000,0.00110,0.03471,0.01931,0.00000,0.00622
0.38400,0,0.00101,1.00000,0.00000,0.00000,0.00000,0.00000,0.00000,0.00000,0.00000,0.00000,0.00000,0.00000,0.00000,0.00000,0.00000,0.00000,0.87512,0.00990,0.00210,0.01851,0.00229,0.01845,0.00586,0.00643,0.00000,0.00000,0.00110,0.03471,0.01931,0.00000,0.00622
0.40533,0,0.00080,1.00000,0.00000,0.00000,0.00000,0.00000,0.00000,0.00000,0.00000,0.00000,0.00000,0.00000,0.00000,0.00000,0.00000,0.00000,0.87512,0.00990,0.00210,0.01851,0.00229,0.01845,0.00586,0.00643,0.00000,0.00000,0.00110,0.03471,0.01931,0.00000,0.00622
0.42667,0,0.00063,1.00000,0.00000,0.00000,0.00000,0.00000,0.00000,0.00000,0.00000,0.00000,0.00000,0.00000,0.00000,0.00000,0.00000,0.00000,0.87512,0.00990,0.00210,0.01851,0.00229,0.01845,0.00586,0.00643,0.00000,0.00000,0.00110,0.03471,0.01931,0.00000,0.00622
0.44800,0,0.00050,1.00000,0.00000,0.00000,0.00000,0.00000,0.00000,0.00000,0.00000,0.00000,0.00000,0.00000,0.00000,0.00000,0.00000,0.00000,0.87512,0.00990,0.00210,0.01851,0.00229,0.01845,0.00586,0.00643,0.00000,0.00000,0.00110,0.03471,0.01931,0.00000,0.00622
0.46933,0,0.00039,1.00000,0.00000,0.00000,0.00000,0.00000,0.00000,0.00000,0.00000,0.00000,0.00000,0.00000,0.00000,0.00000,0.00000,0.00000,0.87512,0.00990,0.00210,0.01851,0.00229,0.01845,0.00586,0.00643,0.00000,0.00000,0.00110,0.03471,0.01931,0.00000,0.00622
0.49067,0,0.00031,1.00000,0.00000,0.00000,0.00000,0.00000,0.00000,0.00000,0.00000,0.00000,0.00000,0.00000,0.00000,0.00000,0.00000,0.00000,0.87512,0.00990,0.00210,0.01851,0.00229,0.01845,0.00586,0.00643,0.00000,0.00000,0.00110,0.03471,0.01931,0.00000,0.00622
0.51200,0,0.00024,1.00000,0.00000,0.00000,0.00000,0.00000,0.00000,0.00000,0.00000,0.00000,0.00000,0.00000,0.00000,0.00000,0.00000,0.00000,0.87512,0.00990,0.00210,0.01851,0.00229,0.01845,0.00586,0.00643,0.00000,0.00000,0.00110,0.03471,0.01931,0.00000,0.00622
0.53333,0,0.00457,1.00000,0.00000,0.00000,0.00000,0.00000,0.00000,0.00000,0.00000,0.00000,0.00000,0.00000,0.00000,0.00000,0.00000,0.00000,0.87512,0.00990,0.00210,0.01851,0.00229,0.01845,0.00586,0.00643,0.00000,0.00000,0.00110,0.03471,0.01931,0.00000,0.00622
0.55467,0,0.01503,1.00000,0.00000,0.00000,0.00000,0.00000,0.00000,0.00000,0.00000,0.00000,0.00000,0.00000,0.00000,0.00000,0.00000,0.00000,0.87512,0.00990,0.00210,0.01851,0.00229,0.01845,0.00586,0.00643,0.00000,0.00000,0.00110,0.03471,0.01931,0.00000,0.00622
0.57600,0,0.01500,1.00000,0.00000,0.00000,0.00000,0.00000,0.00000,0.00000,0.00000,0.00000,0.00000,0.00000,0.00000,0.00000,0.00000,0.00000,0.87512,0.00990,0.00210,0.01851,0.00229,0.01845,0.00586,0.00643,0.00000,0.00000,0.00110,0.03471,0.01931,0.00000,0.00622
0.59733,0,0.02177,1.00000,0.00000,0.00000,0.00000,0.00000,0.00000,0.00000,0.00000,0.00000,0.00000,0.00000,0.00000,0.00000,0.00000,0.00000,0.87512,0.00990,0.00210,0.01851,0.00229,0.01845,0.00586,0.00643,0.00000,0.00000,0.00110,0.03471,0.01931,0.00000,0.00622
0.61867,0,0.05876,1.00000,0.00000,0.00000,0.00000,0.00000,0.00000,0.00000,0.00000,0.00000,0.00000,0.00000,0.00000,0.00000,0.00000,0.00000,0.87512,0.00990,0.00210,0.01851,0.00229,0.01845,0.00586,0.00643,0.00000,0.00000,0.00110,0.03471,0.01931,0.00000,0.00622
0.64000,0,0.06413,1.00000,0.00000,0.00000,0.00000,0.00000,0.00000,0.00000,0.00000,0.00000,0.00000,0.00000,0.00000,0.00000,0.00000,0.00000,0.87512,0.00990,0.00210,0.01851,0.00229,0.01845,0.00586,0.00643,0.00000,0.00000,0.00110,0.03471,0.01931,0.00000,0.00622
0.66133,0,0.06633,1.00000,0.00000,0.00000,0.00000,0.00000,0.00000,0.00000,0.00000,0.00000,0.00000,0.00000,0.00000,0.00000,0.00000,0.00000,0.87512,0.00990,0.00210,0.01851,0.00229,0.01845,0.00586,0.00643,0.00000,0.00000,0.00110,0.03471,0.01931,0.00000,0.00622
0.68267,0,0.11639,0.43076,0.02634,0.03574,0.05444,0.03049,0.03666,0.06498,0.01779,0.01200,0.00635,0.01342,0.02928,0.20934,0.00610,0.02632,0.87512,0.00990,0.00210,0.01851,0.00229,0.01845,0.00586,0.00643,0.00000,0.00000,0.00110,0.03471,0.01931,0.00000,0.00622
0.70400,0,0.15702,0.29965,0.02391,0.09724,0.08039,0.02728,0.10879,0.05976,0.07188,0.00877,0.00459,0.01133,0.02491,0.15718,0.00484,0.01949,0.87512,0.00990,0.00210,0.01851,0.00229,0.01845,0.00586,0.00643,0.00000,0.00000,0.00110,0.03471,0.01931,0.00000,0.00622
0.72533,2,0.15104,0.20961,0.02156,0.22264,0.11946,0.05042,0.08650,0.04980,0.06085,0.00737,0.00792,0.01276,0.02008,0.11087,0.00536,0.01480,0.87512,0.00990,0.00210,0.01851,0.00229,0.01845,0.00586,0.00643,0.00000,0.00000,0.00110,0.03471,0.01931,0.00000,0.00622
0.74667,2,0.13969,0.16509,0.02416,0.22848,0.09320,0.06795,0.10777,0.07532,0.05292,0.01177,0.03441,0.01572,0.01846,0.08341,0.00562,0.01571,0.87512,0.00990,0.00210,0.01851,0.00229,0.01845,0.00586,0.00643,0.00000,0.00000,0.00110,0.03471,0.01931,0.00000,0.00622
0.76800,0,0.12764,0.28209,0.02264,0.18303,0.07585,0.06070,0.10119,0.06569,0.04593,0.01620,0.02728,0.01315,0.01639,0.06112,0.00557,0.02318,0.46704,0.00623,0.29412,0.06487,0.02117,0.01959,0.00352,0.00450,0.01348,0.02902,0.02250,0.03062,0.01839,0.00000,0.00495
0.78933,0,0.11633,0.46606,0.01737,0.13313,0.05579,0.04492,0.07570,0.04757,0.03421,0.01265,0.01945,0.01046,0.01411,0.04335,0.00471,0.02052,0.30469,0.00477,0.41030,0.08332,0.02868,0.02004,0.00259,0.00374,0.01884,0.04057,0.03101,0.02900,0.01802,0.00000,0.00445
0.81067,0,0.10600,1.00000,0.00000,0.00000,0.00000,0.00000,0.00000,0.00000,0.00000,0.00000,0.00000,0.00000,0.00000,0.00000,0.00000,0.00000,0.24821,0.00426,0.45071,0.08974,0.03129,0.02020,0.00226,0.00347,0.02071,0.04458,0.03397,0.02843,0.01790,0.00000,0.00427
0.83200,0,0.09811,1.00000,0.00000,0.00000,0.00000,0.00000,0.00000,0.00000,0.00000,0.00000,0.00000,0.00000,0.00000,0.00000,0.00000,0.00000,0.35682,0.00524,0.37299,0.07740,0.02627,0.01990,0.00289,0.00398,0.01712,0.03686,0.02828,0.02952,0.01814,0.00000,0.00461
0.85333,0,0.09519,1.00000,0.00000,0.00000,0.00000,0.00000,0.00000,0.00000,0.00000,0.00000,0.00000,0.00000,0.00000,0.00000,0.00000,0.00000,0.53077,0.00680,0.24852,0.05763,0.01822,0.01941,0.00389,0.00480,0.01137,0.02449,0.01916,0.03126,0.01853,0.00000,0.00515
0.87467,0,0.09339,1.00000,0.00000,0.00000,0.00000,0.00000,0.00000,0.00000,0.00000,0.00000,0.00000,0.00000,0.00000,0.00000,0.00000,0.00000,0.70155,0.00834,0.12631,0.03823,0.01032,0.01894,0.00487,0.00561,0.00573,0.01234,0.01020,0.03297,0.01892,0.00000,0.00568
0.89600,0,0.09511,1.00000,0.00000,0.00000,0.00000,0.00000,0.00000,0.00000,0.00000,0.00000,0.00000,0.00000,0.00000,0.00000,0.00000,0.00000,0.80545,0.00928,0.05196,0.02642,0.00551,0.01865,0.00546,0.00610,0.00230,0.00495,0.00475,0.03401,0.01915,0.00000,0.00600
0.91733,0,0.10127,1.00000,0.00000,0.00000,0.00000,0.00000,0.00000,0.00000,0.00000,0.00000,0.00000,0.00000,0.00000,0.00000,0.00000,0.00000,0.85013,0.00968,0.01999,0.02135,0.00344,0.01852,0.00572,0.00631,0.00083,0.00178,0.00241,0.03446,0.01925,0.00000,0.00614
0.93867,0,0.10052,1.00000,0.00000,0.00000,0.00000,0.00000,0.00000,0.00000,0.00000,0.00000,0.00000,0.00000,0.00000,0.00000,0.00000,0.00000,0.86670,0.00983,0.00813,0.01946,0.00268,0.01848,0.00582,0.00639,0.00028,0.00060,0.00154,0.03462,0.01929,0.00000,0.00619
0.96000,0,0.09752,1.00000,0.00000,0.00000,0.00000,0.00000,0.00000,0.00000,0.00000,0.00000,0.00000,0.00000,0.00000,0.00000,0.00000,0.00000,0.87239,0.00988,0.00406,0.01882,0.00241,0.01846,0.00585,0.00641,0.00009,0.00019,0.00124,0.03468,0.01930,0.00000,0.00621
0.98133,0,0.09441,1.00000,0.00000,0.00000,0.00000,0.00000,0.00000,0.00000,0.00000,0.00000,0.00000,0.00000,0.00000,0.00000,0.00000,0.00000,0.87426,0.00990,0.00272,0.01860,0.00233,0.01846,0.00586,0.00642,0.00003,0.00006,0.00115,0.03470,0.01930,0.00000,0.00622
1.00267,0,0.09173,1.00000,0.00000,0.00000,0.00000,0.00000,0.00000,0.00000,0.00000,0.00000,0.00000,0.00000,0.00000,0.00000,0.00000,0.00000,0.87486,0.00990,0.00229,0.01854,0.00230,0.01845,0.00586,0.00643,0.00001,0.00002,0.00111,0.03470,0.01931,0.00000,0.00622
1.02400,0,0.08642,1.00000,0.00000,0.00000,0.00000,0.00000,0.00000,0.00000,0.00000,0.00000,0.00000,0.00000,0.00000,0.00000,0.00000,0.00000,0.87504,0.00990,0.00216,0.01852,0.00229,0.01845,0.00586,0.00643,0.00000,0.00001,0.00111,0.03471,0.01931,0.00000,0.00622
1.04533,0,0.08025,1.00000,0.00000,0.00000,0.00000,0.00000,0.00000,0.00000,0.00000,0.00000,0.00000,0.00000,0.00000,0.00000,0.00000,0.00000,0.87510,0.00990,0.00212,0.01851,0.00229,0.01845,0.00586,0.00643,0.00000,0.00000,0.00110,0.03471,0.01931,0.00000,0.00622
1.06667,0,0.07308,1.00000,0.00000,0.00000,0.00000,0.00000,0.00000,0.00000,0.00000,0.00000,0.00000,0.00000,0.00000,0.00000,0.00000,0.00000,0.87511,0.00990,0.00211,0.01851,0.00229,0.01845,0.00586,0.00643,0.00000,0.00000,0.00110,0.03471,0.01931,0.00000,0.00622
1.08800,0,0.06968,1.00000,0.00000,0.00000,0.00000,0.00000,0.00000,0.00000,0.00000,0.00000,0.00000,0.00000,0.00000,0.00000,0.00000,0.00000,0.87512,0.00990,0.00211,0.01851,0.00229,0.01845,0.00586,0.00643,0.00000,0.00000,0.00110,0.03471,0.01931,0.00000,0.00622
1.10933,0,0.06879,0.46933,0.03721,0.01484,0.06423,0.00993,0.05675,0.02149,0.02433,0.01333,0.00553,0.01611,0.15570,0.05816,0.00580,0.04727,0.87512,0.00990,0.00210,0.01851,0.00229,0.01845,0.00586,0.00643,0.00000,0.00000,0.00110,0.03471,0.01931,0.00000,0.00622
1.13067,0,0.06026,0.39094,0.03900,0.01674,0.06464,0.01034,0.06601,0.02330,0.02225,0.01271,0.00675,0.01607,0.21026,0.06944,0.00506,0.04648,0.87512,0.00990,0.00210,0.01851,0.00229,0.01845,0.00586,0.00643,0.00000,0.00000,0.00110,0.03471,0.01931,0.00000,0.00622
1.15200,0,0.05117,0.38308,0.03916,0.01691,0.07052,0.01084,0.06970,0.02265,0.02284,0.01274,0.00635,0.01409,0.20972,0.07551,0.00436,0.04154,0.87512,0.00990,0.00210,0.01851,0.00229,0.01845,0.00586,0.00643,0.00000,0.00000,0.00110,0.03471,0.01931,0.00000,0.00622
1.17333,0,0.04584,0.37314,0.03998,0.01600,0.07016,0.01151,0.06940,0.02268,0.02301,0.01429,0.00585,0.01295,0.20855,0.09204,0.00377,0.03667,0.87512,0.00990,0.00210,0.01851,0.00229,0.01845,0.00586,0.00643,0.00000,0.00000,0.00110,0.03471,0.01931,0.00000,0.00622
1.19467,0,0.06134,0.26966,0.02989,0.06329,0.09349,0.01546,0.06396,0.02032,0.14803,0.01141,0.00431,0.01100,0.16777,0.07216,0.00274,0.02651,0.87512,0.00990,0.00210,0.01851,0.00229,0.01845,0.00586,0.00643,0.00000,0.00000,0.00110,0.03471,0.01931,0.00000,0.00622
1.21600,3,0.24706,0.18727,0.02374,0.07686,0.29659,0.01120,0.04592,0.01411,0.10866,0.00872,0.00387,0.02577,0.12065,0.05534,0.00193,0.01938,0.87512,0.00990,0.00210,0.01851,0.00229,0.01845,0.00586,0.00643,0.00000,0.00000,0.00110,0.03471,0.01931,0.00000,0.00622
1.23733,3,0.55839,0.12923,0.01670,0.05490,0.38324,0.00790,0.03367,0.00976,0.07510,0.00637,0.00510,0.08788,0.08624,0.08668,0.00148,0.01575,0.87512,0.00990,0.00210,0.01851,0.00229,0.01845,0.00586,0.00643,0.00000,0.00000,0.00110,0.03471,0.01931,0.00000,0.00622
1.25867,10,0.55548,0.08917,0.01153,0.03814,0.26576,0.00549,0.02324,0.00673,0.05182,0.00442,0.01298,0.33318,0.06015,0.08492,0.00119,0.01128,0.46403,0.02631,0.01772,0.27452,0.02069,0.01337,0.00720,0.01418,0.00428,0.00452,0.06687,0.02795,0.05381,0.00125,0.00330
1.28000,10,0.51846,0.06154,0.00797,0.08565,0.18342,0.00379,0.01605,0.00465,0.03576,0.00306,0.00951,0.47417,0.04153,0.06423,0.00083,0.00783,0.18704,0.03737,0.02824,0.44702,0.03309,0.00994,0.00810,0.01941,0.00717,0.00756,0.11119,0.02340,0.07705,0.00210,0.00133
1.30133,2,0.50535,0.04251,0.00551,0.34766,0.12663,0.00262,0.01121,0.00321,0.02468,0.00212,0.00698,0.34752,0.02867,0.04470,0.00057,0.00541,0.06725,0.03547,0.02648,0.25692,0.03503,0.01713,0.02672,0.02408,0.04726,0.01428,0.34245,0.03413,0.05166,0.01880,0.00237
1.32267,2,0.59016,0.02941,0.00385,0.48030,0.08744,0.00181,0.00852,0.00222,0.01703,0.00149,0.06045,0.25080,0.02065,0.03102,0.00078,0.00423,0.03931,0.03392,0.02503,0.16900,0.03492,0.02024,0.03406,0.02556,0.06301,0.01673,0.43130,0.03873,0.03990,0.02538,0.00292
1.34400,2,0.63239,0.02029,0.00270,0.34237,0.06034,0.00125,0.00602,0.00153,0.01175,0.00108,0.29346,0.18141,0.03313,0.03647,0.00354,0.00465,0.01445,0.02536,0.16172,0.09185,0.03645,0.02266,0.03171,0.02123,0.06644,0.02884,0.40639,0.03916,0.02598,0.02428,0.00348
1.36533,9,0.61826,0.01404,0.01687,0.24335,0.04207,0.00093,0.00875,0.00110,0.00818,0.00775,0.35154,0.17703,0.04348,0.07315,0.00775,0.00400,0.00835,0.01235,0.41754,0.09969,0.03977,0.02188,0.01513,0.01086,0.04661,0.04725,0.21316,0.03219,0.02037,0.01128,0.00354
1.38667,9,0.59631,0.00971,0.02947,0.16945,0.05960,0.00094,0.01476,0.00085,0.01309,0.06323,0.38589,0.13943,0.03204,0.07172,0.00655,0.00329,0.00687,0.00593,0.54598,0.10959,0.04146,0.02129,0.00633,0.00556,0.03562,0.05633,0.11042,0.02839,0.01836,0.00433,0.00354
1.40800,9,0.57043,0.00674,0.04342,0.12108,0.14867,0.00095,0.01570,0.00067,0.00973,0.20879,0.26815,0.09658,0.02222,0.05019,0.00464,0.00247,0.01043,0.01011,0.30757,0.06417,0.03691,0.02965,0.00920,0.00280,0.01981,0.34302,0.06638,0.03121,0.04341,0.01361,0.01170
1.42933,8,0.53768,0.00492,0.03628,0.08618,0.13175,0.00511,0.07990,0.00115,0.01017,0.33613,0.18535,0.06712,0.01537,0.03503,0.00351,0.00202,0.01298,0.01373,0.13080,0.03220,0.03363,0.03536,0.01225,0.00160,0.01056,0.53506,0.04973,0.03360,0.06053,0.02075,0.01721
1.45067,8,0.50996,0.00574,0.02915,0.06084,0.09869,0.06784,0.13764,0.03926,0.01236,0.32621,0.12929,0.04701,0.01068,0.02960,0.00248,0.00323,0.01410,0.01539,0.05260,0.01823,0.03219,0.03784,0.01369,0.00116,0.00671,0.61799,0.04394,0.03468,0.06796,0.02394,0.01959
1.47200,5,0.53074,0.00397,0.02015,0.04201,0.06847,0.04821,0.37132,0.02821,0.00857,0.22568,0.08966,0.03437,0.00757,0.04720,0.00172,0.00290,0.01708,0.03087,0.02541,0.01887,0.02598,0.05009,0.00798,0.01160,0.26429,0.34227,0.06287,0.03049,0.05833,0.01784,0.03601
1.49333,5,0.56225,0.00274,0.01394,0.02903,0.04728,0.03353,0.40933,0.03641,0.00592,0.15612,0.06201,0.02924,0.06438,0.10587,0.00124,0.00296,0.01896,0.04110,0.01672,0.02102,0.02198,0.05803,0.00395,0.01868,0.43830,0.14635,0.07630,0.02754,0.05093,0.01335,0.04679
1.51467,5,0.55885,0.00190,0.00971,0.02010,0.03263,0.02387,0.28266,0.02519,0.00409,0.12962,0.04293,0.15790,0.07838,0.18781,0.00089,0.00232,0.01814,0.04174,0.02370,0.01879,0.03252,0.30157,0.00269,0.01595,0.27915,0.05908,0.07125,0.02224,0.04434,0.02495,0.04390
1.53600,8,0.54273,0.00133,0.00758,0.01642,0.02269,0.01770,0.19516,0.01743,0.03871,0.25238,0.02985,0.12621,0.06314,0.20897,0.00064,0.00179,0.01734,0.04084,0.02940,0.01699,0.04015,0.46463,0.00237,0.01318,0.14919,0.02601,0.06608,0.01906,0.04087,0.03337,0.04054
1.55733,7,0.48706,0.00093,0.00533,0.01147,0.01572,0.01483,0.13485,0.01207,0.26246,0.24119,0.02061,0.08901,0.04386,0.14593,0.00044,0.00128,0.01696,0.04030,0.03197,0.01617,0.04351,0.53504,0.00228,0.01188,0.09051,0.01450,0.06366,0.01773,0.03948,0.03707,0.03894
1.57867,7,0.44416,0.00066,0.00372,0.00800,0.01089,0.01498,0.09313,0.00851,0.48461,0.16733,0.01425,0.06157,0.03030,0.10084,0.00031,0.00091,0.01844,0.04384,0.02325,0.01921,0.03250,0.32107,0.00176,0.01718,0.30273,0.01212,0.07366,0.02124,0.04228,0.02486,0.04584
1.60000,7,0.42460,0.00050,0.00258,0.00554,0.00757,0.01782,0.06477,0.00597,0.63591,0.11556,0.00985,0.04253,0.02092,0.06960,0.00023,0.00066,0.01968,0.03424,0.02005,0.02072,0.03613,0.22687,0.00220,0.16148,0.26489,0.01006,0.07496,0.02420,0.04277,0.02459,0.03716
1.62133,7,0.39065,0.00061,0.00244,0.00435,0.00707,0.01832,0.13613,0.00428,0.63306,0.08206,0.00687,0.03424,0.01636,0.05157,0.00183,0.00081,0.02154,0.01546,0.01664,0.02264,0.04603,0.11463,0.00316,0.42719,0.13340,0.00660,0.07448,0.02866,0.04286,0.02762,0.01909
1.64267,7,0.35176,0.00200,0.00233,0.04571,0.00724,0.01692,0.19802,0.00300,0.56590,0.05820,0.00495,0.03790,0.01246,0.04204,0.00172,0.00160,0.02240,0.00586,0.01537,0.02345,0.05155,0.06903,0.00366,0.56021,0.05687,0.00492,0.07375,0.03072,0.04276,0.02975,0.00969
1.66400,7,0.45905,0.00150,0.00240,0.03197,0.00607,0.01192,0.14228,0.00211,0.40512,0.04318,0.00545,0.18147,0.03446,0.05303,0.07768,0.00137,0.02273,0.00204,0.01493,0.02375,0.05381,0.05257,0.00387,0.61275,0.02508,0.00427,0.07338,0.03150,0.04270,0.03068,0.00592
1.68533,7,0.51599,0.00105,0.00219,0.02210,0.00442,0.00826,0.09923,0.00146,0.28020,0.03227,0.00497,0.18296,0.04456,0.07555,0.23900,0.00176,0.02285,0.00067,0.01479,0.02386,0.05463,0.04701,0.00394,0.63144,0.01348,0.00404,0.07324,0.03178,0.04268,0.03103,0.00457
1.70667,13,0.53788,0.00073,0.00217,0.01529,0.00312,0.00578,0.06849,0.00101,0.19336,0.03942,0.00397,0.14056,0.03598,0.05662,0.43183,0.00167,0.02289,0.00022,0.01474,0.02389,0.05491,0.04520,0.00396,0.63771,0.00953,0.00396,0.07319,0.03187,0.04267,0.03115,0.00412
1.72800,13,0.53271,0.00051,0.22989,0.01918,0.00229,0.00407,0.04888,0.00071,0.13348,0.06712,0.00307,0.10441,0.02496,0.03921,0.32014,0.00209,0.02290,0.00007,0.01473,0.02390,0.05500,0.04463,0.00397,0.63973,0.00824,0.00394,0.07317,0.03190,0.04267,0.03119,0.00397
1.74933,1,0.54629,0.00038,0.27232,0.03257,0.00365,0.00530,0.03838,0.00050,0.09217,0.19733,0.00248,0.07386,0.01726,0.02746,0.22767,0.00867,0.02652,0.01401,0.01244,0.01300,0.04246,0.04304,0.00448,0.33942,0.04153,0.03632,0.08162,0.01692,0.03521,0.28101,0.01204
1.77067,8,0.58583,0.00033,0.20812,0.02583,0.01865,0.00509,0.03099,0.00036,0.06361,0.32344,0.00187,0.10353,0.02032,0.03069,0.15865,0.00852,0.02897,0.02342,0.01090,0.00565,0.03399,0.04203,0.00482,0.13684,0.06411,0.05814,0.08731,0.00682,0.03019,0.44932,0.01749
1.79200,8,0.59602,0.00027,0.14478,0.01806,0.01502,0.00414,0.02429,0.00027,0.04389,0.23369,0.00494,0.20413,0.07106,0.11751,0.11121,0.00673,0.01593,0.27175,0.02721,0.02180,0.03104,0.03386,0.00260,0.05898,0.06734,0.05398,0.07984,0.00964,0.02395,0.27512,0.02696
1.81333,10,0.57690,0.00033,0.10056,0.01274,0.01087,0.00652,0.01874,0.00058,0.03056,0.17034,0.00659,0.23373,0.10976,0.21580,0.07726,0.00563,0.01603,0.20212,0.02281,0.02471,0.02524,0.04655,0.00161,0.03422,0.29697,0.03331,0.08135,0.01766,0.03337,0.12311,0.04094
1.83467,10,0.53046,0.00037,0.06940,0.01177,0.01681,0.03184,0.01337,0.00220,0.18316,0.12002,0.00490,0.23158,0.07938,0.17785,0.05343,0.00393,0.01826,0.11501,0.01717,0.02392,0.02166,0.05641,0.00132,0.02670,0.45155,0.02044,0.08367,0.02242,0.04065,0.05192,0.04891
1.85600,7,0.48197,0.00031,0.04789,0.00854,0.01228,0.02851,0.00976,0.00204,0.42431,0.08343,0.00339,0.16136,0.05491,0.12368,0.03687,0.00272,0.01433,0.08543,0.01760,0.01829,0.02415,0.05054,0.01193,0.02629,0.38585,0.01918,0.20112,0.02869,0.03609,0.04108,0.03944
1.87733,7,0.44845,0.00027,0.03308,0.00697,0.00869,0.02497,0.01423,0.02873,0.50717,0.05770,0.00238,0.11143,0.03791,0.13908,0.02544,0.00193,0.00649,0.05135,0.01975,0.00811,0.02956,0.03740,0.03163,0.02701,0.22923,0.01974,0.41809,0.03922,0.02597,0.03632,0.02014
1.89867,7,0.49828,0.00023,0.02289,0.00592,0.01225,0.02542,0.07743,0.02987,0.47351,0.04030,0.00189,0.08864,0.03432,0.16738,0.01765,0.00231,0.00774,0.03077,0.01940,0.00856,0.03722,0.03463,0.03150,0.16866,0.12527,0.01655,0.40724,0.04077,0.02645,0.03514,0.01012
1.92000,7,0.54957,0.00019,0.01589,0.00448,0.01064,0.01839,0.06602,0.02659,0.32898,0.02826,0.00364,0.08660,0.08612,0.29307,0.01230,0.01882,0.01590,0.01289,0.01689,0.01675,0.04726,0.03961,0.01684,0.43015,0.05508,0.00960,0.22870,0.03617,0.03511,0.03296,0.00608
1.94133,12,0.53945,0.00015,0.01198,0.00321,0.00738,0.01351,0.04582,0.01852,0.22709,0.08947,0.00301,0.08319,0.07936,0.38958,0.00854,0.01919,0.02022,0.00472,0.01555,0.02116,0.05214,0.04251,0.00892,0.56129,0.02471,0.00607,0.13288,0.03357,0.03976,0.03187,0.00463
1.96267,8,0.52684,0.00011,0.01243,0.00224,0.00509,0.00944,0.04974,0.01279,0.15670,0.33189,0.00211,0.05901,0.05553,0.28215,0.00590,0.01489,0.02197,0.00161,0.01501,0.02294,0.05404,0.04371,0.00571,0.61311,0.01341,0.00467,0.09409,0.03250,0.04165,0.03144,0.00413
1.98400,8,0.51534,0.00015,0.01667,0.00185,0.00521,0.00750,0.08436,0.00903,0.10823,0.47410,0.00196,0.04076,0.03833,0.19558,0.00408,0.01219,0.01183,0.00274,0.01439,0.01843,0.04584,0.05642,0.02305,0.34435,0.03891,0.00491,0.05907,0.03916,0.30674,0.01662,0.01754
2.00533,8,0.50103,0.00030,0.02707,0.00376,0.01136,0.00926,0.11386,0.00698,0.07480,0.53903,0.00617,0.02825,0.02650,0.13942,0.00284,0.01038,0.01428,0.02419,0.01357,0.01982,0.03217,0.06148,0.01532,0.15431,0.28559,0.00828,0.06701,0.03372,0.22216,0.01150,0.03660
2.02667,8,0.49385,0.00040,0.04588,0.00419,0.04152,0.00672,0.19997,0.00490,0.05170,0.47782,0.01162,0.02011,0.01853,0.10126,0.00201,0.01335,0.01761,0.03841,0.01310,0.02152,0.02432,0.06284,0.00724,0.07079,0.44747,0.01049,0.07744,0.02896,0.12211,0.01045,0.04725
2.04800,8,0.50272,0.00100,0.03401,0.00399,0.10894,0.00489,0.17135,0.00339,0.03576,0.46747,0.00816,0.06675,0.01302,0.06995,0.00182,0.00950,0.01923,0.04454,0.01291,0.02234,0.02108,0.06320,0.00343,0.03950,0.51701,0.01144,0.08250,0.02678,0.07416,0.01026,0.05163
2.06933,8,0.50077,0.00082,0.02359,0.00278,0.07551,0.00339,0.13546,0.00234,0.02473,0.32715,0.00569,0.31789,0.00942,0.04887,0.01567,0.00669,0.01986,0.04681,0.01284,0.02265,0.01990,0.06330,0.00196,0.02869,0.54280,0.01179,0.08447,0.02595,0.05553,0.01023,0.05321
2.09067,5,0.48635,0.00060,0.01656,0.00224,0.05214,0.00241,0.37790,0.00162,0.01709,0.22751,0.00394,0.24169,0.00653,0.03397,0.01118,0.00465,0.02009,0.04759,0.01282,0.02277,0.01950,0.06333,0.00145,0.02512,0.55166,0.01191,0.08517,0.02566,0.04897,0.01023,0.05375
2.11200,5,0.45168,0.00050,0.01147,0.00326,0.03634,0.00170,0.56750,0.00112,0.01182,0.15720,0.00272,0.16745,0.00451,0.02345,0.00776,0.00321,0.02016,0.04785,0.01281,0.02280,0.01936,0.06334,0.00128,0.02399,0.55457,0.01195,0.08540,0.02556,0.04678,0.01023,0.05392
2.13333,5,0.39069,0.00257,0.00806,0.03718,0.08073,0.00458,0.42762,0.00206,0.16520,0.11868,0.00194,0.12396,0.00316,0.01636,0.00566,0.00224,0.01938,0.04606,0.01756,0.02117,0.02535,0.18103,0.00149,0.02091,0.44024,0.01126,0.08009,0.02358,0.04471,0.01689,0.05027
2.15467,7,0.34000,0.00192,0.00557,0.02691,0.05637,0.00361,0.29517,0.00153,0.42111,0.08190,0.00134,0.08564,0.00218,0.01129,0.00391,0.00155,0.01793,0.04269,0.02636,0.01814,0.03646,0.39901,0.00191,0.01545,0.22793,0.00997,0.07021,0.01993,0.04132,0.02923,0.04348
2.17600,7,0.30681,0.00140,0.00386,0.01871,0.03904,0.00371,0.20376,0.00110,0.59876,0.05653,0.00093,0.05914,0.00151,0.00780,0.00270,0.00107,0.01719,0.04099,0.03078,0.01662,0.04203,0.50835,0.00212,0.01274,0.12133,0.00933,0.06524,0.01810,0.03969,0.03542,0.04006
2.19733,7,0.28806,0.00107,0.00268,0.01301,0.02699,0.00683,0.14083,0.00079,0.71804,0.03909,0.00064,0.04096,0.00105,0.00541,0.00187,0.00074,0.01979,0.02154,0.02373,0.01988,0.04876,0.30252,0.00302,0.30740,0.05610,0.00672,0.06841,0.02439,0.04091,0.03413,0.02270
2.21867,7,0.28320,0.00087,0.00186,0.00927,0.01885,0.01201,0.09762,0.00064,0.79575,0.02752,0.00046,0.02860,0.00078,0.00395,0.00131,0.00052,0.02164,0.00866,0.01842,0.02226,0.05260,0.15010,0.00359,0.50628,0.02555,0.00504,0.07117,0.02885,0.04193,0.03248,0.01143
2.24000,7,0.26310,0.00080,0.00134,0.00718,0.01319,0.01345,0.07498,0.00077,0.82558,0.01984,0.00049,0.02996,0.00256,0.00733,0.00211,0.00042,0.02245,0.00311,0.01606,0.02331,0.05418,0.08269,0.00384,0.59233,0.01379,0.00432,0.07244,0.03081,0.04240,0.03168,0.00660
2.26133,7,0.37023,0.00061,0.00094,0.00509,0.00923,0.00998,0.05638,0.00113,0.64956,0.01377,0.00310,0.18630,0.01734,0.00837,0.03778,0.00041,0.02275,0.00105,0.01518,0.02370,0.05475,0.05737,0.00393,0.62434,0.00966,0.00406,0.07292,0.03154,0.04257,0.03137,0.00481
2.28267,7,0.41867,0.00045,0.00066,0.00357,0.00639,0.00694,0.03935,0.00080,0.44863,0.00959,0.00267,0.40474,0.04060,0.00757,0.02774,0.00031,0.02285,0.00034,0.01487,0.02384,0.05495,0.04860,0.00396,0.63536,0.00829,0.00397,0.07308,0.03179,0.04263,0.03126,0.00420
2.30400,10,0.39675,0.00032,0.00058,0.00253,0.00442,0.00808,0.02740,0.00115,0.30962,0.01003,0.00186,0.57934,0.02993,0.00528,0.01923,0.00023,0.02289,0.00011,0.01477,0.02388,0.05501,0.04571,0.00397,0.63898,0.00785,0.00394,0.07314,0.03188,0.04265,0.03123,0.00400
2.32533,10,0.34295,0.00022,0.00041,0.00176,0.00305,0.00935,0.01904,0.05851,0.21364,0.00706,0.00129,0.64783,0.02072,0.00366,0.01330,0.00016,0.02290,0.00003,0.01474,0.02390,0.05503,0.04479,0.00397,0.64013,0.00771,0.00393,0.07316,0.03190,0.04266,0.03122,0.00393
2.34667,10,0.30221,0.00015,0.00028,0.00122,0.00211,0.00680,0.01316,0.34879,0.14741,0.00487,0.00089,0.44820,0.01430,0.00253,0.00918,0.00011,0.01214,0.01439,0.01810,0.01267,0.04524,0.03591,0.02442,0.35273,0.04720,0.01200,0.31718,0.03917,0.03074,0.03414,0.00397
2.36800,6,0.27765,0.00011,0.00020,0.00084,0.00146,0.00520,0.00909,0.55013,0.10172,0.00336,0.00062,0.30926,0.00987,0.00174,0.00633,0.00008,0.00489,0.02407,0.02037,0.00511,0.03864,0.03004,0.03820,0.15895,0.07383,0.01744,0.48159,0.04406,0.02271,0.03611,0.00400
2.38933,6,0.26044,0.00007,0.00014,0.00058,0.00101,0.00584,0.00628,0.68678,0.07021,0.00232,0.00093,0.21339,0.00681,0.00121,0.00437,0.00006,0.00296,0.02664,0.02098,0.00309,0.03688,0.02848,0.04187,0.10734,0.08092,0.01889,0.52537,0.04536,0.02057,0.03664,0.00400
2.41067,6,0.23620,0.00010,0.00029,0.00053,0.00074,0.01454,0.00459,0.75943,0.04849,0.00167,0.01295,0.14756,0.00470,0.00086,0.00305,0.00048,0.00103,0.02218,0.01823,0.00114,0.03317,0.02472,0.19502,0.05642,0.07422,0.02492,0.44736,0.03631,0.01864,0.03151,0.01513
2.43200,6,0.35395,0.00008,0.00064,0.00050,0.00051,0.01127,0.00344,0.54859,0.03347,0.00253,0.28480,0.10712,0.00327,0.00093,0.00225,0.00060,0.00034,0.01005,0.01222,0.00054,0.02894,0.02008,0.47317,0.03956,0.05118,0.03392,0.23717,0.01759,0.01828,0.02123,0.03573
2.45333,9,0.46290,0.00005,0.00045,0.00034,0.00036,0.00779,0.00239,0.37859,0.02309,0.00199,0.48421,0.08684,0.00573,0.00570,0.00167,0.00080,0.00011,0.00382,0.00918,0.00036,0.02692,0.01785,0.61248,0.03417,0.03920,0.03834,0.12914,0.00812,0.01822,0.01604,0.04606
2.47467,9,0.50983,0.00004,0.00032,0.00024,0.00025,0.00541,0.00169,0.26126,0.01594,0.00143,0.37176,0.06961,0.24523,0.02494,0.00127,0.00061,0.00003,0.00133,0.00797,0.00031,0.02614,0.01698,0.66751,0.03248,0.03440,0.04008,0.08606,0.00437,0.01822,0.01398,0.05014
2.49600,9,0.50551,0.00003,0.00047,0.00023,0.00021,0.02472,0.00137,0.18052,0.01110,0.03155,0.25826,0.10310,0.21806,0.16849,0.00105,0.00086,0.00693,0.00812,0.00792,0.00502,0.02852,0.02734,0.36662,0.01749,0.01989,0.33359,0.06037,0.01850,0.04355,0.01929,0.03685
2.51733,12,0.44802,0.00003,0.00040,0.00259,0.00179,0.02943,0.00221,0.12558,0.10261,0.02918,0.17878,0.07543,0.20558,0.24461,0.00081,0.00098,0.01159,0.01299,0.00803,0.00820,0.03021,0.03443,0.15726,0.00758,0.01069,0.53114,0.04826,0.02848,0.06061,0.02312,0.02740
2.53867,7,0.38926,0.00006,0.00036,0.00193,0.00193,0.03381,0.00254,0.08845,0.35187,0.02540,0.12342,0.05227,0.14599,0.17063,0.00056,0.00078,0.01360,0.01513,0.00810,0.00957,0.03096,0.03750,0.06600,0.00332,0.00678,0.61656,0.04359,0.03284,0.06799,0.02480,0.02326
2.56000,7,0.34926,0.00008,0.00027,0.00147,0.00193,0.05207,0.00230,0.06411,0.51810,0.01761,0.08519,0.03639,0.10088,0.11826,0.00039,0.00097,0.00743,0.01047,0.01079,0.01130,0.03348,0.05334,0.04547,0.01504,0.03616,0.33875,0.03594,0.03993,0.32130,0.01333,0.02728
2.58133,7,0.30104,0.00065,0.00082,0.00278,0.00260,0.04101,0.00453,0.04448,0.56082,0.02288,0.06095,0.08688,0.07105,0.09249,0.00161,0.00643,0.01378,0.00485,0.01302,0.01745,0.04396,0.05135,0.02434,0.31067,0.02704,0.14036,0.05239,0.03712,0.22666,0.02006,0.01694
2.60267,7,0.25097,0.10582,0.01755,0.01016,0.00325,0.05398,0.00939,0.03293,0.48054,0.02035,0.04228,0.07979,0.05398,0.07619,0.00866,0.00514,0.01910,0.00186,0.01409,0.02133,0.05062,0.04749,0.01196,0.50788,0.01606,0.05325,0.06465,0.03414,0.12184,0.02649,0.00924
2.62400,7,0.21106,0.16201,0.02657,0.01576,0.00333,0.04243,0.01156,0.02323,0.34009,0.01656,0.03296,0.13596,0.05205,0.05949,0.07359,0.00442,0.02151,0.00065,0.01450,0.02299,0.05346,0.04555,0.00680,0.59296,0.01078,0.02063,0.07008,0.03274,0.07204,0.02947,0.00584
2.64533,7,0.32065,0.11180,0.02160,0.06867,0.00351,0.02996,0.00814,0.01603,0.23471,0.01188,0.02278,0.18204,0.03600,0.04109,0.20846,0.00331,0.02243,0.00022,0.01465,0.02360,0.05451,0.04478,0.00492,0.62456,0.00873,0.00935,0.07212,0.03220,0.05276,0.03061,0.00456
2.66667,13,0.35358,0.07716,0.01559,0.04759,0.00245,0.02102,0.00577,0.01106,0.16196,0.01287,0.01603,0.24304,0.02548,0.02840,0.32851,0.00308,0.02263,0.00012,0.01468,0.02373,0.05474,0.04461,0.00451,0.63145,0.00827,0.00698,0.07257,0.03208,0.04848,0.03087,0.00428
2.68800,10,0.34404,0.05327,0.01316,0.06384,0.00179,0.01545,0.01897,0.00764,0.11176,0.07564,0.01302,0.30178,0.01762,0.01961,0.26749,0.01896,0.02282,0.00004,0.01471,0.02385,0.05495,0.04445,0.00415,0.63771,0.00785,0.00488,0.07297,0.03197,0.04454,0.03110,0.00402
2.70933,8,0.32454,0.03683,0.00945,0.07810,0.00136,0.01091,0.01389,0.00528,0.07713,0.27239,0.01445,0.23433,0.01216,0.01354,0.19041,0.02977,0.02465,0.00687,0.01360,0.01854,0.04885,0.04370,0.00428,0.49223,0.02423,0.02009,0.07725,0.02458,0.03960,0.15361,0.00792
2.73067,8,0.29671,0.02569,0.00667,0.12688,0.00444,0.00769,0.01002,0.00365,0.05326,0.40123,0.01446,0.16288,0.00839,0.00937,0.13215,0.03321,0.01358,0.01995,0.01719,0.00833,0.04023,0.03523,0.02464,0.23287,0.06061,0.02497,0.32052,0.03321,0.02796,0.13351,0.00720
2.75200,8,0.25145,0.02282,0.02048,0.24144,0.03241,0.01356,0.03963,0.00282,0.03710,0.33253,0.01020,0.11311,0.00580,0.00650,0.09685,0.02475,0.01503,0.03473,0.01569,0.01387,0.02939,0.04724,0.01654,0.10276,0.29789,0.01898,0.24488,0.03111,0.03480,0.06814,0.02893
2.77333,5,0.21335,0.01786,0.06845,0.16732,0.02532,0.01934,0.24883,0.00245,0.02564,0.24431,0.00712,0.07834,0.00400,0.00450,0.06938,0.01713,0.01789,0.04285,0.01405,0.01904,0.02323,0.05669,0.00779,0.05105,0.45254,0.01481,0.15455,0.02798,0.04113,0.03254,0.04386
2.79467,5,0.18482,0.01417,0.24566,0.11746,0.02087,0.02163,0.25499,0.00477,0.01809,0.17443,0.00501,0.05461,0.00278,0.00316,0.05003,0.01231,0.01933,0.04617,0.01327,0.02143,0.02069,0.06092,0.00364,0.03260,0.51886,0.01299,0.11121,0.02644,0.04405,0.01807,0.05035
2.81600,1,0.16253,0.01337,0.41895,0.08226,0.01522,0.01956,0.20052,0.00390,0.01272,0.13433,0.00398,0.03941,0.00197,0.00239,0.04127,0.01015,0.01827,0.04361,0.02266,0.01900,0.03203,0.30265,0.00253,0.02059,0.30896,0.01089,0.08343,0.02183,0.04187,0.02643,0.04525
2.83733,5,0.19848,0.01012,0.30268,0.05697,0.01060,0.01377,0.39987,0.00270,0.00883,0.09911,0.00291,0.03056,0.00139,0.00168,0.03676,0.02207,0.01738,0.04148,0.02909,0.01707,0.03998,0.46500,0.00230,0.01467,0.15942,0.00969,0.07012,0.01892,0.04004,0.03382,0.04102
2.85867,5,0.17699,0.01008,0.21343,0.03947,0.00740,0.00993,0.51967,0.00188,0.00618,0.06992,0.00245,0.02275,0.00101,0.00123,0.03523,0.05936,0.00941,0.27999,0.03778,0.02847,0.03611,0.27696,0.00120,0.01690,0.09793,0.02564,0.06861,0.01689,0.02954,0.03627,0.03831
2.88000,5,0.15754,0.01418,0.16568,0.03105,0.00560,0.00824,0.57375,0.00135,0.00473,0.06722,0.00300,0.01767,0.00074,0.00095,0.03284,0.07300,0.01172,0.20150,0.03690,0.02414,0.03980,0.38728,0.00154,0.01459,0.07208,0.02010,0.06559,0.01669,0.03237,0.03787,0.03784
2.90133,5,0.14077,0.01214,0.11701,0.02676,0.00408,0.00638,0.65656,0.00098,0.00389,0.06100,0.00278,0.01310,0.00052,0.00068,0.03249,0.06162,0.01457,0.10980,0.03500,0.01934,0.04306,0.49498,0.00195,0.01257,0.06205,0.01375,0.06358,0.01684,0.03596,0.03868,0.03789
2.92267,5,0.23446,0.00886,0.08124,0.01947,0.00307,0.00534,0.60540,0.00071,0.00275,0.11013,0.00479,0.02829,0.00044,0.00061,0.06464,0.06425,0.01540,0.08309,0.03442,0.01794,0.04397,0.52564,0.00206,0.01201,0.05982,0.01191,0.06305,0.01689,0.03702,0.03888,0.03792
2.94400,5,0.32778,0.00623,0.05626,0.01349,0.00222,0.00374,0.41949,0.00049,0.00191,0.25829,0.00364,0.02447,0.00066,0.00067,0.09458,0.11383,0.01627,0.05530,0.03380,0.01650,0.04490,0.55723,0.00219,0.01143,0.05776,0.00999,0.06252,0.01696,0.03812,0.03907,0.03797
2.96533,13,0.33218,0.00433,0.03892,0.00931,0.00168,0.00360,0.28956,0.00037,0.00143,0.21016,0.01218,0.02411,0.00148,0.00149,0.31441,0.08696,0.01659,0.04510,0.03357,0.01597,0.04524,0.56875,0.00223,0.01122,0.05709,0.00929,0.06233,0.01698,0.03852,0.03914,0.03798
2.98667,13,0.34959,0.00300,0.02690,0.00644,0.00140,0.00610,0.20003,0.00137,0.00229,0.17529,0.03338,0.02080,0.00184,0.00256,0.45606,0.06255,0.01669,0.04162,0.03349,0.01579,0.04535,0.57267,0.00225,0.01115,0.05688,0.00905,0.06226,0.01699,0.03866,0.03916,0.03799
3.00800,13,0.33775,0.00208,0.01921,0.00476,0.00253,0.07419,0.14159,0.00627,0.00273,0.15132,0.03411,0.03190,0.00472,0.02041,0.45698,0.04720,0.02325,0.03570,0.02238,0.00868,0.03734,0.32349,0.00357,0.00590,0.06743,0.03901,0.07583,0.00901,0.03310,0.28523,0.03009
3.02933,13,0.28725,0.00187,0.01378,0.00339,0.00178,0.21249,0.09822,0.01713,0.00189,0.10596,0.03677,0.03230,0.00679,0.03038,0.34857,0.08868,0.02765,0.03212,0.01490,0.00391,0.03193,0.15514,0.00445,0.00238,0.07457,0.05922,0.08498,0.00363,0.02934,0.45102,0.02477
3.05067,4,0.23977,0.02349,0.02280,0.00360,0.00143,0.35313,0.07411,0.03132,0.00142,0.07363,0.03383,0.02848,0.00813,0.03992,0.24212,0.06258,0.02955,0.03061,0.01167,0.00185,0.02959,0.08228,0.00484,0.00086,0.07765,0.06797,0.08893,0.00131,0.02771,0.52273,0.02247
3.07200,4,0.20035,0.04581,0.01962,0.00276,0.00111,0.50278,0.05526,0.02380,0.00129,0.05243,0.02643,0.02126,0.00669,0.02876,0.16790,0.04410,0.03026,0.03006,0.01047,0.00108,0.02872,0.05518,0.00498,0.00029,0.07880,0.07122,0.09041,0.00044,0.02710,0.54940,0.02161
3.09333,4,0.16836,0.13033,0.03912,0.00751,0.00219,0.46810,0.04172,0.01851,0.00221,0.03960,0.04183,0.01805,0.01089,0.02469,0.11985,0.03539,0.04351,0.03528,0.01747,0.01450,0.25987,0.04657,0.01466,0.01132,0.05613,0.05240,0.07133,0.00389,0.04198,0.30848,0.02261
3.11467,4,0.14737,0.15557,0.04572,0.01461,0.00250,0.36979,0.04441,0.01894,0.00265,0.03141,0.04358,0.02353,0.06499,0.04857,0.10124,0.03248,0.05236,0.03886,0.02232,0.02364,0.41572,0.04399,0.02116,0.01882,0.04071,0.03933,0.05831,0.00632,0.05207,0.14299,0.02339
3.13600,13,0.39338,0.10736,0.03165,0.01010,0.00173,0.25521,0.03071,0.01307,0.00183,0.02173,0.03010,0.04781,0.04505,0.03354,0.34751,0.02261,0.05618,0.04042,0.02444,0.02760,0.48314,0.04323,0.02397,0.02207,0.03403,0.03364,0.05265,0.00738,0.05645,0.07107,0.02374
3.15733,13,0.51672,0.07408,0.02185,0.00697,0.00120,0.17613,0.02123,0.00902,0.00126,0.01534,0.02085,0.06243,0.03145,0.02315,0.51939,0.01564,0.05760,0.04100,0.02523,0.02907,0.50821,0.04300,0.02502,0.02328,0.03154,0.03151,0.05055,0.00778,0.05807,0.04427,0.02387
3.17867,13,0.58418,0.05112,0.01510,0.00482,0.00085,0.12157,0.01471,0.00622,0.00087,0.01181,0.01479,0.13423,0.02186,0.01598,0.57521,0.01087,0.04507,0.03579,0.01809,0.01590,0.28539,0.04221,0.01575,0.01247,0.05376,0.05072,0.06940,0.00417,0.04355,0.28512,0.02262
3.20000,13,0.64309,0.03528,0.01049,0.00335,0.00064,0.08437,0.01123,0.00431,0.00060,0.01694,0.06650,0.30287,0.01516,0.01104,0.42926,0.00796,0.04000,0.03368,0.01520,0.01056,0.19511,0.04191,0.01199,0.00809,0.06276,0.05850,0.07704,0.00270,0.03767,0.38269,0.02211
3.22133,13,0.67979,0.02434,0.00725,0.00232,0.00046,0.05909,0.00803,0.00298,0.00042,0.01408,0.28517,0.26827,0.01057,0.00765,0.30368,0.00569,0.03416,0.03125,0.01188,0.00442,0.09133,0.04157,0.00767,0.00306,0.07310,0.06744,0.08582,0.00102,0.03090,0.49484,0.02153
3.24267,9,0.73687,0.01680,0.00503,0.00162,0.00035,0.04081,0.00854,0.00206,0.00029,0.01017,0.49675,0.18956,0.00750,0.00532,0.21045,0.00475,0.03185,0.03029,0.01056,0.00199,0.05018,0.04143,0.00596,0.00106,0.07720,0.07099,0.08930,0.00035,0.02822,0.53931,0.02130
3.26400,9,0.73308,0.01159,0.00351,0.00112,0.00026,0.02822,0.00626,0.00142,0.00020,0.00740,0.64781,0.13411,0.00555,0.00372,0.14539,0.00344,0.03102,0.02995,0.01009,0.00112,0.03551,0.04139,0.00535,0.00035,0.07867,0.07225,0.09054,0.00012,0.02727,0.55516,0.02121
3.28533,9,0.69746,0.00800,0.00253,0.00081,0.00019,0.01951,0.00561,0.00098,0.00014,0.00523,0.75078,0.09550,0.00483,0.00305,0.10036,0.00247,0.02328,0.02352,0.00912,0.00536,0.03205,0.04037,0.00960,0.00055,0.04402,0.35060,0.06747,0.01662,0.04824,0.30811,0.02107
3.30667,9,0.60728,0.00554,0.00178,0.00078,0.00033,0.01424,0.00841,0.00079,0.00014,0.00367,0.82061,0.06636,0.00397,0.00240,0.06926,0.00172,0.01817,0.01923,0.00853,0.00832,0.03144,0.03969,0.01254,0.00077,0.02051,0.53799,0.05177,0.02777,0.06249,0.13980,0.02098
3.32800,9,0.51468,0.00386,0.00126,0.00054,0.00026,0.01151,0.25017,0.00147,0.00010,0.00254,0.62865,0.04594,0.00281,0.00189,0.04780,0.00121,0.01596,0.01738,0.00828,0.00962,0.03136,0.03940,0.01381,0.00087,0.01032,0.61902,0.04497,0.03260,0.06867,0.06680,0.02094
3.34933,5,0.42819,0.00273,0.00092,0.00038,0.00022,0.01027,0.47461,0.00158,0.00007,0.00175,0.43870,0.03170,0.00194,0.00132,0.03298,0.00083,0.01515,0.01669,0.00819,0.01010,0.03137,0.03929,0.01429,0.00091,0.00653,0.64915,0.04243,0.03439,0.07097,0.03961,0.02093
3.37067,5,0.35467,0.00244,0.00079,0.00026,0.00026,0.01109,0.62754,0.00176,0.00006,0.00122,0.30706,0.02191,0.00134,0.00094,0.02276,0.00058,0.01487,0.01646,0.00815,0.01026,0.03137,0.03925,0.01445,0.00093,0.00523,0.65952,0.04156,0.03501,0.07176,0.03025,0.02093
3.39200,5,0.34079,0.00174,0.00055,0.00018,0.00018,0.00771,0.74245,0.00121,0.00004,0.00085,0.21188,0.01526,0.00093,0.00065,0.01591,0.00045,0.01572,0.02747,0.02003,0.01284,0.03797,0.29070,0.00874,0.00571,0.02931,0.35497,0.05118,0.02661,0.05632,0.03347,0.02894
3.41333,5,0.32304,0.00121,0.00038,0.00012,0.00013,0.00532,0.81885,0.00084,0.00004,0.00062,0.14621,0.01122,0.00065,0.00045,0.01326,0.00069,0.01633,0.03492,0.02804,0.01455,0.04241,0.46012,0.00487,0.00894,0.04569,0.14856,0.05777,0.02088,0.04583,0.03674,0.03435
3.43467,5,0.28906,0.00084,0.00027,0.00009,0.00009,0.00368,0.87089,0.00058,0.00007,0.00096,0.10090,0.00846,0.00045,0.00032,0.01087,0.00154,0.01660,0.03815,0.03151,0.01529,0.04433,0.53339,0.00320,0.01033,0.05279,0.05916,0.06063,0.01839,0.04128,0.03827,0.03668
3.45600,5,0.25708,0.00059,0.00032,0.00008,0.00006,0.00256,0.90114,0.00040,0.00005,0.00179,0.06965,0.00625,0.00031,0.00022,0.01007,0.00650,0.01666,0.03890,0.03231,0.01546,0.04478,0.55048,0.00280,0.01066,0.05445,0.03830,0.06129,0.01781,0.04022,0.03864,0.03723
3.47733,5,0.25637,0.00043,0.00062,0.00011,0.00004,0.00180,0.90416,0.00028,0.00004,0.00757,0.04809,0.00585,0.00021,0.00016,0.01557,0.01506,0.01672,0.03961,0.03308,0.01562,0.04520,0.56659,0.00244,0.01096,0.05601,0.01863,0.06192,0.01726,0.03922,0.03899,0.03774
3.49867,5,0.50717,0.00030,0.00050,0.00008,0.00003,0.00125,0.70123,0.00019,0.00003,0.01344,0.03319,0.02590,0.00018,0.00012,0.20606,0.01751,0.01674,0.03984,0.03333,0.01568,0.04534,0.57199,0.00231,0.01107,0.05654,0.01203,0.06213,0.01708,0.03888,0.03911,0.03791
3.52000,5,0.64777,0.00023,0.00040,0.00006,0.00002,0.00086,0.49686,0.00014,0.00002,0.01496,0.02293,0.07260,0.00034,0.00017,0.37639,0.01402,0.01674,0.03992,0.03341,0.01570,0.04539,0.57374,0.00227,0.01110,0.05671,0.00990,0.06220,0.01702,0.03878,0.03915,0.03797
3.54133,13,0.70556,0.00016,0.00033,0.00004,0.00002,0.00060,0.34294,0.00009,0.00002,0.03707,0.01601,0.08993,0.00028,0.00014,0.49916,0.01321,0.01675,0.03995,0.03344,0.01570,0.04540,0.57429,0.00226,0.01111,0.05676,0.00923,0.06222,0.01700,0.03874,0.03916,0.03799
3.56267,13,0.67916,0.00011,0.00027,0.00003,0.00003,0.00066,0.23681,0.00008,0.00016,0.14381,0.01257,0.07096,0.00023,0.00050,0.52445,0.00933,0.01675,0.03995,0.03345,0.01570,0.04541,0.57445,0.00226,0.01111,0.05678,0.00902,0.06223,0.01700,0.03873,0.03917,0.03799
3.58400,13,0.61655,0.00008,0.00024,0.00006,0.00022,0.01241,0.16720,0.02684,0.03903,0.14405,0.01467,0.06041,0.00048,0.00077,0.51071,0.02284,0.02326,0.03518,0.02237,0.00865,0.03736,0.32405,0.00357,0.00589,0.06740,0.03900,0.07582,0.00901,0.03312,0.28524,0.03009
3.60533,13,0.52759,0.00006,0.00027,0.00007,0.00103,0.10890,0.15212,0.15061,0.02808,0.11347,0.01166,0.04295,0.00040,0.00059,0.35853,0.03128,0.02765,0.03196,0.01490,0.00390,0.03194,0.15531,0.00445,0.00238,0.07456,0.05922,0.08497,0.00363,0.02934,0.45102,0.02477
3.62667,6,0.45943,0.00004,0.00019,0.00006,0.00077,0.15211,0.10809,0.33293,0.01991,0.07840,0.00808,0.02971,0.00028,0.00041,0.24740,0.02163,0.02955,0.03056,0.01167,0.00185,0.02959,0.08233,0.00484,0.00085,0.07765,0.06796,0.08893,0.00131,0.02771,0.52273,0.02247
3.64800,6,0.40751,0.00003,0.00014,0.00018,0.00055,0.15273,0.07649,0.48446,0.01849,0.05410,0.00618,0.02050,0.00019,0.00034,0.17071,0.01493,0.03026,0.03004,0.01047,0.00108,0.02872,0.05519,0.00498,0.00029,0.07880,0.07122,0.09041,0.00044,0.02710,0.54940,0.02161
3.66933,6,0.36084,0.00002,0.00011,0.00021,0.00040,0.13063,0.05310,0.61527,0.01440,0.03737,0.00564,0.01415,0.00013,0.00043,0.11779,0.01032,0.01612,0.01588,0.00886,0.00063,0.02722,0.03418,0.32995,0.01500,0.05686,0.05736,0.07771,0.00126,0.02287,0.30017,0.03594
3.69067,6,0.32225,0.00002,0.00016,0.00100,0.00033,0.12853,0.03721,0.68838,0.01044,0.02581,0.00904,0.00977,0.00009,0.00065,0.08128,0.00729,0.00651,0.00639,0.00793,0.00041,0.02632,0.02325,0.54889,0.02499,0.04193,0.04764,0.06897,0.00191,0.02008,0.12907,0.04570
3.71200,6,0.28214,0.00003,0.00020,0.00150,0.00025,0.10121,0.02619,0.56903,0.00726,0.01786,0.20713,0.00690,0.00007,0.00100,0.05611,0.00527,0.00234,0.00230,0.00754,0.00033,0.02594,0.01887,0.64358,0.02931,0.03546,0.04340,0.06518,0.00220,0.01889,0.05473,0.04993
3.73333,9,0.31045,0.00002,0.00020,0.00127,0.00017,0.07116,0.01829,0.40703,0.00503,0.01376,0.42860,0.00943,0.00005,0.00094,0.03882,0.00522,0.00137,0.00134,0.00745,0.00031,0.02585,0.01788,0.66567,0.03032,0.03395,0.04240,0.06429,0.00227,0.01861,0.03736,0.05092
3.75467,9,0.31027,0.00002,0.00019,0.00088,0.00012,0.04928,0.01266,0.28087,0.00347,0.00963,0.54147,0.04299,0.00334,0.02433,0.02689,0.00385,0.00045,0.00044,0.00736,0.00029,0.02577,0.01697,0.68648,0.03127,0.03253,0.04146,0.06345,0.00234,0.01835,0.02098,0.05185
3.77600,9,0.29775,0.00001,0.00050,0.00062,0.00013,0.03469,0.00883,0.19398,0.00240,0.00680,0.65704,0.04414,0.00418,0.02501,0.01867,0.00297,0.00354,0.00390,0.00752,0.00260,0.02704,0.02190,0.53640,0.02450,0.02578,0.18469,0.05813,0.00994,0.03067,0.01844,0.04494
3.79733,9,0.28207,0.00004,0.00043,0.00047,0.00016,0.02405,0.00619,0.13402,0.00169,0.00604,0.72111,0.06324,0.00499,0.02238,0.01294,0.00223,0.00972,0.01078,0.00786,0.00689,0.02944,0.03148,0.24775,0.01146,0.01402,0.45046,0.04870,0.02400,0.05364,0.02214,0.03165
3.81867,9,0.27136,0.00022,0.00069,0.00145,0.00047,0.01676,0.00463,0.09256,0.00123,0.00737,0.77970,0.06147,0.00546,0.01719,0.00899,0.00179,0.01284,0.01424,0.00803,0.00904,0.03065,0.03631,0.10253,0.00491,0.00815,0.58380,0.04399,0.03104,0.06516,0.02434,0.02497
3.84000,9,0.26449,0.00041,0.00083,0.00139,0.00080,0.01173,0.00472,0.06392,0.00093,0.00863,0.83460,0.04788,0.00408,0.01215,0.00625,0.00168,0.01407,0.01561,0.00810,0.00989,0.03113,0.03822,0.04508,0.00231,0.00583,0.63650,0.04213,0.03383,0.06972,0.02525,0.02233
3.86133,9,0.25111,0.00045,0.00058,0.00096,0.00056,0.00810,0.00360,0.04411,0.00077,0.00615,0.88480,0.03320,0.00282,0.00840,0.00432,0.00120,0.01451,0.01610,0.00813,0.01020,0.03129,0.03890,0.02462,0.00139,0.00500,0.65525,0.04147,0.03482,0.07134,0.02558,0.02139
3.88267,9,0.23699,0.00036,0.00040,0.00066,0.00039,0.00559,0.00250,0.03043,0.00054,0.00424,0.92040,0.02294,0.00194,0.00580,0.00298,0.00083,0.01466,0.01627,0.00814,0.01030,0.03135,0.03913,0.01776,0.00108,0.00473,0.66155,0.04125,0.03515,0.07188,0.02570,0.02107
3.90400,9,0.21559,0.00045,0.00027,0.00046,0.00027,0.00386,0.00172,0.02100,0.00037,0.00293,0.94487,0.01583,0.00134,0.00400,0.00206,0.00057,0.01471,0.01632,0.00814,0.01033,0.03137,0.03920,0.01554,0.00098,0.00464,0.66358,0.04117,0.03526,0.07206,0.02574,0.02097
3.92533,9,0.17884,0.00105,0.00019,0.00032,0.00019,0.00266,0.00119,0.01449,0.00026,0.00202,0.96122,0.01093,0.00093,0.00276,0.00142,0.00040,0.01472,0.01634,0.00814,0.01034,0.03138,0.03922,0.01484,0.00095,0.00461,0.66422,0.04115,0.03529,0.07211,0.02575,0.02094
3.94667,9,0.14794,0.00682,0.00013,0.00022,0.00013,0.00184,0.00082,0.01000,0.00018,0.00139,0.96709,0.00755,0.00065,0.00192,0.00098,0.00028,0.01473,0.01634,0.00814,0.01034,0.03138,0.03923,0.01463,0.00094,0.00460,0.66441,0.04114,0.03530,0.07213,0.02575,0.02093
3.96800,9,0.13114,0.04556,0.00009,0.00015,0.00010,0.00129,0.00070,0.00702,0.00024,0.00097,0.92134,0.00532,0.00747,0.00884,0.00068,0.00022,0.01473,0.01634,0.00814,0.01034,0.03138,0.03923,0.01456,0.00093,0.00460,0.66447,0.04114,0.03531,0.07213,0.02575,0.02093
3.98933,9,0.28426,0.03151,0.00007,0.00011,0.00009,0.00089,0.00143,0.00486,0.00018,0.00074,0.63583,0.00370,0.00697,0.31289,0.00047,0.00026,0.01473,0.01634,0.00814,0.01034,0.03138,0.03923,0.01455,0.00093,0.00460,0.66449,0.04114,0.03531,0.07214,0.02575,0.02093
4.01067,12,0.40383,0.02175,0.00006,0.00013,0.00009,0.00063,0.00454,0.00338,0.00014,0.00060,0.43875,0.00258,0.00779,0.51894,0.00032,0.00030,0.01473,0.01634,0.00814,0.01034,0.03138,0.03923,0.01454,0.00093,0.00460,0.66450,0.04114,0.03531,0.07214,0.02575,0.02092
4.03200,12,0.47792,0.01501,0.00005,0.00011,0.00007,0.00050,0.00410,0.00234,0.00010,0.00144,0.30276,0.00183,0.01312,0.65788,0.00023,0.00048,0.01473,0.01634,0.00814,0.01034,0.03138,0.03923,0.01453,0.00093,0.00460,0.66450,0.04114,0.03531,0.07214,0.02575,0.02092
4.05333,12,0.49552,0.01036,0.00021,0.00010,0.00006,0.00517,0.00316,0.00165,0.00010,0.07262,0.20907,0.00148,0.01609,0.67909,0.00016,0.00070,0.00781,0.01088,0.01081,0.01156,0.03362,0.05392,0.02807,0.01424,0.03542,0.35493,0.03514,0.04076,0.32270,0.01366,0.02649
4.07467,12,0.48797,0.00716,0.00044,0.00086,0.00073,0.00519,0.00971,0.00139,0.00014,0.06405,0.14488,0.00142,0.02896,0.73379,0.00012,0.00116,0.00315,0.00719,0.01261,0.01238,0.03513,0.06382,0.03720,0.02320,0.05619,0.14634,0.03109,0.04444,0.49152,0.00550,0.03024
4.09600,12,0.47216,0.00496,0.00031,0.00091,0.00067,0.00884,0.00906,0.08079,0.02517,0.04540,0.10073,0.00128,0.02646,0.69307,0.00009,0.00224,0.00113,0.00560,0.01338,0.01273,0.03578,0.06810,0.04114,0.02708,0.06518,0.05613,0.02934,0.04603,0.56454,0.00198,0.03186
4.11733,12,0.45126,0.00396,0.00032,0.00222,0.00111,0.00963,0.01589,0.06562,0.02109,0.03511,0.07039,0.00154,0.02943,0.74171,0.00008,0.00189,0.00038,0.00501,0.01367,0.01286,0.03603,0.06969,0.04261,0.02852,0.06852,0.02258,0.02869,0.04662,0.59169,0.00067,0.03247
4.13867,12,0.40065,0.00381,0.00030,0.00392,0.00729,0.01285,0.09283,0.05372,0.03571,0.02505,0.04893,0.00174,0.03578,0.67619,0.00007,0.00181,0.00012,0.00480,0.01377,0.01291,0.03611,0.07023,0.04312,0.02902,0.06967,0.01103,0.02846,0.04683,0.60104,0.00022,0.03267
4.16000,12,0.35282,0.00284,0.00022,0.00325,0.00882,0.01581,0.06912,0.04220,0.29701,0.01745,0.03383,0.00129,0.03144,0.47490,0.00006,0.00175,0.00004,0.00474,0.01380,0.01292,0.03614,0.07041,0.04328,0.02918,0.07005,0.00723,0.02839,0.04689,0.60411,0.00007,0.03274
4.18133,7,0.31833,0.00203,0.00016,0.00270,0.01138,0.01244,0.04837,0.03088,0.50472,0.01206,0.02335,0.00090,0.02183,0.32791,0.00004,0.00122,0.00001,0.00472,0.01382,0.01293,0.03615,0.07047,0.04333,0.02923,0.07017,0.00603,0.02837,0.04691,0.60509,0.00002,0.03276
4.20267,7,0.29967,0.00149,0.00011,0.00206,0.00973,0.00920,0.03344,0.02254,0.65406,0.00833,0.01611,0.00064,0.01508,0.22633,0.00003,0.00085,0.00000,0.00471,0.01382,0.01293,0.03615,0.07049,0.04335,0.02925,0.07020,0.00565,0.02836,0.04692,0.60540,0.00001,0.03277
4.22400,7,0.28922,0.00136,0.00009,0.00165,0.00798,0.00769,0.02335,0.01598,0.75721,0.00576,0.01112,0.00053,0.01041,0.15625,0.00002,0.00060,0.01076,0.00250,0.01424,0.01808,0.04502,0.05822,0.02486,0.31646,0.04082,0.00480,0.04941,0.03987,0.34108,0.01466,0.01921
4.24533,7,0.27985,0.00131,0.00007,0.00132,0.00721,0.00634,0.01707,0.01153,0.82712,0.00398,0.00768,0.00049,0.00723,0.10820,0.00002,0.00042,0.01801,0.00101,0.01453,0.02156,0.05101,0.04996,0.01239,0.50997,0.02102,0.00427,0.06359,0.03512,0.16295,0.02454,0.01007
4.26667,7,0.27100,0.00137,0.00009,0.00104,0.00588,0.00612,0.01231,0.00850,0.87568,0.00276,0.00530,0.00042,0.00503,0.07518,0.00002,0.00031,0.01994,0.00061,0.01460,0.02248,0.05260,0.04775,0.00907,0.56150,0.01575,0.00414,0.06737,0.03386,0.11552,0.02717,0.00764
4.28800,7,0.26233,0.00186,0.00010,0.00080,0.00476,0.00568,0.00873,0.00607,0.90974,0.00193,0.00367,0.00039,0.00351,0.05251,0.00002,0.00023,0.02187,0.00021,0.01468,0.02341,0.05419,0.04555,0.00574,0.61318,0.01046,0.00400,0.07115,0.03259,0.06794,0.02981,0.00520
4.30933,7,0.25226,0.00358,0.00010,0.00061,0.00401,0.00643,0.00617,0.00430,0.93129,0.00135,0.00254,0.00036,0.00245,0.03661,0.00002,0.00018,0.02256,0.00007,0.01471,0.02374,0.05476,0.04476,0.00456,0.63158,0.00858,0.00395,0.07250,0.03214,0.05101,0.03075,0.00433
4.33067,7,0.24420,0.00519,0.00009,0.00049,0.00328,0.00629,0.00448,0.00309,0.94639,0.00095,0.00176,0.00038,0.00173,0.02572,0.00002,0.00015,0.02279,0.00002,0.01472,0.02385,0.05495,0.04450,0.00416,0.63775,0.00795,0.00393,0.07295,0.03199,0.04533,0.03106,0.00404
4.35200,7,0.23724,0.00534,0.00008,0.00045,0.00245,0.00558,0.00362,0.00221,0.95814,0.00068,0.00123,0.00038,0.00131,0.01835,0.00002,0.00015,0.02287,0.00001,0.01472,0.02389,0.05502,0.04441,0.00403,0.63974,0.00774,0.00393,0.07310,0.03194,0.04350,0.03116,0.00395
4.37333,7,0.24731,0.00645,0.00007,0.00050,0.00194,0.00627,0.00262,0.00167,0.96457,0.00048,0.00085,0.00038,0.00097,0.01306,0.00002,0.00013,0.02289,0.00000,0.01472,0.02390,0.05503,0.04439,0.00399,0.64037,0.00768,0.00393,0.07315,0.03192,0.04292,0.03120,0.00392
4.39467,7,0.25885,0.00646,0.00006,0.00048,0.00150,0.00607,0.00205,0.00152,0.97037,0.00036,0.00059,0.00032,0.00073,0.00935,0.00002,0.00011,0.02290,0.00000,0.01472,0.02390,0.05504,0.04438,0.00398,0.64056,0.00766,0.00393,0.07316,0.03192,0.04274,0.03121,0.00391
4.41600,7,0.25117,0.00641,0.00005,0.00043,0.00113,0.00504,0.00179,0.00146,0.97523,0.00028,0.00042,0.00030,0.00060,0.00672,0.00002,0.00011,0.02290,0.00000,0.01472,0.02390,0.05504,0.04437,0.00398,0.64062,0.00765,0.00393,0.07316,0.03191,0.04269,0.03121,0.00390
4.43733,7,0.25100,0.00667,0.00004,0.00056,0.00092,0.00481,0.00149,0.00169,0.97762,0.00021,0.00029,0.00029,0.00049,0.00482,0.00002,0.00009,0.02290,0.00000,0.01472,0.02391,0.05504,0.04437,0.00398,0.64064,0.00765,0.00393,0.07317,0.03191,0.04267,0.03121,0.00390
4.45867,7,0.24891,0.00790,0.00004,0.00114,0.00092,0.00558,0.00113,0.00159,0.97723,0.00015,0.00021,0.00024,0.00037,0.00341,0.00002,0.00007,0.02290,0.00000,0.01472,0.02391,0.05504,0.04437,0.00397,0.64064,0.00765,0.00393,0.07317,0.03191,0.04267,0.03121,0.00390
4.48000,7,0.23481,0.00962,0.00005,0.00129,0.00093,0.00541,0.00121,0.00132,0.97651,0.00014,0.00018,0.00030,0.00038,0.00252,0.00003,0.00011,0.02290,0.00000,0.01472,0.02391,0.05504,0.04437,0.00397,0.64065,0.00765,0.00393,0.07317,0.03191,0.04266,0.03121,0.00390
4.50133,7,0.30753,0.00867,0.00012,0.00100,0.00071,0.00389,0.00096,0.00097,0.96340,0.00038,0.00027,0.00879,0.00144,0.00460,0.00430,0.00049,0.02290,0.00000,0.01472,0.02391,0.05504,0.04437,0.00397,0.64065,0.00765,0.00393,0.07317,0.03191,0.04266,0.03121,0.00390
4.52267,7,0.51903,0.00600,0.00008,0.00069,0.00057,0.00270,0.00069,0.00068,0.74574,0.00029,0.00038,0.02645,0.00134,0.00526,0.20856,0.00057,0.02290,0.00000,0.01472,0.02391,0.05504,0.04437,0.00397,0.64065,0.00765,0.00393,0.07317,0.03191,0.04266,0.03121,0.00390
4.54400,7,0.59914,0.00414,0.00006,0.00048,0.00039,0.00186,0.00048,0.00047,0.51456,0.00044,0.00028,0.02147,0.00094,0.00373,0.45025,0.00043,0.02290,0.00000,0.01472,0.02391,0.05504,0.04437,0.00397,0.64065,0.00765,0.00393,0.07317,0.03191,0.04266,0.03121,0.00390
4.56533,13,0.59657,0.00286,0.00007,0.00033,0.00027,0.00129,0.00049,0.00032,0.35505,0.00114,0.00023,0.01517,0.00066,0.00258,0.61921,0.00033,0.02290,0.00000,0.01472,0.02391,0.05504,0.04437,0.00397,0.64065,0.00765,0.00393,0.07317,0.03191,0.04266,0.03121,0.00390
4.58667,13,0.59101,0.00197,0.00022,0.00023,0.00020,0.00091,0.00062,0.00022,0.24498,0.00484,0.00021,0.01086,0.00048,0.00184,0.73213,0.00028,0.02290,0.00000,0.01472,0.02391,0.05504,0.04437,0.00397,0.64065,0.00765,0.00393,0.07317,0.03191,0.04266,0.03121,0.00390
4.60800,13,0.57682,0.00136,0.00019,0.00016,0.00046,0.00076,0.00444,0.00019,0.16905,0.01021,0.00055,0.00892,0.00088,0.00822,0.79316,0.00144,0.02653,0.01399,0.01244,0.01300,0.04247,0.04296,0.00448,0.33970,0.04135,0.03632,0.08162,0.01692,0.03521,0.28101,0.01202
4.62933,13,0.55898,0.00095,0.00050,0.00029,0.00290,0.00122,0.01827,0.00035,0.11666,0.01306,0.00161,0.02493,0.01581,0.16424,0.61030,0.02891,0.02897,0.02342,0.01090,0.00565,0.03399,0.04201,0.00482,0.13693,0.06405,0.05814,0.08731,0.00682,0.03019,0.44932,0.01748
4.65067,13,0.54205,0.00067,0.00043,0.00037,0.01576,0.00191,0.01384,0.00036,0.08179,0.01905,0.00166,0.08602,0.02477,0.30336,0.42875,0.02126,0.03002,0.02749,0.01023,0.00248,0.03033,0.04160,0.00497,0.04923,0.07388,0.06758,0.08977,0.00245,0.02801,0.52212,0.01985
4.67200,12,0.52289,0.00048,0.00034,0.00054,0.01213,0.00176,0.00981,0.00039,0.12874,0.03406,0.00279,0.07668,0.03476,0.37703,0.30551,0.01497,0.03042,0.02901,0.00998,0.00129,0.02897,0.04144,0.00502,0.01662,0.07753,0.07109,0.09069,0.00083,0.02721,0.54919,0.02073
4.69333,8,0.50374,0.00035,0.00043,0.00053,0.00925,0.00276,0.00971,0.00030,0.08917,0.31291,0.00244,0.05414,0.02447,0.26867,0.21289,0.01197,0.03055,0.02953,0.00990,0.00089,0.02850,0.04139,0.00504,0.00539,0.07878,0.07230,0.09101,0.00027,0.02693,0.55851,0.02103
4.71467,8,0.49775,0.00024,0.00037,0.00043,0.00921,0.00251,0.00698,0.00021,0.06154,0.51633,0.00178,0.04182,0.01692,0.18606,0.14699,0.00862,0.01621,0.01792,0.01173,0.00650,0.03204,0.05506,0.02304,0.01544,0.07489,0.04104,0.06161,0.02213,0.29870,0.29711,0.02658
4.73600,8,0.49773,0.00017,0.00036,0.00031,0.00655,0.00190,0.00524,0.00015,0.04249,0.47599,0.00812,0.17008,0.01200,0.14712,0.11209,0.01744,0.01603,0.03036,0.01250,0.01498,0.02658,0.06091,0.01536,0.02081,0.30027,0.02288,0.06861,0.02686,0.21889,0.12470,0.04025
4.75733,10,0.48580,0.00013,0.00143,0.00465,0.00458,0.00167,0.00447,0.00011,0.02933,0.33799,0.01883,0.36360,0.00849,0.11062,0.09083,0.02327,0.01823,0.04064,0.01272,0.01977,0.02231,0.06263,0.00726,0.02263,0.45278,0.01574,0.07812,0.02649,0.12093,0.05117,0.04857
4.77867,10,0.49287,0.00020,0.02422,0.03936,0.00339,0.00277,0.00464,0.00023,0.02037,0.29636,0.06404,0.30751,0.00613,0.08453,0.07769,0.06858,0.01944,0.04529,0.01278,0.02174,0.02040,0.06313,0.00344,0.02321,0.51881,0.01321,0.08275,0.02594,0.07376,0.02401,0.05207
4.80000,12,0.50390,0.00014,0.01756,0.02804,0.00237,0.00192,0.00415,0.00016,0.01406,0.20848,0.04558,0.23779,0.00663,0.30941,0.05476,0.06896,0.01509,0.04240,0.01489,0.01694,0.02337,0.05465,0.01319,0.02439,0.42737,0.01478,0.20063,0.03081,0.05576,0.02436,0.04137
4.82133,12,0.49963,0.00012,0.01306,0.01938,0.00171,0.00149,0.00455,0.00012,0.00971,0.15807,0.03195,0.26942,0.02238,0.35874,0.03788,0.07142,0.00678,0.03604,0.01878,0.00763,0.02928,0.03885,0.03205,0.02645,0.24400,0.01819,0.41795,0.03996,0.03262,0.03061,0.02081
4.84267,8,0.49319,0.00009,0.00973,0.01338,0.00120,0.00129,0.03282,0.00013,0.00671,0.37094,0.02208,0.19147,0.01657,0.25780,0.02614,0.04965,0.00256,0.02672,0.01887,0.00587,0.03277,0.04113,0.04070,0.02773,0.14463,0.01640,0.39688,0.04447,0.15820,0.02608,0.01699
4.86400,8,0.51084,0.00011,0.00686,0.00927,0.00131,0.00669,0.12133,0.00014,0.00464,0.32257,0.01541,0.15666,0.03449,0.26608,0.01807,0.03637,0.00089,0.01433,0.01619,0.00949,0.03483,0.05692,0.04275,0.02864,0.09776,0.01046,0.19926,0.04610,0.40540,0.01187,0.02511
4.88533,12,0.52931,0.00009,0.00476,0.00642,0.00103,0.00497,0.12766,0.00013,0.00321,0.22395,0.01130,0.12957,0.04541,0.39925,0.01247,0.02979,0.00978,0.02862,0.01426,0.01623,0.02777,0.06194,0.02342,0.02632,0.30783,0.01042,0.12071,0.03660,0.26702,0.00932,0.03975
4.90667,12,0.52072,0.00008,0.00340,0.00455,0.00073,0.00498,0.08887,0.00016,0.00224,0.17354,0.00802,0.10673,0.05735,0.51624,0.00863,0.02449,0.01598,0.03996,0.01335,0.02023,0.02275,0.06305,0.01018,0.02464,0.45520,0.01124,0.09623,0.03001,0.13916,0.00962,0.04841
4.92800,12,0.51299,0.00009,0.00387,0.00359,0.00110,0.00852,0.08351,0.00033,0.00192,0.34005,0.00581,0.07692,0.04336,0.40420,0.00600,0.02073,0.00919,0.02473,0.01347,0.01725,0.02846,0.06665,0.02424,0.02661,0.29142,0.00864,0.06189,0.03719,0.34306,0.00516,0.04205
4.94933,8,0.50570,0.00012,0.00657,0.00289,0.00226,0.01181,0.11857,0.00031,0.00136,0.43612,0.00468,0.05740,0.03474,0.29900,0.00418,0.01999,0.00380,0.01296,0.01366,0.01473,0.03297,0.06896,0.03544,0.02816,0.16174,0.00677,0.04153,0.04289,0.49764,0.00209,0.03665
4.97067,8,0.49853,0.00026,0.01003,0.00234,0.00271,0.00839,0.24213,0.00026,0.00095,0.38516,0.00404,0.04608,0.03106,0.24710,0.00312,0.01637,0.00138,0.00771,0.01376,0.01359,0.03499,0.06995,0.04047,0.02886,0.10355,0.00595,0.03303,0.04546,0.56636,0.00075,0.03419
4.99200,5,0.50025,0.00021,0.00928,0.00165,0.00188,0.00584,0.43302,0.00019,0.00066,0.30153,0.00282,0.03205,0.02146,0.17552,0.00216,0.01174,0.00996,0.02605,0.01332,0.01780,0.02784,0.06695,0.02257,0.02641,0.30971,0.00869,0.05677,0.03637,0.32927,0.00506,0.04323
5.01333,5,0.49511,0.00019,0.00703,0.00116,0.00145,0.00411,0.59739,0.00014,0.00046,0.21734,0.00202,0.02213,0.01481,0.12116,0.00149,0.00913,0.01604,0.03905,0.01302,0.02078,0.02278,0.06481,0.00989,0.02467,0.45579,0.01063,0.07380,0.02993,0.16107,0.00813,0.04962
5.03467,5,0.47630,0.00463,0.00572,0.00089,0.00388,0.00367,0.70734,0.00018,0.00042,0.15268,0.00171,0.01534,0.01023,0.08363,0.00103,0.00865,0.01707,0.04098,0.02258,0.01874,0.03282,0.30400,0.00483,0.01810,0.28529,0.01006,0.07034,0.02311,0.08410,0.02306,0.04490
5.05600,5,0.43024,0.00393,0.00491,0.00678,0.01156,0.00960,0.77338,0.00026,0.00061,0.10571,0.00118,0.01059,0.00706,0.05772,0.00071,0.00598,0.01705,0.04082,0.02641,0.01772,0.03718,0.39932,0.00373,0.01561,0.20700,0.00969,0.06775,0.02085,0.06552,0.02879,0.04257
5.07733,5,0.38708,0.00290,0.00370,0.00491,0.00844,0.27412,0.57274,0.00038,0.00213,0.07307,0.00081,0.00738,0.00488,0.03991,0.00049,0.00414,0.01690,0.04037,0.03079,0.01648,0.04227,0.50845,0.00273,0.01280,0.11440,0.00923,0.06443,0.01841,0.04770,0.03527,0.03976
5.09867,4,0.35284,0.00253,0.00275,0.00508,0.00684,0.46541,0.39654,0.00618,0.02067,0.05044,0.00057,0.00796,0.00337,0.02764,0.00035,0.00364,0.01681,0.04012,0.03253,0.01598,0.04431,0.55160,0.00240,0.01170,0.07696,0.00904,0.06302,0.01747,0.04162,0.03782,0.03862
5.12000,4,0.31428,0.00533,0.00216,0.00433,0.00565,0.36819,0.27428,0.00567,0.26411,0.03487,0.00040,0.00999,0.00235,0.01930,0.00025,0.00311,0.01677,0.04001,0.03315,0.01580,0.04504,0.56696,0.00230,0.01131,0.06349,0.00897,0.06250,0.01715,0.03964,0.03872,0.03820
5.14133,4,0.26934,0.01177,0.00171,0.00482,0.00555,0.34548,0.21761,0.00716,0.31335,0.02559,0.00058,0.03414,0.00344,0.01784,0.00030,0.01068,0.03628,0.04060,0.02968,0.02237,0.26870,0.32238,0.01321,0.01718,0.04648,0.01904,0.05633,0.01281,0.04849,0.03500,0.03146
5.16267,4,0.29732,0.01832,0.00152,0.00476,0.01838,0.34618,0.17602,0.00883,0.25659,0.11340,0.00050,0.02995,0.00318,0.01428,0.00027,0.00780,0.04944,0.04101,0.02727,0.02682,0.41930,0.15578,0.02058,0.02118,0.03661,0.02584,0.05223,0.00992,0.05468,0.03238,0.02696
5.18400,4,0.43980,0.01269,0.00108,0.00330,0.05472,0.23949,0.12245,0.00610,0.17709,0.23186,0.00053,0.11889,0.00239,0.01563,0.00096,0.01282,0.05512,0.04119,0.02623,0.02874,0.48443,0.08353,0.02376,0.02292,0.03252,0.02878,0.05046,0.00868,0.05738,0.03124,0.02502
5.20533,10,0.43501,0.00882,0.00085,0.00339,0.03974,0.16595,0.08465,0.00421,0.12220,0.16437,0.00054,0.30903,0.00377,0.02677,0.00153,0.06419,0.05724,0.04126,0.02583,0.02946,0.50864,0.05663,0.02495,0.02357,0.03102,0.02987,0.04981,0.00822,0.05839,0.03081,0.02430
5.22667,10,0.38027,0.00628,0.00401,0.03333,0.03280,0.11970,0.08837,0.00292,0.08436,0.11369,0.00159,0.39596,0.00280,0.02104,0.00228,0.09088,0.05797,0.04128,0.02570,0.02971,0.51698,0.04736,0.02535,0.02379,0.03052,0.03025,0.04958,0.00806,0.05874,0.03066,0.02406
5.24800,5,0.32081,0.00446,0.02640,0.02445,0.02369,0.08453,0.32661,0.00204,0.05824,0.07859,0.00116,0.28142,0.00193,0.01461,0.00173,0.07012,0.03081,0.03627,0.02390,0.01578,0.29104,0.03641,0.03580,0.02582,0.05926,0.02600,0.30465,0.02651,0.03930,0.03383,0.01462
5.26933,5,0.26772,0.00356,0.06483,0.01726,0.01767,0.05921,0.48448,0.00144,0.04020,0.05425,0.00081,0.19489,0.00134,0.01011,0.00125,0.04869,0.01243,0.03289,0.02271,0.00636,0.13783,0.03012,0.04280,0.02716,0.07868,0.02309,0.47654,0.03895,0.02617,0.03599,0.00829
5.29067,5,0.22084,0.00728,0.16634,0.01229,0.01482,0.04568,0.50878,0.00107,0.02780,0.03753,0.00057,0.13500,0.00093,0.00699,0.00111,0.03381,0.01234,0.03582,0.02762,0.00967,0.07674,0.28515,0.02456,0.01978,0.07064,0.01610,0.30173,0.03007,0.03055,0.03773,0.02151
5.31200,1,0.31063,0.00533,0.40656,0.00862,0.01921,0.03348,0.35542,0.00074,0.01920,0.02651,0.00041,0.09384,0.00065,0.00483,0.00084,0.02436,0.01468,0.03823,0.03108,0.01312,0.05560,0.45778,0.01136,0.01463,0.06268,0.01178,0.16151,0.02246,0.03522,0.03862,0.03125
5.33333,1,0.43562,0.00368,0.54725,0.00665,0.01344,0.02311,0.24527,0.00051,0.01326,0.01851,0.00091,0.10374,0.00184,0.00344,0.00133,0.01706,0.01544,0.03890,0.03201,0.01411,0.05115,0.50380,0.00779,0.01325,0.06041,0.01065,0.12284,0.02034,0.03657,0.03884,0.03389
5.35467,1,0.45827,0.00258,0.42754,0.00463,0.00928,0.01597,0.16947,0.00036,0.00917,0.01288,0.00165,0.27066,0.05995,0.00299,0.00108,0.01179,0.01256,0.15696,0.03584,0.02115,0.04361,0.42343,0.00366,0.01409,0.06006,0.01758,0.08528,0.01778,0.03322,0.03860,0.03617
5.37600,1,0.43825,0.00199,0.29948,0.00332,0.00650,0.01253,0.17452,0.00069,0.00681,0.01459,0.00238,0.28197,0.18185,0.00404,0.00089,0.00843,0.00600,0.37458,0.04153,0.03267,0.03571,0.20550,0.00141,0.01773,0.06290,0.03211,0.07441,0.01627,0.02495,0.03782,0.03641
5.39733,5,0.38221,0.00141,0.20680,0.00230,0.00449,0.01035,0.41640,0.00082,0.00474,0.01015,0.00192,0.19955,0.13121,0.00323,0.00064,0.00598,0.00266,0.48371,0.04433,0.03838,0.03198,0.09345,0.00050,0.01963,0.06446,0.03946,0.07128,0.01564,0.02072,0.03742,0.03637
5.41867,5,0.37827,0.00109,0.14272,0.00160,0.00313,0.01278,0.59020,0.00109,0.00337,0.00703,0.00139,0.13805,0.09065,0.00226,0.00045,0.00420,0.00133,0.52683,0.04543,0.04063,0.03054,0.04877,0.00017,0.02040,0.06509,0.04238,0.07038,0.01541,0.01904,0.03726,0.03633
5.44000,5,0.41190,0.00101,0.09860,0.00113,0.00237,0.02202,0.43337,0.00088,0.00237,0.00593,0.00201,0.32298,0.09080,0.01249,0.00078,0.00326,0.00843,0.30270,0.03992,0.02916,0.03737,0.29099,0.00111,0.01612,0.06126,0.02698,0.06646,0.01613,0.02811,0.03814,0.03711
5.46133,10,0.39685,0.00074,0.08645,0.00171,0.00165,0.02205,0.30067,0.00062,0.00168,0.00624,0.00172,0.48165,0.06870,0.02194,0.00184,0.00232,0.01338,0.14650,0.03608,0.02116,0.04215,0.45958,0.00179,0.01314,0.05860,0.01625,0.06393,0.01664,0.03442,0.03875,0.03764
5.48267,10,0.36768,0.00059,0.23708,0.02033,0.00118,0.02860,0.20758,0.00046,0.00117,0.00769,0.00151,0.42540,0.04766,0.01756,0.00145,0.00175,0.01553,0.07838,0.03440,0.01767,0.04423,0.53308,0.00209,0.01185,0.05744,0.01157,0.06284,0.01687,0.03717,0.03902,0.03787
5.50400,1,0.39851,0.00053,0.37188,0.05624,0.03003,0.02153,0.14612,0.00037,0.00089,0.00804,0.00336,0.30939,0.03315,0.01538,0.00130,0.00177,0.00847,0.04855,0.02835,0.00899,0.03973,0.30288,0.02346,0.01933,0.07346,0.01555,0.31158,0.03122,0.02813,0.03831,0.02199
5.52533,10,0.40783,0.00041,0.26159,0.04054,0.02180,0.01565,0.10103,0.00027,0.00068,0.01518,0.00477,0.43252,0.02579,0.07419,0.00425,0.00135,0.00345,0.03682,0.02448,0.00357,0.03645,0.13876,0.03782,0.02452,0.08440,0.01880,0.47932,0.04086,0.02170,0.03780,0.01127
5.54667,10,0.43070,0.00028,0.27481,0.02967,0.01526,0.01352,0.06989,0.00019,0.00049,0.13724,0.00345,0.37525,0.01831,0.05649,0.00298,0.00215,0.00154,0.27652,0.03415,0.02092,0.03294,0.06623,0.02171,0.02338,0.07675,0.03099,0.30639,0.02996,0.01928,0.03744,0.02179
5.56800,1,0.43181,0.00020,0.38834,0.02112,0.01286,0.01069,0.04848,0.00013,0.00035,0.19610,0.00260,0.26344,0.01266,0.03921,0.00210,0.00172,0.00062,0.19557,0.02985,0.01367,0.03307,0.03949,0.03130,0.02534,0.08256,0.02805,0.41346,0.03643,0.01810,0.03740,0.01512
5.58933,1,0.45367,0.00020,0.48871,0.01498,0.02477,0.00958,0.03383,0.00010,0.00034,0.19887,0.00383,0.18206,0.00875,0.02712,0.00147,0.00539,0.00037,0.14201,0.02724,0.00919,0.03340,0.03372,0.03667,0.02627,0.08565,0.02583,0.47297,0.04005,0.01778,0.03741,0.01143
5.61067,1,0.48917,0.00017,0.58714,0.01037,0.01712,0.00663,0.02358,0.00007,0.00023,0.14506,0.00266,0.14178,0.00606,0.01887,0.03412,0.00613,0.00027,0.19413,0.02955,0.01324,0.03285,0.02823,0.03234,0.02570,0.08334,0.02824,0.42560,0.03713,0.01765,0.03737,0.01434
5.63200,1,0.50767,0.00013,0.40944,0.00716,0.01181,0.00458,0.01634,0.00005,0.00016,0.11014,0.00189,0.11097,0.00425,0.01309,0.30523,0.00477,0.00045,0.38715,0.03848,0.02875,0.03118,0.02605,0.01482,0.02306,0.07365,0.03677,0.23295,0.02530,0.01790,0.03726,0.02624
5.65333,13,0.50110,0.00015,0.29178,0.00509,0.00817,0.00318,0.01277,0.00003,0.00012,0.09297,0.00200,0.08738,0.00301,0.00921,0.48012,0.00400,0.00056,0.48779,0.04314,0.03684,0.03032,0.02527,0.00565,0.02167,0.06857,0.04120,0.13216,0.01911,0.01805,0.03720,0.03247
5.67467,13,0.49036,0.00011,0.26821,0.00360,0.00593,0.00230,0.03364,0.00002,0.00009,0.28039,0.00182,0.06067,0.00208,0.00636,0.33164,0.00315,0.00060,0.52812,0.04501,0.04009,0.02998,0.02501,0.00197,0.02111,0.06653,0.04298,0.09172,0.01663,0.01811,0.03718,0.03497
5.69600,1,0.48080,0.00009,0.33752,0.00249,0.01209,0.00188,0.04422,0.00002,0.00007,0.32054,0.00148,0.04218,0.00144,0.00440,0.22903,0.00256,0.01471,0.29832,0.02870,0.02193,0.02914,0.03267,0.00303,0.01113,0.07235,0.05721,0.08714,0.00855,0.02219,0.28418,0.02875
5.71733,1,0.47555,0.00013,0.36474,0.00173,0.02029,0.00132,0.03145,0.00001,0.00007,0.24765,0.00165,0.15835,0.00301,0.00612,0.16091,0.00258,0.02420,0.13862,0.01748,0.00930,0.02862,0.03785,0.00418,0.00448,0.07652,0.06659,0.08894,0.00341,0.02494,0.45060,0.02427
5.73867,10,0.47255,0.00010,0.26306,0.00122,0.01409,0.00091,0.02177,0.00001,0.00005,0.17619,0.00155,0.37791,0.00882,0.01833,0.11294,0.00304,0.01422,0.31327,0.02959,0.02312,0.02911,0.03236,0.00236,0.01139,0.07180,0.05702,0.08032,0.00841,0.02206,0.27557,0.02940
5.76000,10,0.46118,0.00008,0.18217,0.00093,0.00974,0.00148,0.01542,0.00009,0.00004,0.31649,0.00187,0.35478,0.00921,0.02525,0.07919,0.00325,0.00626,0.45187,0.03921,0.03408,0.02951,0.02798,0.00097,0.01691,0.06807,0.04936,0.07421,0.01244,0.01976,0.13592,0.03345
5.78133,8,0.44802,0.00008,0.12598,0.00066,0.00674,0.00186,0.01165,0.00014,0.00004,0.52419,0.00149,0.24596,0.00639,0.01785,0.05468,0.00229,0.00238,0.27022,0.03221,0.01936,0.03175,0.02658,0.02267,0.02280,0.07879,0.03519,0.31703,0.02932,0.01833,0.07328,0.02010
5.80267,8,0.43371,0.00054,0.09349,0.00078,0.00518,0.00643,0.02148,0.00023,0.00004,0.60447,0.01521,0.17520,0.00475,0.01387,0.03836,0.01999,0.00083,0.12944,0.02622,0.00798,0.03321,0.02622,0.03747,0.02603,0.08650,0.02666,0.48143,0.04016,0.01767,0.04963,0.01057
5.82400,8,0.42980,0.00051,0.06462,0.00064,0.00359,0.00473,0.01513,0.00016,0.00003,0.42308,0.01345,0.12096,0.00328,0.00960,0.02684,0.31337,0.00976,0.07470,0.01921,0.01362,0.02684,0.04362,0.02214,0.02520,0.30790,0.01879,0.31440,0.03452,0.03079,0.02863,0.02987
5.84533,14,0.45961,0.00036,0.04461,0.00045,0.00248,0.00328,0.01154,0.00011,0.00002,0.29214,0.00938,0.09134,0.02976,0.01914,0.01865,0.47675,0.01597,0.05647,0.01529,0.01893,0.02237,0.05539,0.00988,0.02422,0.45606,0.01458,0.18039,0.02932,0.03971,0.01730,0.04412
5.86667,14,0.44671,0.00030,0.03080,0.00032,0.00189,0.00237,0.00867,0.00008,0.00082,0.20368,0.00675,0.17384,0.02914,0.19560,0.01309,0.33267,0.01763,0.05272,0.01430,0.02043,0.02116,0.05852,0.00649,0.02394,0.49545,0.01353,0.14344,0.02785,0.04209,0.01445,0.04799
5.88800,14,0.41890,0.00043,0.02197,0.00161,0.19888,0.01537,0.00623,0.00021,0.00216,0.15162,0.00765,0.13004,0.02611,0.19348,0.00920,0.23505,0.01512,0.05014,0.01111,0.02656,0.01734,0.05042,0.01002,0.01937,0.42249,0.02004,0.09922,0.02740,0.04513,0.01491,0.17071
5.90933,3,0.39044,0.00046,0.01618,0.00477,0.41479,0.02812,0.00486,0.00039,0.00378,0.10995,0.00589,0.09025,0.01816,0.13368,0.00637,0.16234,0.00798,0.05044,0.00668,0.03562,0.01208,0.03072,0.02169,0.01134,0.22826,0.03365,0.07344,0.02883,0.04718,0.01994,0.39215
5.93067,3,0.41872,0.00033,0.01142,0.00346,0.57063,0.01997,0.01919,0.00027,0.00262,0.07834,0.00412,0.06461,0.01269,0.09584,0.00440,0.11211,0.00429,0.05078,0.00451,0.04008,0.00951,0.02066,0.02774,0.00734,0.12850,0.04054,0.06272,0.02963,0.04807,0.02263,0.50301
5.95200,3,0.41925,0.00023,0.00790,0.00241,0.56514,0.01381,0.01823,0.00019,0.00181,0.05409,0.00290,0.04492,0.00891,0.19906,0.00303,0.07738,0.00186,0.04803,0.01876,0.28645,0.02424,0.01341,0.01948,0.01422,0.06131,0.02678,0.09840,0.02535,0.06916,0.01356,0.27901
5.97333,12,0.38254,0.00016,0.00545,0.00169,0.39147,0.00962,0.01397,0.00083,0.00135,0.03735,0.00209,0.03296,0.00762,0.43985,0.00209,0.05349,0.00069,0.04613,0.02863,0.45190,0.03448,0.00980,0.01314,0.01936,0.02862,0.01664,0.12373,0.02236,0.08325,0.00710,0.11416
5.99467,12,0.34432,0.00019,0.00377,0.08045,0.27031,0.00668,0.00977,0.18258,0.04084,0.02578,0.00145,0.02278,0.00528,0.31177,0.00145,0.03692,0.00024,0.04530,0.03292,0.52339,0.03895,0.00838,0.01032,0.02164,0.01585,0.01216,0.13483,0.02106,0.08934,0.00427,0.04135
6.01600,6,0.31607,0.00068,0.00261,0.14956,0.18700,0.00476,0.00888,0.26534,0.09903,0.01779,0.00101,0.01573,0.00366,0.21747,0.00101,0.02548,0.00008,0.02614,0.02441,0.29133,0.03812,0.03741,0.02553,0.02546,0.04004,0.00854,0.08602,0.03307,0.33248,0.00196,0.02942
6.03733,6,0.29574,0.00051,0.00180,0.12013,0.12922,0.00350,0.00675,0.42094,0.12242,0.01228,0.00070,0.01086,0.00253,0.15008,0.00070,0.01759,0.00003,0.01333,0.01815,0.12621,0.03701,0.05714,0.03613,0.02776,0.05787,0.00665,0.05177,0.04132,0.49556,0.00075,0.03033
6.05867,6,0.28300,0.00036,0.00124,0.08636,0.08923,0.00255,0.00481,0.53433,0.14663,0.00847,0.00049,0.00752,0.00175,0.10358,0.00048,0.01220,0.00001,0.00560,0.01234,0.04791,0.03158,0.04034,0.34768,0.02989,0.04771,0.02257,0.05310,0.02398,0.29012,0.00632,0.04087
6.08000,6,0.28162,0.00025,0.00090,0.08202,0.06174,0.00217,0.00654,0.55959,0.19324,0.00585,0.00050,0.00541,0.00122,0.07155,0.00034,0.00869,0.00000,0.00205,0.00924,0.01684,0.02807,0.02644,0.55621,0.03103,0.03852,0.03354,0.05849,0.01121,0.13041,0.01022,0.04773
6.10133,6,0.26822,0.00017,0.00070,0.06004,0.04263,0.00321,0.01606,0.64435,0.13836,0.00405,0.02718,0.00387,0.00086,0.04950,0.00036,0.00868,0.00000,0.00070,0.00800,0.00576,0.02656,0.02015,0.64624,0.03149,0.03429,0.03831,0.06130,0.00557,0.05903,0.01193,0.05067
6.12267,6,0.41807,0.00012,0.00049,0.04148,0.02941,0.00223,0.01118,0.48330,0.09553,0.00281,0.01921,0.00292,0.00061,0.03419,0.26712,0.00941,0.00000,0.00040,0.00771,0.00339,0.02622,0.01866,0.66723,0.03160,0.03327,0.03943,0.06201,0.00425,0.04216,0.01233,0.05135
6.14400,13,0.49785,0.00008,0.00033,0.02862,0.02029,0.00154,0.00772,0.33348,0.06591,0.00194,0.01331,0.00206,0.00042,0.02359,0.49399,0.00670,0.00000,0.00013,0.00745,0.00127,0.02589,0.01724,0.68700,0.03169,0.03231,0.04048,0.06269,0.00299,0.02617,0.01270,0.05199
6.16533,13,0.51609,0.00006,0.00023,0.01975,0.01400,0.00106,0.00532,0.23010,0.04548,0.00134,0.00980,0.00146,0.00029,0.01628,0.65015,0.00466,0.00000,0.00004,0.00736,0.00059,0.02578,0.01676,0.69363,0.03173,0.03198,0.04083,0.06293,0.00257,0.02077,0.01283,0.05221
6.18667,13,0.51163,0.00004,0.00016,0.01363,0.00966,0.00073,0.00367,0.15877,0.03138,0.00093,0.06377,0.00119,0.00020,0.01123,0.70137,0.00327,0.01438,0.01400,0.00853,0.00057,0.02694,0.02827,0.37085,0.01683,0.05422,0.05592,0.07621,0.00132,0.02304,0.27127,0.03765
6.20800,13,0.50135,0.00003,0.00011,0.00941,0.00667,0.00051,0.00254,0.10955,0.02165,0.00064,0.34085,0.00083,0.00014,0.00775,0.49692,0.00240,0.02407,0.02342,0.00932,0.00063,0.02773,0.03608,0.15260,0.00678,0.06924,0.06605,0.08514,0.00053,0.02521,0.44540,0.02782
6.22933,9,0.48844,0.00002,0.00010,0.00651,0.00461,0.00037,0.00181,0.07559,0.01494,0.00046,0.54340,0.00059,0.00012,0.00538,0.34297,0.00313,0.02826,0.02749,0.00966,0.00067,0.02808,0.03946,0.05811,0.00244,0.07574,0.07042,0.08899,0.00019,0.02621,0.52071,0.02356
6.25067,9,0.48258,0.00001,0.00020,0.00477,0.00326,0.00033,0.00176,0.05217,0.01031,0.00039,0.67864,0.00080,0.00027,0.00454,0.23666,0.00588,0.02982,0.02901,0.00979,0.00068,0.02821,0.04072,0.02296,0.00082,0.07816,0.07205,0.09043,0.00006,0.02659,0.54871,0.02198
6.27200,9,0.47679,0.00001,0.00019,0.00359,0.00253,0.00039,0.00202,0.03603,0.00712,0.00039,0.76030,0.00516,0.00149,0.01258,0.16336,0.00487,0.02290,0.02322,0.00903,0.00522,0.02971,0.04016,0.01531,0.00071,0.04386,0.35052,0.06743,0.01661,0.04803,0.30599,0.02132
6.29333,9,0.47581,0.00001,0.00014,0.00271,0.00227,0.00439,0.00209,0.02532,0.00494,0.00048,0.79975,0.01594,0.00492,0.02075,0.11283,0.00347,0.01804,0.01914,0.00850,0.00828,0.03071,0.03962,0.01434,0.00082,0.02046,0.53796,0.05176,0.02777,0.06242,0.13912,0.02106
6.31467,9,0.44852,0.00001,0.00012,0.00234,0.00185,0.01738,0.00390,0.02743,0.01215,0.00064,0.72926,0.02902,0.00544,0.08984,0.07807,0.00255,0.01593,0.01735,0.00827,0.00960,0.03114,0.03938,0.01437,0.00089,0.01031,0.61901,0.04496,0.03260,0.06865,0.06659,0.02097
6.33600,9,0.40046,0.00002,0.00011,0.00164,0.00140,0.13402,0.00438,0.06770,0.00856,0.00066,0.54261,0.04297,0.00451,0.13562,0.05390,0.00190,0.01514,0.01668,0.00818,0.01009,0.03130,0.03928,0.01446,0.00092,0.00653,0.64915,0.04243,0.03439,0.07096,0.03955,0.02094
6.35733,9,0.35140,0.00029,0.00013,0.00125,0.00150,0.24039,0.00691,0.14559,0.00625,0.00071,0.38631,0.03734,0.00343,0.13120,0.03721,0.00149,0.01486,0.01645,0.00815,0.01026,0.03135,0.03925,0.01451,0.00093,0.00522,0.65952,0.04156,0.03501,0.07175,0.03023,0.02093
6.37867,4,0.29369,0.01735,0.00052,0.00133,0.00154,0.33604,0.03028,0.16519,0.00563,0.00088,0.26885,0.02822,0.00306,0.11358,0.02605,0.00149,0.01477,0.01638,0.00814,0.01032,0.03137,0.03924,0.01452,0.00093,0.00480,0.66293,0.04127,0.03521,0.07202,0.02717,0.02093
6.40000,4,0.24516,0.03790,0.00193,0.00114,0.00327,0.47743,0.04285,0.11822,0.00553,0.00117,0.18561,0.01997,0.00259,0.08315,0.01808,0.00117,0.01475,0.01636,0.00814,0.01033,0.03137,0.03924,0.01453,0.00093,0.00471,0.66362,0.04122,0.03526,0.07207,0.02654,0.02093
6.42133,4,0.21730,0.02851,0.00175,0.00097,0.00907,0.61623,0.03406,0.08734,0.00601,0.00095,0.12809,0.01406,0.00203,0.05757,0.01250,0.00086,0.02477,0.02209,0.01217,0.01483,0.14411,0.04008,0.01707,0.00622,0.01054,0.51824,0.04308,0.02900,0.06907,0.02711,0.02162
6.44267,4,0.18987,0.03198,0.00132,0.05202,0.00708,0.62770,0.02545,0.06240,0.04152,0.00068,0.08841,0.01016,0.00145,0.04039,0.00881,0.00063,0.04335,0.03273,0.01963,0.02314,0.35288,0.04165,0.02177,0.01601,0.02147,0.24806,0.04662,0.01736,0.06344,0.02900,0.02290
6.46400,4,0.16982,0.04548,0.00135,0.04434,0.00700,0.59835,0.01902,0.04403,0.05437,0.00382,0.09553,0.03988,0.00139,0.02876,0.00767,0.00901,0.05268,0.03806,0.02337,0.02730,0.45760,0.04243,0.02412,0.02092,0.02695,0.11248,0.04840,0.01152,0.06061,0.02999,0.02355
6.48533,4,0.14559,0.14265,0.02312,0.03689,0.00721,0.52272,0.01514,0.03139,0.04161,0.00462,0.07672,0.03864,0.00205,0.02118,0.00695,0.02909,0.05636,0.04017,0.02485,0.02895,0.49899,0.04274,0.02506,0.02287,0.02912,0.05890,0.04910,0.00921,0.05950,0.03038,0.02380
6.50667,4,0.12151,0.17160,0.05703,0.03120,0.00601,0.46961,0.02593,0.02233,0.02990,0.00354,0.05727,0.03646,0.00272,0.01569,0.01171,0.05901,0.05767,0.04092,0.02537,0.02954,0.51372,0.04285,0.02539,0.02356,0.02989,0.03983,0.04935,0.00839,0.05910,0.03052,0.02389
6.52800,4,0.09871,0.18360,0.07305,0.02323,0.00486,0.47196,0.04028,0.01594,0.02254,0.00259,0.04135,0.02807,0.00293,0.01247,0.01512,0.06200,0.05811,0.04118,0.02555,0.02973,0.51866,0.04289,0.02550,0.02379,0.03015,0.03343,0.04944,0.00811,0.05897,0.03057,0.02392
6.54933,4,0.07902,0.17401,0.15839,0.01794,0.00428,0.42673,0.04294,0.01201,0.01696,0.00195,0.03087,0.02248,0.00274,0.01023,0.01977,0.05868,0.05825,0.04126,0.02561,0.02980,0.52026,0.04290,0.02553,0.02386,0.03024,0.03137,0.04946,0.00802,0.05892,0.03058,0.02393
6.57067,4,0.06234,0.19407,0.15540,0.01430,0.00559,0.42791,0.03727,0.00916,0.01418,0.00171,0.02268,0.02075,0.00313,0.00984,0.02070,0.06331,0.05830,0.04128,0.02563,0.02982,0.52076,0.04291,0.02555,0.02389,0.03026,0.03072,0.04947,0.00799,0.05891,0.03059,0.02394
6.59200,4,0.05325,0.22219,0.13887,0.01425,0.00932,0.39814,0.03391,0.00832,0.01324,0.00368,0.01912,0.02205,0.00535,0.01063,0.02643,0.07450,0.05831,0.04129,0.02563,0.02982,0.52092,0.04291,0.02555,0.02389,0.03027,0.03052,0.04947,0.00798,0.05890,0.03059,0.02394
6.61333,4,0.16013,0.19816,0.12523,0.01918,0.01776,0.29374,0.03186,0.00619,0.01083,0.01247,0.03032,0.03153,0.00831,0.01127,0.04326,0.15987,0.05832,0.04129,0.02563,0.02983,0.52096,0.04291,0.02555,0.02390,0.03027,0.03046,0.04947,0.00798,0.05890,0.03059,0.02394
6.63467,14,0.40072,0.13674,0.08645,0.01326,0.01226,0.20268,0.02201,0.00427,0.00748,0.00876,0.02986,0.02317,0.00631,0.00778,0.15602,0.28294,0.05832,0.04129,0.02563,0.02983,0.52098,0.04291,0.02555,0.02390,0.03027,0.03044,0.04948,0.00798,0.05890,0.03059,0.02394
6.65600,14,0.50102,0.09436,0.05968,0.00915,0.00848,0.13986,0.01520,0.00295,0.00516,0.00607,0.11181,0.01809,0.01070,0.00563,0.20867,0.30419,0.05832,0.04129,0.02563,0.02983,0.52098,0.04291,0.02555,0.02390,0.03027,0.03043,0.04948,0.00798,0.05890,0.03059,0.02394
6.67733,9,0.50976,0.06511,0.04122,0.00633,0.00593,0.09694,0.01054,0.00204,0.00357,0.00456,0.35919,0.01479,0.01914,0.00494,0.15003,0.21566,0.04536,0.04354,0.02047,0.03280,0.40286,0.03637,0.02691,0.01953,0.03884,0.03372,0.05117,0.01308,0.05652,0.02914,0.14967
6.69867,9,0.47211,0.04497,0.02851,0.00451,0.00440,0.06839,0.01222,0.00150,0.00270,0.00380,0.54452,0.01156,0.01502,0.00454,0.10415,0.14920,0.02136,0.04770,0.01091,0.03831,0.18412,0.02426,0.02943,0.01143,0.05470,0.03982,0.05432,0.02253,0.05212,0.02646,0.38253
6.72000,9,0.40137,0.03111,0.01976,0.00311,0.00308,0.05490,0.26770,0.00251,0.00187,0.00265,0.41157,0.00849,0.01088,0.00515,0.07207,0.10515,0.01528,0.03348,0.00843,0.02585,0.08538,0.02980,0.02274,0.00550,0.03312,0.33402,0.04852,0.02970,0.06098,0.02580,0.24139
6.74133,5,0.33524,0.02148,0.01364,0.00215,0.00220,0.03943,0.49239,0.00200,0.00129,0.00183,0.28428,0.00588,0.00752,0.00359,0.04973,0.07259,0.01455,0.02332,0.00809,0.01669,0.04942,0.03523,0.01789,0.00264,0.01637,0.53139,0.04417,0.03321,0.06756,0.02573,0.11376
6.76267,5,0.32242,0.01484,0.00942,0.00148,0.00153,0.02796,0.64880,0.00140,0.00091,0.00127,0.19616,0.00413,0.00519,0.00248,0.03433,0.05009,0.01459,0.01887,0.00809,0.01264,0.03719,0.03776,0.01575,0.00152,0.00888,0.61666,0.04224,0.03458,0.07048,0.02573,0.05502
6.78400,5,0.30346,0.01136,0.00675,0.00103,0.00107,0.01951,0.59198,0.00097,0.00065,0.00254,0.14710,0.13108,0.00372,0.00234,0.03524,0.04467,0.01562,0.02829,0.02001,0.01364,0.03979,0.29018,0.00918,0.00591,0.03057,0.34040,0.05142,0.02647,0.05588,0.03205,0.04060
6.80533,5,0.29765,0.00829,0.00764,0.00124,0.00097,0.01366,0.43359,0.00068,0.00047,0.00471,0.12602,0.30583,0.00375,0.00593,0.04200,0.04524,0.01629,0.03519,0.02803,0.01481,0.04297,0.45995,0.00501,0.00900,0.04610,0.14382,0.05785,0.02083,0.04569,0.03630,0.03816
6.82667,10,0.25903,0.00649,0.00989,0.16094,0.00643,0.01111,0.30733,0.00048,0.00040,0.00646,0.08966,0.32471,0.00287,0.00909,0.03004,0.03409,0.01658,0.03823,0.03150,0.01537,0.04450,0.53334,0.00324,0.01035,0.05292,0.05766,0.06065,0.01838,0.04124,0.03814,0.03789
6.84800,2,0.22482,0.00481,0.00706,0.41369,0.00528,0.00785,0.21217,0.00034,0.00031,0.00460,0.06375,0.22729,0.00201,0.00648,0.02081,0.02357,0.01669,0.03937,0.03279,0.01559,0.04509,0.56063,0.00259,0.01086,0.05548,0.02543,0.06170,0.01746,0.03958,0.03882,0.03793
6.86933,2,0.18926,0.00984,0.00819,0.50020,0.00768,0.02548,0.18232,0.00147,0.00043,0.00520,0.06182,0.15888,0.00156,0.00476,0.01536,0.01682,0.00886,0.03537,0.02782,0.00829,0.04003,0.31239,0.02362,0.01899,0.07281,0.02001,0.31121,0.03141,0.02893,0.03825,0.02201
6.89067,2,0.19793,0.00984,0.00724,0.35531,0.00654,0.24618,0.18466,0.00319,0.00036,0.00694,0.04274,0.10987,0.00125,0.00343,0.01074,0.01172,0.00659,0.01914,0.30702,0.05840,0.04045,0.13943,0.01596,0.01233,0.05454,0.03930,0.22273,0.03089,0.02199,0.02019,0.01104
6.91200,4,0.18932,0.00683,0.00505,0.24521,0.00457,0.47029,0.13398,0.00222,0.00026,0.00479,0.02951,0.07816,0.00091,0.00265,0.00742,0.00814,0.00633,0.00888,0.49597,0.09336,0.04156,0.06369,0.00737,0.00652,0.03945,0.05267,0.12257,0.02825,0.01901,0.00812,0.00624
6.93333,4,0.25407,0.00481,0.00404,0.17006,0.00328,0.56956,0.11713,0.00157,0.00019,0.00332,0.02043,0.06675,0.00826,0.00655,0.00512,0.01893,0.00633,0.00618,0.54633,0.10274,0.04190,0.04594,0.00488,0.00490,0.03527,0.05626,0.09349,0.02742,0.01832,0.00492,0.00511
6.95467,4,0.37334,0.00332,0.00280,0.11734,0.00226,0.39663,0.08502,0.00111,0.00013,0.00231,0.01414,0.04764,0.02501,0.21459,0.00354,0.08415,0.01832,0.01253,0.45917,0.09206,0.15243,0.03424,0.00798,0.00820,0.03137,0.05264,0.06395,0.02237,0.02724,0.00875,0.00875
6.97600,4,0.41328,0.00230,0.12547,0.08104,0.00158,0.27374,0.06580,0.00077,0.00009,0.06707,0.01023,0.04312,0.01817,0.21665,0.00246,0.09151,0.04048,0.02830,0.22212,0.05817,0.35662,0.03799,0.01756,0.01679,0.03050,0.04056,0.05409,0.01434,0.04474,0.02065,0.01710
6.99733,1,0.43855,0.00161,0.20034,0.05607,0.00111,0.18903,0.06289,0.00054,0.00006,0.16646,0.02316,0.03022,0.01272,0.17263,0.00177,0.08140,0.05159,0.03637,0.10023,0.04061,0.45902,0.04088,0.02251,0.02120,0.03032,0.03428,0.05091,0.01037,0.05356,0.02681,0.02135
7.01867,12,0.43452,0.00112,0.16266,0.03878,0.00080,0.13053,0.04597,0.00038,0.00004,0.13524,0.01653,0.02089,0.00889,0.38053,0.00122,0.05642,0.05598,0.03958,0.05162,0.03359,0.49948,0.04217,0.02449,0.02296,0.03028,0.03177,0.04991,0.00881,0.05705,0.02927,0.02304
7.04000,12,0.42646,0.00077,0.11258,0.02678,0.00057,0.09008,0.03200,0.00026,0.00003,0.09452,0.01145,0.01476,0.00624,0.56922,0.00084,0.03988,0.03045,0.27957,0.04381,0.03671,0.28315,0.03419,0.01320,0.02214,0.04679,0.03722,0.05926,0.01169,0.03914,0.03324,0.02945
7.06133,12,0.39475,0.00054,0.07858,0.02033,0.00176,0.06341,0.02753,0.00161,0.01856,0.08334,0.00850,0.02410,0.00532,0.51454,0.00060,0.15128,0.01242,0.18485,0.02929,0.02608,0.13550,0.05008,0.02572,0.02534,0.06017,0.02313,0.04610,0.02868,0.30258,0.01816,0.03191
7.08267,12,0.35807,0.00037,0.05423,0.01428,0.00130,0.04511,0.01911,0.27498,0.03015,0.05797,0.00596,0.01743,0.00373,0.36453,0.00042,0.11044,0.00449,0.08207,0.01999,0.01831,0.07183,0.06211,0.03602,0.02766,0.06650,0.01271,0.03569,0.03963,0.48306,0.00740,0.03255
7.10400,6,0.34076,0.00026,0.03742,0.01003,0.00100,0.03184,0.01322,0.49136,0.02802,0.04001,0.00412,0.01203,0.00257,0.25162,0.00029,0.07621,0.00152,0.03338,0.01603,0.01488,0.04818,0.06745,0.04068,0.02868,0.06894,0.00810,0.03103,0.04431,0.56143,0.00267,0.03271
7.12533,6,0.32743,0.00019,0.02586,0.00701,0.00120,0.02313,0.00967,0.64391,0.02186,0.02761,0.00287,0.00830,0.00178,0.17382,0.00020,0.05261,0.00049,0.01456,0.01456,0.01359,0.04005,0.06946,0.04245,0.02906,0.06980,0.00637,0.02927,0.04604,0.59063,0.00090,0.03276
7.14667,6,0.30721,0.00013,0.01785,0.00561,0.00123,0.01675,0.00703,0.74967,0.01707,0.01907,0.00200,0.00576,0.00123,0.11999,0.00014,0.03649,0.00016,0.00573,0.01101,0.00720,0.03248,0.04481,0.34999,0.03036,0.05205,0.02246,0.04495,0.02571,0.32480,0.00635,0.04195
7.16800,6,0.27929,0.00010,0.01239,0.00518,0.00108,0.01463,0.00572,0.78265,0.01350,0.01320,0.00604,0.00492,0.00088,0.08316,0.00011,0.05642,0.00005,0.00203,0.00879,0.00306,0.02834,0.02796,0.55699,0.03119,0.03999,0.03350,0.05572,0.01181,0.14223,0.01023,0.04813
7.18933,6,0.42299,0.00007,0.00859,0.00364,0.00075,0.01015,0.00399,0.66004,0.00945,0.00912,0.01056,0.00746,0.00137,0.05914,0.00184,0.21382,0.00003,0.00118,0.00821,0.00196,0.02729,0.02346,0.61210,0.03141,0.03678,0.03645,0.05860,0.00809,0.09340,0.01127,0.04978
7.21067,6,0.41745,0.00005,0.00593,0.00251,0.00052,0.00721,0.00276,0.45567,0.00652,0.00643,0.00816,0.00817,0.00108,0.04116,0.00128,0.45257,0.00001,0.00039,0.00763,0.00087,0.02626,0.01893,0.66737,0.03163,0.03355,0.03942,0.06150,0.00436,0.04434,0.01233,0.05143
7.23200,14,0.39492,0.00005,0.00428,0.00186,0.00037,0.02261,0.01338,0.31556,0.00461,0.04833,0.01196,0.04671,0.00315,0.06178,0.00098,0.46438,0.00000,0.00012,0.00742,0.00048,0.02590,0.01732,0.68704,0.03170,0.03240,0.04048,0.06253,0.00303,0.02685,0.01270,0.05202
7.25333,14,0.35997,0.00015,0.00305,0.00175,0.00095,0.10049,0.09369,0.24387,0.02552,0.04603,0.04112,0.03498,0.00757,0.05327,0.00117,0.34639,0.00000,0.00004,0.00736,0.00035,0.02578,0.01678,0.69364,0.03173,0.03201,0.04083,0.06288,0.00258,0.02098,0.01283,0.05222
7.27467,6,0.32060,0.00020,0.00215,0.00183,0.00075,0.09693,0.07160,0.39526,0.05710,0.03281,0.03342,0.02485,0.00561,0.03724,0.00085,0.23938,0.00096,0.02399,0.00540,0.02025,0.01740,0.01566,0.38325,0.01914,0.04863,0.04270,0.06008,0.01548,0.03334,0.01823,0.29548
7.29600,6,0.29898,0.00015,0.00151,0.00204,0.00055,0.07282,0.05475,0.56736,0.04152,0.02273,0.02308,0.01718,0.00388,0.02668,0.00058,0.16518,0.00160,0.04014,0.00410,0.03368,0.01177,0.01497,0.17335,0.01065,0.05988,0.04391,0.05816,0.02423,0.04235,0.02186,0.45937
7.31733,6,0.27569,0.00013,0.00109,0.00213,0.00040,0.05628,0.03902,0.68548,0.03180,0.01652,0.01609,0.01314,0.00270,0.02068,0.00041,0.11412,0.00092,0.02315,0.00546,0.01954,0.01768,0.01562,0.39501,0.01958,0.04800,0.04268,0.06023,0.01497,0.03206,0.01806,0.28704
7.33867,6,0.36042,0.00031,0.00262,0.00165,0.00033,0.03994,0.02818,0.59301,0.02217,0.03468,0.01533,0.14979,0.00250,0.01881,0.00049,0.09017,0.00038,0.00959,0.00655,0.00826,0.02239,0.01615,0.57177,0.02670,0.03853,0.04170,0.06188,0.00759,0.02394,0.01503,0.14953
7.36000,6,0.43660,0.00028,0.00201,0.00115,0.00024,0.02777,0.02126,0.41991,0.01531,0.24934,0.01192,0.15294,0.00426,0.01478,0.00317,0.07568,0.00014,0.00349,0.00704,0.00319,0.02451,0.01639,0.65120,0.02991,0.03427,0.04125,0.06262,0.00427,0.02030,0.01367,0.08774
7.38133,8,0.46324,0.00019,0.00143,0.00079,0.00017,0.01920,0.01472,0.28978,0.01056,0.45675,0.00917,0.12357,0.00333,0.01177,0.00252,0.05606,0.00005,0.00119,0.00723,0.00127,0.02531,0.01648,0.68124,0.03112,0.03266,0.04108,0.06290,0.00302,0.01893,0.01316,0.06436
7.40267,8,0.45535,0.00013,0.00125,0.00058,0.00032,0.01360,0.01058,0.20001,0.00733,0.61709,0.00643,0.08842,0.00240,0.00823,0.00292,0.04069,0.00002,0.00039,0.00729,0.00061,0.02559,0.01651,0.69169,0.03154,0.03210,0.04103,0.06299,0.00258,0.01845,0.01298,0.05624
7.42400,8,0.40861,0.00022,0.00100,0.00055,0.00047,0.01105,0.00784,0.13822,0.07574,0.66050,0.00459,0.06200,0.00169,0.00586,0.00212,0.02815,0.00949,0.02265,0.00989,0.01097,0.02267,0.03851,0.36840,0.02780,0.27810,0.02737,0.07358,0.01331,0.03123,0.01167,0.05435
7.44533,8,0.36115,0.00035,0.00074,0.00065,0.00131,0.01162,0.00647,0.09942,0.31525,0.49190,0.00320,0.04289,0.00118,0.00408,0.00147,0.01948,0.01588,0.03775,0.01163,0.01804,0.02066,0.05333,0.14936,0.02522,0.44392,0.01818,0.08070,0.02059,0.03989,0.01081,0.05403
7.46667,7,0.31174,0.00077,0.00064,0.00831,0.00192,0.01233,0.02024,0.07009,0.48329,0.34051,0.00304,0.02970,0.00085,0.00362,0.00110,0.02358,0.01759,0.04178,0.01210,0.01992,0.02013,0.05728,0.09096,0.02454,0.48807,0.01573,0.08260,0.02253,0.04220,0.01058,0.05400
7.48800,7,0.27510,0.00125,0.00615,0.01288,0.00165,0.01582,0.06890,0.04874,0.36984,0.23501,0.00278,0.02058,0.00059,0.00254,0.00113,0.21214,0.01929,0.04582,0.01256,0.02181,0.01959,0.06124,0.03235,0.02385,0.53237,0.01327,0.08450,0.02448,0.04452,0.01035,0.05399
7.50933,14,0.37247,0.00087,0.00427,0.00904,0.00115,0.01095,0.04826,0.03363,0.25527,0.16223,0.00203,0.01430,0.00043,0.00177,0.00253,0.45328,0.02052,0.03621,0.01317,0.02274,0.02763,0.05828,0.01213,0.16569,0.42191,0.01055,0.08234,0.02665,0.04463,0.01510,0.04246
7.53067,14,0.36358,0.00067,0.00318,0.00629,0.00080,0.00817,0.03487,0.02321,0.17615,0.17028,0.00201,0.02350,0.00338,0.01521,0.00851,0.52377,0.02188,0.01624,0.01404,0.02343,0.04280,0.05066,0.00631,0.42877,0.19342,0.00682,0.07730,0.02961,0.04359,0.02402,0.02110
7.55200,14,0.32552,0.00186,0.00848,0.00793,0.01678,0.01153,0.02662,0.01639,0.12197,0.28946,0.00541,0.03651,0.00367,0.07062,0.01311,0.36966,0.01272,0.03012,0.00906,0.03258,0.02831,0.03273,0.01755,0.26213,0.10595,0.02417,0.06707,0.03022,0.04580,0.02525,0.27633
7.57333,14,0.27734,0.00154,0.00954,0.02602,0.25277,0.01571,0.03122,0.01689,0.08432,0.21467,0.00536,0.02544,0.00256,0.04957,0.00919,0.25520,0.00636,0.04227,0.00559,0.03866,0.01643,0.02173,0.02577,0.11308,0.07908,0.03638,0.06088,0.03022,0.04743,0.02484,0.45128
7.59467,2,0.23642,0.00299,0.01653,0.26010,0.21620,0.01233,0.03011,0.01177,0.05827,0.14896,0.00416,0.01799,0.00178,0.03423,0.00670,0.17787,0.00359,0.04783,0.00407,0.04128,0.01106,0.01708,0.02940,0.04462,0.07094,0.04171,0.05828,0.03018,0.04816,0.02453,0.52727
7.61600,2,0.26998,0.00288,0.01388,0.33629,0.16121,0.00873,0.02848,0.00816,0.04022,0.10589,0.03499,0.01564,0.00133,0.02382,0.03846,0.18003,0.00256,0.04995,0.00350,0.04225,0.00903,0.01537,0.03076,0.01848,0.06850,0.04370,0.05733,0.03016,0.04843,0.02439,0.55558
7.63733,2,0.37008,0.00200,0.01032,0.38042,0.11245,0.00603,0.02008,0.00563,0.02779,0.07527,0.05941,0.07269,0.00758,0.01892,0.03922,0.16220,0.00426,0.02769,0.29480,0.07757,0.02453,0.01778,0.01686,0.00814,0.04956,0.05240,0.05221,0.02820,0.03386,0.01292,0.29923
7.65867,2,0.36198,0.00140,0.00774,0.26598,0.07775,0.00417,0.01492,0.00389,0.01919,0.05225,0.17866,0.20449,0.00667,0.02133,0.02865,0.11293,0.00553,0.01243,0.49114,0.10124,0.03521,0.01960,0.00734,0.00429,0.03707,0.05803,0.04888,0.02689,0.02401,0.00520,0.12313
7.68000,10,0.32084,0.00099,0.00615,0.26555,0.05396,0.00291,0.01126,0.00268,0.01326,0.03622,0.13648,0.34596,0.00471,0.02141,0.02025,0.07820,0.00609,0.00581,0.57606,0.11147,0.03986,0.02041,0.00320,0.00297,0.03170,0.06044,0.04745,0.02633,0.01975,0.00187,0.04660
7.70133,10,0.27842,0.00150,0.04948,0.30530,0.03856,0.00218,0.05270,0.00189,0.00916,0.02501,0.09502,0.33274,0.00328,0.01494,0.01425,0.05399,0.00630,0.00334,0.60765,0.11527,0.04160,0.02071,0.00166,0.00253,0.02971,0.06133,0.04692,0.02612,0.01816,0.00063,0.01808
7.72267,5,0.24710,0.00137,0.03690,0.21435,0.02667,0.00156,0.33866,0.00131,0.00633,0.01726,0.06557,0.23032,0.00226,0.01031,0.00987,0.03726,0.00487,0.00937,0.47598,0.08912,0.04006,0.02198,0.01206,0.00837,0.04380,0.05216,0.17249,0.03099,0.01780,0.00898,0.01196
7.74400,5,0.24174,0.00100,0.02624,0.14849,0.01843,0.00115,0.53408,0.00090,0.00437,0.01192,0.04526,0.16655,0.00157,0.00713,0.00717,0.02573,0.00218,0.02104,0.22561,0.03989,0.03687,0.02427,0.03164,0.01926,0.07032,0.03499,0.40520,0.04005,0.01746,0.02470,0.00651
7.76533,5,0.33777,0.00073,0.03327,0.10274,0.01273,0.00080,0.46921,0.00065,0.00302,0.00840,0.06262,0.24912,0.00900,0.01741,0.01025,0.02003,0.00468,0.02914,0.10156,0.01868,0.03779,0.15167,0.03110,0.02084,0.07563,0.02355,0.39984,0.03761,0.02228,0.03303,0.01261
7.78667,5,0.37866,0.00052,0.17183,0.07091,0.00879,0.00062,0.32418,0.00045,0.00208,0.06658,0.04503,0.18962,0.01583,0.07299,0.00726,0.02332,0.01128,0.03549,0.05624,0.01554,0.04191,0.38598,0.01571,0.01578,0.06599,0.01493,0.21983,0.02646,0.03138,0.03691,0.02656
7.80800,8,0.39623,0.00037,0.12408,0.04902,0.00612,0.00930,0.24565,0.00033,0.00145,0.30745,0.03130,0.13812,0.01156,0.05395,0.00512,0.01620,0.01467,0.03833,0.04080,0.01540,0.04407,0.50345,0.00743,0.01293,0.06039,0.01111,0.12280,0.02061,0.03596,0.03839,0.03367
7.82933,8,0.36926,0.00054,0.09037,0.03506,0.00454,0.01233,0.17887,0.00026,0.00102,0.27029,0.02863,0.17342,0.01112,0.17312,0.00414,0.01628,0.01602,0.03940,0.03576,0.01555,0.04494,0.54987,0.00407,0.01176,0.05806,0.00967,0.08347,0.01826,0.03777,0.03891,0.03649
7.85067,5,0.31753,0.00052,0.06506,0.02661,0.00327,0.02137,0.28138,0.00034,0.00072,0.18999,0.02037,0.22604,0.01038,0.13707,0.00370,0.01317,0.01813,0.04354,0.02447,0.01899,0.03299,0.32625,0.00236,0.01714,0.29167,0.01060,0.08023,0.02142,0.04171,0.02549,0.04502
7.87200,5,0.26538,0.00088,0.05759,0.02102,0.00240,0.02777,0.47230,0.00045,0.00051,0.13145,0.01410,0.15765,0.00720,0.09479,0.00261,0.00927,0.01938,0.04620,0.01744,0.02128,0.02483,0.17000,0.00162,0.02091,0.44936,0.01140,0.08280,0.02383,0.04415,0.01639,0.05042
7.89333,5,0.22384,0.00162,0.05373,0.01502,0.00232,0.02122,0.61660,0.00045,0.00038,0.09071,0.00976,0.10917,0.00498,0.06544,0.00184,0.00676,0.01829,0.04357,0.02416,0.01892,0.03356,0.34194,0.00184,0.01674,0.28313,0.01033,0.07350,0.02090,0.04188,0.02604,0.04520
7.91467,5,0.23838,0.00114,0.03710,0.01036,0.00160,0.01468,0.73337,0.00031,0.00028,0.06300,0.00677,0.07614,0.00344,0.04517,0.00154,0.00510,0.01739,0.04146,0.02959,0.01704,0.04050,0.47828,0.00207,0.01344,0.15053,0.00951,0.06682,0.01861,0.04004,0.03373,0.04099
7.93600,5,0.44177,0.00079,0.02571,0.00715,0.00112,0.01016,0.65570,0.00022,0.00020,0.14832,0.00512,0.10128,0.00240,0.03170,0.00440,0.00573,0.01698,0.04050,0.03204,0.01619,0.04362,0.53947,0.00219,0.01196,0.09095,0.00914,0.06389,0.01758,0.03920,0.03719,0.03909
7.95733,5,0.54563,0.00054,0.01779,0.00493,0.00077,0.00702,0.48986,0.00015,0.00015,0.34585,0.00384,0.07373,0.00168,0.02192,0.01488,0.01688,0.01683,0.04014,0.03297,0.01587,0.04480,0.56260,0.00223,0.01140,0.06841,0.00900,0.06280,0.01719,0.03889,0.03849,0.03837
7.97867,8,0.52789,0.00038,0.01229,0.00341,0.00054,0.00514,0.33897,0.00011,0.00011,0.37979,0.00296,0.06239,0.00136,0.03202,0.03729,0.12325,0.01677,0.04002,0.03330,0.01576,0.04521,0.57064,0.00225,0.01121,0.06057,0.00896,0.06242,0.01706,0.03878,0.03895,0.03812
8.00000,8,0.45627,0.00028,0.02395,0.00269,0.00047,0.00643,0.24076,0.00010,0.00011,0.31441,0.00236,0.04767,0.00147,0.13785,0.02969,0.19176,0.01676,0.03999,0.03336,0.01574,0.04530,0.57233,0.00225,0.01117,0.05892,0.00895,0.06234,0.01703,0.03876,0.03904,0.03806
8.02133,8,0.38074,0.00030,0.08789,0.12345,0.00576,0.01645,0.21882,0.00025,0.00022,0.23322,0.00214,0.03686,0.00246,0.11036,0.02094,0.14087,0.01755,0.04181,0.02867,0.01735,0.03936,0.45615,0.00201,0.01398,0.17236,0.00964,0.06762,0.01897,0.04035,0.03247,0.04170
8.04267,5,0.45308,0.00044,0.11526,0.09650,0.01000,0.02770,0.31007,0.00031,0.00069,0.20046,0.00253,0.03700,0.00267,0.08129,0.01472,0.10036,0.01902,0.04522,0.01989,0.02038,0.02826,0.23865,0.00156,0.01924,0.38473,0.01093,0.07753,0.02259,0.04334,0.02015,0.04851
8.06400,12,0.50345,0.00053,0.09853,0.07000,0.00768,0.01946,0.21524,0.00026,0.00053,0.14010,0.00182,0.03633,0.00511,0.32465,0.01017,0.06959,0.01975,0.04693,0.01548,0.02190,0.02268,0.12945,0.00133,0.02188,0.49135,0.01158,0.08250,0.02441,0.04484,0.01397,0.05193
8.08533,12,0.46358,0.00038,0.06878,0.04907,0.00719,0.02643,0.19475,0.00039,0.00454,0.10235,0.00164,0.04511,0.00607,0.43294,0.00715,0.05323,0.01842,0.04384,0.02343,0.01916,0.03274,0.32642,0.00174,0.01712,0.29904,0.01041,0.07353,0.02113,0.04214,0.02512,0.04576
8.10667,12,0.40330,0.00034,0.04768,0.03635,0.02168,0.02794,0.14268,0.00107,0.19297,0.07131,0.00115,0.03431,0.00546,0.37512,0.00495,0.03700,0.00957,0.02499,0.02012,0.01582,0.03587,0.23608,0.02135,0.02210,0.16238,0.00792,0.05095,0.03275,0.30637,0.01501,0.03873
8.12800,7,0.36461,0.00053,0.03294,0.02533,0.02113,0.04892,0.10139,0.00098,0.40144,0.04935,0.00079,0.02411,0.00382,0.26027,0.00344,0.02556,0.00383,0.01282,0.01653,0.01403,0.03625,0.14137,0.03450,0.02627,0.10334,0.00644,0.03728,0.04114,0.48488,0.00629,0.03504
8.14933,7,0.33609,0.00045,0.02277,0.01770,0.01675,0.21928,0.11101,0.00076,0.33669,0.03411,0.00057,0.03198,0.00438,0.18179,0.00330,0.01846,0.00137,0.00761,0.01482,0.01332,0.03622,0.09673,0.04017,0.02816,0.08140,0.00582,0.03153,0.04483,0.56214,0.00230,0.03357
8.17067,4,0.42141,0.00032,0.01576,0.01227,0.01200,0.32247,0.12524,0.00060,0.23304,0.02367,0.00221,0.08845,0.02034,0.12569,0.00513,0.01284,0.01122,0.00347,0.01459,0.01821,0.04506,0.06723,0.02378,0.31607,0.04445,0.00487,0.05047,0.03916,0.32649,0.01545,0.01947
8.19200,10,0.43662,0.00022,0.01096,0.00858,0.00859,0.22698,0.09399,0.00053,0.16084,0.01666,0.00207,0.33931,0.02926,0.08698,0.00596,0.00906,0.01816,0.00132,0.01464,0.02160,0.05102,0.05291,0.01204,0.50984,0.02217,0.00430,0.06393,0.03489,0.15822,0.02480,0.01016
8.21333,10,0.45741,0.00016,0.12796,0.00604,0.00594,0.15673,0.06795,0.00038,0.11099,0.14698,0.00186,0.27943,0.02331,0.06096,0.00448,0.00683,0.03783,0.01986,0.01981,0.02586,0.27248,0.04663,0.01703,0.30389,0.02344,0.01651,0.05870,0.02175,0.09205,0.02860,0.01556
8.23467,1,0.45921,0.00019,0.29092,0.00718,0.00590,0.11615,0.04799,0.00029,0.07663,0.19009,0.00321,0.19297,0.01608,0.04207,0.00311,0.00723,0.02277,0.02760,0.02154,0.01427,0.19224,0.03629,0.03224,0.14181,0.05607,0.02043,0.30854,0.03196,0.05002,0.03316,0.01106
8.25600,1,0.45875,0.00056,0.23156,0.00989,0.00906,0.09004,0.05063,0.00024,0.05294,0.23058,0.02146,0.21528,0.01863,0.04319,0.01104,0.01490,0.01511,0.02902,0.02177,0.00931,0.14074,0.03260,0.03774,0.09740,0.06874,0.02091,0.40853,0.03715,0.03757,0.03472,0.00870
8.27733,14,0.44503,0.00083,0.16091,0.00713,0.00631,0.06342,0.03662,0.00017,0.03655,0.17756,0.01748,0.19020,0.01297,0.03063,0.00848,0.25073,0.00600,0.14969,0.02745,0.01317,0.07517,0.02823,0.03294,0.05066,0.07707,0.02639,0.40283,0.03603,0.02473,0.03638,0.01327
8.29867,14,0.43081,0.00064,0.11106,0.00499,0.00436,0.04388,0.02530,0.00012,0.02523,0.12266,0.01287,0.13353,0.00895,0.02115,0.00602,0.47925,0.00247,0.37138,0.03774,0.02870,0.04623,0.02613,0.01506,0.03136,0.07149,0.03612,0.22533,0.02492,0.02028,0.03692,0.02586
8.32000,14,0.41786,0.00045,0.07665,0.00346,0.00301,0.03030,0.01753,0.00008,0.01741,0.08496,0.00900,0.09254,0.00620,0.01467,0.00448,0.63926,0.00189,0.24825,0.02279,0.03725,0.02512,0.02044,0.02052,0.01687,0.06882,0.04136,0.12352,0.02596,0.03311,0.03105,0.28305
8.34133,14,0.41112,0.00034,0.05292,0.00239,0.00209,0.02096,0.01330,0.00006,0.01208,0.06117,0.00889,0.12311,0.00612,0.08936,0.00324,0.60397,0.00193,0.13431,0.01128,0.04080,0.01445,0.01687,0.02674,0.00945,0.06791,0.04353,0.08059,0.02826,0.04228,0.02703,0.45457
8.36267,14,0.39543,0.00024,0.03651,0.00166,0.00176,0.01448,0.00920,0.00004,0.04287,0.04304,0.00618,0.33892,0.00428,0.08139,0.00228,0.41716,0.00199,0.08167,0.00615,0.04210,0.01022,0.01535,0.02971,0.00649,0.06761,0.04433,0.06482,0.02943,0.04630,0.02529,0.52856
8.38400,7,0.35496,0.00017,0.02520,0.00117,0.00416,0.01010,0.00636,0.00004,0.33311,0.02991,0.00427,0.23689,0.00295,0.05622,0.00158,0.28788,0.00202,0.06152,0.00421,0.04254,0.00872,0.01480,0.03086,0.00544,0.06752,0.04459,0.05942,0.02989,0.04780,0.02464,0.55604
8.40533,7,0.32117,0.00012,0.01739,0.00106,0.00568,0.00727,0.00452,0.00006,0.53595,0.02086,0.00295,0.16355,0.00204,0.03880,0.00110,0.19865,0.00203,0.05448,0.00354,0.04268,0.00821,0.01460,0.03126,0.00508,0.06749,0.04468,0.05766,0.03006,0.04832,0.02441,0.56550
8.42667,7,0.30754,0.00019,0.01202,0.00403,0.00432,0.00517,0.01773,0.00023,0.65390,0.01529,0.00207,0.11373,0.00157,0.02693,0.00520,0.13761,0.01184,0.02816,0.00872,0.03388,0.03016,0.02857,0.01848,0.30362,0.03938,0.02554,0.06476,0.03095,0.04572,0.02758,0.30265
8.44800,7,0.41896,0.00021,0.00844,0.00289,0.00329,0.00358,0.02910,0.00018,0.55840,0.01077,0.00184,0.16098,0.00148,0.01904,0.10468,0.09513,0.01844,0.01125,0.01229,0.02793,0.04501,0.03800,0.00983,0.50479,0.02044,0.01264,0.06975,0.03153,0.04390,0.02974,0.12446
8.46933,7,0.49142,0.00018,0.00595,0.00214,0.00239,0.00253,0.02220,0.00013,0.42044,0.00765,0.00153,0.31809,0.00159,0.01321,0.13626,0.06571,0.02130,0.00403,0.01385,0.02535,0.05143,0.04208,0.00608,0.59180,0.01225,0.00706,0.07194,0.03178,0.04311,0.03068,0.04727
8.49067,10,0.48975,0.00015,0.00661,0.00158,0.00178,0.00177,0.01560,0.00009,0.29033,0.05382,0.00153,0.43170,0.00516,0.01028,0.13362,0.04599,0.02236,0.00136,0.01443,0.02439,0.05382,0.04360,0.00469,0.62416,0.00920,0.00498,0.07275,0.03187,0.04281,0.03103,0.01855
8.51200,8,0.48548,0.00012,0.00538,0.00153,0.00301,0.00140,0.01081,0.00007,0.20455,0.33436,0.00137,0.30151,0.00363,0.00712,0.09327,0.03188,0.02273,0.00044,0.01463,0.02406,0.05465,0.04412,0.00421,0.63530,0.00815,0.00427,0.07303,0.03190,0.04271,0.03115,0.00865
8.53333,8,0.51376,0.00012,0.00432,0.00127,0.02843,0.00290,0.00807,0.00010,0.14139,0.50448,0.00156,0.21154,0.00257,0.00514,0.06557,0.02253,0.01753,0.00729,0.01632,0.01849,0.05002,0.04002,0.01413,0.49661,0.02731,0.00808,0.19268,0.03546,0.03685,0.03261,0.00660
8.55467,8,0.54388,0.00009,0.00300,0.00091,0.02279,0.00203,0.00588,0.00010,0.09757,0.36946,0.00135,0.14789,0.00840,0.27844,0.04525,0.01686,0.01248,0.02417,0.01733,0.01349,0.03785,0.04090,0.02194,0.23641,0.16985,0.01317,0.29748,0.03703,0.03256,0.02903,0.01632
8.57600,12,0.56736,0.00006,0.00207,0.00063,0.01585,0.00140,0.00411,0.00007,0.06732,0.25653,0.00097,0.10227,0.00990,0.49587,0.03123,0.01172,0.01622,0.03807,0.01500,0.01809,0.02709,0.05290,0.01147,0.10407,0.38569,0.01290,0.19237,0.03102,0.03927,0.01876,0.03708
8.59733,12,0.59247,0.00005,0.00144,0.00044,0.01099,0.00098,0.00320,0.00006,0.04645,0.17713,0.00103,0.07100,0.00727,0.65001,0.02161,0.00834,0.01861,0.04435,0.01366,0.02094,0.02216,0.05933,0.00524,0.05150,0.49205,0.01239,0.12782,0.02765,0.04321,0.01347,0.04761
8.61867,12,0.62483,0.00004,0.00158,0.00032,0.00762,0.00078,0.00612,0.00007,0.03208,0.12282,0.00185,0.18650,0.01560,0.59998,0.01630,0.00834,0.01014,0.02641,0.01359,0.01750,0.02819,0.06530,0.02244,0.03546,0.30567,0.00908,0.07374,0.03632,0.30779,0.00655,0.04181
8.64000,12,0.61855,0.00003,0.00136,0.00024,0.00530,0.00057,0.00814,0.00008,0.02215,0.08527,0.01124,0.31199,0.06583,0.46900,0.01250,0.00630,0.00413,0.01355,0.01370,0.01482,0.03287,0.06850,0.03483,0.03098,0.16675,0.00693,0.04563,0.04260,0.48558,0.00256,0.03658
8.66133,12,0.57311,0.00005,0.00112,0.00369,0.00393,0.00427,0.00692,0.00009,0.01599,0.08039,0.01687,0.35075,0.14594,0.35658,0.00876,0.00465,0.00149,0.00790,0.01377,0.01362,0.03496,0.06980,0.04027,0.02974,0.10522,0.00600,0.03438,0.04536,0.56242,0.00091,0.03417
8.68267,10,0.49108,0.00071,0.00145,0.02192,0.01473,0.01907,0.04542,0.00116,0.01151,0.05595,0.01814,0.44204,0.10546,0.25283,0.00610,0.00349,0.00050,0.00579,0.01380,0.01316,0.03574,0.07026,0.04231,0.02939,0.08209,0.00566,0.03035,0.04639,0.59098,0.00030,0.03325
8.70400,10,0.43850,0.00060,0.00124,0.07031,0.01116,0.11919,0.05045,0.11544,0.02070,0.03862,0.01267,0.30558,0.07283,0.17455,0.00422,0.00243,0.00016,0.00506,0.01381,0.01300,0.03602,0.07042,0.04302,0.02929,0.07408,0.00554,0.02900,0.04675,0.60081,0.00010,0.03293
8.72533,10,0.37949,0.00094,0.00093,0.05078,0.00784,0.20720,0.04111,0.18202,0.01574,0.02680,0.07478,0.21177,0.05028,0.12159,0.00385,0.00436,0.00005,0.01698,0.01762,0.00688,0.03518,0.04961,0.04520,0.02871,0.08158,0.01284,0.29363,0.04708,0.32770,0.01762,0.01931
8.74667,9,0.35620,0.00167,0.00118,0.03868,0.00550,0.17755,0.03645,0.15664,0.01143,0.01935,0.19925,0.14857,0.03477,0.08470,0.00336,0.08088,0.00002,0.02510,0.02018,0.00277,0.03459,0.03557,0.04659,0.02832,0.08757,0.01778,0.47207,0.04725,0.14255,0.02945,0.01018
8.76800,9,0.47249,0.00116,0.00085,0.02671,0.00380,0.12254,0.02755,0.10820,0.00789,0.01339,0.42483,0.10719,0.02445,0.07006,0.00239,0.05899,0.00000,0.02862,0.02129,0.00100,0.03433,0.02950,0.04718,0.02816,0.09027,0.01991,0.54927,0.04733,0.06235,0.03457,0.00623
8.78933,9,0.45955,0.00080,0.00730,0.01844,0.00262,0.08458,0.01913,0.07466,0.00545,0.00952,0.30969,0.12730,0.01711,0.07686,0.00167,0.24487,0.00339,0.02616,0.01837,0.00296,0.03362,0.03111,0.03972,0.02187,0.07082,0.16854,0.44031,0.04457,0.05626,0.03307,0.00921
8.81067,14,0.44937,0.00056,0.19154,0.01576,0.00197,0.05849,0.01342,0.05152,0.00376,0.00707,0.21414,0.10100,0.01185,0.05881,0.00116,0.26895,0.00967,0.02086,0.01275,0.00698,0.03237,0.03538,0.02579,0.01027,0.03424,0.44337,0.22212,0.03944,0.06200,0.02921,0.01555
8.83200,1,0.49554,0.00039,0.43569,0.01285,0.00142,0.04044,0.00955,0.03555,0.00260,0.00601,0.14818,0.07004,0.00820,0.04086,0.00080,0.18741,0.01282,0.01807,0.00988,0.00907,0.03175,0.03774,0.01878,0.00445,0.01579,0.58114,0.10986,0.03687,0.06782,0.02709,0.01887
8.85333,1,0.54429,0.00033,0.41062,0.01288,0.00105,0.02792,0.04466,0.02454,0.00179,0.00594,0.10308,0.16440,0.01382,0.05323,0.00057,0.13517,0.00810,0.03325,0.00643,0.02512,0.02051,0.02710,0.02396,0.00402,0.03802,0.34444,0.07246,0.03342,0.05947,0.02554,0.27815
8.87467,1,0.54208,0.00023,0.28355,0.00904,0.00074,0.01931,0.03148,0.01694,0.00124,0.00522,0.07183,0.17271,0.02007,0.26834,0.00041,0.09888,0.00387,0.27810,0.02457,0.03524,0.02327,0.02450,0.01355,0.01193,0.05437,0.16727,0.06760,0.02445,0.03876,0.03081,0.20170
8.89600,12,0.50890,0.00017,0.19663,0.01819,0.00787,0.01944,0.02670,0.01368,0.00547,0.08296,0.04980,0.14852,0.01678,0.34366,0.00037,0.06974,0.00183,0.44055,0.03731,0.03949,0.02694,0.02451,0.00558,0.01724,0.06145,0.08868,0.06853,0.01892,0.02627,0.03458,0.10811
8.91733,12,0.45055,0.00040,0.13624,0.02303,0.01623,0.24496,0.01964,0.01704,0.00406,0.07096,0.03465,0.11000,0.01192,0.26104,0.00028,0.04956,0.00104,0.51054,0.04287,0.04104,0.02873,0.02471,0.00203,0.01953,0.06409,0.05912,0.06939,0.01659,0.02103,0.03623,0.06305
8.93867,4,0.38298,0.00084,0.09823,0.02203,0.02531,0.44246,0.01595,0.01650,0.00317,0.04991,0.02403,0.07692,0.00847,0.18169,0.00020,0.03430,0.00047,0.28048,0.02983,0.02800,0.03241,0.04625,0.02106,0.02434,0.06725,0.03081,0.05022,0.03059,0.29505,0.01939,0.04386
8.96000,4,0.35079,0.00063,0.06785,0.01524,0.01808,0.60931,0.01117,0.01367,0.00480,0.03447,0.01658,0.05312,0.00586,0.12539,0.00014,0.02368,0.00018,0.11691,0.02036,0.01902,0.03467,0.06073,0.03432,0.02731,0.06906,0.01526,0.03718,0.04030,0.48030,0.00784,0.03656
8.98133,4,0.30965,0.00045,0.04682,0.01053,0.01256,0.72480,0.00787,0.00944,0.00353,0.02379,0.01144,0.04100,0.00404,0.08662,0.00012,0.01699,0.02746,0.06242,0.02173,0.02306,0.26336,0.05403,0.03173,0.02604,0.05105,0.02064,0.04145,0.02624,0.30372,0.01719,0.02986
9.00267,4,0.26027,0.00352,0.03267,0.00763,0.00924,0.71750,0.00637,0.00674,0.00348,0.01830,0.00794,0.08735,0.00304,0.06304,0.00052,0.03266,0.04587,0.04719,0.02391,0.02696,0.41718,0.04762,0.02825,0.02481,0.03868,0.02624,0.04603,0.01550,0.16054,0.02501,0.02622
9.02400,4,0.21841,0.07951,0.02257,0.00677,0.18110,0.52279,0.00454,0.00474,0.00258,0.01464,0.00559,0.07524,0.00233,0.04381,0.00046,0.03335,0.05384,0.04294,0.02499,0.02877,0.48367,0.04464,0.02656,0.02423,0.03330,0.02888,0.04820,0.01071,0.09598,0.02855,0.02474
9.04533,3,0.21098,0.05513,0.01559,0.00485,0.40293,0.36299,0.00321,0.00327,0.00181,0.01545,0.00394,0.07493,0.00172,0.03037,0.00036,0.02346,0.05681,0.04175,0.02541,0.02946,0.50839,0.04350,0.02590,0.02401,0.03130,0.02990,0.04904,0.00891,0.07153,0.02990,0.02420
9.06667,3,0.27022,0.03823,0.01085,0.00373,0.32608,0.25271,0.00235,0.00227,0.00126,0.13583,0.00324,0.18396,0.00131,0.02117,0.00047,0.01652,0.05745,0.04154,0.02550,0.02962,0.51378,0.04325,0.02575,0.02396,0.03086,0.03012,0.04922,0.00851,0.06614,0.03019,0.02409
9.08800,8,0.37282,0.02639,0.00756,0.00286,0.23361,0.17442,0.00165,0.00157,0.00088,0.32794,0.00244,0.19263,0.00094,0.01499,0.00039,0.01176,0.04461,0.04218,0.02783,0.15264,0.40827,0.03489,0.02174,0.02370,0.02559,0.02554,0.07049,0.01099,0.06902,0.02403,0.01847
9.10933,8,0.42154,0.01821,0.00526,0.00204,0.16182,0.12035,0.00115,0.00108,0.00061,0.52583,0.00189,0.13495,0.00469,0.01306,0.00030,0.00878,0.01994,0.04364,0.03200,0.38024,0.20539,0.01977,0.01451,0.02327,0.01644,0.01673,0.10962,0.01614,0.08186,0.01222,0.00823
9.13067,8,0.46965,0.01257,0.00384,0.00146,0.11192,0.08305,0.00080,0.00075,0.00042,0.57680,0.00148,0.10248,0.08411,0.01352,0.00055,0.00623,0.01701,0.04585,0.02350,0.24043,0.09291,0.03837,0.00737,0.02332,0.26872,0.01340,0.10312,0.02118,0.06652,0.00982,0.02847
9.15200,8,0.47166,0.00868,0.00294,0.00102,0.07730,0.05733,0.00209,0.00054,0.00029,0.40818,0.00107,0.07897,0.29607,0.06027,0.00093,0.00433,0.01849,0.04714,0.01719,0.11442,0.04551,0.05302,0.00356,0.02341,0.43999,0.01240,0.09328,0.02386,0.05435,0.00986,0.04354
9.17333,11,0.47711,0.00600,0.00304,0.00072,0.05338,0.04032,0.00475,0.00041,0.00022,0.29346,0.00084,0.05694,0.45452,0.08136,0.00078,0.00328,0.01951,0.04767,0.01440,0.05645,0.02810,0.05958,0.00202,0.02345,0.51420,0.01210,0.08842,0.02493,0.04888,0.01006,0.05021
9.19467,8,0.47053,0.00417,0.04903,0.00055,0.03690,0.02811,0.07470,0.00029,0.00016,0.36902,0.00082,0.03981,0.32014,0.06675,0.00063,0.00893,0.01995,0.04787,0.01335,0.03432,0.02215,0.06206,0.00147,0.02347,0.54182,0.01201,0.08652,0.02532,0.04682,0.01017,0.05272
9.21600,8,0.46774,0.00290,0.05074,0.00064,0.02600,0.02083,0.10507,0.00021,0.00017,0.31469,0.00568,0.02756,0.22196,0.04881,0.00065,0.17410,0.01475,0.03372,0.01532,0.01829,0.03345,0.07581,0.01178,0.02678,0.32121,0.00909,0.04988,0.27757,0.07404,0.00788,0.03041
9.23733,14,0.45649,0.00235,0.05844,0.00137,0.01999,0.03650,0.10646,0.00029,0.00019,0.25854,0.01096,0.01927,0.15335,0.03478,0.00111,0.29640,0.01656,0.03838,0.01444,0.01843,0.02851,0.07189,0.00830,0.02571,0.39941,0.01002,0.06139,0.19536,0.06469,0.00866,0.03826
9.25867,14,0.43154,0.00253,0.06779,0.01110,0.02061,0.09781,0.14314,0.00180,0.00043,0.21466,0.01701,0.01354,0.10585,0.02444,0.00098,0.27831,0.01863,0.04382,0.01351,0.02078,0.02325,0.06705,0.00426,0.02444,0.48840,0.01113,0.07507,0.09898,0.05393,0.00955,0.04721
9.28000,14,0.39819,0.00419,0.10884,0.02664,0.02301,0.11177,0.17496,0.00255,0.00086,0.15679,0.02043,0.00949,0.07305,0.01701,0.00073,0.26967,0.01108,0.04787,0.00856,0.03140,0.01544,0.04179,0.01655,0.01512,0.30139,0.02704,0.06816,0.05501,0.05011,0.01659,0.29388
9.30133,14,0.44190,0.00297,0.08951,0.02088,0.01648,0.07781,0.12340,0.00179,0.00061,0.11312,0.02154,0.00672,0.05044,0.01183,0.00055,0.46235,0.00571,0.04986,0.00535,0.03821,0.01090,0.02542,0.02538,0.00901,0.16324,0.03761,0.06164,0.03856,0.04901,0.02121,0.45887
9.32267,14,0.55792,0.00207,0.06710,0.01967,0.01145,0.05378,0.08586,0.00132,0.00048,0.08151,0.15309,0.00786,0.04005,0.00852,0.00132,0.46591,0.00427,0.05034,0.00451,0.04001,0.00973,0.02111,0.02777,0.00739,0.12574,0.04042,0.05979,0.03496,0.04881,0.02243,0.50273
9.34400,9,0.63663,0.00143,0.04736,0.01488,0.00792,0.03713,0.05927,0.00092,0.00034,0.05654,0.36315,0.02998,0.04964,0.00625,0.00098,0.32423,0.00281,0.05081,0.00366,0.04180,0.00858,0.01679,0.03017,0.00577,0.08781,0.04323,0.05789,0.03168,0.04864,0.02366,0.54669
9.36533,9,0.65845,0.00099,0.03276,0.01041,0.00549,0.02566,0.04095,0.00065,0.00024,0.03912,0.32969,0.08461,0.19974,0.00474,0.00089,0.22407,0.00229,0.05097,0.00336,0.04244,0.00817,0.01526,0.03103,0.00520,0.07422,0.04423,0.05720,0.03062,0.04859,0.02409,0.56233
9.38667,11,0.65785,0.00069,0.02263,0.00722,0.00385,0.01777,0.02832,0.00045,0.00017,0.02722,0.24056,0.09496,0.39716,0.00342,0.00095,0.15464,0.00808,0.03472,0.00558,0.02743,0.01903,0.02637,0.02337,0.00313,0.04010,0.33572,0.04958,0.03272,0.05965,0.02492,0.30961
9.40800,11,0.65244,0.00048,0.01570,0.00500,0.00279,0.01315,0.01965,0.00035,0.00012,0.01954,0.16931,0.11033,0.53333,0.00269,0.00080,0.10676,0.01204,0.02375,0.00710,0.01724,0.02640,0.03403,0.01811,0.00181,0.01871,0.53199,0.04453,0.03425,0.06710,0.02542,0.13752
9.42933,11,0.62963,0.00039,0.03292,0.01206,0.00313,0.05522,0.01450,0.00078,0.00015,0.01657,0.11958,0.08462,0.57963,0.00200,0.00068,0.07778,0.01096,0.01965,0.01229,0.01040,0.03717,0.06157,0.02005,0.01515,0.03848,0.30744,0.02724,0.28244,0.08587,0.01602,0.05525
9.45067,11,0.59834,0.00042,0.07255,0.10976,0.00355,0.10289,0.01098,0.00117,0.00022,0.01855,0.10226,0.06884,0.41454,0.00157,0.00106,0.09164,0.00972,0.01831,0.01559,0.00712,0.04347,0.07913,0.02206,0.02430,0.05457,0.13052,0.01625,0.44948,0.09754,0.00962,0.02232
9.47200,4,0.53461,0.00045,0.05433,0.08109,0.00610,0.34802,0.00869,0.00392,0.00027,0.01496,0.07322,0.05226,0.29078,0.00164,0.00094,0.06334,0.00912,0.01789,0.01700,0.00585,0.04609,0.08661,0.02299,0.02828,0.06183,0.05122,0.01156,0.52169,0.10249,0.00684,0.01052
9.49333,4,0.51986,0.00031,0.03754,0.05605,0.00467,0.53146,0.00748,0.00297,0.00019,0.01046,0.05994,0.04166,0.20106,0.00177,0.00071,0.04372,0.00889,0.01776,0.01752,0.00540,0.04705,0.08938,0.02336,0.02976,0.06458,0.02126,0.00984,0.54855,0.10431,0.00581,0.00655
9.51467,4,0.50236,0.00022,0.02602,0.03869,0.00326,0.37017,0.00530,0.00207,0.00013,0.00732,0.34027,0.03516,0.13909,0.00161,0.00053,0.03017,0.03209,0.02880,0.02138,0.01683,0.26978,0.06784,0.02443,0.02716,0.04875,0.02241,0.02827,0.29744,0.08317,0.01734,0.01431
9.53600,9,0.47817,0.00015,0.01796,0.02670,0.00227,0.25553,0.00369,0.00143,0.00009,0.00508,0.54248,0.02603,0.09602,0.00135,0.00039,0.02082,0.04774,0.03626,0.02393,0.02458,0.41974,0.05300,0.02510,0.02524,0.03776,0.02676,0.04090,0.12504,0.06871,0.02524,0.02000
9.55733,9,0.43745,0.00011,0.01240,0.01843,0.00159,0.17661,0.00257,0.00100,0.00009,0.00353,0.68278,0.01858,0.06628,0.00134,0.00032,0.01437,0.05451,0.03948,0.02502,0.02794,0.48458,0.04654,0.02539,0.02438,0.03297,0.02903,0.04639,0.05014,0.06243,0.02866,0.02251
9.57867,9,0.37549,0.00019,0.00860,0.01281,0.00114,0.12384,0.00267,0.00070,0.00019,0.00258,0.77311,0.01554,0.04584,0.00241,0.00044,0.00994,0.03656,0.02896,0.01721,0.02004,0.27871,0.04241,0.02032,0.01327,0.01913,0.32779,0.04452,0.03506,0.06631,0.02767,0.02204
9.60000,9,0.31081,0.00585,0.00602,0.00886,0.00081,0.08845,0.00705,0.00052,0.00038,0.00181,0.82804,0.01115,0.03169,0.00211,0.00039,0.00687,0.02896,0.02456,0.01403,0.01667,0.19246,0.04120,0.01829,0.00891,0.01394,0.44650,0.04341,0.03407,0.06828,0.02704,0.02168
9.62133,9,0.25542,0.04959,0.00457,0.00612,0.00059,0.06603,0.00779,0.00042,0.00037,0.00126,0.82568,0.00840,0.02223,0.00181,0.00038,0.00476,0.02014,0.01946,0.01037,0.01275,0.09252,0.03993,0.01595,0.00394,0.00809,0.58232,0.04203,0.03437,0.07064,0.02626,0.02123
9.64267,9,0.21810,0.11746,0.00465,0.00434,0.00072,0.05350,0.01768,0.00107,0.00078,0.00118,0.75652,0.00886,0.02324,0.00565,0.00090,0.00343,0.01662,0.01743,0.00891,0.01118,0.05267,0.03947,0.01503,0.00197,0.00580,0.63599,0.04146,0.03489,0.07161,0.02593,0.02103
9.66400,9,0.18545,0.10061,0.00475,0.00345,0.00078,0.03736,0.01327,0.00115,0.00078,0.00159,0.78365,0.00814,0.03146,0.00978,0.00073,0.00250,0.01535,0.01670,0.00839,0.01062,0.03842,0.03931,0.01470,0.00128,0.00500,0.65509,0.04125,0.03515,0.07196,0.02581,0.02096
9.68533,9,0.16334,0.08722,0.00396,0.00307,0.00067,0.02670,0.01118,0.00113,0.00066,0.00202,0.80847,0.00737,0.03238,0.01244,0.00081,0.00192,0.01493,0.01646,0.00822,0.01043,0.03363,0.03926,0.01459,0.00104,0.00473,0.66149,0.04118,0.03525,0.07208,0.02577,0.02094
9.70667,9,0.14702,0.12330,0.00309,0.00281,0.00058,0.02136,0.01100,0.00170,0.00081,0.00398,0.78106,0.00699,0.02781,0.01130,0.00215,0.00207,0.01479,0.01638,0.00816,0.01037,0.03208,0.03924,0.01455,0.00097,0.00464,0.66356,0.04115,0.03529,0.07212,0.02576,0.02093
9.72800,9,0.13760,0.24031,0.00280,0.00364,0.00205,0.01699,0.04115,0.00438,0.00268,0.00562,0.61139,0.00595,0.04386,0.01258,0.00221,0.00438,0.01475,0.01635,0.00815,0.01035,0.03159,0.03924,0.01454,0.00094,0.00461,0.66421,0.04115,0.03530,0.07213,0.02575,0.02093
9.74933,9,0.13306,0.32882,0.00246,0.00466,0.00355,0.01501,0.06216,0.00707,0.00392,0.00519,0.47621,0.00509,0.06085,0.01614,0.00185,0.00703,0.01474,0.01635,0.00814,0.01035,0.03144,0.03924,0.01453,0.00094,0.00460,0.66441,0.04114,0.03531,0.07214,0.02575,0.02092
9.77067,9,0.13864,0.33550,0.00281,0.00677,0.00688,0.01473,0.10205,0.00746,0.00467,0.00468,0.33603,0.00532,0.13873,0.02322,0.00189,0.00925,0.01473,0.01634,0.00814,0.01035,0.03140,0.03924,0.01453,0.00093,0.00460,0.66447,0.04114,0.03531,0.07214,0.02575,0.02092
9.79200,0,0.13790,0.32717,0.00454,0.00891,0.01046,0.01448,0.09457,0.01055,0.00627,0.00445,0.23317,0.00656,0.22394,0.04129,0.00194,0.01168,0.01473,0.01634,0.00814,0.01034,0.03138,0.03923,0.01453,0.00093,0.00460,0.66449,0.04114,0.03531,0.07214,0.02575,0.02092
9.81333,0,0.13608,0.31070,0.00597,0.00967,0.01363,0.01446,0.09080,0.01029,0.00621,0.00470,0.16151,0.00738,0.28468,0.06445,0.00190,0.01365,0.01473,0.01634,0.00814,0.01034,0.03138,0.03923,0.01453,0.00093,0.00460,0.66450,0.04114,0.03531,0.07214,0.02575,0.02092
9.83467,0,0.13438,0.31156,0.00762,0.00979,0.01717,0.01501,0.09607,0.01138,0.00675,0.00539,0.11251,0.00859,0.29961,0.07632,0.00227,0.01998,0.01473,0.01634,0.00814,0.01034,0.03138,0.03923,0.01453,0.00093,0.00460,0.66450,0.04114,0.03531,0.07214,0.02575,0.02092
9.85600,0,0.13049,0.34736,0.00933,0.00960,0.01992,0.01521,0.10105,0.01359,0.00807,0.00599,0.07856,0.00913,0.27320,0.08357,0.00244,0.02300,0.01473,0.01634,0.00814,0.01034,0.03138,0.03923,0.01453,0.00093,0.00460,0.66450,0.04114,0.03531,0.07214,0.02575,0.02092
9.87733,0,0.12754,0.43992,0.00912,0.00857,0.01898,0.01303,0.09470,0.01332,0.00768,0.00538,0.05507,0.00832,0.22791,0.07303,0.00254,0.02245,0.01473,0.01634,0.00814,0.01034,0.03138,0.03923,0.01453,0.00093,0.00460,0.66450,0.04114,0.03531,0.07214,0.02575,0.02092
9.89867,0,0.12412,1.00000,0.00000,0.00000,0.00000,0.00000,0.00000,0.00000,0.00000,0.00000,0.00000,0.00000,0.00000,0.00000,0.00000,0.00000,0.01473,0.01634,0.00814,0.01034,0.03138,0.03923,0.01453,0.00093,0.00460,0.66450,0.04114,0.03531,0.07214,0.02575,0.02092
9.92000,0,0.11399,1.00000,0.00000,0.00000,0.00000,0.00000,0.00000,0.00000,0.00000,0.00000,0.00000,0.00000,0.00000,0.00000,0.00000,0.00000,0.01473,0.01634,0.00814,0.01034,0.03138,0.03923,0.01453,0.00093,0.00460,0.66450,0.04114,0.03531,0.07214,0.02575,0.02092
9.94133,0,0.10126,1.00000,0.00000,0.00000,0.00000,0.00000,0.00000,0.00000,0.00000,0.00000,0.00000,0.00000,0.00000,0.00000,0.00000,0.00000,0.02933,0.01623,0.00804,0.01048,0.03089,0.03888,0.01439,0.00103,0.00452,0.65322,0.04046,0.03530,0.07124,0.02532,0.02067
9.96267,0,0.08550,0.38485,0.06513,0.01896,0.11468,0.01536,0.09780,0.02210,0.02318,0.01088,0.01572,0.00806,0.12631,0.05477,0.00204,0.04017,0.18508,0.01507,0.00694,0.01196,0.02562,0.03512,0.01282,0.00202,0.00369,0.53294,0.03321,0.03519,0.06168,0.02065,0.01801
9.98400,0,0.07092,0.28541,0.09308,0.02421,0.19049,0.02169,0.09393,0.03147,0.04439,0.01585,0.01159,0.00733,0.10056,0.04279,0.00153,0.03569,0.45149,0.01307,0.00507,0.01449,0.01661,0.02869,0.01013,0.00372,0.00226,0.32718,0.02082,0.03500,0.04532,0.01268,0.01346
10.00533,3,0.06218,0.21007,0.07709,0.04829,0.28269,0.02010,0.08128,0.02547,0.06534,0.01481,0.00855,0.00964,0.09136,0.03241,0.00134,0.03156,0.67929,0.01137,0.00348,0.01665,0.00891,0.02318,0.00784,0.00518,0.00105,0.15124,0.01021,0.03484,0.03133,0.00586,0.00957
10.02667,3,0.09245,0.16984,0.09729,0.05504,0.33251,0.02562,0.06451,0.01945,0.05588,0.02025,0.00844,0.01096,0.07530,0.02425,0.00148,0.03919,0.80002,0.01047,0.00263,0.01779,0.00483,0.02027,0.00662,0.00595,0.00040,0.05800,0.00460,0.03476,0.02392,0.00225,0.00750
10.04800,3,0.33062,0.11769,0.06961,0.03824,0.52726,0.01798,0.04475,0.01342,0.03861,0.01413,0.00593,0.01503,0.05216,0.01680,0.00105,0.02733,0.43771,0.02651,0.01790,0.27428,0.02158,0.01400,0.00747,0.01401,0.00442,0.02483,0.06810,0.02797,0.05542,0.00204,0.00375
10.06933,3,0.58348,0.08121,0.04806,0.02641,0.58452,0.01254,0.03090,0.00926,0.02664,0.00975,0.00983,0.08870,0.03725,0.01519,0.00076,0.01898,0.17831,0.03744,0.02830,0.44693,0.03339,0.01015,0.00819,0.01935,0.00722,0.01431,0.11159,0.02340,0.07759,0.00236,0.00148
10.09067,3,0.56721,0.05603,0.03316,0.01836,0.40469,0.00866,0.02132,0.00639,0.01838,0.00673,0.06563,0.30606,0.02609,0.01478,0.00058,0.01315,0.06445,0.04217,0.03281,0.52160,0.03855,0.00852,0.00852,0.02165,0.00843,0.01104,0.13048,0.02143,0.08728,0.00255,0.00053
10.11200,10,0.50592,0.03867,0.02289,0.06965,0.27924,0.00598,0.01475,0.00441,0.01270,0.00464,0.04713,0.45775,0.01801,0.01468,0.00040,0.00908,0.02182,0.04394,0.03449,0.54936,0.04048,0.00793,0.00865,0.02250,0.00889,0.01004,0.13752,0.02070,0.09090,0.00263,0.00018
10.13333,2,0.44687,0.02670,0.01580,0.34598,0.19268,0.00413,0.01019,0.00304,0.00876,0.00320,0.03332,0.32603,0.01244,0.01116,0.00028,0.00627,0.01249,0.04432,0.03486,0.55542,0.04090,0.00780,0.00868,0.02269,0.00898,0.00985,0.13906,0.02054,0.09169,0.00264,0.00010
10.15467,2,0.40150,0.01842,0.01092,0.54830,0.13295,0.00285,0.00705,0.00210,0.00605,0.00221,0.02334,0.22497,0.00859,0.00771,0.00019,0.00433,0.00400,0.04140,0.03210,0.43119,0.03961,0.01193,0.01763,0.02404,0.02811,0.01233,0.24440,0.02662,0.07504,0.01067,0.00096
10.17600,2,0.53069,0.01271,0.00755,0.42769,0.09174,0.00197,0.00500,0.00145,0.00418,0.00164,0.25609,0.16097,0.00685,0.01501,0.00292,0.00422,0.00272,0.02887,0.16504,0.21966,0.03853,0.01856,0.02345,0.02035,0.04887,0.02655,0.31168,0.03318,0.04311,0.01688,0.00254
10.19733,9,0.67226,0.00877,0.00523,0.29806,0.06330,0.00136,0.00367,0.00100,0.00289,0.00118,0.42424,0.11766,0.00970,0.04923,0.00984,0.00388,0.00459,0.01370,0.41883,0.14966,0.04056,0.02028,0.01186,0.01050,0.03965,0.04633,0.17559,0.02985,0.02707,0.00835,0.00318
10.21867,9,0.71171,0.00605,0.00362,0.20578,0.04368,0.00094,0.00264,0.00070,0.00199,0.00083,0.57155,0.08521,0.01564,0.05089,0.00709,0.00340,0.00570,0.00641,0.54643,0.12727,0.04173,0.02072,0.00517,0.00543,0.03315,0.05600,0.09702,0.02756,0.02073,0.00328,0.00341
10.24000,9,0.70353,0.00418,0.00254,0.14205,0.03015,0.00073,0.00281,0.00049,0.00138,0.00116,0.65385,0.06060,0.01937,0.06963,0.00500,0.00607,0.01007,0.01027,0.30773,0.07008,0.03700,0.02946,0.00881,0.00275,0.01898,0.34291,0.06188,0.03094,0.04420,0.01326,0.01166
10.26133,9,0.67565,0.00290,0.00178,0.09811,0.02120,0.00083,0.00465,0.00042,0.00148,0.00178,0.72121,0.04378,0.01877,0.07434,0.00397,0.00477,0.01287,0.01379,0.13085,0.03411,0.03366,0.03530,0.01212,0.00159,0.01029,0.53502,0.04827,0.03351,0.06078,0.02064,0.01719
10.28267,9,0.63777,0.00214,0.00152,0.06786,0.01542,0.00182,0.00664,0.00070,0.01051,0.00257,0.57124,0.03318,0.03409,0.23837,0.00348,0.01047,0.01406,0.01540,0.05261,0.01883,0.03220,0.03782,0.01365,0.00115,0.00663,0.61797,0.04348,0.03465,0.06804,0.02390,0.01958
10.30400,9,0.58153,0.00149,0.00105,0.04685,0.01120,0.00138,0.00460,0.00087,0.15474,0.00187,0.39474,0.02381,0.02950,0.28189,0.00248,0.04354,0.01451,0.01602,0.02322,0.01320,0.03166,0.03876,0.01423,0.00101,0.00528,0.64880,0.04189,0.03509,0.07075,0.02512,0.02047
10.32533,7,0.50302,0.00106,0.00073,0.03236,0.00840,0.00134,0.00319,0.00069,0.33682,0.00132,0.27239,0.01707,0.02070,0.27105,0.00171,0.03118,0.01466,0.01624,0.01305,0.01127,0.03147,0.03908,0.01443,0.00096,0.00482,0.65941,0.04137,0.03524,0.07169,0.02555,0.02078
10.34667,7,0.44079,0.00077,0.00051,0.02235,0.00588,0.00211,0.00243,0.00074,0.53801,0.00092,0.18796,0.01186,0.01430,0.18932,0.00118,0.02167,0.01471,0.01631,0.00969,0.01063,0.03141,0.03919,0.01450,0.00094,0.00467,0.66289,0.04121,0.03528,0.07199,0.02569,0.02088
10.36800,7,0.39113,0.00080,0.00036,0.01544,0.00489,0.00644,0.00226,0.00073,0.67347,0.00075,0.12971,0.00843,0.00988,0.13092,0.00082,0.01509,0.01856,0.00866,0.01171,0.01680,0.04250,0.04163,0.00956,0.30143,0.00605,0.35371,0.05621,0.03371,0.05825,0.02830,0.01291
10.38933,7,0.34654,0.00115,0.00026,0.01069,0.00526,0.03376,0.00189,0.00085,0.74139,0.00065,0.08951,0.00623,0.00683,0.09052,0.00057,0.01044,0.02009,0.00561,0.01273,0.01930,0.04692,0.04260,0.00759,0.42099,0.00661,0.23047,0.06218,0.03308,0.05276,0.02933,0.00974
10.41067,7,0.30464,0.00584,0.00025,0.00751,0.00967,0.13554,0.00177,0.00164,0.69528,0.00086,0.06177,0.00491,0.00477,0.06256,0.00040,0.00722,0.02184,0.00211,0.01395,0.02216,0.05198,0.04371,0.00534,0.55783,0.00726,0.08936,0.06902,0.03235,0.04647,0.03050,0.00610
10.43200,7,0.27963,0.00807,0.00053,0.00546,0.01638,0.26097,0.00338,0.00162,0.58869,0.01486,0.04263,0.00482,0.00362,0.04363,0.00031,0.00504,0.02254,0.00073,0.01445,0.02330,0.05398,0.04414,0.00445,0.61191,0.00751,0.03357,0.07173,0.03207,0.04399,0.03096,0.00467
10.45333,7,0.25522,0.05638,0.00050,0.00391,0.02912,0.25071,0.00333,0.00125,0.50520,0.01300,0.02948,0.01900,0.03146,0.05240,0.00072,0.00355,0.02278,0.00024,0.01463,0.02371,0.05469,0.04430,0.00413,0.63116,0.00761,0.01371,0.07269,0.03196,0.04310,0.03113,0.00416
10.47467,7,0.21644,0.17873,0.00093,0.00353,0.02068,0.18317,0.00244,0.00120,0.38495,0.01005,0.02195,0.07729,0.04384,0.04120,0.02751,0.00253,0.02286,0.00008,0.01469,0.02384,0.05493,0.04435,0.00402,0.63762,0.00764,0.00705,0.07301,0.03193,0.04280,0.03118,0.00398
10.49600,11,0.29364,0.12337,0.00087,0.00249,0.01428,0.12696,0.00177,0.00084,0.26562,0.00700,0.01517,0.06622,0.28919,0.06542,0.01904,0.00175,0.02289,0.00002,0.01471,0.02389,0.05501,0.04437,0.00399,0.63970,0.00765,0.00490,0.07312,0.03192,0.04271,0.03120,0.00393
10.51733,11,0.48218,0.08513,0.00066,0.00176,0.00988,0.08772,0.00128,0.00060,0.18329,0.00497,0.01049,0.05043,0.43219,0.11723,0.01316,0.00121,0.02290,0.00001,0.01472,0.02390,0.05503,0.04437,0.00398,0.64036,0.00765,0.00422,0.07315,0.03192,0.04268,0.03121,0.00391
10.53867,11,0.50202,0.05874,0.00048,0.00129,0.00682,0.06084,0.00238,0.00043,0.12647,0.02069,0.00730,0.03822,0.46959,0.19681,0.00909,0.00085,0.01626,0.00832,0.01616,0.01511,0.05151,0.06617,0.01317,0.35395,0.03506,0.00490,0.04300,0.28103,0.07206,0.01903,0.00427
10.56000,11,0.46700,0.04058,0.00052,0.00414,0.00483,0.07213,0.15467,0.00890,0.08792,0.02636,0.00510,0.03954,0.37315,0.17528,0.00628,0.00060,0.01179,0.01392,0.01713,0.00918,0.04913,0.08086,0.01936,0.16090,0.05353,0.00544,0.02268,0.44888,0.09186,0.01083,0.00451
10.58133,4,0.45570,0.02805,0.00040,0.00429,0.00338,0.28685,0.14115,0.01174,0.06117,0.04276,0.00353,0.02764,0.26192,0.12237,0.00433,0.00042,0.00986,0.01634,0.01755,0.00662,0.04810,0.08721,0.02204,0.07740,0.06152,0.00568,0.01389,0.52148,0.10042,0.00728,0.00462
10.60267,4,0.51795,0.01941,0.00029,0.00309,0.00258,0.42830,0.12517,0.00815,0.04222,0.03278,0.00257,0.02670,0.18434,0.12078,0.00305,0.00057,0.00914,0.01724,0.01770,0.00567,0.04772,0.08958,0.02304,0.04634,0.06449,0.00577,0.01062,0.54847,0.10360,0.00596,0.00466
10.62400,12,0.53722,0.01340,0.00020,0.00226,0.00180,0.29596,0.08649,0.00563,0.02913,0.02289,0.00183,0.03831,0.15332,0.34487,0.00212,0.00179,0.03217,0.02864,0.02144,0.01692,0.27001,0.06790,0.02432,0.03254,0.04873,0.01736,0.02853,0.29740,0.08294,0.01739,0.01372
10.64533,12,0.51683,0.00925,0.00031,0.00391,0.00138,0.21867,0.06012,0.00439,0.02097,0.03041,0.00260,0.03798,0.10832,0.49182,0.00149,0.00838,0.04777,0.03620,0.02395,0.02461,0.41981,0.05302,0.02507,0.02693,0.03775,0.02516,0.04099,0.12503,0.06864,0.02525,0.01982
10.66667,12,0.47326,0.00638,0.00022,0.00710,0.00100,0.15291,0.04152,0.19619,0.09931,0.02102,0.00231,0.02741,0.07520,0.36098,0.00103,0.00741,0.03850,0.02979,0.02189,0.02277,0.34809,0.05539,0.02936,0.02689,0.04401,0.02150,0.03946,0.08791,0.19064,0.02031,0.02348
10.68800,6,0.43853,0.00440,0.00015,0.00493,0.00069,0.10555,0.02866,0.44357,0.07014,0.01451,0.00160,0.01892,0.05190,0.24916,0.00071,0.00512,0.01781,0.01620,0.01752,0.01763,0.18137,0.06315,0.03714,0.02799,0.05808,0.01294,0.03382,0.05821,0.41989,0.00938,0.02887
10.70933,6,0.40978,0.00304,0.00010,0.00340,0.00048,0.07286,0.01978,0.61567,0.04874,0.01001,0.00110,0.01306,0.03581,0.17192,0.00049,0.00353,0.00682,0.00909,0.01523,0.01475,0.09189,0.06763,0.04102,0.02874,0.06557,0.00835,0.03050,0.05003,0.53544,0.00359,0.03134
10.73067,6,0.37987,0.00210,0.00007,0.00235,0.00033,0.05029,0.01367,0.73455,0.03380,0.00691,0.00076,0.00901,0.02471,0.11867,0.00034,0.00244,0.00239,0.00403,0.01126,0.00763,0.05079,0.04413,0.34947,0.03024,0.05056,0.02317,0.04541,0.02685,0.30530,0.00731,0.04146
10.75200,6,0.35430,0.00145,0.00005,0.00173,0.00024,0.03475,0.00954,0.81620,0.02344,0.00477,0.00053,0.00623,0.01705,0.08211,0.00023,0.00169,0.00079,0.00151,0.00888,0.00320,0.03445,0.02772,0.55681,0.03115,0.03949,0.03374,0.05588,0.01213,0.13571,0.01055,0.04797
10.77333,6,0.32652,0.00100,0.00004,0.00171,0.00017,0.02414,0.00666,0.87211,0.01626,0.00329,0.00040,0.00431,0.01177,0.05678,0.00016,0.00120,0.00025,0.00052,0.00788,0.00133,0.02861,0.02057,0.64644,0.03153,0.03461,0.03838,0.06046,0.00586,0.06078,0.01203,0.05076
10.79467,6,0.33052,0.00070,0.00087,0.00140,0.00013,0.01677,0.00496,0.82254,0.01131,0.00240,0.00382,0.03009,0.00837,0.04519,0.00124,0.05020,0.00008,0.00017,0.00751,0.00064,0.02665,0.01789,0.67976,0.03167,0.03277,0.04011,0.06217,0.00355,0.03265,0.01260,0.05179
10.81600,6,0.38784,0.00049,0.00103,0.00098,0.00009,0.01161,0.00360,0.59111,0.00783,0.00764,0.00449,0.14277,0.00600,0.03595,0.00300,0.18343,0.00002,0.00006,0.00738,0.00040,0.02602,0.01697,0.69123,0.03172,0.03213,0.04071,0.06276,0.00275,0.02291,0.01279,0.05214
10.83733,6,0.40116,0.00035,0.00147,0.00069,0.00008,0.00802,0.00256,0.40825,0.00541,0.17970,0.00550,0.22320,0.00454,0.02794,0.00237,0.12994,0.00001,0.00002,0.00734,0.00032,0.02582,0.01667,0.69500,0.03173,0.03193,0.04091,0.06295,0.00249,0.01970,0.01286,0.05225
10.85867,8,0.41091,0.00025,0.00137,0.00051,0.00009,0.00554,0.00188,0.28171,0.00376,0.41442,0.00464,0.17034,0.00319,0.01939,0.00191,0.09101,0.00000,0.00001,0.00733,0.00030,0.02575,0.01657,0.69620,0.03174,0.03186,0.04097,0.06301,0.00241,0.01868,0.01288,0.05229
10.88000,8,0.40947,0.00025,0.00137,0.00044,0.00017,0.00410,0.00141,0.19439,0.00265,0.56569,0.00838,0.12069,0.00226,0.01349,0.00198,0.08275,0.00000,0.00000,0.00733,0.00029,0.02574,0.01654,0.69657,0.03174,0.03184,0.04099,0.06303,0.00238,0.01836,0.01289,0.05230
10.90133,8,0.42962,0.00049,0.00188,0.00052,0.00038,0.00394,0.00223,0.13416,0.00216,0.53643,0.00712,0.14222,0.00221,0.01165,0.00731,0.14730,0.00949,0.02253,0.00990,0.01087,0.02271,0.03852,0.36996,0.02786,0.27801,0.02736,0.07359,0.01325,0.03120,0.01164,0.05310
10.92267,8,0.42852,0.00038,0.00131,0.00038,0.00029,0.00279,0.00256,0.09258,0.00189,0.45364,0.00571,0.28351,0.00243,0.02743,0.00741,0.11768,0.01326,0.03150,0.01093,0.01508,0.02151,0.04727,0.23998,0.02632,0.37596,0.02193,0.07780,0.01757,0.03632,0.01114,0.05342
10.94400,8,0.39174,0.00027,0.00091,0.00066,0.00537,0.00198,0.00177,0.06400,0.28348,0.32314,0.00397,0.20656,0.00169,0.01942,0.00524,0.08154,0.01758,0.04176,0.01210,0.01990,0.02014,0.05728,0.09123,0.02455,0.48806,0.01573,0.08260,0.02252,0.04220,0.01057,0.05378
10.96533,7,0.35278,0.00019,0.00063,0.00049,0.00778,0.00148,0.00130,0.04429,0.50043,0.22334,0.00276,0.14283,0.00117,0.01340,0.00362,0.05628,0.01929,0.04581,0.01256,0.02181,0.01959,0.06124,0.03244,0.02385,0.53236,0.01327,0.08450,0.02447,0.04452,0.01035,0.05393
10.98667,7,0.30266,0.00020,0.00059,0.00255,0.00701,0.07330,0.00128,0.03768,0.57063,0.15474,0.00191,0.09861,0.00081,0.00925,0.00251,0.03891,0.01990,0.04725,0.01273,0.02249,0.01940,0.06264,0.01151,0.02360,0.54813,0.01240,0.08518,0.02517,0.04535,0.01027,0.05398
11.00800,7,0.25567,0.00016,0.00718,0.00777,0.00505,0.33958,0.00107,0.02828,0.39851,0.10746,0.00133,0.06805,0.00056,0.00639,0.00174,0.02687,0.02137,0.02521,0.01368,0.02322,0.03612,0.05421,0.00580,0.31345,0.29587,0.00833,0.07961,0.02841,0.04417,0.02010,0.03046
11.02933,4,0.22663,0.00017,0.02137,0.02817,0.00441,0.49954,0.00118,0.01981,0.27556,0.07551,0.00235,0.04701,0.00039,0.00442,0.00120,0.01891,0.02230,0.01018,0.01430,0.02364,0.04741,0.04836,0.00441,0.50875,0.12406,0.00569,0.07577,0.03051,0.04328,0.02673,0.01461
11.05067,4,0.20764,0.00048,0.04726,0.13172,0.00318,0.36243,0.00346,0.01373,0.19023,0.05296,0.13251,0.03528,0.00038,0.00340,0.00347,0.01950,0.02269,0.00366,0.01457,0.02381,0.05230,0.04581,0.00408,0.59322,0.04954,0.00456,0.07410,0.03141,0.04289,0.02960,0.00775
11.07200,4,0.37883,0.00049,0.03687,0.18386,0.00255,0.25382,0.00701,0.00958,0.13135,0.03842,0.20809,0.03958,0.00059,0.00452,0.05207,0.03122,0.03947,0.02064,0.01980,0.02666,0.27300,0.04417,0.01413,0.33491,0.03243,0.01659,0.06235,0.02050,0.05037,0.03038,0.01461
11.09333,13,0.48418,0.00034,0.02638,0.13287,0.00194,0.17516,0.00521,0.00661,0.09065,0.02960,0.14689,0.04325,0.00346,0.01241,0.29445,0.03078,0.05072,0.03287,0.02329,0.02855,0.42110,0.04338,0.02094,0.15052,0.03003,0.02483,0.05464,0.01304,0.05546,0.03055,0.02008
11.11467,13,0.46344,0.00024,0.02644,0.09656,0.00226,0.12097,0.00423,0.00456,0.06270,0.04836,0.10568,0.08521,0.00284,0.00911,0.40649,0.02433,0.05559,0.03825,0.02479,0.02937,0.48508,0.04307,0.02389,0.06965,0.02998,0.02841,0.05133,0.00980,0.05766,0.03058,0.02253
11.13600,13,0.43365,0.00020,0.23223,0.07663,0.03968,0.08453,0.00391,0.00316,0.04333,0.05135,0.07297,0.06440,0.00204,0.00633,0.30181,0.01743,0.04438,0.03485,0.01794,0.01599,0.27741,0.04224,0.01536,0.02816,0.05321,0.04969,0.06968,0.00485,0.04340,0.28069,0.02216
11.15733,3,0.45243,0.00014,0.19922,0.05413,0.25137,0.05949,0.00505,0.00219,0.02995,0.06984,0.05041,0.04930,0.00144,0.00566,0.20888,0.01294,0.03624,0.03191,0.01314,0.00687,0.12965,0.04171,0.00925,0.01014,0.06884,0.06358,0.08245,0.00191,0.03352,0.44919,0.02161
11.17867,3,0.49873,0.00010,0.14091,0.03830,0.32709,0.04275,0.02266,0.00152,0.02068,0.07783,0.04006,0.09814,0.00176,0.03341,0.14434,0.01044,0.03265,0.03056,0.01104,0.00291,0.06490,0.04149,0.00657,0.00343,0.07559,0.06954,0.08802,0.00068,0.02922,0.52207,0.02134
11.20000,3,0.50691,0.00008,0.09751,0.02712,0.23159,0.02963,0.01599,0.00105,0.01427,0.07636,0.03522,0.10870,0.03460,0.22050,0.09966,0.00771,0.02476,0.03371,0.01642,0.13157,0.05275,0.03367,0.00678,0.00724,0.06099,0.05637,0.10082,0.00507,0.04340,0.41006,0.01640
11.22133,12,0.46805,0.00007,0.06728,0.01892,0.15996,0.02091,0.01179,0.08302,0.08371,0.05273,0.02655,0.08912,0.04068,0.27074,0.06895,0.00555,0.01091,0.03982,0.02682,0.37070,0.04403,0.01923,0.00775,0.01569,0.03251,0.03069,0.12335,0.01347,0.07057,0.18715,0.00730
11.24267,6,0.41698,0.00005,0.04643,0.01307,0.11038,0.01446,0.00815,0.35079,0.07285,0.03638,0.01845,0.06184,0.02826,0.18747,0.04758,0.00384,0.00409,0.04294,0.03212,0.49078,0.04203,0.01200,0.00833,0.02016,0.01798,0.01760,0.13445,0.01773,0.08436,0.07268,0.00275
11.26400,6,0.38000,0.00003,0.03203,0.00902,0.07616,0.01012,0.00572,0.54969,0.05208,0.02511,0.01273,0.04269,0.01950,0.12963,0.03283,0.00265,0.00141,0.02532,0.02411,0.27963,0.03908,0.03868,0.02485,0.02493,0.04090,0.01045,0.08584,0.03192,0.33071,0.02580,0.01635
11.28533,6,0.34739,0.00002,0.02210,0.00624,0.05256,0.00713,0.00410,0.68828,0.03621,0.01734,0.00879,0.02948,0.01346,0.08981,0.02265,0.00183,0.00047,0.01085,0.01500,0.11633,0.03241,0.03221,0.34285,0.02875,0.04014,0.02397,0.06799,0.02001,0.21907,0.01469,0.03526
11.30667,6,0.30439,0.00002,0.01529,0.00432,0.03627,0.00495,0.00571,0.76257,0.02503,0.01208,0.00607,0.03663,0.00944,0.06294,0.01563,0.00307,0.00015,0.00402,0.01025,0.04263,0.02837,0.02339,0.55441,0.03062,0.03566,0.03402,0.06405,0.00976,0.10403,0.01292,0.04571
11.32800,6,0.32877,0.00005,0.01057,0.00298,0.02503,0.00343,0.00479,0.59355,0.01728,0.00872,0.00420,0.24806,0.00707,0.05500,0.01079,0.00849,0.00005,0.00138,0.00834,0.01471,0.02667,0.01909,0.64562,0.03135,0.03330,0.03847,0.06323,0.00508,0.04995,0.01278,0.04999
11.34933,10,0.37066,0.00003,0.00730,0.00206,0.01727,0.00239,0.00331,0.41073,0.01193,0.01888,0.00290,0.45452,0.00556,0.04940,0.00745,0.00626,0.00001,0.00045,0.00766,0.00499,0.02604,0.01741,0.67950,0.03161,0.03234,0.04014,0.06307,0.00330,0.02911,0.01283,0.05154
11.37067,10,0.36962,0.00002,0.00505,0.00142,0.01192,0.00169,0.00232,0.28345,0.00823,0.22343,0.00203,0.40862,0.00450,0.03785,0.00514,0.00435,0.00000,0.00014,0.00743,0.00178,0.02583,0.01682,0.69115,0.03170,0.03200,0.04072,0.06304,0.00267,0.02179,0.01286,0.05206
11.39200,8,0.37546,0.00003,0.00367,0.00102,0.00823,0.00144,0.00180,0.19558,0.00575,0.46248,0.00152,0.28251,0.00313,0.02618,0.00355,0.00312,0.00000,0.01442,0.01421,0.00061,0.02973,0.02111,0.39001,0.03000,0.06006,0.03157,0.31179,0.02360,0.01892,0.02441,0.02955
11.41333,8,0.37381,0.00009,0.00634,0.00082,0.00583,0.00226,0.00148,0.13495,0.00404,0.61601,0.00358,0.19503,0.00217,0.01812,0.00245,0.00684,0.00000,0.02408,0.01880,0.00020,0.03238,0.02407,0.18573,0.02885,0.07901,0.02533,0.47942,0.03778,0.01784,0.03219,0.01432
11.43467,8,0.37367,0.00071,0.00461,0.00062,0.00408,0.00296,0.00198,0.09312,0.00283,0.60583,0.00583,0.23402,0.00299,0.01378,0.01907,0.00758,0.00949,0.03641,0.01652,0.01078,0.02654,0.04286,0.07548,0.02619,0.30523,0.01834,0.31369,0.03365,0.03084,0.02277,0.03120
11.45600,10,0.37038,0.00063,0.00322,0.00050,0.00283,0.00216,0.00143,0.06425,0.00196,0.42576,0.00451,0.44463,0.01193,0.01657,0.01410,0.00551,0.01326,0.04063,0.01528,0.01502,0.02403,0.05012,0.04617,0.02522,0.39387,0.01600,0.23584,0.03100,0.03608,0.01847,0.03901
11.47733,8,0.36822,0.00046,0.01600,0.02538,0.00214,0.00187,0.00107,0.04434,0.00142,0.51987,0.00316,0.33993,0.01545,0.01529,0.00976,0.00387,0.01758,0.04527,0.01377,0.01988,0.02111,0.05838,0.01679,0.02413,0.49494,0.01345,0.14330,0.02768,0.04210,0.01339,0.04825
11.49867,8,0.36391,0.00038,0.03578,0.02941,0.00387,0.00201,0.00085,0.03059,0.00103,0.62743,0.00238,0.23501,0.01089,0.01069,0.00674,0.00294,0.01464,0.04304,0.01524,0.01654,0.02336,0.05304,0.01701,0.02476,0.42792,0.01458,0.22253,0.03131,0.03793,0.01760,0.04048
11.52000,8,0.36114,0.00043,0.07175,0.02167,0.06182,0.00338,0.00129,0.02111,0.00085,0.62778,0.00389,0.16242,0.00755,0.00745,0.00465,0.00395,0.01612,0.04442,0.01462,0.01822,0.02229,0.05581,0.01150,0.02441,0.46220,0.01384,0.18702,0.02986,0.04001,0.01568,0.04399
11.54133,8,0.37025,0.00070,0.11396,0.01753,0.09822,0.00459,0.00966,0.01458,0.00069,0.55787,0.03419,0.12323,0.00619,0.00835,0.00334,0.00691,0.01840,0.04641,0.01361,0.02079,0.02063,0.06002,0.00561,0.02389,0.51456,0.01279,0.13041,0.02744,0.04322,0.01264,0.04958
11.56267,8,0.36664,0.00269,0.13873,0.01747,0.06804,0.00385,0.00772,0.01007,0.00052,0.43813,0.05161,0.11215,0.00482,0.00708,0.00254,0.13457,0.01952,0.04738,0.01311,0.02206,0.01980,0.06209,0.00283,0.02363,0.54039,0.01228,0.10238,0.02624,0.04480,0.01114,0.05234
11.58400,8,0.36471,0.00239,0.10180,0.01232,0.04819,0.00278,0.00695,0.00699,0.00103,0.34902,0.05508,0.08235,0.00358,0.01177,0.00228,0.31348,0.01997,0.04776,0.01291,0.02256,0.01948,0.06291,0.00176,0.02353,0.55054,0.01208,0.09135,0.02576,0.04542,0.01054,0.05343
11.60533,8,0.36389,0.00199,0.07070,0.00950,0.03348,0.00241,0.00536,0.00488,0.11257,0.24336,0.03883,0.20773,0.00355,0.03896,0.00205,0.22465,0.02012,0.04790,0.01284,0.02273,0.01936,0.06320,0.00138,0.02350,0.55413,0.01200,0.08744,0.02560,0.04564,0.01033,0.05381
11.62667,7,0.33783,0.00138,0.04880,0.00693,0.02319,0.00173,0.00370,0.00341,0.38083,0.16794,0.02684,0.14790,0.00247,0.02837,0.00142,0.15510,0.02017,0.04794,0.01282,0.02279,0.01932,0.06329,0.00126,0.02348,0.55534,0.01198,0.08613,0.02554,0.04572,0.01026,0.05394
11.64800,7,0.30440,0.00096,0.03367,0.00488,0.01617,0.00140,0.00259,0.00238,0.57176,0.11591,0.01853,0.10231,0.00171,0.01970,0.00098,0.10703,0.02019,0.04796,0.01281,0.02281,0.01931,0.06332,0.00122,0.02348,0.55573,0.01197,0.08570,0.02552,0.04574,0.01024,0.05399
11.66933,7,0.26420,0.00074,0.02325,0.00338,0.01369,0.00545,0.00184,0.00170,0.69715,0.08004,0.01279,0.07062,0.00119,0.01363,0.00069,0.07385,0.02147,0.02543,0.01371,0.02333,0.03610,0.05442,0.00251,0.31340,0.29830,0.00819,0.07977,0.02852,0.04430,0.02009,0.03046
11.69067,7,0.22684,0.00093,0.01617,0.00293,0.06031,0.17459,0.00199,0.00148,0.56135,0.06074,0.00882,0.04890,0.00086,0.00947,0.00049,0.05097,0.02232,0.01025,0.01431,0.02367,0.04741,0.04843,0.00338,0.50873,0.12482,0.00565,0.07582,0.03055,0.04332,0.02673,0.01461
11.71200,7,0.25719,0.00439,0.01153,0.00270,0.10945,0.30861,0.00189,0.00125,0.41515,0.06160,0.00611,0.03445,0.00072,0.00660,0.00034,0.03521,0.02270,0.00369,0.01457,0.02382,0.05230,0.04583,0.00376,0.59322,0.04978,0.00454,0.07412,0.03142,0.04290,0.02960,0.00775
11.73333,7,0.39750,0.00304,0.00804,0.00195,0.27048,0.21946,0.00152,0.00087,0.28650,0.04802,0.00433,0.11408,0.00509,0.01199,0.00025,0.02439,0.02278,0.00215,0.01464,0.02386,0.05344,0.04522,0.00385,0.61293,0.03227,0.00429,0.07372,0.03163,0.04280,0.03027,0.00615
11.75467,12,0.43688,0.00210,0.00560,0.00140,0.20303,0.15146,0.00150,0.00060,0.19769,0.03806,0.00318,0.09236,0.04784,0.23816,0.00017,0.01685,0.02286,0.00071,0.01469,0.02389,0.05451,0.04465,0.00393,0.63149,0.01578,0.00404,0.07335,0.03182,0.04271,0.03090,0.00465
11.77600,12,0.44204,0.00145,0.00392,0.00097,0.14049,0.10451,0.04469,0.00042,0.13641,0.02668,0.00221,0.06402,0.05315,0.40933,0.00012,0.01165,0.02289,0.00023,0.01471,0.02390,0.05487,0.04446,0.00396,0.63772,0.01025,0.00396,0.07322,0.03188,0.04268,0.03111,0.00414
11.79733,12,0.44903,0.00101,0.00296,0.00067,0.09700,0.07212,0.03826,0.00030,0.09412,0.02261,0.00156,0.04441,0.06675,0.55004,0.00011,0.00808,0.01214,0.00228,0.01430,0.01875,0.04611,0.05667,0.02247,0.35252,0.03785,0.00467,0.05213,0.03896,0.30709,0.01652,0.01754
11.81867,12,0.44720,0.00070,0.01085,0.00048,0.06693,0.04985,0.04382,0.00021,0.06495,0.29108,0.00108,0.03072,0.04910,0.38454,0.00010,0.00558,0.00489,0.00372,0.01401,0.01527,0.04017,0.06492,0.03494,0.15965,0.05710,0.00516,0.03794,0.04371,0.48523,0.00666,0.02663
11.84000,8,0.45015,0.00049,0.01447,0.00035,0.04621,0.03528,0.06555,0.00016,0.04482,0.46737,0.00075,0.02120,0.03389,0.26547,0.00007,0.00392,0.00176,0.00435,0.01389,0.01377,0.03760,0.06849,0.04033,0.07615,0.06549,0.00537,0.03180,0.04577,0.56228,0.00240,0.03056
11.86133,8,0.47013,0.00036,0.01067,0.00025,0.03348,0.02583,0.13693,0.00028,0.03095,0.53431,0.00057,0.01493,0.02351,0.18511,0.00005,0.00277,0.00059,0.00459,0.01384,0.01321,0.03664,0.06982,0.04234,0.04509,0.06862,0.00545,0.02952,0.04653,0.59093,0.00081,0.03203
11.88267,8,0.46912,0.00026,0.00744,0.00018,0.02626,0.01830,0.12005,0.00020,0.02137,0.43913,0.00041,0.02452,0.16336,0.17639,0.00006,0.00208,0.00968,0.02499,0.01335,0.01767,0.02840,0.06691,0.02322,0.03168,0.29786,0.00852,0.05558,0.03674,0.33783,0.00507,0.04250
11.90400,11,0.46878,0.00018,0.00516,0.00012,0.01815,0.01265,0.08297,0.00014,0.01474,0.30354,0.00030,0.02531,0.34766,0.18750,0.00004,0.00154,0.01594,0.03871,0.01303,0.02074,0.02296,0.06480,0.01010,0.02633,0.45193,0.01058,0.07341,0.03005,0.16390,0.00813,0.04939
11.92533,11,0.46057,0.00014,0.00358,0.00010,0.01254,0.00896,0.05923,0.00011,0.01018,0.21077,0.00022,0.01936,0.50749,0.16619,0.00003,0.00110,0.01867,0.04464,0.01289,0.02207,0.02061,0.06387,0.00440,0.02442,0.51853,0.01147,0.08116,0.02715,0.08831,0.00947,0.05235
11.94667,11,0.44833,0.00011,0.00260,0.00015,0.00866,0.00662,0.04440,0.00013,0.00704,0.14626,0.00017,0.01454,0.63517,0.13332,0.00002,0.00081,0.01431,0.03263,0.01517,0.01428,0.03300,0.07641,0.01278,0.02709,0.31315,0.00891,0.04808,0.27820,0.08807,0.00765,0.03027
11.96800,11,0.39288,0.00012,0.00190,0.00015,0.00603,0.01460,0.03846,0.06626,0.00533,0.10111,0.00012,0.01041,0.65007,0.10486,0.00002,0.00058,0.01105,0.02381,0.01673,0.00887,0.04164,0.08497,0.01912,0.02911,0.16662,0.00708,0.02484,0.44769,0.09718,0.00626,0.01504
11.98933,11,0.33980,0.00067,0.00169,0.00033,0.00697,0.15224,0.06096,0.11322,0.00375,0.06987,0.00014,0.00938,0.48665,0.09359,0.00002,0.00052,0.01016,0.02142,0.01714,0.00742,0.04395,0.08726,0.02085,0.02966,0.12712,0.00658,0.01860,0.49285,0.10016,0.00588,0.01096
12.01067,4,0.29690,0.00061,0.00118,0.00075,0.00503,0.39566,0.04664,0.09162,0.00262,0.04821,0.00012,0.00667,0.33586,0.06464,0.00002,0.00037,0.00926,0.01900,0.01756,0.00596,0.04628,0.08956,0.02260,0.03022,0.08729,0.00608,0.01231,0.53815,0.10338,0.00549,0.00686
12.03200,4,0.25340,0.00311,0.00134,0.00317,0.00427,0.37163,0.20704,0.08122,0.00188,0.03339,0.00015,0.00658,0.23689,0.04890,0.00003,0.00038,0.00893,0.01813,0.01771,0.00544,0.04712,0.09038,0.02323,0.03042,0.07304,0.00590,0.01007,0.55428,0.10460,0.00535,0.00540
12.05333,5,0.21667,0.01551,0.00193,0.00941,0.00550,0.29391,0.36308,0.05810,0.00155,0.02351,0.00017,0.00571,0.16475,0.05643,0.00004,0.00041,0.03210,0.02892,0.02145,0.01684,0.26979,0.06816,0.02439,0.02738,0.05147,0.01741,0.02835,0.29934,0.08326,0.01719,0.01395
12.07467,5,0.18113,0.06766,0.00438,0.05940,0.01297,0.29368,0.30185,0.05141,0.00446,0.01784,0.00177,0.01100,0.11503,0.05657,0.00042,0.00156,0.04774,0.03629,0.02395,0.02458,0.41974,0.05310,0.02509,0.02530,0.03861,0.02518,0.04093,0.12566,0.06874,0.02519,0.01989
12.09600,5,0.20039,0.07109,0.05410,0.05326,0.01304,0.23081,0.23703,0.04764,0.00381,0.05700,0.00323,0.09659,0.08306,0.04638,0.00040,0.00257,0.03499,0.03887,0.02870,0.02131,0.26117,0.29632,0.01444,0.01840,0.04569,0.01844,0.05239,0.05456,0.05296,0.03268,0.02908
12.11733,5,0.34084,0.04980,0.06128,0.04253,0.02561,0.16236,0.19278,0.03386,0.00296,0.11721,0.00502,0.11578,0.06774,0.11717,0.00052,0.00539,0.02435,0.03963,0.03158,0.01809,0.13477,0.46214,0.00718,0.01402,0.05211,0.01289,0.05847,0.02937,0.04423,0.03668,0.03450
12.13867,12,0.38422,0.03446,0.09710,0.03034,0.01960,0.11205,0.13617,0.02339,0.00205,0.11907,0.00416,0.13179,0.06121,0.22248,0.00041,0.00572,0.01953,0.03986,0.03278,0.01658,0.07797,0.53408,0.00403,0.01215,0.05507,0.01038,0.06092,0.02094,0.04067,0.03830,0.03675
12.16000,12,0.38329,0.02381,0.07175,0.02102,0.01364,0.07754,0.09927,0.01616,0.00143,0.10903,0.00329,0.12762,0.05846,0.36793,0.00033,0.00873,0.01769,0.03993,0.03323,0.01601,0.05649,0.56087,0.00285,0.01146,0.05620,0.00943,0.06180,0.01822,0.03937,0.03888,0.03758
12.18133,12,0.35893,0.01650,0.06229,0.01485,0.00953,0.05500,0.17706,0.01121,0.00101,0.23788,0.00229,0.09152,0.04106,0.27333,0.00024,0.00624,0.00919,0.02339,0.02416,0.01450,0.04467,0.33332,0.02176,0.01975,0.06290,0.00747,0.04618,0.03143,0.30519,0.02068,0.03541
12.20267,8,0.31566,0.01183,0.05470,0.01559,0.00821,0.11848,0.15303,0.01622,0.00196,0.32041,0.00164,0.06323,0.03068,0.19919,0.00018,0.00464,0.00368,0.01224,0.01799,0.01355,0.03927,0.17683,0.03463,0.02541,0.06729,0.00627,0.03555,0.04064,0.48445,0.00834,0.03385
12.22400,4,0.28181,0.00818,0.03776,0.01109,0.00594,0.35129,0.10582,0.04786,0.00380,0.22115,0.00118,0.04365,0.02119,0.13762,0.00013,0.00335,0.00132,0.00741,0.01532,0.01315,0.03722,0.10880,0.04022,0.02787,0.06917,0.00577,0.03095,0.04466,0.56199,0.00300,0.03316
12.24533,4,0.24779,0.00783,0.02630,0.00940,0.00453,0.43443,0.08909,0.08968,0.00594,0.15434,0.00189,0.03837,0.01628,0.11230,0.00010,0.00952,0.00993,0.02594,0.01385,0.01765,0.02858,0.08007,0.02249,0.02607,0.29803,0.00863,0.05608,0.03610,0.32787,0.00582,0.04288
12.26667,4,0.32026,0.00579,0.01828,0.00652,0.00329,0.32069,0.07251,0.07564,0.00423,0.10728,0.00267,0.12604,0.01311,0.22653,0.00008,0.01733,0.02229,0.03210,0.01640,0.02108,0.14079,0.06849,0.02067,0.02529,0.26793,0.01405,0.05809,0.02839,0.23257,0.01198,0.03987
12.28800,10,0.36965,0.00400,0.01407,0.00455,0.00228,0.22158,0.05034,0.05269,0.00293,0.07536,0.01967,0.27532,0.01566,0.22442,0.00018,0.03696,0.04269,0.03815,0.02145,0.02615,0.35096,0.05322,0.02245,0.02442,0.14782,0.02327,0.05461,0.01663,0.12417,0.02246,0.03154
12.30933,8,0.39662,0.00276,0.01137,0.00314,0.00158,0.15306,0.03976,0.03637,0.00202,0.32481,0.01396,0.21149,0.01132,0.16221,0.00013,0.02601,0.05250,0.04027,0.02405,0.02848,0.45681,0.04661,0.02423,0.02408,0.07649,0.02775,0.05162,0.01117,0.08151,0.02755,0.02688
12.33067,8,0.39418,0.00192,0.00837,0.00217,0.00112,0.10588,0.04454,0.02512,0.00141,0.51481,0.00975,0.14605,0.00784,0.11276,0.00010,0.01817,0.02892,0.03595,0.02333,0.01536,0.27005,0.03626,0.03538,0.02591,0.07558,0.02513,0.30537,0.02757,0.04681,0.03276,0.01562
12.35200,8,0.39045,0.00148,0.00601,0.00156,0.00094,0.07363,0.05308,0.01735,0.00099,0.42068,0.00715,0.22428,0.01796,0.15266,0.00481,0.01743,0.02130,0.04094,0.01825,0.01695,0.12390,0.04759,0.02089,0.02504,0.30214,0.01850,0.23858,0.02904,0.04193,0.02285,0.03210
12.37333,10,0.36998,0.00120,0.00469,0.00441,0.00077,0.05188,0.04034,0.01207,0.00429,0.30531,0.00568,0.37098,0.01994,0.16171,0.00364,0.01310,0.02015,0.04505,0.01498,0.02019,0.05755,0.05680,0.00935,0.02415,0.45374,0.01454,0.15225,0.02727,0.04361,0.01541,0.04496
12.39467,7,0.33745,0.00087,0.00326,0.00828,0.00060,0.03618,0.02796,0.00964,0.29186,0.21082,0.00408,0.26729,0.01388,0.11306,0.00252,0.00970,0.02009,0.04690,0.01359,0.02183,0.03234,0.06095,0.00417,0.02373,0.51919,0.01288,0.11042,0.02621,0.04487,0.01211,0.05071
12.41600,7,0.30786,0.00065,0.00229,0.00995,0.00087,0.02961,0.02470,0.01121,0.49144,0.14551,0.00288,0.18458,0.00958,0.07825,0.00175,0.00673,0.01066,0.03945,0.01735,0.01176,0.03055,0.04503,0.02396,0.02572,0.32553,0.01657,0.33230,0.03602,0.03206,0.02365,0.02941
12.43733,7,0.27950,0.00048,0.00227,0.19115,0.00677,0.02383,0.02333,0.00886,0.44134,0.10041,0.00693,0.12736,0.00661,0.05447,0.00121,0.00499,0.01505,0.01982,0.01667,0.01599,0.04215,0.04238,0.01749,0.31486,0.14747,0.01118,0.24304,0.03552,0.03518,0.02891,0.01428
12.45867,7,0.24086,0.00044,0.00442,0.19352,0.00566,0.02502,0.08899,0.00628,0.31132,0.06931,0.15847,0.08798,0.00457,0.03794,0.00088,0.00518,0.01955,0.00784,0.01559,0.02051,0.04986,0.04324,0.00983,0.50935,0.06005,0.00693,0.14613,0.03356,0.03939,0.03052,0.00765
12.48000,9,0.30093,0.00031,0.00349,0.13596,0.00391,0.01752,0.07308,0.00437,0.21483,0.04783,0.40011,0.06093,0.00326,0.02674,0.00069,0.00698,0.02166,0.00279,0.01505,0.02265,0.05318,0.04391,0.00615,0.59344,0.02577,0.00502,0.10022,0.03254,0.04144,0.03100,0.00517
12.50133,9,0.36969,0.00022,0.00249,0.09424,0.00270,0.01210,0.05519,0.00303,0.14824,0.03300,0.57016,0.04319,0.00855,0.02074,0.00061,0.00554,0.02248,0.00094,0.01483,0.02347,0.05442,0.04420,0.00472,0.62471,0.01362,0.00430,0.08246,0.03213,0.04224,0.03115,0.00432
12.52267,9,0.36715,0.00018,0.00289,0.06567,0.00187,0.00835,0.03848,0.00212,0.10229,0.02307,0.41883,0.07974,0.20255,0.04587,0.00347,0.00462,0.02078,0.00430,0.01327,0.02053,0.04924,0.04309,0.00684,0.48425,0.01033,0.15623,0.07114,0.03282,0.04921,0.02992,0.00805
12.54400,9,0.33443,0.00014,0.00534,0.05650,0.00145,0.01216,0.27214,0.00210,0.07081,0.02396,0.29005,0.06553,0.15475,0.03923,0.00261,0.00322,0.01746,0.01090,0.01042,0.01492,0.03939,0.04097,0.01105,0.21768,0.00671,0.43774,0.05386,0.03418,0.06194,0.02762,0.01515
12.56533,5,0.29410,0.00019,0.00479,0.04692,0.00160,0.01720,0.46840,0.00286,0.05112,0.02292,0.20023,0.04535,0.10710,0.02730,0.00182,0.00223,0.01576,0.01428,0.00900,0.01207,0.03441,0.03989,0.01321,0.08285,0.00532,0.57900,0.04583,0.03488,0.06830,0.02646,0.01874
12.58667,5,0.26033,0.00083,0.00362,0.03385,0.00302,0.05148,0.57657,0.00445,0.03748,0.01719,0.13872,0.03545,0.07428,0.02003,0.00130,0.00174,0.01509,0.01563,0.00844,0.01095,0.03243,0.03946,0.01407,0.02940,0.00484,0.63483,0.04275,0.03516,0.07081,0.02600,0.02017
12.60800,5,0.29766,0.00074,0.00374,0.02393,0.00610,0.05750,0.49057,0.00323,0.02595,0.02709,0.09640,0.17685,0.05561,0.02185,0.00104,0.00942,0.01580,0.02720,0.02013,0.01306,0.03832,0.29075,0.00861,0.01512,0.02919,0.34677,0.05157,0.02666,0.05600,0.03214,0.02869
12.62933,5,0.32671,0.00060,0.00260,0.01657,0.00435,0.03995,0.34028,0.00226,0.01800,0.02326,0.06796,0.32415,0.05001,0.05264,0.00078,0.05659,0.01635,0.03483,0.02807,0.01462,0.04252,0.46012,0.00483,0.01195,0.04565,0.14594,0.05789,0.02089,0.04573,0.03633,0.03427
12.65067,10,0.29856,0.00098,0.00194,0.01181,0.00310,0.03068,0.23766,0.00166,0.06450,0.02032,0.04841,0.41795,0.03873,0.08218,0.00058,0.03950,0.01660,0.03812,0.03152,0.01531,0.04436,0.53339,0.00318,0.01127,0.05278,0.05834,0.06066,0.01840,0.04125,0.03815,0.03666
12.67200,7,0.27012,0.00083,0.00142,0.00853,0.00240,0.02344,0.16497,0.00148,0.33251,0.01487,0.03354,0.30251,0.02688,0.05885,0.00042,0.02734,0.01670,0.03934,0.03280,0.01557,0.04505,0.56064,0.00257,0.01114,0.05543,0.02564,0.06170,0.01747,0.03958,0.03882,0.03754
12.69333,7,0.24607,0.00060,0.00099,0.00605,0.00190,0.01729,0.12924,0.00107,0.52198,0.01029,0.02315,0.20888,0.01859,0.04077,0.00034,0.01887,0.00886,0.03536,0.02782,0.00828,0.04002,0.31241,0.02361,0.01908,0.07280,0.02008,0.31119,0.03141,0.02893,0.03825,0.02189
12.71467,7,0.36381,0.00043,0.00099,0.00439,0.00210,0.01209,0.12420,0.00079,0.40344,0.00728,0.01841,0.19526,0.16420,0.04053,0.01275,0.01313,0.01433,0.01817,0.02093,0.01457,0.04634,0.15050,0.01742,0.31217,0.04465,0.01215,0.23519,0.03366,0.03388,0.03485,0.01118
12.73600,7,0.42299,0.00031,0.00163,0.00314,0.00194,0.00837,0.09267,0.00056,0.27879,0.00564,0.04670,0.26046,0.20017,0.04295,0.04745,0.00921,0.01929,0.00724,0.01712,0.02000,0.05143,0.08218,0.00981,0.50839,0.02291,0.00719,0.14343,0.03290,0.03891,0.03266,0.00653
12.75733,9,0.43018,0.00028,0.00666,0.00274,0.00149,0.00751,0.06677,0.00097,0.19273,0.02301,0.22393,0.21970,0.16976,0.03194,0.04523,0.00727,0.02158,0.00259,0.01557,0.02247,0.05373,0.05706,0.00615,0.59312,0.01320,0.00509,0.09933,0.03232,0.04128,0.03173,0.00479
12.77867,9,0.42899,0.00022,0.00979,0.00822,0.00127,0.00676,0.04874,0.00078,0.13321,0.04385,0.36362,0.17824,0.13158,0.02592,0.04033,0.00748,0.02245,0.00087,0.01500,0.02342,0.05460,0.04847,0.00472,0.62461,0.00954,0.00432,0.08218,0.03206,0.04219,0.03139,0.00419
12.80000,9,0.45183,0.00042,0.00762,0.00663,0.00142,0.01112,0.03483,0.00056,0.09219,0.06155,0.45938,0.13973,0.09366,0.02609,0.05457,0.01022,0.02076,0.00426,0.01337,0.02050,0.04934,0.04550,0.00684,0.48421,0.00803,0.15622,0.07099,0.03278,0.04918,0.03005,0.00798
12.82133,9,0.45023,0.00031,0.00541,0.00490,0.00418,0.01089,0.02478,0.00041,0.06455,0.10850,0.49473,0.12876,0.06574,0.02338,0.05283,0.01062,0.01745,0.01089,0.01045,0.01491,0.03942,0.04172,0.01105,0.21768,0.00599,0.43773,0.05382,0.03417,0.06193,0.02766,0.01513
12.84267,9,0.42674,0.00027,0.00435,0.01053,0.12537,0.01601,0.01801,0.00033,0.04512,0.15023,0.36806,0.14681,0.04761,0.01942,0.03980,0.00808,0.01576,0.01428,0.00901,0.01207,0.03442,0.04012,0.01321,0.08285,0.00510,0.57899,0.04582,0.03488,0.06829,0.02647,0.01874
12.86400,3,0.42637,0.00019,0.00301,0.00760,0.38813,0.01129,0.01273,0.00023,0.03113,0.10979,0.25398,0.10257,0.03285,0.01345,0.02747,0.00559,0.01509,0.01562,0.00844,0.01094,0.03243,0.03953,0.01407,0.02940,0.00477,0.63482,0.04274,0.03516,0.07080,0.02600,0.02016
12.88533,3,0.42519,0.00013,0.00219,0.00536,0.34087,0.00799,0.00910,0.00016,0.02148,0.07910,0.22640,0.24965,0.02285,0.01058,0.02004,0.00409,0.01485,0.01611,0.00824,0.01054,0.03173,0.03933,0.01438,0.01034,0.00465,0.65470,0.04167,0.03526,0.07170,0.02583,0.02067
12.90667,10,0.40865,0.00009,0.00172,0.00409,0.23522,0.00650,0.00636,0.00011,0.01482,0.05460,0.15693,0.47886,0.01578,0.00749,0.01437,0.00305,0.00785,0.02965,0.02095,0.27025,0.03623,0.02442,0.01175,0.01427,0.00674,0.35374,0.08827,0.02825,0.08168,0.01494,0.01102
12.92800,10,0.39578,0.00015,0.16975,0.00633,0.16231,0.00657,0.00443,0.00008,0.01023,0.03893,0.10917,0.43326,0.01090,0.00519,0.00997,0.03273,0.00316,0.03872,0.02954,0.44528,0.03934,0.01439,0.00994,0.01917,0.00816,0.14862,0.11979,0.02352,0.08830,0.00761,0.00445
12.94933,1,0.37927,0.00025,0.36202,0.00683,0.11207,0.00462,0.00313,0.00006,0.00706,0.02751,0.07549,0.29993,0.00753,0.00361,0.00701,0.08291,0.00114,0.03595,0.02695,0.25631,0.03728,0.01873,0.02738,0.02394,0.04761,0.06505,0.34552,0.03418,0.05571,0.02078,0.00349
12.97067,1,0.37438,0.00018,0.43153,0.00550,0.07733,0.00319,0.00262,0.00004,0.00487,0.01903,0.05218,0.20735,0.00522,0.00253,0.00697,0.18146,0.00038,0.03291,0.02408,0.10612,0.03548,0.02296,0.03936,0.02649,0.07402,0.03555,0.49350,0.04197,0.03288,0.03061,0.00370
12.99200,1,0.37244,0.00018,0.35031,0.00405,0.05336,0.00220,0.00221,0.00003,0.00336,0.04503,0.03608,0.16173,0.00421,0.00186,0.09443,0.24096,0.00042,0.27529,0.03403,0.05831,0.03259,0.02437,0.02226,0.02411,0.07303,0.03643,0.31161,0.03035,0.02331,0.03484,0.01905
13.01333,1,0.36375,0.00014,0.24192,0.00286,0.03684,0.00153,0.00157,0.00002,0.00233,0.06209,0.03020,0.22354,0.00401,0.00198,0.21522,0.17573,0.00053,0.43905,0.04114,0.04604,0.03089,0.02475,0.00917,0.02218,0.06892,0.04048,0.16976,0.02149,0.01986,0.03639,0.02935
13.03467,13,0.35459,0.00011,0.16713,0.00241,0.02559,0.00126,0.01833,0.00010,0.00212,0.06452,0.02393,0.15946,0.00284,0.00178,0.40855,0.12187,0.00059,0.50993,0.04425,0.04290,0.03018,0.02485,0.00333,0.02131,0.06677,0.04262,0.10631,0.01755,0.01869,0.03692,0.03381
13.05600,13,0.38304,0.00038,0.11761,0.00476,0.16495,0.01654,0.03886,0.00036,0.00502,0.08130,0.02007,0.16076,0.00308,0.00623,0.29391,0.08617,0.00060,0.52647,0.04498,0.04237,0.03002,0.02487,0.00195,0.02110,0.06623,0.04315,0.09131,0.01662,0.01845,0.03703,0.03485
13.07733,10,0.39195,0.00061,0.08276,0.00698,0.17711,0.01754,0.04827,0.00107,0.00361,0.05834,0.05774,0.21949,0.01426,0.03269,0.21041,0.06912,0.00752,0.42236,0.03735,0.03249,0.02952,0.02868,0.00181,0.01612,0.06892,0.05033,0.08196,0.01221,0.02023,0.15817,0.03234
13.09867,9,0.39247,0.00047,0.05778,0.00647,0.13161,0.01522,0.03474,0.00103,0.00271,0.04056,0.29157,0.18746,0.01243,0.02427,0.14546,0.04821,0.02031,0.20588,0.02216,0.01485,0.02882,0.03570,0.00352,0.00718,0.07469,0.06285,0.08617,0.00539,0.02385,0.38240,0.02622
13.12000,9,0.37953,0.00046,0.04081,0.00685,0.09191,0.01390,0.02449,0.00203,0.00282,0.03001,0.43356,0.17667,0.00949,0.02179,0.10116,0.04403,0.01235,0.09673,0.02016,0.00570,0.03125,0.03206,0.02440,0.01589,0.08344,0.04479,0.32466,0.02427,0.02122,0.24805,0.01503
13.14133,9,0.32495,0.00291,0.08835,0.01066,0.06350,0.02079,0.01807,0.00153,0.00215,0.02175,0.51182,0.12972,0.00682,0.01592,0.07021,0.03582,0.01212,0.04686,0.01448,0.00686,0.03167,0.03479,0.02274,0.01026,0.04757,0.33308,0.22564,0.03228,0.04470,0.12067,0.01629
13.16267,9,0.27314,0.00245,0.33969,0.00786,0.04385,0.02073,0.02057,0.00118,0.00150,0.01504,0.36417,0.09114,0.00492,0.01322,0.04851,0.02516,0.01349,0.02697,0.01069,0.00880,0.03155,0.03735,0.01825,0.00489,0.02208,0.53052,0.12023,0.03448,0.06102,0.06084,0.01885
13.18400,1,0.23790,0.00170,0.53958,0.00564,0.03025,0.01642,0.01523,0.00128,0.00104,0.01038,0.25209,0.06295,0.00340,0.00916,0.03348,0.01739,0.01425,0.01986,0.00905,0.00976,0.03145,0.03854,0.01594,0.00239,0.01091,0.61626,0.07044,0.03508,0.06813,0.03779,0.02014
13.20533,1,0.21404,0.00118,0.64773,0.00444,0.02088,0.01155,0.01064,0.00089,0.00072,0.00723,0.20695,0.04373,0.00236,0.00647,0.02314,0.01211,0.01456,0.01747,0.00845,0.01014,0.03140,0.03900,0.01502,0.00143,0.00674,0.64820,0.05120,0.03525,0.07078,0.02970,0.02065
13.22667,1,0.19342,0.00084,0.54653,0.00315,0.01441,0.00987,0.00750,0.00061,0.00049,0.00588,0.33353,0.03084,0.00166,0.00474,0.02546,0.01447,0.00805,0.26723,0.02603,0.02506,0.03064,0.03242,0.00787,0.01043,0.03387,0.36773,0.05801,0.02589,0.04633,0.03237,0.02806
13.24800,9,0.29998,0.00058,0.37890,0.00219,0.00994,0.00689,0.00520,0.00042,0.00034,0.00413,0.48431,0.02237,0.00130,0.00371,0.05377,0.02595,0.00362,0.43582,0.03795,0.03508,0.03014,0.02793,0.00316,0.01661,0.05265,0.17493,0.06490,0.01957,0.02954,0.03512,0.03299
13.26933,9,0.37644,0.00040,0.26152,0.00151,0.00686,0.00477,0.00360,0.00029,0.00024,0.00291,0.58821,0.05086,0.00206,0.00976,0.04734,0.01967,0.00170,0.50877,0.04311,0.03940,0.02992,0.02598,0.00113,0.01930,0.06083,0.09112,0.06813,0.01684,0.02225,0.03641,0.03511
13.29067,1,0.41289,0.00028,0.43592,0.00105,0.00473,0.00330,0.00250,0.00020,0.00016,0.00238,0.41246,0.06703,0.00161,0.01081,0.03403,0.02352,0.00762,0.28535,0.02724,0.02622,0.03058,0.03200,0.00721,0.01096,0.03530,0.35138,0.05580,0.02522,0.04489,0.03155,0.02868
13.31200,1,0.42410,0.00019,0.59675,0.00073,0.00327,0.00228,0.00173,0.00014,0.00011,0.00181,0.28518,0.05544,0.00118,0.00805,0.02545,0.01769,0.01183,0.12588,0.01592,0.01681,0.03105,0.03629,0.01155,0.00502,0.01710,0.53702,0.04710,0.03120,0.06105,0.02811,0.02408
13.33333,1,0.46002,0.00018,0.64809,0.00075,0.00248,0.00161,0.00400,0.00014,0.00023,0.00341,0.19851,0.07852,0.00393,0.02071,0.02125,0.01617,0.00972,0.20567,0.02158,0.02152,0.03082,0.03414,0.00938,0.00799,0.02620,0.44421,0.05141,0.02821,0.05297,0.02981,0.02638
13.35467,1,0.49689,0.00013,0.45902,0.00159,0.00202,0.00112,0.03204,0.00011,0.00017,0.00280,0.13712,0.06191,0.02313,0.24202,0.01475,0.02208,0.00486,0.38976,0.03465,0.03238,0.03027,0.02919,0.00436,0.01485,0.04719,0.23005,0.06136,0.02130,0.03433,0.03375,0.03169
13.37600,12,0.46193,0.00015,0.31685,0.00296,0.01304,0.00225,0.02701,0.00013,0.00060,0.00857,0.09475,0.08699,0.02218,0.35238,0.01025,0.06191,0.00225,0.48834,0.04165,0.03820,0.02998,0.02654,0.00167,0.01852,0.05844,0.11536,0.06670,0.01760,0.02435,0.03586,0.03454
13.39733,3,0.39788,0.00012,0.21875,0.00792,0.30610,0.00239,0.01873,0.00014,0.00043,0.00596,0.06539,0.06140,0.01547,0.24681,0.00708,0.04332,0.00119,0.52823,0.04448,0.04056,0.02986,0.02547,0.00059,0.02001,0.06299,0.06896,0.06885,0.01611,0.02032,0.03671,0.03569
13.41867,3,0.33303,0.00009,0.15096,0.01370,0.51223,0.00216,0.01298,0.00013,0.00031,0.00411,0.04512,0.04244,0.01068,0.17032,0.00488,0.02989,0.00052,0.28657,0.03038,0.02783,0.03280,0.04650,0.02056,0.02451,0.06687,0.03419,0.05006,0.03042,0.29478,0.01956,0.03444
13.44000,3,0.29001,0.00011,0.10424,0.01586,0.65556,0.00218,0.00903,0.00010,0.00068,0.00284,0.03114,0.02936,0.00737,0.11754,0.00337,0.02063,0.00019,0.13777,0.03065,0.27760,0.03729,0.03127,0.01788,0.02440,0.04023,0.01831,0.09010,0.02775,0.23933,0.00915,0.01807
13.46133,3,0.38877,0.00033,0.07196,0.01700,0.71166,0.00165,0.01774,0.00007,0.00048,0.00201,0.02158,0.03273,0.00554,0.10066,0.00233,0.01425,0.00007,0.07743,0.03317,0.44799,0.03984,0.01758,0.01281,0.02361,0.02173,0.01252,0.12017,0.02361,0.15729,0.00494,0.00726
13.48267,3,0.38283,0.00026,0.04970,0.01209,0.53382,0.00121,0.01486,0.00005,0.00033,0.00160,0.01667,0.05287,0.01340,0.29100,0.00161,0.01051,0.00002,0.05567,0.03451,0.52192,0.04089,0.01128,0.01026,0.02319,0.01366,0.01055,0.13351,0.02156,0.11694,0.00342,0.00260
13.50400,12,0.36195,0.00026,0.03434,0.00865,0.36975,0.00140,0.01655,0.00007,0.00027,0.00124,0.01359,0.08823,0.05508,0.39087,0.00118,0.01853,0.00001,0.04831,0.03505,0.54946,0.04127,0.00887,0.00925,0.02303,0.01065,0.00991,0.13853,0.02075,0.10112,0.00291,0.00088
13.52533,12,0.36656,0.00052,0.02374,0.00601,0.25518,0.01211,0.02191,0.00015,0.00029,0.00152,0.01007,0.07067,0.10337,0.47917,0.00087,0.01444,0.00000,0.04593,0.03525,0.55895,0.04140,0.00803,0.00889,0.02297,0.00962,0.00970,0.14027,0.02046,0.09551,0.00275,0.00028
13.54667,12,0.34445,0.00041,0.01639,0.00416,0.17609,0.01030,0.01548,0.00013,0.00022,0.00121,0.00706,0.05665,0.17391,0.52653,0.00089,0.01057,0.00000,0.02632,0.02520,0.30344,0.03895,0.03729,0.02504,0.02591,0.03798,0.00770,0.08788,0.03286,0.33450,0.00144,0.01548
13.56800,12,0.34182,0.00061,0.01146,0.00297,0.12173,0.00964,0.01149,0.00016,0.00252,0.00404,0.00563,0.06938,0.14069,0.61135,0.00067,0.00767,0.00000,0.01339,0.01841,0.13017,0.03728,0.05710,0.03597,0.02791,0.05721,0.00638,0.05238,0.04125,0.49619,0.00058,0.02580
13.58933,12,0.32192,0.00066,0.00800,0.00379,0.08432,0.02026,0.00802,0.00030,0.03128,0.00657,0.00443,0.08314,0.11741,0.62583,0.00051,0.00549,0.00000,0.00996,0.01660,0.08397,0.03683,0.06238,0.03888,0.02844,0.06234,0.00602,0.04291,0.04349,0.53929,0.00035,0.02855
13.61067,12,0.29418,0.00050,0.00554,0.00300,0.05821,0.01759,0.00568,0.00030,0.25402,0.00461,0.00308,0.12352,0.08243,0.43737,0.00035,0.00379,0.00000,0.00653,0.01479,0.03759,0.03639,0.06768,0.04180,0.02897,0.06748,0.00567,0.03341,0.04573,0.58254,0.00012,0.03131
13.63200,7,0.27273,0.00038,0.00391,0.00224,0.04037,0.01257,0.00400,0.00023,0.47763,0.00319,0.00213,0.09111,0.05692,0.30247,0.00025,0.00262,0.00000,0.00531,0.01414,0.02107,0.03623,0.06957,0.04285,0.02916,0.06932,0.00555,0.03003,0.04653,0.59793,0.00004,0.03229
13.65333,7,0.25495,0.00028,0.00271,0.00157,0.02802,0.01014,0.00287,0.00019,0.63769,0.00221,0.00147,0.06289,0.03928,0.20871,0.00017,0.00181,0.00000,0.00490,0.01392,0.01553,0.03618,0.07020,0.04319,0.02922,0.06993,0.00551,0.02889,0.04680,0.60310,0.00001,0.03262
13.67467,7,0.24151,0.00040,0.00188,0.00114,0.01958,0.00983,0.00968,0.00017,0.73661,0.00159,0.00102,0.04398,0.02724,0.14549,0.00014,0.00126,0.01076,0.00256,0.01428,0.01890,0.04503,0.05813,0.02481,0.31643,0.04074,0.00476,0.04957,0.03983,0.34038,0.01466,0.01916
13.69600,7,0.22235,0.00111,0.00135,0.00130,0.01372,0.00843,0.02131,0.00038,0.79358,0.00136,0.00072,0.03209,0.01924,0.10435,0.00011,0.00095,0.01801,0.00102,0.01454,0.02181,0.05101,0.04993,0.01238,0.50996,0.02100,0.00426,0.06364,0.03511,0.16275,0.02454,0.01006
13.71733,7,0.19249,0.00649,0.00096,0.00188,0.00962,0.00647,0.14160,0.00067,0.70142,0.00117,0.00052,0.02918,0.01560,0.08353,0.00012,0.00077,0.02114,0.00037,0.01466,0.02314,0.05359,0.04637,0.00700,0.59366,0.01245,0.00405,0.06974,0.03306,0.08585,0.02881,0.00612
13.73867,7,0.16230,0.06521,0.00071,0.02440,0.00861,0.00577,0.16724,0.00105,0.61687,0.00085,0.00036,0.02108,0.01299,0.07415,0.00010,0.00060,0.02231,0.00012,0.01470,0.02364,0.05455,0.04505,0.00500,0.62478,0.00927,0.00397,0.07201,0.03230,0.05724,0.03040,0.00465
13.76000,7,0.13454,0.12244,0.00052,0.02540,0.00677,0.00498,0.13075,0.00185,0.58586,0.00062,0.00025,0.01554,0.01280,0.09166,0.00012,0.00044,0.02271,0.00004,0.01471,0.02382,0.05488,0.04459,0.00431,0.63550,0.00818,0.00394,0.07279,0.03204,0.04739,0.03095,0.00415
13.78133,7,0.11730,0.14226,0.00041,0.02246,0.00510,0.00389,0.13647,0.00615,0.52948,0.00047,0.00018,0.01193,0.02279,0.11791,0.00016,0.00034,0.02284,0.00001,0.01472,0.02388,0.05499,0.04444,0.00408,0.63902,0.00782,0.00393,0.07305,0.03195,0.04416,0.03113,0.00398
13.80267,7,0.11157,0.12641,0.00038,0.01992,0.00404,0.00322,0.15478,0.02322,0.49969,0.00047,0.00015,0.00934,0.03886,0.11901,0.00015,0.00037,0.02288,0.00000,0.01472,0.02390,0.05503,0.04439,0.00401,0.64014,0.00770,0.00393,0.07313,0.03193,0.04312,0.03118,0.00393
13.82400,7,0.11063,0.14009,0.00031,0.01442,0.00289,0.00266,0.18559,0.01862,0.51300,0.00054,0.00011,0.00653,0.03043,0.08427,0.00011,0.00041,0.02290,0.00000,0.01472,0.02390,0.05504,0.04438,0.00398,0.64049,0.00767,0.00393,0.07316,0.03192,0.04280,0.03120,0.00391
13.84533,7,0.10683,0.19402,0.00064,0.01163,0.00267,0.00265,0.26768,0.01562,0.39116,0.00103,0.00010,0.00461,0.03550,0.07197,0.00012,0.00060,0.02290,0.00000,0.01472,0.02390,0.05504,0.04438,0.00398,0.64060,0.00765,0.00393,0.07316,0.03192,0.04271,0.03121,0.00391
13.86667,7,0.11282,0.22932,0.00481,0.01206,0.01274,0.00635,0.23624,0.01369,0.28645,0.00357,0.00029,0.00423,0.10023,0.08572,0.00029,0.00401,0.02290,0.00000,0.01472,0.02390,0.05504,0.04437,0.00398,0.64062,0.00765,0.00393,0.07316,0.03191,0.04269,0.03121,0.00390
13.88800,0,0.11246,0.23705,0.00580,0.00987,0.01569,0.00714,0.20876,0.01331,0.20124,0.00453,0.00035,0.00350,0.17965,0.10815,0.00026,0.00469,0.02290,0.00000,0.01472,0.02391,0.05504,0.04437,0.00398,0.64064,0.00765,0.00393,0.07317,0.03191,0.04267,0.03121,0.00390
13.90933,11,0.11121,0.21844,0.01098,0.00899,0.02541,0.00912,0.17822,0.01460,0.14149,0.00555,0.00090,0.00380,0.26058,0.11261,0.00029,0.00901,0.02290,0.00000,0.01472,0.02391,0.05504,0.04437,0.00397,0.64064,0.00765,0.00393,0.07317,0.03191,0.04267,0.03121,0.00390
13.93067,11,0.11730,0.22231,0.01028,0.00752,0.02118,0.00754,0.15663,0.01354,0.09852,0.00528,0.00101,0.00385,0.31220,0.12929,0.00032,0.01053,0.02290,0.00000,0.01472,0.02391,0.05504,0.04437,0.00397,0.64065,0.00765,0.00393,0.07317,0.03191,0.04266,0.03121,0.00390
13.95200,11,0.11740,0.18810,0.00970,0.00597,0.01654,0.00576,0.12687,0.01027,0.06839,0.00504,0.00108,0.00382,0.40482,0.14359,0.00029,0.00974,0.01627,0.00832,0.01616,0.01511,0.05151,0.06617,0.01317,0.35404,0.03506,0.00481,0.04301,0.28103,0.07205,0.01903,0.00427
13.97333,11,0.11288,0.17496,0.00843,0.00469,0.01309,0.00445,0.11448,0.00842,0.04763,0.00428,0.00107,0.00330,0.43529,0.17024,0.00025,0.00942,0.01179,0.01392,0.01713,0.00918,0.04913,0.08086,0.01936,0.16094,0.05353,0.00541,0.02268,0.44887,0.09185,0.01083,0.00451
13.99467,11,0.10435,0.14159,0.00650,0.00372,0.01112,0.00436,0.15389,0.00923,0.03361,0.00404,0.00081,0.00249,0.39568,0.22560,0.00018,0.00719,0.00986,0.01634,0.01755,0.00662,0.04810,0.08721,0.02204,0.07741,0.06151,0.00567,0.01389,0.52147,0.10042,0.00728,0.00462
14.01600,11,0.09132,0.10082,0.00519,0.00301,0.01186,0.00619,0.19656,0.01169,0.02450,0.00451,0.00058,0.00187,0.38198,0.24594,0.00013,0.00515,0.00914,0.01724,0.01770,0.00567,0.04772,0.08957,0.02304,0.04635,0.06449,0.00577,0.01062,0.54847,0.10360,0.00596,0.00466
14.03733,11,0.07917,0.07034,0.00457,0.00278,0.02281,0.00753,0.19876,0.01419,0.02091,0.00529,0.00044,0.00155,0.42388,0.22308,0.00009,0.00378,0.00889,0.01756,0.01776,0.00534,0.04759,0.09039,0.02338,0.03565,0.06551,0.00580,0.00950,0.55776,0.10470,0.00550,0.00467
14.05867,11,0.08101,0.04922,0.00391,0.00272,0.03079,0.00805,0.18482,0.01555,0.02560,0.00582,0.00034,0.00152,0.47121,0.19729,0.00008,0.00308,0.00881,0.01766,0.01777,0.00523,0.04755,0.09066,0.02349,0.03214,0.06584,0.00581,0.00913,0.56082,0.10506,0.00535,0.00467
14.08000,11,0.13123,0.03416,0.00274,0.00433,0.02413,0.00725,0.15118,0.02891,0.25504,0.00416,0.00024,0.00116,0.34394,0.14053,0.00005,0.00218,0.00878,0.01769,0.01778,0.00520,0.04753,0.09074,0.02353,0.03102,0.06595,0.00582,0.00901,0.56179,0.10518,0.00531,0.00467
14.10133,7,0.16000,0.02404,0.00195,0.00608,0.04712,0.01018,0.14931,0.02092,0.35713,0.00361,0.00019,0.00240,0.25352,0.12197,0.00004,0.00154,0.00878,0.01770,0.01778,0.00519,0.04753,0.09077,0.02354,0.03067,0.06598,0.00582,0.00897,0.56209,0.10521,0.00529,0.00467
14.12267,7,0.29088,0.01667,0.00141,0.00675,0.08422,0.04302,0.14982,0.01455,0.27284,0.00350,0.00151,0.08610,0.19497,0.12095,0.00072,0.00298,0.00877,0.01770,0.01778,0.00519,0.04753,0.09077,0.02354,0.03060,0.06599,0.00582,0.00897,0.56215,0.10522,0.00529,0.00467
14.14400,10,0.33404,0.01154,0.00098,0.00467,0.05883,0.03054,0.10358,0.01011,0.18857,0.00271,0.00189,0.31898,0.13737,0.12533,0.00058,0.00433,0.01203,0.01363,0.01708,0.00949,0.04926,0.08009,0.01904,0.17099,0.05257,0.00538,0.02374,0.44013,0.09082,0.01125,0.00450
14.16533,10,0.34803,0.00838,0.00079,0.00360,0.05131,0.02648,0.08766,0.01062,0.17563,0.00254,0.00490,0.38909,0.09651,0.13599,0.00058,0.00591,0.01805,0.00608,0.01577,0.01748,0.05246,0.06031,0.01070,0.43113,0.02769,0.00457,0.05112,0.21402,0.06415,0.02231,0.00417
14.18667,10,0.40576,0.00592,0.00074,0.00387,0.09160,0.12888,0.09062,0.02059,0.17367,0.00454,0.00357,0.27664,0.06864,0.12544,0.00047,0.00482,0.01032,0.01667,0.01849,0.01025,0.04427,0.04179,0.02696,0.27391,0.05474,0.01224,0.30884,0.10784,0.03884,0.03078,0.00406
14.20800,12,0.47044,0.00414,0.00059,0.00432,0.07161,0.10368,0.06603,0.01495,0.12364,0.00556,0.00428,0.22293,0.09913,0.27201,0.00276,0.00437,0.00426,0.02486,0.02051,0.00427,0.03830,0.03208,0.03908,0.13160,0.07644,0.01752,0.47869,0.06789,0.02552,0.03495,0.00403
14.22933,12,0.51335,0.00289,0.00048,0.00541,0.05047,0.07801,0.04624,0.01105,0.08627,0.00566,0.00771,0.16767,0.20590,0.31837,0.00829,0.00559,0.00155,0.02852,0.02140,0.00156,0.03567,0.02818,0.04445,0.06610,0.08621,0.01982,0.55173,0.05404,0.02017,0.03658,0.00402
14.25067,11,0.53078,0.00206,0.00055,0.00591,0.03615,0.05804,0.03329,0.00938,0.06002,0.00500,0.03473,0.12642,0.35019,0.24836,0.02503,0.00487,0.00053,0.01773,0.01794,0.00660,0.03561,0.04764,0.04452,0.04163,0.07976,0.01333,0.31379,0.04927,0.29455,0.01957,0.01753
14.27200,11,0.54514,0.00153,0.00092,0.00660,0.02579,0.04219,0.02387,0.00684,0.04160,0.00419,0.06196,0.10475,0.42751,0.17945,0.06877,0.00405,0.00017,0.01001,0.01549,0.01034,0.03589,0.06123,0.04391,0.03325,0.07421,0.00868,0.14452,0.04767,0.48008,0.00791,0.02663
14.29333,11,0.54062,0.00109,0.00082,0.00560,0.01803,0.02962,0.01658,0.00479,0.02875,0.00379,0.10782,0.08848,0.44840,0.12791,0.11449,0.00385,0.00417,0.01273,0.01628,0.00835,0.04139,0.07668,0.03427,0.03111,0.06970,0.00680,0.06121,0.28919,0.32542,0.00533,0.01737
14.31467,11,0.52236,0.00094,0.01223,0.13817,0.01271,0.02509,0.01281,0.00346,0.01991,0.00531,0.08902,0.10002,0.36159,0.08944,0.12602,0.00327,0.00691,0.01557,0.01714,0.00652,0.04506,0.08531,0.02786,0.03064,0.06740,0.00614,0.02731,0.45213,0.19695,0.00512,0.00994
14.33600,1,0.44967,0.00120,0.26313,0.11517,0.00911,0.02494,0.01707,0.00249,0.01377,0.00384,0.06330,0.07764,0.25618,0.06214,0.08758,0.00243,0.00810,0.01692,0.01754,0.00567,0.04664,0.08885,0.02509,0.03054,0.06649,0.00592,0.01506,0.52264,0.13874,0.00519,0.00659
14.35733,1,0.37575,0.00128,0.46809,0.08348,0.00640,0.02530,0.02002,0.00186,0.00952,0.00266,0.04398,0.05503,0.17705,0.04311,0.06051,0.00171,0.00855,0.01743,0.01770,0.00535,0.04723,0.09014,0.02407,0.03052,0.06616,0.00585,0.01092,0.54886,0.11665,0.00525,0.00533
14.37867,1,0.31810,0.00122,0.58096,0.06031,0.00463,0.04057,0.02257,0.00411,0.02011,0.00186,0.03035,0.03822,0.12221,0.02990,0.04178,0.00119,0.00487,0.26752,0.03102,0.02245,0.03910,0.05962,0.01266,0.02596,0.06579,0.02373,0.03825,0.30099,0.06805,0.02025,0.01975
14.40000,1,0.28372,0.00353,0.46602,0.05837,0.01199,0.11670,0.03467,0.00459,0.11913,0.00189,0.02097,0.02705,0.08437,0.02096,0.02886,0.00088,0.00338,0.36698,0.03630,0.02927,0.03583,0.04740,0.00818,0.02415,0.06566,0.03085,0.04939,0.20068,0.05015,0.02621,0.02556
14.42133,1,0.25608,0.00319,0.32377,0.05026,0.01415,0.14886,0.02553,0.00368,0.30186,0.00136,0.01448,0.01926,0.05825,0.01478,0.01993,0.00063,0.00167,0.48083,0.04235,0.03709,0.03207,0.03338,0.00308,0.02207,0.06552,0.03900,0.06222,0.08536,0.03007,0.03304,0.03225
14.44267,4,0.23663,0.00278,0.22419,0.03893,0.01450,0.28420,0.10322,0.00281,0.22647,0.00140,0.01009,0.02064,0.04381,0.01220,0.01388,0.00087,0.00099,0.52583,0.04474,0.04018,0.03059,0.02784,0.00107,0.02125,0.06547,0.04222,0.06731,0.03964,0.02225,0.03574,0.03490
14.46400,11,0.40971,0.00194,0.15476,0.02741,0.01037,0.21254,0.14224,0.00206,0.15630,0.00102,0.00722,0.01850,0.23268,0.02222,0.00962,0.00112,0.00074,0.54185,0.04559,0.04128,0.03006,0.02586,0.00035,0.02096,0.06545,0.04337,0.06912,0.02334,0.01949,0.03670,0.03584
14.48533,11,0.53372,0.00137,0.10680,0.01900,0.00720,0.14675,0.10135,0.00149,0.10785,0.00074,0.00514,0.01411,0.45143,0.02920,0.00665,0.00093,0.02776,0.30838,0.03631,0.03602,0.26061,0.03366,0.01211,0.02231,0.04892,0.03741,0.06008,0.01443,0.03772,0.03393,0.03035
14.50667,11,0.52260,0.00094,0.07381,0.01314,0.00497,0.10128,0.09708,0.00103,0.07441,0.00315,0.00356,0.01037,0.55103,0.05996,0.00459,0.00068,0.02273,0.13811,0.02626,0.02076,0.19362,0.06164,0.01918,0.02636,0.05457,0.02170,0.03475,0.27069,0.07208,0.02006,0.01749
14.52800,11,0.49590,0.00066,0.05096,0.00915,0.00343,0.07107,0.06778,0.01485,0.05167,0.00342,0.00252,0.00726,0.66873,0.04478,0.00317,0.00055,0.01493,0.06159,0.02101,0.01136,0.11100,0.07919,0.02202,0.02887,0.06107,0.01210,0.01917,0.44455,0.09223,0.01119,0.00973
14.54933,11,0.45352,0.00046,0.03517,0.00632,0.00237,0.04910,0.04697,0.28238,0.03701,0.00252,0.00175,0.00501,0.49715,0.03119,0.00219,0.00041,0.01109,0.03264,0.01891,0.00738,0.07118,0.08664,0.02304,0.02993,0.06417,0.00805,0.01260,0.51989,0.10062,0.00740,0.00647
14.57067,6,0.43692,0.00033,0.02428,0.00439,0.00164,0.03425,0.03327,0.49580,0.02738,0.00192,0.00128,0.00349,0.34678,0.02333,0.00152,0.00036,0.00957,0.02257,0.01816,0.00592,0.05568,0.08939,0.02338,0.03032,0.06537,0.00657,0.01018,0.54793,0.10369,0.00600,0.00528
14.59200,6,0.45225,0.00024,0.01682,0.00304,0.00115,0.02418,0.02331,0.42322,0.01943,0.00334,0.00252,0.21091,0.24110,0.01736,0.00107,0.01230,0.00904,0.01925,0.01790,0.00542,0.05021,0.09033,0.02350,0.03046,0.06579,0.00606,0.00935,0.55759,0.10473,0.00551,0.00487
14.61333,10,0.46005,0.00017,0.01161,0.00210,0.00080,0.01669,0.01609,0.29574,0.01341,0.00472,0.00304,0.44043,0.16706,0.01697,0.00077,0.01040,0.00474,0.00987,0.01291,0.00296,0.03814,0.05576,0.33976,0.03107,0.04988,0.02242,0.03449,0.29778,0.06420,0.00893,0.02711
14.63467,10,0.45591,0.00012,0.00810,0.00153,0.00063,0.01166,0.01121,0.20993,0.01638,0.17225,0.00735,0.42217,0.11629,0.01336,0.00060,0.00843,0.00190,0.00393,0.00957,0.00136,0.03065,0.03236,0.55283,0.03147,0.03911,0.03350,0.05152,0.12159,0.03677,0.01129,0.04215
14.65600,8,0.43447,0.00008,0.00583,0.00128,0.00093,0.00883,0.00833,0.14659,0.01782,0.37923,0.00850,0.32349,0.08082,0.01121,0.00056,0.00650,0.00115,0.00942,0.01204,0.00087,0.03064,0.02832,0.46011,0.03073,0.05005,0.03188,0.17798,0.08496,0.02924,0.01757,0.03503
14.67733,8,0.39705,0.00039,0.00529,0.00406,0.03764,0.05355,0.01785,0.10184,0.03891,0.42936,0.01305,0.22664,0.05581,0.00824,0.00111,0.00624,0.00040,0.02091,0.01737,0.00032,0.03230,0.02613,0.24021,0.02927,0.07274,0.02636,0.40833,0.05699,0.02151,0.02867,0.01846
14.69867,8,0.35142,0.00115,0.00509,0.02919,0.15170,0.13286,0.02727,0.07262,0.04389,0.32020,0.00923,0.15703,0.03856,0.00581,0.00084,0.00454,0.00478,0.03091,0.01808,0.00536,0.03000,0.03453,0.11093,0.02747,0.19139,0.02106,0.40650,0.04479,0.02525,0.02789,0.02107
14.72000,8,0.30153,0.00313,0.00625,0.11585,0.19618,0.13364,0.03809,0.09639,0.03584,0.22426,0.00677,0.10860,0.02665,0.00450,0.00059,0.00327,0.01331,0.04072,0.01533,0.01502,0.02414,0.05047,0.04308,0.02521,0.39401,0.01584,0.23559,0.03364,0.03643,0.01844,0.03878
14.74133,2,0.25838,0.00885,0.00588,0.28731,0.21625,0.09585,0.02781,0.06692,0.02832,0.15760,0.00498,0.07539,0.01840,0.00322,0.00043,0.00279,0.01760,0.04529,0.01379,0.01988,0.02114,0.05848,0.01583,0.02413,0.49498,0.01340,0.14323,0.02850,0.04221,0.01338,0.04818
14.76267,3,0.35878,0.01144,0.01255,0.26881,0.27623,0.06925,0.02261,0.04641,0.02461,0.15203,0.02054,0.06158,0.01315,0.00305,0.00066,0.01708,0.01930,0.04705,0.01315,0.02180,0.01994,0.06165,0.00605,0.02370,0.53478,0.01246,0.10576,0.02654,0.04452,0.01133,0.05197
14.78400,10,0.42551,0.00795,0.00877,0.18593,0.20258,0.04784,0.01618,0.03202,0.01707,0.10593,0.01622,0.30693,0.01093,0.01798,0.00064,0.02303,0.01342,0.02611,0.29988,0.06682,0.03040,0.04283,0.00260,0.01362,0.30130,0.03553,0.07399,0.02608,0.03201,0.00579,0.02962
14.80533,10,0.39489,0.00549,0.00605,0.12831,0.13979,0.03302,0.01116,0.02210,0.01701,0.07309,0.01130,0.51302,0.00758,0.01570,0.00045,0.01593,0.00625,0.03188,0.21680,0.30655,0.03712,0.02355,0.00511,0.01655,0.12998,0.02668,0.10149,0.02334,0.05871,0.00356,0.01244
14.82667,10,0.36886,0.00380,0.00420,0.08856,0.09650,0.02285,0.00771,0.01535,0.30492,0.05044,0.00789,0.36984,0.00524,0.01139,0.00031,0.01100,0.00240,0.03251,0.10787,0.19612,0.03650,0.02234,0.02543,0.02257,0.09198,0.02235,0.33666,0.03424,0.04333,0.01926,0.00645
14.84800,7,0.34219,0.00262,0.00291,0.06111,0.06663,0.01587,0.00545,0.01060,0.51996,0.03480,0.00544,0.25532,0.00362,0.00787,0.00021,0.00759,0.00084,0.03154,0.05416,0.08369,0.03522,0.02425,0.03867,0.02594,0.08910,0.02138,0.49006,0.04202,0.02835,0.03008,0.00472
14.86933,7,0.31756,0.00181,0.00201,0.04218,0.04600,0.01316,0.00384,0.00734,0.66635,0.02402,0.00375,0.17620,0.00250,0.00544,0.00015,0.00524,0.00028,0.03097,0.03307,0.03093,0.03457,0.02537,0.04434,0.02732,0.09033,0.02116,0.55585,0.04543,0.02137,0.03479,0.00422
14.89067,7,0.27795,0.00133,0.00147,0.02937,0.03312,0.08378,0.00322,0.00543,0.68955,0.01900,0.00259,0.12183,0.00174,0.00385,0.00010,0.00362,0.01085,0.01636,0.02221,0.02184,0.04412,0.03442,0.02599,0.31555,0.05168,0.01305,0.33623,0.03945,0.03060,0.03362,0.00402
14.91200,7,0.24149,0.00106,0.00123,0.02257,0.02715,0.33047,0.00372,0.00477,0.50038,0.01631,0.00179,0.08412,0.00120,0.00266,0.00007,0.00250,0.01803,0.00659,0.01743,0.02227,0.05063,0.04038,0.01294,0.50961,0.02542,0.00760,0.18020,0.03500,0.03770,0.03225,0.00394
14.93333,4,0.23030,0.00073,0.00085,0.01561,0.01886,0.53644,0.00261,0.00348,0.34620,0.01148,0.00123,0.05806,0.00083,0.00184,0.00005,0.00173,0.01995,0.00399,0.01631,0.02278,0.05237,0.04196,0.00942,0.56128,0.01842,0.00615,0.13817,0.03380,0.03964,0.03185,0.00393
14.95467,4,0.40111,0.00053,0.00060,0.01082,0.01397,0.58709,0.00184,0.00242,0.23956,0.00822,0.00106,0.06837,0.00100,0.00701,0.05572,0.00178,0.02188,0.00138,0.01525,0.02345,0.05411,0.04354,0.00587,0.61311,0.01139,0.00470,0.09580,0.03257,0.04160,0.03144,0.00391
14.97600,4,0.48827,0.00037,0.00042,0.00747,0.00964,0.41535,0.00128,0.00167,0.16529,0.00607,0.00081,0.04905,0.00071,0.00702,0.33298,0.00187,0.03072,0.00996,0.01740,0.02510,0.16200,0.04376,0.00957,0.48957,0.01409,0.01028,0.07520,0.02662,0.04605,0.03114,0.00852
14.99733,13,0.54569,0.00025,0.00029,0.00515,0.00665,0.28702,0.00088,0.00115,0.11405,0.00438,0.00061,0.03424,0.00049,0.00487,0.53827,0.00167,0.04605,0.02726,0.02194,0.02774,0.36089,0.04332,0.01834,0.23277,0.02290,0.02141,0.06001,0.01627,0.05321,0.03083,0.01706
15.01867,13,0.55697,0.00018,0.00021,0.00356,0.00459,0.19817,0.00064,0.00080,0.07870,0.00357,0.03022,0.02605,0.00036,0.00348,0.64781,0.00167,0.05370,0.03599,0.02424,0.02904,0.46063,0.04307,0.02282,0.10284,0.02747,0.02702,0.05329,0.01110,0.05677,0.03068,0.02134
15.04000,13,0.55427,0.00012,0.00015,0.00246,0.00318,0.13767,0.00055,0.00055,0.05430,0.00291,0.32116,0.01877,0.00034,0.00295,0.45355,0.00134,0.04370,0.03404,0.01774,0.01587,0.26860,0.04224,0.01497,0.04010,0.05237,0.04918,0.07035,0.00531,0.04308,0.28070,0.02174
15.06133,9,0.53937,0.00009,0.00013,0.00173,0.00222,0.09560,0.00131,0.00040,0.03747,0.00415,0.51444,0.01323,0.00080,0.00672,0.32074,0.00099,0.03601,0.03163,0.01307,0.00683,0.12669,0.04171,0.00912,0.01417,0.06856,0.06341,0.08267,0.00206,0.03341,0.44918,0.02147
15.08267,9,0.51442,0.00006,0.00019,0.00124,0.00205,0.06721,0.00319,0.00045,0.02586,0.01027,0.39221,0.00954,0.00120,0.26262,0.22320,0.00071,0.03258,0.03047,0.01102,0.00290,0.06394,0.04149,0.00653,0.00473,0.07551,0.06949,0.08809,0.00073,0.02918,0.52206,0.02129
15.10400,12,0.49721,0.00004,0.00014,0.00086,0.00142,0.04643,0.00333,0.00031,0.01785,0.00724,0.27073,0.00660,0.00083,0.48952,0.15419,0.00051,0.02382,0.02371,0.00944,0.00597,0.04183,0.04041,0.01001,0.00196,0.04295,0.34963,0.06662,0.01683,0.04890,0.29682,0.02110
15.12533,12,0.49502,0.00003,0.00011,0.00060,0.00099,0.03205,0.00471,0.00022,0.01232,0.00522,0.18682,0.00477,0.00059,0.64400,0.10671,0.00087,0.01834,0.01929,0.00863,0.00852,0.03465,0.03970,0.01267,0.00121,0.02016,0.53767,0.05149,0.02784,0.06271,0.13611,0.02099
15.14667,12,0.49466,0.00002,0.00009,0.00041,0.00068,0.02212,0.00673,0.00016,0.00850,0.00367,0.12893,0.00441,0.00048,0.74329,0.07363,0.00687,0.00910,0.01193,0.01098,0.01089,0.03462,0.05409,0.02740,0.01431,0.04104,0.30936,0.03887,0.03807,0.31928,0.05353,0.02651
15.16800,12,0.49340,0.00002,0.00207,0.00033,0.00047,0.01531,0.04825,0.00011,0.00587,0.00942,0.08965,0.08878,0.00155,0.56347,0.05100,0.12370,0.00358,0.00755,0.01266,0.01215,0.03543,0.06387,0.03697,0.02322,0.05809,0.13098,0.03235,0.04353,0.49035,0.01901,0.03025
15.18933,12,0.49212,0.00001,0.01278,0.00024,0.00033,0.01065,0.14339,0.00008,0.00405,0.16861,0.06200,0.06970,0.00153,0.39406,0.03519,0.09736,0.00215,0.00642,0.01312,0.01246,0.03570,0.06648,0.03949,0.02560,0.06281,0.08202,0.03074,0.04490,0.53580,0.01106,0.03124
15.21067,8,0.47887,0.00001,0.01443,0.00029,0.00143,0.00844,0.19358,0.00006,0.00283,0.32297,0.04284,0.04815,0.00107,0.27203,0.02428,0.06757,0.00074,0.00529,0.01357,0.01277,0.03599,0.06910,0.04202,0.02798,0.06762,0.03229,0.02916,0.04624,0.58135,0.00363,0.03224
15.23200,8,0.48875,0.00013,0.01075,0.00022,0.04947,0.00831,0.29084,0.00005,0.00215,0.31766,0.02968,0.03648,0.00162,0.18911,0.01683,0.04671,0.00024,0.00490,0.01374,0.01288,0.03609,0.07004,0.04292,0.02884,0.06936,0.01439,0.02862,0.04670,0.59755,0.00115,0.03260
15.25333,8,0.52026,0.00017,0.00770,0.00019,0.08593,0.00665,0.20519,0.00004,0.00154,0.38015,0.02053,0.07489,0.04214,0.13098,0.01163,0.03227,0.00957,0.02509,0.01332,0.01756,0.02822,0.06699,0.02341,0.02641,0.29809,0.01139,0.05529,0.03680,0.34003,0.00516,0.04269
15.27467,10,0.51906,0.00012,0.00534,0.00014,0.05968,0.00462,0.14214,0.00003,0.00108,0.26392,0.01419,0.32298,0.06341,0.09204,0.00803,0.02228,0.01591,0.03874,0.01302,0.02070,0.02290,0.06482,0.01017,0.02467,0.45200,0.01148,0.07332,0.03007,0.16461,0.00815,0.04945
15.29600,10,0.51312,0.00034,0.00398,0.00019,0.04218,0.00454,0.10475,0.00083,0.00087,0.19471,0.00982,0.38387,0.16477,0.06794,0.00561,0.01561,0.01865,0.04465,0.01288,0.02206,0.02060,0.06387,0.00442,0.02391,0.51855,0.01175,0.08113,0.02715,0.08853,0.00948,0.05237
15.31733,10,0.49012,0.00107,0.00558,0.00060,0.03014,0.01518,0.13210,0.00628,0.00301,0.17815,0.00689,0.33980,0.21380,0.05191,0.00418,0.01132,0.01019,0.03869,0.01711,0.01184,0.02673,0.04602,0.02404,0.02578,0.32531,0.01618,0.32221,0.03633,0.04683,0.02276,0.02997
15.33867,10,0.41885,0.00141,0.00432,0.00345,0.05923,0.20705,0.09648,0.00845,0.00550,0.12636,0.00479,0.24949,0.18610,0.03643,0.00309,0.00784,0.00415,0.03395,0.01997,0.00480,0.03114,0.03411,0.03796,0.02713,0.18694,0.01913,0.48372,0.04287,0.02806,0.03154,0.01453
15.36000,4,0.36517,0.00109,0.00304,0.00872,0.06432,0.41074,0.07207,0.00758,0.00687,0.08730,0.00332,0.17266,0.12956,0.02518,0.00214,0.00541,0.00150,0.03182,0.02121,0.00173,0.03308,0.02897,0.04406,0.02773,0.12619,0.02040,0.55348,0.04574,0.02095,0.03533,0.00780
15.38133,4,0.32084,0.00138,0.00219,0.01158,0.04693,0.52467,0.07490,0.03461,0.00509,0.06031,0.00269,0.12180,0.09001,0.01813,0.00160,0.00410,0.00051,0.03102,0.02167,0.00058,0.03381,0.02706,0.04634,0.02795,0.10345,0.02087,0.57941,0.04681,0.01848,0.03673,0.00530
15.40267,4,0.28186,0.00254,0.00165,0.00889,0.03312,0.46986,0.19764,0.02737,0.00399,0.04197,0.00310,0.09882,0.07020,0.03173,0.00117,0.00795,0.02756,0.03576,0.02358,0.01420,0.26272,0.03430,0.03681,0.02607,0.06669,0.02541,0.33321,0.02869,0.03721,0.03399,0.01379
15.42400,4,0.37341,0.00177,0.00115,0.00614,0.02288,0.32705,0.16056,0.01955,0.00276,0.02903,0.00267,0.07462,0.09819,0.24325,0.00083,0.00955,0.04590,0.03905,0.02481,0.02351,0.41688,0.03941,0.03012,0.02478,0.04462,0.02841,0.16423,0.01634,0.05012,0.03198,0.01981
15.44533,12,0.42538,0.00123,0.00446,0.00426,0.01579,0.22569,0.15154,0.01349,0.00191,0.03587,0.00195,0.07496,0.06833,0.39098,0.00058,0.00896,0.05385,0.04049,0.02534,0.02755,0.48355,0.04165,0.02720,0.02421,0.03537,0.02971,0.09081,0.01099,0.05574,0.03110,0.02245
15.46667,5,0.43274,0.00085,0.00886,0.00295,0.01089,0.15574,0.36902,0.00931,0.00131,0.05055,0.00135,0.05225,0.04716,0.28313,0.00040,0.00623,0.05571,0.04082,0.02546,0.02850,0.49910,0.04217,0.02652,0.02408,0.03324,0.03001,0.07365,0.00974,0.05705,0.03089,0.02307
15.48800,5,0.42126,0.00062,0.01845,0.00208,0.00762,0.10842,0.53562,0.00650,0.00092,0.05018,0.00094,0.03605,0.03254,0.19542,0.00028,0.00436,0.04403,0.03271,0.02286,0.02550,0.40215,0.04901,0.02997,0.02519,0.04044,0.02455,0.05260,0.01753,0.18413,0.02365,0.02568
15.50933,5,0.37509,0.00049,0.02110,0.00614,0.00575,0.07959,0.65530,0.00502,0.00169,0.03889,0.00065,0.02488,0.02245,0.13485,0.00019,0.00301,0.02360,0.02533,0.02238,0.01923,0.20245,0.17699,0.02788,0.02326,0.05372,0.01480,0.04596,0.02685,0.28714,0.01955,0.03085
15.53067,5,0.33184,0.00062,0.01792,0.15512,0.00568,0.09241,0.56696,0.00424,0.00163,0.02696,0.00049,0.01719,0.01549,0.09306,0.00013,0.00209,0.01846,0.03257,0.02823,0.01690,0.10428,0.39786,0.01409,0.01666,0.05632,0.01097,0.05413,0.02229,0.16252,0.02969,0.03503
15.55200,5,0.28911,0.00106,0.02748,0.16361,0.00642,0.09111,0.58718,0.00328,0.00126,0.01865,0.00375,0.01198,0.01070,0.06431,0.00073,0.00848,0.01717,0.03703,0.03144,0.01609,0.06577,0.50802,0.00679,0.01323,0.05676,0.00960,0.05904,0.01914,0.08753,0.03547,0.03691
15.57333,5,0.25070,0.00862,0.03210,0.11738,0.00740,0.09336,0.48270,0.00255,0.00094,0.01303,0.00695,0.00958,0.00739,0.04449,0.01785,0.15567,0.01685,0.03891,0.03274,0.01583,0.05212,0.55147,0.00384,0.01185,0.05681,0.00915,0.06110,0.01777,0.05608,0.03786,0.03763
15.59467,5,0.32959,0.00596,0.02220,0.08126,0.00511,0.06453,0.33355,0.00176,0.00065,0.00947,0.00657,0.00672,0.00510,0.03071,0.18848,0.23793,0.01677,0.03961,0.03322,0.01574,0.04755,0.56692,0.00278,0.01136,0.05680,0.00900,0.06185,0.01725,0.04454,0.03873,0.03787
15.61600,14,0.45914,0.00412,0.01532,0.05607,0.00352,0.04453,0.23031,0.00121,0.00045,0.00679,0.00456,0.00998,0.15047,0.02300,0.13094,0.31873,0.01675,0.03984,0.03338,0.01572,0.04607,0.57210,0.00242,0.01119,0.05679,0.00895,0.06211,0.01708,0.04060,0.03903,0.03796
15.63733,11,0.48441,0.00284,0.01057,0.03869,0.00243,0.03073,0.15892,0.00084,0.00031,0.00476,0.00319,0.01582,0.39144,0.01827,0.09038,0.23080,0.01675,0.03992,0.03343,0.01571,0.04561,0.57377,0.00231,0.01114,0.05679,0.00894,0.06220,0.01702,0.03932,0.03912,0.03798
15.65867,11,0.49981,0.00196,0.00736,0.02670,0.00171,0.02129,0.10972,0.00058,0.00022,0.00864,0.00249,0.01486,0.55045,0.03004,0.06245,0.16152,0.00984,0.04516,0.01924,0.02841,0.02789,0.31125,0.01599,0.00821,0.06181,0.02575,0.05969,0.02318,0.04353,0.03217,0.28790
15.68000,11,0.50778,0.00136,0.00511,0.01842,0.00123,0.01509,0.07583,0.00040,0.00034,0.26354,0.00184,0.01310,0.42465,0.02451,0.04310,0.11148,0.00834,0.03301,0.01652,0.01932,0.03457,0.16998,0.02150,0.01827,0.06450,0.01880,0.03550,0.27726,0.07313,0.01854,0.19074
15.70133,8,0.50227,0.00094,0.00363,0.01271,0.00087,0.01079,0.05443,0.00028,0.00024,0.48821,0.00129,0.00924,0.29332,0.01737,0.02976,0.07693,0.00846,0.02398,0.01699,0.01113,0.04195,0.11750,0.02299,0.02552,0.06549,0.01138,0.01961,0.44747,0.09237,0.01049,0.08464
15.72267,8,0.49976,0.00065,0.00253,0.00878,0.00386,0.02074,0.07763,0.00021,0.00017,0.56643,0.00091,0.00798,0.20375,0.03271,0.02054,0.05312,0.00856,0.02152,0.01725,0.00883,0.04409,0.10605,0.02326,0.02748,0.06571,0.00925,0.01540,0.49274,0.09746,0.00841,0.05397
15.74400,8,0.50071,0.00045,0.00209,0.00606,0.00275,0.01439,0.06581,0.00015,0.00012,0.39485,0.00067,0.01487,0.15947,0.28672,0.01418,0.03743,0.01132,0.02600,0.01643,0.01053,0.03981,0.08934,0.01832,0.02784,0.17869,0.00845,0.02881,0.41457,0.08885,0.00750,0.03354
15.76533,12,0.49611,0.00031,0.00198,0.00421,0.00193,0.00997,0.09305,0.00011,0.00011,0.27783,0.00055,0.01511,0.11202,0.44305,0.00981,0.02995,0.01625,0.03802,0.01444,0.01719,0.02859,0.07428,0.00885,0.02555,0.38765,0.01026,0.05996,0.20185,0.06529,0.00888,0.04293
15.78667,12,0.49308,0.00022,0.00242,0.00297,0.00156,0.00700,0.25996,0.00010,0.00025,0.21027,0.00045,0.01439,0.07778,0.39420,0.00680,0.02165,0.01871,0.04419,0.01343,0.02068,0.02283,0.06736,0.00408,0.02428,0.49247,0.01130,0.07584,0.09246,0.05317,0.00970,0.04951
15.80800,5,0.49955,0.00021,0.00430,0.00212,0.00308,0.00512,0.36478,0.00010,0.00044,0.17511,0.00044,0.01394,0.05471,0.35268,0.00473,0.01824,0.01019,0.02633,0.01350,0.01742,0.02844,0.06807,0.02200,0.02647,0.30576,0.00869,0.05530,0.05889,0.31127,0.00524,0.04241
15.82933,5,0.49494,0.00040,0.01158,0.00169,0.01603,0.00441,0.46182,0.00027,0.00221,0.16209,0.00104,0.01304,0.03829,0.26868,0.00336,0.01509,0.00415,0.01352,0.01368,0.01479,0.03295,0.06942,0.03468,0.02811,0.16678,0.00679,0.03946,0.05007,0.48672,0.00212,0.03676
15.85067,5,0.48854,0.00132,0.03589,0.00204,0.02579,0.00427,0.49232,0.00039,0.00299,0.16488,0.00361,0.01025,0.02681,0.20642,0.00244,0.02057,0.00936,0.02445,0.02299,0.01491,0.03933,0.30683,0.02092,0.02032,0.09892,0.00758,0.04831,0.03369,0.29655,0.01916,0.03668
15.87200,5,0.48100,0.00373,0.07590,0.00376,0.02819,0.00536,0.36911,0.00054,0.00371,0.20061,0.00747,0.00761,0.01904,0.24819,0.00177,0.02501,0.01367,0.03350,0.02924,0.01534,0.04303,0.46664,0.00998,0.01485,0.07154,0.00836,0.05636,0.02361,0.14546,0.03105,0.03737
15.89333,12,0.46535,0.00483,0.07258,0.00609,0.02222,0.00645,0.26416,0.00120,0.00606,0.22740,0.01221,0.00671,0.01521,0.31912,0.00136,0.03441,0.01562,0.03760,0.03194,0.01557,0.04457,0.53574,0.00507,0.01246,0.06168,0.00872,0.06008,0.01935,0.07761,0.03624,0.03775
15.91467,12,0.44777,0.00449,0.05382,0.00522,0.01567,0.00483,0.18309,0.00109,0.00554,0.17081,0.01062,0.01043,0.01166,0.29813,0.00126,0.22335,0.01636,0.03915,0.03294,0.01566,0.04513,0.56144,0.00321,0.01157,0.05836,0.00886,0.06150,0.01778,0.05196,0.03818,0.03791
15.93600,12,0.41996,0.00426,0.03924,0.00397,0.01145,0.00417,0.12920,0.00090,0.00399,0.12378,0.01490,0.01619,0.01090,0.37085,0.00166,0.26455,0.00876,0.02314,0.02406,0.01438,0.04097,0.33353,0.02187,0.01978,0.06359,0.00729,0.04608,0.03131,0.30927,0.02045,0.03551
15.95733,12,0.38727,0.01718,0.03192,0.00414,0.00830,0.00384,0.09944,0.00072,0.00366,0.16202,0.01192,0.03131,0.01367,0.32913,0.00163,0.28112,0.00354,0.01216,0.01796,0.01352,0.03810,0.17691,0.03467,0.02542,0.06750,0.00622,0.03552,0.04061,0.48572,0.00827,0.03388
15.97867,12,0.35322,0.06114,0.02325,0.00347,0.00656,0.00365,0.07248,0.00059,0.00299,0.12487,0.01372,0.04523,0.01949,0.32480,0.00182,0.29595,0.00128,0.00739,0.01531,0.01314,0.03685,0.10883,0.04023,0.02787,0.06923,0.00575,0.03094,0.04465,0.56238,0.00298,0.03317
16.00000,14,0.33322,0.06821,0.01635,0.00270,0.00528,0.00322,0.05084,0.00042,0.00250,0.08867,0.02023,0.17182,0.06297,0.24438,0.00151,0.26089,0.00075,0.00628,0.01469,0.01305,0.03656,0.09292,0.04153,0.02845,0.06964,0.00564,0.02987,0.04559,0.58029,0.00174,0.03301
16.02133,10,0.31383,0.04825,0.01132,0.00191,0.00369,0.00229,0.03511,0.00029,0.00176,0.06172,0.01889,0.40357,0.05772,0.16956,0.00156,0.18235,0.00025,0.00522,0.01411,0.01297,0.03629,0.07791,0.04275,0.02899,0.07003,0.00554,0.02886,0.04648,0.59719,0.00058,0.03285
16.04267,10,0.31333,0.03363,0.00785,0.00138,0.00258,0.00163,0.02429,0.00020,0.00123,0.04284,0.01484,0.57109,0.05314,0.11742,0.00154,0.12635,0.00055,0.01554,0.01147,0.01981,0.02971,0.05998,0.04043,0.02357,0.06953,0.01454,0.03508,0.04292,0.47463,0.00578,0.15649
16.06400,10,0.35769,0.02327,0.00546,0.00122,0.00192,0.00135,0.01678,0.00015,0.00097,0.03013,0.01042,0.68626,0.05234,0.08117,0.00132,0.08726,0.00040,0.02558,0.01567,0.01243,0.02997,0.03991,0.04302,0.02412,0.07983,0.02016,0.29875,0.04395,0.22430,0.02219,0.11970
16.08533,10,0.36518,0.01610,0.00378,0.00095,0.00146,0.00109,0.01160,0.00011,0.00074,0.02254,0.00754,0.77261,0.04258,0.05617,0.00245,0.06027,0.00018,0.02899,0.01929,0.00528,0.03223,0.03109,0.04560,0.02626,0.08696,0.02108,0.47441,0.04584,0.09583,0.03151,0.05546
16.10667,10,0.37214,0.01115,0.00263,0.00080,0.00112,0.00087,0.00803,0.00008,0.00054,0.01724,0.00622,0.83341,0.03138,0.03896,0.00583,0.04172,0.00007,0.03010,0.02095,0.00195,0.03343,0.02778,0.04680,0.02738,0.09006,0.02116,0.55015,0.04679,0.04464,0.03535,0.02339
16.12800,10,0.36489,0.00780,0.00192,0.00142,0.00093,0.00110,0.00568,0.00009,0.00045,0.02051,0.00892,0.85699,0.02637,0.02753,0.01094,0.02934,0.00002,0.03045,0.02158,0.00067,0.03392,0.02664,0.04727,0.02783,0.09122,0.02114,0.57829,0.04717,0.02634,0.03674,0.01073
16.14933,10,0.37674,0.00549,0.00165,0.00201,0.00076,0.00108,0.00406,0.00011,0.00036,0.01493,0.01919,0.83330,0.02234,0.01951,0.05417,0.02105,0.00001,0.03056,0.02180,0.00022,0.03409,0.02626,0.04743,0.02799,0.09162,0.02112,0.58797,0.04730,0.02018,0.03722,0.00623
16.17067,10,0.38212,0.00435,0.00189,0.00380,0.00094,0.00143,0.00347,0.00015,0.00036,0.01260,0.02840,0.77582,0.03327,0.01406,0.10403,0.01543,0.00000,0.03059,0.02187,0.00007,0.03415,0.02614,0.04748,0.02804,0.09175,0.02112,0.59115,0.04734,0.01819,0.03737,0.00473
16.19200,10,0.40336,0.00359,0.00239,0.00560,0.00094,0.00139,0.00319,0.00018,0.00034,0.01324,0.05259,0.70998,0.07263,0.01136,0.11052,0.01205,0.00000,0.03060,0.02190,0.00002,0.03417,0.02611,0.04750,0.02806,0.09179,0.02111,0.59216,0.04736,0.01756,0.03742,0.00424
16.21333,10,0.40502,0.00295,0.00317,0.00630,0.00083,0.00187,0.00312,0.00039,0.00033,0.01522,0.10147,0.61878,0.12030,0.01020,0.10519,0.00986,0.00000,0.03060,0.02190,0.00001,0.03417,0.02609,0.04751,0.02806,0.09180,0.02111,0.59247,0.04736,0.01737,0.03744,0.00409
16.23467,10,0.43060,0.00268,0.00619,0.00572,0.00070,0.00329,0.00269,0.00036,0.00038,0.01691,0.18312,0.51418,0.12021,0.00916,0.12541,0.00899,0.00000,0.03060,0.02191,0.00000,0.03418,0.02609,0.04751,0.02807,0.09181,0.02111,0.59257,0.04736,0.01731,0.03744,0.00404
16.25600,10,0.42197,0.00294,0.10924,0.02431,0.00055,0.00298,0.00189,0.00029,0.00036,0.01430,0.13685,0.49592,0.08999,0.00984,0.09028,0.02026,0.00000,0.03060,0.02191,0.00000,0.03418,0.02609,0.04751,0.02807,0.09181,0.02111,0.59259,0.04736,0.01730,0.03744,0.00403
16.27733,10,0.38581,0.00245,0.28284,0.05254,0.00044,0.00354,0.00143,0.00021,0.00028,0.01008,0.09477,0.40399,0.06301,0.00748,0.06258,0.01436,0.00000,0.03060,0.02191,0.00000,0.03418,0.02609,0.04751,0.02807,0.09181,0.02111,0.59260,0.04736,0.01729,0.03744,0.00402
16.29867,1,0.34990,0.00192,0.42356,0.10705,0.00052,0.00454,0.00115,0.00017,0.00021,0.00707,0.06552,0.28539,0.04357,0.00532,0.04321,0.01082,0.00000,0.03060,0.02191,0.00000,0.03418,0.02609,0.04751,0.02807,0.09181,0.02111,0.59261,0.04736,0.01729,0.03744,0.00402
16.32000,1,0.31649,0.00316,0.52084,0.14154,0.00279,0.00970,0.00157,0.00091,0.00018,0.00496,0.04528,0.19732,0.03008,0.00372,0.02982,0.00812,0.00000,0.03060,0.02191,0.00000,0.03418,0.02609,0.04751,0.02807,0.09181,0.02111,0.59261,0.04736,0.01729,0.03744,0.00402
16.34133,1,0.28838,0.00575,0.56890,0.13471,0.01381,0.04232,0.00745,0.00485,0.00025,0.00360,0.03139,0.13627,0.02076,0.00260,0.02059,0.00675,0.00029,0.27445,0.03323,0.01965,0.03212,0.02552,0.02519,0.02466,0.07942,0.03183,0.34714,0.03230,0.01769,0.03732,0.01918
16.36267,1,0.26031,0.00861,0.61468,0.11982,0.02266,0.05798,0.01176,0.00775,0.00038,0.00270,0.02199,0.09407,0.01433,0.00192,0.01421,0.00715,0.00049,0.43877,0.04086,0.03289,0.03073,0.02514,0.01016,0.02236,0.07108,0.03905,0.18172,0.02215,0.01796,0.03723,0.02940
16.38400,1,0.22461,0.01767,0.59664,0.11492,0.04041,0.09673,0.01333,0.01082,0.00068,0.00192,0.01538,0.06495,0.00991,0.00137,0.00981,0.00547,0.00058,0.50984,0.04416,0.03861,0.03013,0.02498,0.00365,0.02137,0.06747,0.04218,0.11018,0.01776,0.01807,0.03719,0.03382
16.40533,1,0.20507,0.01343,0.49821,0.21037,0.10556,0.07308,0.01072,0.00788,0.00077,0.00187,0.01283,0.04516,0.00685,0.00101,0.00682,0.00545,0.00061,0.53627,0.04539,0.04074,0.02991,0.02492,0.00123,0.02100,0.06612,0.04334,0.08358,0.01613,0.01812,0.03718,0.03547
16.42667,1,0.30895,0.00927,0.36567,0.18456,0.07319,0.05054,0.00751,0.00547,0.00054,0.00165,0.25331,0.03156,0.00477,0.00090,0.00481,0.00625,0.00062,0.54537,0.04581,0.04147,0.02983,0.02490,0.00040,0.02087,0.06566,0.04374,0.07441,0.01557,0.01813,0.03717,0.03603
16.44800,9,0.43737,0.00640,0.25234,0.12856,0.05050,0.03487,0.00519,0.00377,0.00037,0.00114,0.48337,0.02179,0.00331,0.00068,0.00332,0.00438,0.00062,0.54836,0.04595,0.04172,0.02981,0.02489,0.00013,0.02083,0.06551,0.04387,0.07141,0.01538,0.01814,0.03717,0.03622
16.46933,9,0.53222,0.00441,0.17412,0.08872,0.03485,0.02406,0.00358,0.00260,0.00026,0.00079,0.64126,0.01508,0.00349,0.00137,0.00233,0.00307,0.00062,0.54931,0.04599,0.04179,0.02980,0.02489,0.00004,0.02082,0.06546,0.04391,0.07045,0.01533,0.01814,0.03717,0.03628
16.49067,9,0.57118,0.00305,0.12014,0.06122,0.02404,0.01661,0.00247,0.00180,0.00018,0.00055,0.72147,0.02715,0.01614,0.00132,0.00171,0.00217,0.00725,0.29908,0.02822,0.02703,0.03054,0.03163,0.00684,0.01148,0.03687,0.33540,0.05659,0.02470,0.04350,0.03181,0.02907
16.51200,9,0.58058,0.00210,0.08290,0.04224,0.01659,0.01148,0.00171,0.00124,0.00012,0.00038,0.72296,0.09527,0.01198,0.00096,0.00848,0.00158,0.01172,0.13034,0.01623,0.01707,0.03104,0.03617,0.01143,0.00518,0.01761,0.53183,0.04735,0.03103,0.06059,0.02819,0.02421
16.53333,9,0.57337,0.00145,0.05723,0.02915,0.01145,0.00807,0.00119,0.00086,0.00009,0.00028,0.56403,0.19605,0.01089,0.00067,0.11732,0.00128,0.01290,0.08539,0.01304,0.01442,0.03117,0.03738,0.01265,0.00351,0.01248,0.58414,0.04490,0.03272,0.06514,0.02723,0.02291
16.55467,9,0.56100,0.00100,0.03949,0.02011,0.00790,0.00557,0.00084,0.00059,0.00006,0.00020,0.38936,0.16838,0.00778,0.00048,0.35734,0.00089,0.01410,0.04031,0.00984,0.01176,0.03131,0.03859,0.01388,0.00183,0.00733,0.63661,0.04245,0.03441,0.06971,0.02627,0.02162
16.57600,13,0.54091,0.00069,0.02727,0.01390,0.00546,0.00386,0.00064,0.00041,0.00004,0.00019,0.26873,0.14599,0.00576,0.00038,0.52604,0.00063,0.01452,0.02426,0.00870,0.01081,0.03136,0.03902,0.01432,0.00123,0.00550,0.65529,0.04157,0.03501,0.07134,0.02592,0.02115
16.59733,13,0.51751,0.00048,0.01905,0.00964,0.00379,0.01623,0.00298,0.00493,0.00006,0.00764,0.18575,0.10665,0.00430,0.00048,0.63755,0.00048,0.01466,0.01887,0.00832,0.01049,0.03137,0.03917,0.01446,0.00103,0.00489,0.66156,0.04128,0.03521,0.07188,0.02581,0.02100
16.61867,13,0.45903,0.00033,0.01331,0.00702,0.00267,0.24960,0.00250,0.00558,0.00026,0.00736,0.12829,0.07563,0.00313,0.00083,0.50315,0.00034,0.02217,0.02344,0.00900,0.00586,0.02992,0.04021,0.01006,0.00052,0.03982,0.38567,0.06468,0.01869,0.05076,0.27813,0.02106
16.64000,4,0.42766,0.00027,0.01015,0.00550,0.00373,0.46222,0.00339,0.00570,0.00046,0.00752,0.08876,0.05359,0.00223,0.00254,0.35367,0.00027,0.02721,0.02715,0.00951,0.00277,0.02894,0.04090,0.00707,0.00021,0.06343,0.19906,0.08048,0.00754,0.03646,0.44815,0.02113
16.66133,4,0.40764,0.00021,0.04141,0.00385,0.00281,0.40847,0.00282,0.00395,0.00035,0.00871,0.06475,0.19842,0.00218,0.00948,0.25216,0.00044,0.02939,0.02882,0.00973,0.00144,0.02851,0.04120,0.00578,0.00007,0.07365,0.11826,0.08732,0.00271,0.03027,0.52169,0.02116
16.68267,4,0.35821,0.00083,0.04587,0.00291,0.00196,0.39389,0.00223,0.00275,0.00025,0.02018,0.04764,0.24969,0.00491,0.01215,0.21439,0.00038,0.04322,0.03486,0.01722,0.01463,0.25980,0.04203,0.01493,0.01125,0.05438,0.06826,0.07028,0.00466,0.04305,0.29896,0.02247
16.70400,4,0.30025,0.16345,0.03469,0.00356,0.00140,0.31111,0.00162,0.00193,0.00045,0.01740,0.03408,0.21010,0.00411,0.00975,0.20593,0.00040,0.05226,0.03873,0.02225,0.02368,0.41569,0.04256,0.02125,0.01880,0.04014,0.04447,0.05796,0.00657,0.05242,0.13987,0.02335
16.72533,4,0.24700,0.18849,0.05008,0.00580,0.00127,0.25500,0.00176,0.00142,0.00139,0.01547,0.02510,0.20862,0.00374,0.00743,0.23402,0.00041,0.05615,0.04038,0.02442,0.02761,0.48312,0.04278,0.02400,0.02206,0.03385,0.03526,0.05255,0.00746,0.05656,0.07008,0.02372
16.74667,13,0.20113,0.19487,0.05242,0.00452,0.00147,0.18540,0.00172,0.00107,0.00145,0.01347,0.01867,0.20621,0.00419,0.00575,0.30821,0.00056,0.05759,0.04098,0.02522,0.02908,0.50820,0.04287,0.02503,0.02328,0.03149,0.03201,0.05052,0.00780,0.05811,0.04396,0.02387
16.76800,13,0.16337,0.19428,0.05023,0.00450,0.00259,0.13967,0.00201,0.00082,0.00161,0.01773,0.01526,0.18709,0.00711,0.00477,0.37012,0.00221,0.05808,0.04119,0.02550,0.02958,0.51684,0.04289,0.02538,0.02370,0.03067,0.03093,0.04981,0.00792,0.05864,0.03494,0.02391
16.78933,13,0.13180,0.17958,0.04653,0.00528,0.00318,0.11258,0.00295,0.00064,0.00182,0.02186,0.01369,0.16388,0.01075,0.00467,0.42815,0.00445,0.05181,0.03859,0.02193,0.02298,0.40522,0.04254,0.02074,0.01828,0.04180,0.04048,0.05926,0.00611,0.05137,0.15560,0.02329
16.81067,13,0.11007,0.18302,0.06088,0.00756,0.00406,0.09207,0.00649,0.00059,0.00344,0.02513,0.01481,0.14294,0.01335,0.00466,0.43299,0.00802,0.04009,0.03372,0.01525,0.01065,0.19674,0.04189,0.01206,0.00817,0.06259,0.05839,0.07690,0.00273,0.03777,0.38093,0.02212
16.83200,13,0.08984,0.17898,0.07906,0.01383,0.00840,0.07979,0.01281,0.00075,0.00734,0.02874,0.01376,0.13175,0.02143,0.00753,0.39968,0.01615,0.03419,0.03127,0.01189,0.00445,0.09185,0.04156,0.00770,0.00308,0.07305,0.06741,0.08578,0.00103,0.03094,0.49428,0.02153
16.85333,13,0.07577,0.18127,0.12465,0.02521,0.01673,0.07233,0.01569,0.00083,0.01338,0.02806,0.01318,0.11440,0.03433,0.01215,0.32181,0.02598,0.03186,0.03030,0.01056,0.00200,0.05034,0.04143,0.00597,0.00107,0.07719,0.07098,0.08929,0.00036,0.02823,0.53913,0.02130
16.87467,13,0.15205,0.12757,0.08706,0.01787,0.01158,0.05018,0.13181,0.00058,0.00958,0.01945,0.00925,0.15511,0.02530,0.00850,0.32537,0.02079,0.03103,0.02995,0.01009,0.00112,0.03556,0.04139,0.00535,0.00035,0.07866,0.07225,0.09054,0.00012,0.02727,0.55510,0.02121
16.89600,13,0.20349,0.09056,0.06282,0.01255,0.00834,0.03599,0.24294,0.00058,0.00678,0.01491,0.01364,0.12530,0.01811,0.00630,0.31128,0.04987,0.03075,0.02983,0.00993,0.00083,0.03060,0.04137,0.00515,0.00011,0.07916,0.07268,0.09096,0.00004,0.02695,0.56046,0.02119
16.91733,9,0.37732,0.06261,0.04351,0.00867,0.00581,0.02489,0.18906,0.00042,0.00470,0.01054,0.26449,0.08765,0.01255,0.00498,0.22781,0.05231,0.03066,0.02980,0.00988,0.00073,0.02900,0.04137,0.00508,0.00004,0.07932,0.07281,0.09110,0.00001,0.02684,0.56220,0.02118
16.93867,9,0.47967,0.04323,0.03010,0.00599,0.00401,0.01720,0.13737,0.00031,0.00326,0.00777,0.46289,0.06115,0.00889,0.00459,0.16250,0.05075,0.03063,0.02979,0.00986,0.00070,0.02850,0.04136,0.00506,0.00001,0.07937,0.07286,0.09114,0.00000,0.02681,0.56274,0.02118
16.96000,9,0.48649,0.02983,0.02091,0.00414,0.00277,0.01199,0.10069,0.00022,0.00225,0.00601,0.52478,0.04421,0.00647,0.00580,0.17332,0.06660,0.02316,0.02347,0.00905,0.00523,0.02980,0.04036,0.00951,0.00044,0.04425,0.35076,0.06766,0.01659,0.04810,0.31056,0.02106
16.98133,9,0.49448,0.02058,0.01445,0.00286,0.00191,0.00829,0.06957,0.00015,0.00156,0.00514,0.45410,0.03162,0.00457,0.00464,0.29473,0.08582,0.01813,0.01922,0.00851,0.00828,0.03073,0.03969,0.01251,0.00073,0.02058,0.53803,0.05183,0.02776,0.06245,0.14057,0.02098
17.00267,13,0.48162,0.01420,0.01002,0.00199,0.00132,0.00574,0.04802,0.00011,0.00107,0.00543,0.31442,0.02226,0.00320,0.00333,0.50447,0.06441,0.01595,0.01738,0.00827,0.00960,0.03115,0.03940,0.01380,0.00086,0.01035,0.61902,0.04499,0.03259,0.06865,0.06704,0.02094
17.02400,13,0.46874,0.00980,0.00807,0.00138,0.00091,0.00397,0.03339,0.00007,0.00074,0.00697,0.21715,0.01563,0.00226,0.00293,0.64572,0.05101,0.01514,0.01669,0.00818,0.01009,0.03130,0.03929,0.01429,0.00091,0.00654,0.64915,0.04244,0.03439,0.07096,0.03969,0.02093
17.04533,13,0.45917,0.00677,0.00597,0.00096,0.00064,0.00277,0.02608,0.00005,0.00053,0.00773,0.14992,0.01161,0.00185,0.13698,0.61182,0.03633,0.02233,0.02277,0.00896,0.00573,0.02989,0.04025,0.01000,0.00049,0.04036,0.38163,0.06506,0.01843,0.05046,0.28262,0.02104
17.06667,13,0.44287,0.00467,0.00447,0.00066,0.00049,0.00198,0.02122,0.00007,0.00071,0.08360,0.10437,0.00999,0.00201,0.30385,0.43504,0.02686,0.02524,0.02523,0.00927,0.00396,0.02933,0.04064,0.00826,0.00032,0.05406,0.27323,0.07422,0.01196,0.04215,0.38105,0.02109
17.08800,12,0.42777,0.00323,0.00345,0.00046,0.00037,0.00140,0.02412,0.00005,0.00060,0.08710,0.07209,0.00798,0.00161,0.47794,0.30069,0.01891,0.02858,0.02806,0.00964,0.00193,0.02867,0.04109,0.00626,0.00012,0.06981,0.14860,0.08475,0.00452,0.03260,0.49421,0.02114
17.10933,12,0.41144,0.00224,0.00333,0.00033,0.00055,0.00129,0.17611,0.00011,0.00060,0.12013,0.04994,0.00583,0.00121,0.41701,0.20804,0.01327,0.02991,0.02918,0.00978,0.00112,0.02841,0.04127,0.00547,0.00004,0.07606,0.09919,0.08893,0.00157,0.02881,0.53909,0.02116
17.13067,5,0.39629,0.00156,0.00411,0.00025,0.00044,0.00128,0.40246,0.00015,0.00051,0.10687,0.03448,0.00405,0.00084,0.29006,0.14357,0.00937,0.01600,0.01780,0.01169,0.00658,0.03202,0.05502,0.02318,0.01376,0.07398,0.04991,0.06092,0.02256,0.29932,0.29063,0.02662
17.15200,5,0.38178,0.00125,0.00539,0.00043,0.00780,0.00750,0.53430,0.00068,0.00060,0.10776,0.02398,0.00282,0.00059,0.20033,0.09907,0.00750,0.00647,0.01000,0.01296,0.01036,0.03448,0.06426,0.03521,0.02301,0.07183,0.02267,0.04155,0.03706,0.48203,0.11782,0.03029
17.17333,5,0.36302,0.00204,0.01073,0.00109,0.04099,0.03804,0.56611,0.00143,0.00114,0.10144,0.01708,0.00210,0.00047,0.13873,0.06836,0.01025,0.01020,0.02317,0.02273,0.01331,0.03990,0.30501,0.02112,0.01849,0.06450,0.01315,0.04902,0.02931,0.29488,0.06088,0.03433
17.19467,5,0.32859,0.06347,0.03618,0.00153,0.03442,0.06463,0.54023,0.00419,0.00183,0.08615,0.01261,0.00182,0.00041,0.09594,0.04733,0.00925,0.01395,0.03307,0.02915,0.01480,0.04323,0.46603,0.01005,0.01423,0.05986,0.01021,0.05660,0.02219,0.14489,0.04516,0.03658
17.21600,5,0.27377,0.09804,0.05544,0.04260,0.06272,0.08954,0.46124,0.00484,0.00424,0.06395,0.00899,0.00182,0.00035,0.06640,0.03297,0.00685,0.01572,0.03746,0.03191,0.01539,0.04463,0.53554,0.00509,0.01226,0.05788,0.00932,0.06015,0.01890,0.07743,0.04082,0.03750
17.23733,5,0.22411,0.08469,0.06214,0.14715,0.10056,0.09056,0.37811,0.00495,0.00395,0.04534,0.00652,0.00169,0.00031,0.04591,0.02290,0.00522,0.01639,0.03911,0.03293,0.01560,0.04515,0.56137,0.00322,0.01151,0.05715,0.00905,0.06152,0.01765,0.05190,0.03962,0.03783
17.25867,2,0.18462,0.06528,0.05379,0.28733,0.13903,0.07236,0.28006,0.00425,0.00364,0.03461,0.00560,0.00134,0.00032,0.03181,0.01592,0.00466,0.01663,0.03968,0.03328,0.01567,0.04532,0.57026,0.00257,0.01124,0.05690,0.00897,0.06200,0.01721,0.04302,0.03929,0.03794
17.28000,2,0.16071,0.04673,0.03769,0.47659,0.12174,0.05072,0.19402,0.00296,0.00326,0.02440,0.00426,0.00097,0.00026,0.02198,0.01103,0.00341,0.01671,0.03987,0.03340,0.01569,0.04538,0.57318,0.00235,0.01116,0.05682,0.00894,0.06216,0.01706,0.04009,0.03920,0.03798
17.30133,2,0.14889,0.03351,0.02611,0.61455,0.10368,0.03551,0.13418,0.00216,0.00298,0.01696,0.00321,0.00070,0.00020,0.01613,0.00763,0.00249,0.01188,0.02214,0.31070,0.06338,0.04402,0.31405,0.00164,0.00700,0.04360,0.03376,0.05489,0.02125,0.02911,0.02078,0.02180
17.32267,2,0.14602,0.02349,0.01811,0.72635,0.07772,0.02457,0.09264,0.00152,0.00259,0.01177,0.00230,0.00051,0.00015,0.01120,0.00528,0.00179,0.00995,0.01507,0.42103,0.08235,0.04348,0.21076,0.00136,0.00536,0.03835,0.04363,0.05199,0.02292,0.02493,0.01346,0.01536
17.34400,2,0.23895,0.01634,0.01255,0.78207,0.06748,0.01704,0.06397,0.00112,0.00286,0.00882,0.00431,0.00132,0.00232,0.01437,0.00387,0.00156,0.00775,0.00698,0.54730,0.10407,0.04286,0.09249,0.00106,0.00347,0.03233,0.05494,0.04866,0.02484,0.02019,0.00507,0.00799
17.36533,2,0.36777,0.01127,0.00867,0.54777,0.04657,0.01176,0.04414,0.00078,0.00198,0.00616,0.00673,0.00099,0.29200,0.01741,0.00268,0.00108,0.00687,0.00378,0.59721,0.11265,0.04261,0.04573,0.00094,0.00273,0.02996,0.05941,0.04735,0.02560,0.01834,0.00176,0.00507
17.38667,11,0.42471,0.00778,0.00598,0.37821,0.03214,0.00811,0.03046,0.00054,0.00136,0.00428,0.00580,0.00076,0.47230,0.04967,0.00186,0.00075,0.00656,0.00264,0.61498,0.11570,0.04252,0.02908,0.00089,0.00246,0.02911,0.06100,0.04688,0.02588,0.01768,0.00058,0.00404
17.40800,11,0.42029,0.00537,0.00416,0.26100,0.02217,0.00563,0.02210,0.00038,0.00094,0.00501,0.00411,0.00093,0.50207,0.16423,0.00130,0.00062,0.00646,0.00226,0.62094,0.11673,0.04249,0.02349,0.00088,0.00237,0.02883,0.06153,0.04672,0.02597,0.01746,0.00019,0.00369
17.42933,11,0.40945,0.00370,0.00309,0.18009,0.01530,0.00393,0.01979,0.00029,0.00065,0.02033,0.00288,0.00075,0.62096,0.12685,0.00090,0.00046,0.00754,0.00948,0.33824,0.06444,0.04485,0.05453,0.01153,0.01559,0.04626,0.03541,0.02897,0.27787,0.05866,0.00254,0.00412
17.45067,11,0.39715,0.00256,0.00570,0.12428,0.01056,0.00279,0.01735,0.00025,0.00045,0.06362,0.00207,0.00069,0.67433,0.09395,0.00067,0.00075,0.00827,0.01438,0.14704,0.02908,0.04645,0.07609,0.01870,0.02450,0.05804,0.01776,0.01702,0.44760,0.08645,0.00417,0.00444
17.47200,11,0.38144,0.00176,0.02609,0.08591,0.00729,0.00198,0.02270,0.00023,0.00034,0.09664,0.00157,0.00058,0.68406,0.06902,0.00074,0.00109,0.00859,0.01651,0.06427,0.01378,0.04714,0.08548,0.02180,0.02836,0.06314,0.01011,0.01186,0.52101,0.09848,0.00488,0.00459
17.49333,11,0.36134,0.00122,0.04023,0.05944,0.00503,0.00149,0.02445,0.00026,0.00028,0.16843,0.00113,0.00047,0.64581,0.05028,0.00059,0.00089,0.00871,0.01730,0.03348,0.00808,0.04740,0.08899,0.02296,0.02979,0.06503,0.00727,0.00994,0.54831,0.10295,0.00515,0.00465
17.51467,11,0.33653,0.00091,0.06386,0.04194,0.00354,0.00695,0.03730,0.00392,0.00047,0.31477,0.00088,0.00035,0.47733,0.04666,0.00041,0.00072,0.00875,0.01757,0.02287,0.00612,0.04748,0.09020,0.02336,0.03028,0.06569,0.00629,0.00928,0.55771,0.10449,0.00524,0.00467
17.53600,11,0.32895,0.00097,0.04765,0.02942,0.00271,0.01271,0.05620,0.00370,0.00040,0.29197,0.00110,0.00176,0.34884,0.20149,0.00029,0.00077,0.00877,0.01766,0.01939,0.00548,0.04751,0.09060,0.02349,0.03045,0.06590,0.00597,0.00906,0.56080,0.10499,0.00527,0.00467
17.55733,8,0.30671,0.00789,0.06244,0.02150,0.00191,0.03670,0.05766,0.02224,0.00064,0.37604,0.00078,0.00137,0.26405,0.14601,0.00021,0.00057,0.00877,0.01769,0.01828,0.00527,0.04752,0.09072,0.02353,0.03050,0.06597,0.00586,0.00899,0.56179,0.10515,0.00528,0.00467
17.57867,8,0.29352,0.00662,0.10206,0.01512,0.00135,0.03012,0.06094,0.01599,0.00069,0.48026,0.00055,0.00119,0.18245,0.10206,0.00015,0.00046,0.00877,0.01770,0.01793,0.00521,0.04752,0.09076,0.02354,0.03051,0.06599,0.00583,0.00897,0.56209,0.10520,0.00528,0.00467
17.60000,8,0.28770,0.00617,0.18043,0.01165,0.00102,0.02510,0.06048,0.01238,0.00126,0.50035,0.00150,0.00103,0.12600,0.07102,0.00012,0.00150,0.01140,0.02467,0.01672,0.00926,0.04103,0.08445,0.01840,0.02890,0.17877,0.00724,0.02659,0.43860,0.09152,0.00642,0.01603
17.62133,8,0.27697,0.01692,0.20973,0.01289,0.00154,0.03423,0.07623,0.01468,0.00210,0.43129,0.02947,0.00122,0.08707,0.04998,0.00016,0.03248,0.01628,0.03757,0.01454,0.01677,0.02900,0.07276,0.00887,0.02590,0.38767,0.00986,0.05923,0.20980,0.06617,0.00853,0.03706
17.64267,8,0.26545,0.03087,0.18523,0.01345,0.00245,0.07470,0.08445,0.01742,0.00514,0.42981,0.02296,0.00091,0.06025,0.03629,0.00016,0.03591,0.01872,0.04405,0.01346,0.02054,0.02296,0.06689,0.00409,0.02439,0.49247,0.01117,0.07560,0.09500,0.05345,0.00959,0.04762
17.66400,8,0.24919,0.04153,0.16015,0.01331,0.00194,0.05864,0.08749,0.01339,0.01122,0.40124,0.07945,0.00081,0.04169,0.02685,0.00033,0.06196,0.01969,0.04661,0.01303,0.02203,0.02057,0.06457,0.00220,0.02380,0.53389,0.01169,0.08207,0.04963,0.04842,0.01001,0.05179
17.68533,8,0.21377,0.05346,0.14704,0.00954,0.00161,0.04454,0.12800,0.00965,0.01144,0.43722,0.05926,0.00091,0.02883,0.02014,0.00088,0.04747,0.02003,0.04752,0.01288,0.02256,0.01972,0.06375,0.00153,0.02358,0.54864,0.01188,0.08438,0.03348,0.04663,0.01016,0.05327
17.70667,8,0.18187,0.08015,0.14232,0.00732,0.00189,0.03577,0.16062,0.00768,0.01854,0.42407,0.04408,0.00228,0.02070,0.01516,0.00211,0.03731,0.02015,0.04782,0.01283,0.02274,0.01944,0.06347,0.00130,0.02351,0.55358,0.01194,0.08515,0.02806,0.04603,0.01021,0.05377
17.72800,8,0.14954,0.12748,0.12095,0.00771,0.00279,0.02772,0.22375,0.00694,0.02439,0.35019,0.03344,0.00720,0.02162,0.01678,0.00238,0.02666,0.02018,0.04792,0.01282,0.02279,0.01935,0.06338,0.00123,0.02349,0.55518,0.01196,0.08540,0.02631,0.04584,0.01022,0.05393
17.74933,5,0.12185,0.14085,0.09689,0.00745,0.00260,0.02182,0.35649,0.00543,0.01986,0.26434,0.02475,0.00719,0.01842,0.01274,0.00201,0.01917,0.02019,0.04795,0.01281,0.02281,0.01932,0.06335,0.00121,0.02348,0.55568,0.01197,0.08548,0.02576,0.04578,0.01023,0.05398
17.77067,5,0.09961,0.16346,0.08537,0.00736,0.00276,0.01645,0.42643,0.00456,0.01535,0.20984,0.01787,0.00757,0.01765,0.00948,0.00206,0.01381,0.02020,0.04796,0.01281,0.02282,0.01931,0.06334,0.00120,0.02348,0.55584,0.01197,0.08550,0.02559,0.04576,0.01023,0.05400
17.79200,5,0.08061,0.28041,0.10160,0.00588,0.00336,0.01237,0.33478,0.00385,0.01141,0.18936,0.01299,0.00742,0.01539,0.00774,0.00229,0.01116,0.01858,0.04420,0.02250,0.01948,0.03157,0.30344,0.00169,0.01767,0.32146,0.01054,0.07458,0.02153,0.04246,0.02382,0.04648
17.81333,0,0.06731,0.39575,0.11090,0.00463,0.00339,0.00955,0.27186,0.00322,0.00848,0.14743,0.00935,0.00572,0.01183,0.00615,0.00212,0.00962,0.01748,0.04167,0.02904,0.01723,0.03983,0.46524,0.00203,0.01376,0.16348,0.00958,0.06721,0.01882,0.04023,0.03298,0.04142
17.83467,0,0.17043,0.29821,0.08522,0.00484,0.00437,0.00729,0.19494,0.00236,0.00634,0.10649,0.00799,0.15303,0.09619,0.00643,0.01359,0.01271,0.01701,0.04057,0.03186,0.01625,0.04340,0.53523,0.00217,0.01207,0.09515,0.00917,0.06402,0.01765,0.03927,0.03694,0.03923
17.85600,10,0.27559,0.20588,0.05897,0.00337,0.00302,0.00508,0.13477,0.00169,0.00439,0.07354,0.00554,0.39597,0.08482,0.00451,0.00955,0.00890,0.01692,0.04035,0.03243,0.01606,0.04412,0.54923,0.00220,0.01173,0.08149,0.00908,0.06339,0.01742,0.03907,0.03774,0.03879
17.87733,10,0.33858,0.14216,0.04113,0.00273,0.00215,0.00380,0.10471,0.00157,0.00319,0.05151,0.00421,0.55367,0.07135,0.00321,0.00679,0.00782,0.01684,0.04018,0.03288,0.01590,0.04468,0.56029,0.00223,0.01146,0.07069,0.00902,0.06288,0.01723,0.03892,0.03836,0.03844
17.89867,10,0.35637,0.09829,0.03139,0.00621,0.00529,0.02437,0.07967,0.00332,0.00506,0.17394,0.00356,0.42937,0.12576,0.00231,0.00540,0.00606,0.01295,0.03794,0.03043,0.01221,0.04237,0.43936,0.01265,0.01523,0.07355,0.01179,0.18474,0.02413,0.03391,0.03827,0.03045
17.92000,8,0.36647,0.06782,0.02204,0.00431,0.00371,0.01797,0.05499,0.00229,0.00349,0.42492,0.00246,0.29900,0.08744,0.00162,0.00374,0.00419,0.00578,0.03388,0.02572,0.00545,0.03784,0.21063,0.03196,0.02234,0.08347,0.01695,0.41066,0.03700,0.02470,0.03782,0.01580
17.94133,8,0.36595,0.04680,0.01584,0.00298,0.00292,0.02123,0.03837,0.00159,0.00241,0.59229,0.00172,0.20686,0.06035,0.00116,0.00258,0.00290,0.00218,0.03184,0.02335,0.00205,0.03556,0.09570,0.04165,0.02591,0.08864,0.01954,0.52401,0.04346,0.02008,0.03759,0.00846
17.96267,8,0.39005,0.03234,0.01120,0.00209,0.00421,0.02172,0.04436,0.00110,0.00166,0.66895,0.00152,0.14306,0.04197,0.02186,0.00180,0.00216,0.01024,0.03919,0.01813,0.01143,0.02767,0.06775,0.02372,0.02516,0.30869,0.01627,0.33061,0.03574,0.03163,0.02471,0.02904
17.98400,8,0.38821,0.02232,0.00777,0.00156,0.00687,0.01509,0.03425,0.00077,0.00115,0.46404,0.00109,0.09907,0.02958,0.31296,0.00124,0.00222,0.01613,0.04440,0.01492,0.01818,0.02264,0.06335,0.01042,0.02421,0.45633,0.01374,0.18605,0.02974,0.03999,0.01606,0.04383
18.00533,12,0.38513,0.01540,0.00538,0.00108,0.00486,0.01042,0.02385,0.00054,0.00080,0.32083,0.00076,0.06842,0.02053,0.52459,0.00086,0.00170,0.01873,0.04668,0.01356,0.02114,0.02050,0.06302,0.00454,0.02375,0.52012,0.01261,0.12198,0.02705,0.04367,0.01233,0.05032
18.02667,12,0.38084,0.01063,0.00715,0.00102,0.00351,0.00759,0.01821,0.00040,0.00060,0.24262,0.00053,0.04743,0.01428,0.64288,0.00060,0.00256,0.01970,0.04753,0.01306,0.02225,0.01971,0.06317,0.00233,0.02357,0.54383,0.01219,0.09788,0.02604,0.04505,0.01094,0.05276
18.04800,12,0.36773,0.00740,0.02763,0.00137,0.00405,0.01216,0.02497,0.00032,0.00044,0.42134,0.00038,0.03275,0.00988,0.45496,0.00041,0.00194,0.01055,0.02751,0.01337,0.01799,0.02735,0.06663,0.02137,0.02622,0.32387,0.00900,0.06269,0.03574,0.30844,0.00565,0.04363
18.06933,8,0.35732,0.00516,0.03623,0.00135,0.00484,0.01180,0.05712,0.00034,0.00031,0.53192,0.00081,0.02262,0.00682,0.31440,0.00029,0.00599,0.00427,0.01391,0.01363,0.01498,0.03259,0.06894,0.03446,0.02803,0.17282,0.00689,0.04185,0.04240,0.48578,0.00226,0.03718
18.09067,8,0.35038,0.00403,0.05962,0.00151,0.00449,0.01443,0.07489,0.00038,0.00022,0.50600,0.00840,0.01564,0.00471,0.21716,0.00021,0.08831,0.00154,0.00802,0.01375,0.01367,0.03487,0.06994,0.04015,0.02881,0.10717,0.00599,0.03314,0.04529,0.56248,0.00081,0.03437
18.11200,8,0.34499,0.00303,0.12463,0.00137,0.00336,0.01031,0.05327,0.00028,0.00015,0.39123,0.01184,0.01082,0.00326,0.14996,0.00016,0.23633,0.01001,0.02614,0.01332,0.01783,0.02780,0.06695,0.02247,0.02639,0.31084,0.00870,0.05681,0.03632,0.32806,0.00508,0.04328
18.13333,14,0.34238,0.00226,0.09325,0.00111,0.00247,0.00794,0.03781,0.00021,0.00011,0.27526,0.00956,0.00748,0.00226,0.10352,0.00013,0.45663,0.01356,0.03375,0.01314,0.01957,0.02484,0.06569,0.01506,0.02538,0.39626,0.00984,0.06680,0.03255,0.22967,0.00687,0.04702
18.15467,14,0.34007,0.00311,0.06979,0.00125,0.00213,0.00624,0.02740,0.00021,0.00017,0.19308,0.01919,0.00530,0.00164,0.07209,0.00031,0.59809,0.01768,0.04257,0.01294,0.02159,0.02141,0.06423,0.00646,0.02420,0.49530,0.01116,0.07840,0.02819,0.11558,0.00896,0.05135
18.17600,14,0.36107,0.00266,0.10875,0.00228,0.00439,0.00724,0.01966,0.00018,0.00017,0.15493,0.01807,0.00585,0.00796,0.05591,0.00594,0.60602,0.01514,0.04680,0.01064,0.02698,0.01743,0.05241,0.01000,0.01946,0.42234,0.01923,0.07643,0.02751,0.07072,0.01303,0.17189
18.19733,14,0.38664,0.00200,0.12339,0.00701,0.03511,0.00621,0.01372,0.00019,0.00016,0.18423,0.01362,0.02894,0.11712,0.03931,0.00424,0.42476,0.00798,0.04937,0.00652,0.03576,0.01211,0.03138,0.02167,0.01137,0.22820,0.03338,0.06587,0.02886,0.05565,0.01933,0.39253
18.21867,11,0.39418,0.00140,0.08615,0.00517,0.03017,0.00439,0.00954,0.00014,0.00014,0.13194,0.00947,0.06559,0.33235,0.02735,0.00294,0.29327,0.00429,0.05045,0.00446,0.04012,0.00952,0.02087,0.02773,0.00734,0.12848,0.04045,0.06030,0.02964,0.05078,0.02244,0.50312
18.24000,11,0.40565,0.00098,0.05954,0.00360,0.02092,0.00305,0.00661,0.00010,0.00010,0.09154,0.00655,0.05137,0.53208,0.01916,0.00203,0.20237,0.00282,0.05085,0.00365,0.04184,0.00851,0.01672,0.03016,0.00576,0.08872,0.04324,0.05805,0.02996,0.04925,0.02366,0.54682
18.26133,11,0.39971,0.00068,0.04122,0.00249,0.01446,0.00221,0.03965,0.00009,0.00007,0.07334,0.00454,0.04152,0.62455,0.01415,0.00140,0.13964,0.00546,0.03532,0.01020,0.02480,0.02673,0.05106,0.02731,0.01722,0.07381,0.02596,0.03475,0.28001,0.07539,0.01516,0.29681
18.28267,11,0.39150,0.00048,0.02872,0.00172,0.01000,0.00162,0.27572,0.00011,0.00006,0.06782,0.00321,0.02986,0.47242,0.01094,0.00098,0.09636,0.00742,0.02481,0.01471,0.01312,0.03913,0.07471,0.02510,0.02514,0.06856,0.01398,0.01932,0.44846,0.09318,0.00928,0.12308
18.30400,11,0.38272,0.00039,0.02083,0.00119,0.00693,0.00184,0.22470,0.00024,0.00010,0.21110,0.00241,0.02101,0.43296,0.00909,0.00069,0.06652,0.00828,0.02026,0.01668,0.00804,0.04450,0.08499,0.02411,0.02858,0.06682,0.00876,0.01268,0.52132,0.10089,0.00673,0.04737
18.32533,11,0.37084,0.00046,0.01720,0.00095,0.00511,0.00345,0.16104,0.00073,0.00021,0.33354,0.00186,0.01485,0.40665,0.00750,0.00049,0.04595,0.00861,0.01857,0.01741,0.00615,0.04651,0.08882,0.02374,0.02986,0.06625,0.00681,0.01021,0.54842,0.10376,0.00577,0.01911
18.34667,8,0.33884,0.00125,0.01747,0.00259,0.00480,0.01927,0.11462,0.02352,0.00073,0.40353,0.00160,0.01045,0.36154,0.00644,0.00034,0.03185,0.00872,0.01798,0.01766,0.00550,0.04719,0.09014,0.02361,0.03031,0.06608,0.00614,0.00937,0.55775,0.10475,0.00544,0.00936
18.36800,8,0.29488,0.00373,0.01700,0.00329,0.00704,0.15490,0.10484,0.02459,0.00625,0.34425,0.00117,0.00731,0.29847,0.00483,0.00024,0.02207,0.00876,0.01779,0.01774,0.00528,0.04742,0.09058,0.02357,0.03045,0.06602,0.00592,0.00909,0.56081,0.10508,0.00533,0.00615
18.38933,4,0.24559,0.01316,0.01380,0.01629,0.04316,0.27753,0.11278,0.01997,0.01916,0.24023,0.00087,0.00512,0.21895,0.00351,0.00018,0.01528,0.01139,0.02472,0.01662,0.00930,0.04097,0.08435,0.01841,0.02886,0.17879,0.00729,0.02665,0.43788,0.09145,0.00645,0.01686
18.41067,4,0.21489,0.01814,0.01165,0.03721,0.15420,0.30525,0.10353,0.01516,0.01911,0.16619,0.00069,0.00366,0.15175,0.00263,0.00015,0.01068,0.01627,0.03759,0.01451,0.01678,0.02898,0.07273,0.00888,0.02589,0.38768,0.00987,0.05925,0.20958,0.06615,0.00854,0.03732
18.43200,4,0.19129,0.01870,0.01023,0.16433,0.18998,0.27315,0.08223,0.01148,0.01752,0.11479,0.00067,0.00261,0.10478,0.00194,0.00012,0.00748,0.02750,0.04252,0.01640,0.02216,0.13846,0.06218,0.00970,0.02448,0.37146,0.01543,0.06731,0.09089,0.05647,0.01428,0.04077
18.45333,2,0.16947,0.01920,0.00838,0.33816,0.16120,0.22493,0.06241,0.00880,0.01329,0.07930,0.00258,0.00189,0.07242,0.00195,0.00010,0.00538,0.04472,0.04223,0.02145,0.02663,0.34999,0.05115,0.01819,0.02407,0.18875,0.02382,0.05841,0.03809,0.05706,0.02338,0.03207
18.47467,2,0.14689,0.02012,0.01483,0.48954,0.13513,0.16158,0.04391,0.00635,0.01300,0.05525,0.00313,0.00154,0.05005,0.00153,0.00010,0.00393,0.05321,0.04171,0.02405,0.02866,0.45645,0.04596,0.02273,0.02395,0.09106,0.02795,0.05301,0.01821,0.05808,0.02788,0.02711
18.49600,2,0.12537,0.02604,0.01428,0.55216,0.14782,0.13237,0.03063,0.00444,0.01086,0.03852,0.00270,0.00124,0.03464,0.00120,0.00015,0.00294,0.03217,0.02303,0.30604,0.07048,0.27381,0.03360,0.01297,0.01378,0.05082,0.04430,0.04940,0.01978,0.03908,0.01528,0.01547
18.51733,2,0.10556,0.02896,0.01300,0.60661,0.14370,0.11597,0.02180,0.00315,0.00899,0.02675,0.00259,0.00098,0.02411,0.00102,0.00018,0.00220,0.01692,0.01052,0.49571,0.09840,0.13736,0.02592,0.00582,0.00695,0.03610,0.05480,0.04767,0.02321,0.02613,0.00623,0.00826
18.53867,2,0.09049,0.02871,0.00984,0.64217,0.16187,0.08910,0.01542,0.00230,0.00987,0.01857,0.00203,0.00077,0.01677,0.00084,0.00014,0.00159,0.01021,0.00511,0.57771,0.11045,0.07689,0.02267,0.00266,0.00399,0.03108,0.05928,0.04700,0.02495,0.02051,0.00225,0.00521
18.56000,2,0.07529,0.04186,0.00817,0.60674,0.22039,0.07051,0.01110,0.00168,0.00924,0.01331,0.00223,0.00070,0.01178,0.00081,0.00014,0.00136,0.00770,0.00310,0.60820,0.11493,0.05416,0.02148,0.00148,0.00289,0.02944,0.06094,0.04676,0.02564,0.01842,0.00076,0.00409
18.58133,2,0.06316,0.05127,0.00658,0.55638,0.28234,0.06047,0.00803,0.00127,0.00974,0.00999,0.00226,0.00085,0.00842,0.00096,0.00012,0.00131,0.00683,0.00241,0.61870,0.11647,0.04628,0.02107,0.00107,0.00251,0.02892,0.06151,0.04668,0.02589,0.01770,0.00025,0.00371
18.60267,2,0.07042,0.06611,0.00557,0.59905,0.23823,0.05244,0.00634,0.00146,0.00886,0.00780,0.00271,0.00155,0.00637,0.00170,0.00015,0.00166,0.00654,0.00219,0.62215,0.11698,0.04368,0.02093,0.00094,0.00239,0.02876,0.06169,0.04666,0.02597,0.01746,0.00008,0.00358
18.62400,2,0.11462,0.06393,0.00882,0.47446,0.18617,0.03873,0.01335,0.00176,0.00713,0.01000,0.00463,0.00727,0.03465,0.13985,0.00286,0.00639,0.00645,0.00211,0.62324,0.11714,0.04285,0.02089,0.00089,0.00235,0.02871,0.06175,0.04665,0.02600,0.01739,0.00002,0.00354
18.64533,12,0.13856,0.04494,0.00825,0.32863,0.18033,0.02801,0.01628,0.00164,0.00504,0.01135,0.00366,0.00642,0.02515,0.33195,0.00200,0.00633,0.00642,0.00209,0.62359,0.11719,0.04259,0.02088,0.00088,0.00234,0.02870,0.06177,0.04665,0.02600,0.01736,0.00001,0.00353
18.66667,12,0.18446,0.03156,0.00971,0.22747,0.13101,0.02272,0.01499,0.00235,0.00349,0.04594,0.00308,0.00579,0.01786,0.47362,0.00142,0.00897,0.00642,0.00209,0.62365,0.11720,0.04254,0.02087,0.00088,0.00233,0.02870,0.06177,0.04665,0.02601,0.01736,0.00000,0.00353
18.68800,12,0.23949,0.02180,0.00774,0.15706,0.09165,0.01666,0.01340,0.00177,0.00243,0.08477,0.00253,0.00469,0.01527,0.55441,0.00102,0.02481,0.00494,0.00269,0.48329,0.09320,0.04104,0.03230,0.01066,0.00853,0.03825,0.04882,0.04244,0.03082,0.15277,0.00000,0.01026
18.70933,12,0.32000,0.01507,0.00567,0.10843,0.06377,0.01211,0.01165,0.00132,0.00168,0.07239,0.00178,0.00331,0.02030,0.65652,0.00070,0.02528,0.00220,0.00380,0.22324,0.04873,0.03833,0.05346,0.02877,0.02001,0.05596,0.02482,0.03464,0.03974,0.40357,0.00000,0.02273
18.73067,12,0.38168,0.01040,0.00397,0.07482,0.04401,0.00836,0.00815,0.00092,0.00116,0.05422,0.00123,0.00240,0.04352,0.72218,0.00049,0.02418,0.00083,0.00437,0.09278,0.02643,0.03697,0.06407,0.03786,0.02577,0.06484,0.01277,0.03073,0.04422,0.52938,0.00000,0.02899
18.75200,12,0.38655,0.00718,0.00286,0.05163,0.03037,0.00579,0.00650,0.00064,0.00080,0.04342,0.00087,0.00220,0.08572,0.73685,0.00036,0.02480,0.00029,0.00459,0.04122,0.01761,0.03643,0.06827,0.04145,0.02805,0.06835,0.00801,0.02918,0.04598,0.57911,0.00000,0.03146
18.77333,12,0.37828,0.00496,0.00210,0.03563,0.02096,0.00401,0.01051,0.00047,0.00055,0.05319,0.00065,0.00248,0.11017,0.73545,0.00026,0.01861,0.00010,0.00467,0.02287,0.01447,0.03624,0.06976,0.04273,0.02886,0.06960,0.00632,0.02863,0.04661,0.59680,0.00000,0.03234
18.79467,12,0.34013,0.00348,0.00176,0.02575,0.01490,0.02066,0.25378,0.00984,0.00040,0.04235,0.00047,0.00190,0.07673,0.53442,0.00018,0.01338,0.00003,0.00469,0.01671,0.01342,0.03618,0.07026,0.04316,0.02913,0.07002,0.00575,0.02844,0.04682,0.60274,0.00000,0.03263
18.81600,12,0.28712,0.00283,0.00240,0.01850,0.01044,0.17001,0.30058,0.02254,0.00033,0.03344,0.00034,0.00153,0.05443,0.37310,0.00013,0.00941,0.00001,0.00470,0.01472,0.01308,0.03616,0.07042,0.04330,0.02921,0.07016,0.00557,0.02838,0.04689,0.60466,0.00000,0.03273
18.83733,5,0.23881,0.00482,0.00624,0.01288,0.00776,0.23602,0.37438,0.02708,0.00032,0.02421,0.00026,0.00131,0.03966,0.25837,0.00010,0.00658,0.00000,0.00470,0.01410,0.01298,0.03615,0.07047,0.04334,0.02924,0.07020,0.00551,0.02837,0.04691,0.60526,0.00000,0.03276
18.85867,5,0.20589,0.01296,0.01748,0.00929,0.01018,0.27472,0.37466,0.06207,0.00060,0.02264,0.00062,0.00140,0.02748,0.17882,0.00009,0.00699,0.00000,0.00471,0.01390,0.01294,0.03615,0.07049,0.04335,0.02925,0.07021,0.00549,0.02836,0.04692,0.60545,0.00000,0.03277
18.88000,4,0.18902,0.00913,0.01220,0.00684,0.00805,0.49080,0.25906,0.04528,0.00413,0.01567,0.00044,0.00104,0.01897,0.12347,0.00007,0.00486,0.00787,0.02126,0.02307,0.01424,0.04050,0.30725,0.02405,0.02073,0.06391,0.00711,0.04427,0.03286,0.33927,0.01840,0.03522
18.90133,4,0.17045,0.00689,0.00854,0.00507,0.00590,0.62451,0.18385,0.03166,0.00300,0.01084,0.00035,0.01042,0.01331,0.08640,0.00010,0.00916,0.01317,0.03242,0.02926,0.01511,0.04343,0.46678,0.01104,0.01499,0.05966,0.00820,0.05499,0.02339,0.15988,0.03080,0.03688
18.92267,4,0.18294,0.00841,0.00624,0.00369,0.00425,0.69834,0.14671,0.02196,0.00244,0.00766,0.00027,0.01125,0.01214,0.06535,0.00010,0.01119,0.02415,0.03570,0.02911,0.01860,0.15369,0.38688,0.01294,0.01641,0.05242,0.01344,0.05491,0.01879,0.11676,0.03212,0.03408
18.94400,4,0.29716,0.00581,0.00431,0.00254,0.00293,0.48391,0.10228,0.01516,0.00168,0.00529,0.00019,0.00786,0.01462,0.34503,0.00007,0.00832,0.04329,0.03925,0.02744,0.02485,0.35726,0.20282,0.01940,0.02032,0.03998,0.02289,0.05233,0.01242,0.07744,0.03178,0.02853
18.96533,12,0.33641,0.00401,0.00316,0.00176,0.00202,0.33395,0.07065,0.01046,0.00116,0.00409,0.00017,0.00639,0.01289,0.53624,0.00006,0.01299,0.05269,0.04060,0.02636,0.02796,0.45927,0.10426,0.02314,0.02251,0.03391,0.02759,0.05062,0.00959,0.06470,0.03112,0.02568
18.98667,12,0.33722,0.00278,0.14728,0.00501,0.00143,0.23126,0.05370,0.00722,0.00081,0.08359,0.00023,0.00633,0.01005,0.43883,0.00006,0.01143,0.05637,0.04107,0.02589,0.02918,0.49957,0.06440,0.02470,0.02341,0.03153,0.02945,0.04989,0.00853,0.06068,0.03079,0.02454
19.00800,12,0.32414,0.00192,0.27844,0.01469,0.00114,0.15988,0.04833,0.00499,0.00058,0.16467,0.00049,0.00452,0.00699,0.30528,0.00004,0.00803,0.03028,0.02403,0.02017,0.02167,0.28617,0.06301,0.03363,0.02625,0.04945,0.01839,0.03969,0.02645,0.31622,0.01629,0.02829
19.02933,1,0.28619,0.00168,0.30656,0.03857,0.00309,0.12912,0.05841,0.00573,0.00094,0.22900,0.00042,0.00314,0.00493,0.21277,0.00003,0.00561,0.01226,0.01250,0.01637,0.01647,0.13753,0.06689,0.03946,0.02806,0.06181,0.01071,0.03292,0.03866,0.48885,0.00656,0.03095
19.05067,2,0.24051,0.00250,0.22943,0.25623,0.01667,0.11778,0.04148,0.00488,0.00485,0.16939,0.00032,0.00224,0.00341,0.14690,0.00002,0.00389,0.00442,0.00751,0.01474,0.01421,0.07271,0.06909,0.04196,0.02883,0.06719,0.00737,0.02999,0.04395,0.56356,0.00236,0.03211
19.07200,4,0.20275,0.01044,0.18147,0.22964,0.04060,0.25942,0.03862,0.00744,0.00375,0.11975,0.00027,0.00189,0.00240,0.10151,0.00003,0.00278,0.00179,0.26166,0.02925,0.02693,0.04553,0.04858,0.02252,0.02514,0.06695,0.02418,0.04848,0.03106,0.31545,0.01825,0.03421
19.09333,4,0.19442,0.00733,0.13075,0.17625,0.14185,0.34825,0.02694,0.00626,0.00359,0.08290,0.00021,0.00192,0.00167,0.07009,0.00003,0.00194,0.00369,0.17630,0.31058,0.07119,0.04113,0.03259,0.00953,0.01389,0.04887,0.04430,0.05031,0.02676,0.13875,0.01202,0.02008
19.11467,4,0.33108,0.00509,0.09030,0.12175,0.23393,0.27225,0.01938,0.00434,0.00249,0.05721,0.01701,0.12258,0.00144,0.04974,0.00006,0.00242,0.02966,0.09578,0.21684,0.05787,0.26628,0.03553,0.01556,0.01705,0.03755,0.04035,0.04983,0.01758,0.08074,0.01954,0.01983
19.13600,9,0.40935,0.00352,0.06230,0.08401,0.18436,0.18830,0.01341,0.00300,0.00172,0.03948,0.28121,0.09920,0.00204,0.03486,0.00006,0.00256,0.04681,0.06090,0.10825,0.04198,0.41827,0.03967,0.02132,0.02092,0.03285,0.03478,0.04960,0.01180,0.06488,0.02597,0.02200
19.15733,9,0.42717,0.00243,0.04299,0.05798,0.12859,0.13002,0.00934,0.00207,0.00119,0.02724,0.44533,0.06975,0.00155,0.02452,0.00012,0.05688,0.05419,0.04791,0.05635,0.03435,0.48405,0.04170,0.02399,0.02279,0.03114,0.03206,0.04952,0.00935,0.06054,0.02890,0.02319
19.17867,9,0.43509,0.00168,0.02968,0.04003,0.08877,0.09021,0.00743,0.00143,0.00083,0.01881,0.57503,0.04928,0.00123,0.02027,0.00019,0.07515,0.03645,0.03172,0.02799,0.02223,0.27854,0.04076,0.01984,0.01273,0.01849,0.32882,0.04558,0.02128,0.06557,0.02774,0.02226
19.20000,9,0.40650,0.00116,0.02049,0.02763,0.06129,0.16418,0.00548,0.00138,0.00068,0.03047,0.53021,0.04983,0.00446,0.04434,0.00022,0.05819,0.02890,0.02612,0.02023,0.01793,0.19238,0.04025,0.01801,0.00860,0.01357,0.44709,0.04401,0.02619,0.06783,0.02708,0.02181
19.22133,9,0.38024,0.00080,0.01414,0.01907,0.04249,0.37932,0.00394,0.00941,0.00050,0.02266,0.39353,0.03675,0.00312,0.03293,0.00018,0.04116,0.02012,0.01995,0.01237,0.01316,0.09249,0.03963,0.01586,0.00384,0.00797,0.58251,0.04222,0.03185,0.07049,0.02627,0.02126
19.24267,4,0.38701,0.00056,0.00976,0.01317,0.02938,0.52908,0.01680,0.00670,0.00044,0.01592,0.27175,0.02920,0.00226,0.04617,0.00013,0.02870,0.01661,0.01758,0.00954,0.01131,0.05266,0.03938,0.01500,0.00194,0.00577,0.63605,0.04152,0.03411,0.07156,0.02594,0.02104
19.26400,4,0.38540,0.00040,0.00675,0.00930,0.02039,0.36847,0.01838,0.00475,0.00031,0.01133,0.18755,0.03523,0.00476,0.30456,0.00009,0.02772,0.01535,0.01675,0.00859,0.01066,0.03842,0.03928,0.01469,0.00127,0.00498,0.65510,0.04127,0.03491,0.07195,0.02581,0.02096
19.28533,12,0.41585,0.00028,0.00848,0.00665,0.01417,0.25447,0.23893,0.00330,0.00023,0.03082,0.12947,0.02758,0.00390,0.25820,0.00008,0.02345,0.03540,0.02819,0.01650,0.01960,0.26362,0.04098,0.01976,0.01183,0.01678,0.36365,0.04510,0.02234,0.06586,0.02805,0.02235
19.30667,5,0.45206,0.00020,0.03511,0.00470,0.00980,0.17563,0.34741,0.00228,0.00016,0.07227,0.08963,0.01951,0.00272,0.18731,0.00020,0.05306,0.04906,0.03600,0.02194,0.02569,0.41703,0.04213,0.02321,0.01902,0.02482,0.16503,0.04771,0.01378,0.06171,0.02956,0.02330
19.32800,5,0.44872,0.00026,0.04275,0.00359,0.00812,0.12172,0.35099,0.00159,0.00013,0.11446,0.06440,0.01382,0.00195,0.13131,0.00047,0.14443,0.02759,0.02220,0.01875,0.02040,0.25584,0.05559,0.03307,0.02466,0.04708,0.06716,0.03892,0.02836,0.31667,0.01585,0.02786
19.34933,5,0.46731,0.00029,0.04812,0.00266,0.01227,0.08431,0.34960,0.00110,0.00014,0.10410,0.05215,0.01542,0.00265,0.09562,0.00523,0.22635,0.01921,0.02844,0.02512,0.01734,0.13151,0.30124,0.01996,0.01900,0.05471,0.02880,0.04857,0.02525,0.22279,0.02481,0.03326
19.37067,14,0.47790,0.00028,0.04471,0.00190,0.00853,0.05820,0.24409,0.00076,0.00010,0.07724,0.03641,0.02291,0.00247,0.06669,0.10656,0.32915,0.01728,0.03502,0.03002,0.01625,0.07660,0.46462,0.00958,0.01439,0.05637,0.01542,0.05654,0.02063,0.11799,0.03311,0.03617
19.39200,13,0.47483,0.00028,0.03341,0.00134,0.00597,0.04019,0.16909,0.00053,0.00009,0.05866,0.02547,0.10494,0.00345,0.04724,0.26328,0.24607,0.01686,0.03813,0.03220,0.01588,0.05598,0.53506,0.00492,0.01231,0.05671,0.01099,0.06016,0.01836,0.06815,0.03694,0.03736
19.41333,13,0.47183,0.00027,0.02396,0.00093,0.00417,0.02775,0.11891,0.00037,0.00007,0.04415,0.01797,0.11950,0.00270,0.03301,0.43398,0.17225,0.00986,0.04454,0.01882,0.02846,0.03126,0.29817,0.01688,0.00861,0.06180,0.02638,0.05900,0.02364,0.05347,0.03142,0.28769
19.43467,13,0.46587,0.00023,0.01822,0.00073,0.00297,0.01969,0.15645,0.00042,0.00008,0.06038,0.01401,0.10953,0.00224,0.02381,0.47079,0.12045,0.01861,0.03848,0.01266,0.01723,0.02660,0.14252,0.01311,0.00406,0.07079,0.05049,0.07388,0.01333,0.03956,0.28026,0.19842
19.45600,13,0.45741,0.00024,0.01416,0.00062,0.00224,0.02002,0.24308,0.00232,0.00032,0.10877,0.01423,0.10243,0.00218,0.02007,0.38515,0.08419,0.02271,0.03553,0.01141,0.01164,0.02676,0.10222,0.01050,0.00257,0.07391,0.05868,0.07994,0.00874,0.03488,0.37979,0.14072
19.47733,13,0.44566,0.00020,0.01030,0.00049,0.00167,0.04582,0.17104,0.00330,0.00048,0.29050,0.01645,0.08411,0.00206,0.02008,0.29398,0.05954,0.02758,0.03200,0.01033,0.00492,0.02751,0.06229,0.00721,0.00094,0.07737,0.06766,0.08692,0.00334,0.02976,0.49386,0.06832
19.49867,8,0.43667,0.00015,0.00726,0.00034,0.00116,0.04028,0.11864,0.00274,0.00035,0.49841,0.01190,0.05874,0.00160,0.01437,0.20295,0.04111,0.02955,0.03056,0.01000,0.00218,0.02797,0.04823,0.00582,0.00032,0.07869,0.07109,0.08968,0.00117,0.02781,0.53899,0.03794
19.52000,8,0.42636,0.00031,0.00629,0.00037,0.00085,0.05867,0.08485,0.00274,0.00026,0.61486,0.00943,0.04101,0.00113,0.01050,0.14004,0.02868,0.03026,0.03004,0.00990,0.00119,0.02817,0.04355,0.00531,0.00010,0.07916,0.07229,0.09067,0.00039,0.02713,0.55506,0.02679
19.54133,8,0.40383,0.00236,0.01030,0.00074,0.00069,0.06166,0.06153,0.00387,0.00026,0.69566,0.00702,0.02905,0.00092,0.00885,0.09665,0.02043,0.02561,0.03841,0.01126,0.01125,0.02402,0.05237,0.00332,0.01106,0.30316,0.04408,0.08835,0.01211,0.03580,0.30080,0.03841
19.56267,8,0.35393,0.01729,0.01429,0.00148,0.00087,0.10450,0.04411,0.01000,0.00049,0.69339,0.00495,0.02051,0.00071,0.00637,0.06673,0.01433,0.02239,0.04410,0.01218,0.01814,0.02121,0.05885,0.00205,0.01847,0.45402,0.02493,0.08667,0.02010,0.04173,0.12759,0.04756
19.58400,8,0.29644,0.02870,0.01319,0.00129,0.00118,0.10804,0.03161,0.00761,0.00072,0.72849,0.00358,0.01443,0.00054,0.00451,0.04610,0.01000,0.02099,0.04658,0.01258,0.02114,0.01999,0.06171,0.00150,0.02168,0.51927,0.01663,0.08593,0.02357,0.04431,0.05247,0.05166
19.60533,8,0.24733,0.04383,0.01150,0.00117,0.00255,0.10255,0.02434,0.00569,0.00113,0.75093,0.00280,0.01066,0.00050,0.00338,0.03196,0.00702,0.02047,0.04750,0.01273,0.02225,0.01954,0.06279,0.00130,0.02287,0.54354,0.01354,0.08565,0.02486,0.04526,0.02450,0.05321
19.62667,8,0.20319,0.06495,0.01265,0.00176,0.00600,0.09557,0.01828,0.00426,0.00198,0.75309,0.00219,0.00845,0.00069,0.00278,0.02221,0.00514,0.02029,0.04781,0.01278,0.02264,0.01938,0.06316,0.00123,0.02328,0.55189,0.01248,0.08556,0.02530,0.04559,0.01486,0.05374
19.64800,8,0.16483,0.09025,0.02015,0.00532,0.01824,0.09342,0.01478,0.00398,0.00413,0.71247,0.00232,0.00812,0.00296,0.00386,0.01577,0.00425,0.02023,0.04792,0.01280,0.02276,0.01933,0.06328,0.00121,0.02342,0.55464,0.01213,0.08553,0.02545,0.04570,0.01169,0.05392
19.66933,8,0.13987,0.12385,0.08678,0.00996,0.02192,0.08139,0.01908,0.00472,0.00978,0.58869,0.00426,0.01300,0.01509,0.00568,0.01177,0.00404,0.02021,0.04795,0.01281,0.02280,0.01931,0.06332,0.00120,0.02346,0.55551,0.01202,0.08552,0.02549,0.04574,0.01068,0.05398
19.69067,8,0.12317,0.24673,0.11423,0.01154,0.01604,0.05986,0.02315,0.00521,0.00821,0.46685,0.00408,0.01089,0.01377,0.00613,0.00934,0.00398,0.02020,0.04796,0.01281,0.02282,0.01931,0.06333,0.00120,0.02347,0.55578,0.01198,0.08551,0.02551,0.04575,0.01037,0.05400
19.71200,0,0.11055,0.41456,0.10043,0.01025,0.01185,0.04331,0.02042,0.00451,0.00641,0.34304,0.00372,0.00908,0.01380,0.00608,0.00799,0.00455,0.02020,0.04796,0.01281,0.02282,0.01931,0.06334,0.00120,0.02348,0.55587,0.01197,0.08551,0.02551,0.04575,0.01027,0.05400
19.73333,0,0.10192,1.00000,0.00000,0.00000,0.00000,0.00000,0.00000,0.00000,0.00000,0.00000,0.00000,0.00000,0.00000,0.00000,0.00000,0.00000,0.02020,0.04797,0.01281,0.02282,0.01931,0.06334,0.00120,0.02348,0.55588,0.01197,0.08551,0.02551,0.04575,0.01025,0.05400
19.75467,0,0.09486,1.00000,0.00000,0.00000,0.00000,0.00000,0.00000,0.00000,0.00000,0.00000,0.00000,0.00000,0.00000,0.00000,0.00000,0.00000,0.02020,0.04797,0.01281,0.02282,0.01931,0.06334,0.00120,0.02348,0.55590,0.01197,0.08551,0.02551,0.04575,0.01024,0.05400
19.77600,0,0.08953,1.00000,0.00000,0.00000,0.00000,0.00000,0.00000,0.00000,0.00000,0.00000,0.00000,0.00000,0.00000,0.00000,0.00000,0.00000,0.02020,0.04797,0.01281,0.02282,0.01931,0.06334,0.00120,0.02348,0.55590,0.01197,0.08551,0.02551,0.04575,0.01023,0.05400
19.79733,0,0.08638,1.00000,0.00000,0.00000,0.00000,0.00000,0.00000,0.00000,0.00000,0.00000,0.00000,0.00000,0.00000,0.00000,0.00000,0.00000,0.02020,0.04797,0.01281,0.02282,0.01931,0.06334,0.00120,0.02348,0.55590,0.01197,0.08551,0.02551,0.04575,0.01023,0.05400
19.81867,0,0.08377,1.00000,0.00000,0.00000,0.00000,0.00000,0.00000,0.00000,0.00000,0.00000,0.00000,0.00000,0.00000,0.00000,0.00000,0.00000,0.02020,0.04797,0.01281,0.02282,0.01931,0.06334,0.00120,0.02348,0.55590,0.01197,0.08551,0.02551,0.04575,0.01023,0.05400
19.84000,0,0.08239,1.00000,0.00000,0.00000,0.00000,0.00000,0.00000,0.00000,0.00000,0.00000,0.00000,0.00000,0.00000,0.00000,0.00000,0.00000,0.02020,0.04797,0.01281,0.02282,0.01931,0.06334,0.00120,0.02348,0.55590,0.01197,0.08551,0.02551,0.04575,0.01023,0.05400
19.86133,0,0.08105,1.00000,0.00000,0.00000,0.00000,0.00000,0.00000,0.00000,0.00000,0.00000,0.00000,0.00000,0.00000,0.00000,0.00000,0.00000,0.03468,0.04732,0.01263,0.02275,0.01902,0.06258,0.00128,0.02319,0.54648,0.01177,0.08408,0.02567,0.04530,0.01006,0.05319
19.88267,0,0.07929,1.00000,0.00000,0.00000,0.00000,0.00000,0.00000,0.00000,0.00000,0.00000,0.00000,0.00000,0.00000,0.00000,0.00000,0.00000,0.18936,0.04043,0.01069,0.02197,0.01594,0.05446,0.00212,0.02011,0.44591,0.00960,0.06881,0.02733,0.04052,0.00821,0.04455
19.90400,0,0.07833,1.00000,0.00000,0.00000,0.00000,0.00000,0.00000,0.00000,0.00000,0.00000,0.00000,0.00000,0.00000,0.00000,0.00000,0.00000,0.45405,0.02865,0.00738,0.02063,0.01067,0.04056,0.00357,0.01483,0.27379,0.00590,0.04267,0.03018,0.03233,0.00504,0.02975
19.92533,0,0.07936,1.00000,0.00000,0.00000,0.00000,0.00000,0.00000,0.00000,0.00000,0.00000,0.00000,0.00000,0.00000,0.00000,0.00000,0.00000,0.68044,0.01857,0.00454,0.01949,0.00616,0.02867,0.00480,0.01031,0.12659,0.00273,0.02032,0.03261,0.02533,0.00233,0.01710
19.94667,0,0.07822,1.00000,0.00000,0.00000,0.00000,0.00000,0.00000,0.00000,0.00000,0.00000,0.00000,0.00000,0.00000,0.00000,0.00000,0.00000,0.80045,0.01323,0.00304,0.01888,0.00377,0.02237,0.00546,0.00792,0.04856,0.00105,0.00847,0.03390,0.02162,0.00089,0.01039
19.96800,0,0.07709,1.00000,0.00000,0.00000,0.00000,0.00000,0.00000,0.00000,0.00000,0.00000,0.00000,0.00000,0.00000,0.00000,0.00000,0.00000,0.84896,0.01107,0.00243,0.01864,0.00281,0.01983,0.00572,0.00695,0.01701,0.00037,0.00368,0.03443,0.02012,0.00031,0.00768
19.98933,0,0.07683,1.00000,0.00000,0.00000,0.00000,0.00000,0.00000,0.00000,0.00000,0.00000,0.00000,0.00000,0.00000,0.00000,0.00000,0.00000,0.85997,0.01058,0.00229,0.01858,0.00259,0.01925,0.00578,0.00673,0.00985,0.00021,0.00260,0.03454,0.01977,0.00018,0.00707
20.01067,0,0.07125,1.00000,0.00000,0.00000,0.00000,0.00000,0.00000,0.00000,0.00000,0.00000,0.00000,0.00000,0.00000,0.00000,0.00000,0.00000,0.87018,0.01012,0.00216,0.01853,0.00239,0.01871,0.00584,0.00653,0.00321,0.00007,0.00159,0.03465,0.01946,0.00006,0.00650
20.03200,0,0.06468,0.42110,0.16207,0.02463,0.13834,0.01068,0.04545,0.01461,0.02357,0.01239,0.00603,0.00752,0.06044,0.02057,0.00140,0.05120,0.87356,0.00997,0.00212,0.01851,0.00232,0.01854,0.00586,0.00646,0.00102,0.00002,0.00126,0.03469,0.01935,0.00002,0.00631
20.05333,0,0.05956,0.30633,0.25717,0.03393,0.15486,0.01180,0.03863,0.01779,0.02626,0.01299,0.00554,0.00815,0.06014,0.01736,0.00114,0.04791,0.87464,0.00992,0.00211,0.01851,0.00230,0.01848,0.00586,0.00644,0.00031,0.00001,0.00115,0.03470,0.01932,0.00001,0.00625
20.07467,1,0.05654,0.23425,0.33708,0.03768,0.14521,0.02133,0.03194,0.01851,0.02956,0.01492,0.00678,0.00842,0.05185,0.01738,0.00146,0.04363,0.87498,0.00991,0.00210,0.01851,0.00229,0.01846,0.00586,0.00643,0.00010,0.00000,0.00112,0.03471,0.01931,0.00000,0.00623
20.09600,1,0.05463,0.21091,0.37174,0.03638,0.13210,0.02963,0.02848,0.01829,0.02793,0.01537,0.00791,0.00947,0.04821,0.02077,0.00226,0.04056,0.87508,0.00990,0.00210,0.01851,0.00229,0.01846,0.00586,0.00643,0.00003,0.00000,0.00111,0.03471,0.01931,0.00000,0.00622
20.11733,1,0.05245,0.25273,0.33663,0.03650,0.11974,0.03256,0.02599,0.01526,0.02480,0.01665,0.00862,0.01066,0.04951,0.02561,0.00373,0.04101,0.46437,0.26346,0.02273,0.02946,0.01521,0.02148,0.00311,0.01318,0.03074,0.02063,0.03347,0.02559,0.01876,0.01746,0.02035
20.13867,1,0.05000,0.28444,0.30137,0.03803,0.10966,0.03132,0.02886,0.01407,0.02509,0.01821,0.00910,0.01283,0.04742,0.02726,0.00619,0.04616,0.18758,0.43433,0.03663,0.03684,0.02391,0.02351,0.00125,0.01774,0.05145,0.03454,0.05529,0.01945,0.01839,0.02922,0.02987
20.16000,0,0.04647,0.35092,0.23592,0.03451,0.10517,0.02830,0.03498,0.01357,0.02400,0.01900,0.00804,0.01295,0.05035,0.03134,0.00651,0.04446,0.06785,0.50824,0.04264,0.04003,0.02768,0.02439,0.00045,0.01971,0.06041,0.04055,0.06472,0.01679,0.01823,0.03431,0.03399
20.18133,0,0.04561,0.45406,0.17493,0.02788,0.08967,0.02327,0.03410,0.01311,0.02239,0.01683,0.00667,0.01182,0.05005,0.02977,0.00608,0.03937,0.02332,0.53573,0.04487,0.04122,0.02908,0.02472,0.00015,0.02044,0.06374,0.04279,0.06823,0.01580,0.01817,0.03620,0.03553
20.20267,0,0.04404,1.00000,0.00000,0.00000,0.00000,0.00000,0.00000,0.00000,0.00000,0.00000,0.00000,0.00000,0.00000,0.00000,0.00000,0.00000,0.01019,0.54384,0.04553,0.04157,0.02949,0.02482,0.00006,0.02065,0.06472,0.04345,0.06927,0.01551,0.01815,0.03676,0.03598
20.22400,0,0.04606,1.00000,0.00000,0.00000,0.00000,0.00000,0.00000,0.00000,0.00000,0.00000,0.00000,0.00000,0.00000,0.00000,0.00000,0.00000,0.00663,0.54603,0.04571,0.04167,0.02960,0.02484,0.00004,0.02071,0.06499,0.04363,0.06955,0.01543,0.01815,0.03691,0.03610
20.24533,0,0.07514,1.00000,0.00000,0.00000,0.00000,0.00000,0.00000,0.00000,0.00000,0.00000,0.00000,0.00000,0.00000,0.00000,0.00000,0.00000,0.00567,0.54662,0.04576,0.04169,0.02963,0.02485,0.00003,0.02073,0.06506,0.04368,0.06962,0.01541,0.01815,0.03695,0.03613
20.26667,0,0.13763,0.48881,0.06458,0.01534,0.12731,0.03685,0.03322,0.00971,0.01844,0.01339,0.00291,0.01438,0.05989,0.09174,0.00356,0.01988,0.00550,0.54673,0.04577,0.04170,0.02964,0.02485,0.00003,0.02073,0.06507,0.04369,0.06963,0.01541,0.01815,0.03696,0.03614
20.28800,0,0.12726,1.00000,0.00000,0.00000,0.00000,0.00000,0.00000,0.00000,0.00000,0.00000,0.00000,0.00000,0.00000,0.00000,0.00000,0.00000,0.09867,0.48922,0.04109,0.03921,0.02671,0.02417,0.00066,0.01920,0.05810,0.03901,0.06229,0.01747,0.01827,0.03300,0.03293
20.30933,0,0.11312,1.00000,0.00000,0.00000,0.00000,0.00000,0.00000,0.00000,0.00000,0.00000,0.00000,0.00000,0.00000,0.00000,0.00000,0.00000,0.34421,0.33764,0.02876,0.03266,0.01899,0.02236,0.00230,0.01516,0.03973,0.02667,0.04294,0.02292,0.01860,0.02257,0.02449
20.33067,0,0.10295,1.00000,0.00000,0.00000,0.00000,0.00000,0.00000,0.00000,0.00000,0.00000,0.00000,0.00000,0.00000,0.00000,0.00000,0.00000,0.60337,0.17766,0.01575,0.02575,0.01084,0.02045,0.00404,0.01090,0.02034,0.01365,0.02252,0.02868,0.01894,0.01155,0.01557
20.35200,0,0.09526,1.00000,0.00000,0.00000,0.00000,0.00000,0.00000,0.00000,0.00000,0.00000,0.00000,0.00000,0.00000,0.00000,0.00000,0.00000,0.76529,0.07770,0.00762,0.02144,0.00574,0.01926,0.00513,0.00823,0.00822,0.00552,0.00976,0.03227,0.01916,0.00467,0.01000
20.37333,0,0.08565,1.00000,0.00000,0.00000,0.00000,0.00000,0.00000,0.00000,0.00000,0.00000,0.00000,0.00000,0.00000,0.00000,0.00000,0.00000,0.83558,0.03431,0.00409,0.01956,0.00353,0.01874,0.00560,0.00708,0.00296,0.00199,0.00422,0.03383,0.01925,0.00168,0.00758
20.39467,0,0.07722,1.00000,0.00000,0.00000,0.00000,0.00000,0.00000,0.00000,0.00000,0.00000,0.00000,0.00000,0.00000,0.00000,0.00000,0.00000,0.86176,0.01815,0.00277,0.01886,0.00271,0.01855,0.00577,0.00665,0.00100,0.00067,0.00215,0.03441,0.01929,0.00057,0.00668
20.41600,0,0.07006,1.00000,0.00000,0.00000,0.00000,0.00000,0.00000,0.00000,0.00000,0.00000,0.00000,0.00000,0.00000,0.00000,0.00000,0.00000,0.87079,0.01258,0.00232,0.01862,0.00242,0.01849,0.00583,0.00650,0.00032,0.00022,0.00144,0.03461,0.01930,0.00018,0.00637
20.43733,0,0.06773,1.00000,0.00000,0.00000,0.00000,0.00000,0.00000,0.00000,0.00000,0.00000,0.00000,0.00000,0.00000,0.00000,0.00000,0.00000,0.87376,0.01075,0.00217,0.01854,0.00233,0.01846,0.00585,0.00645,0.00010,0.00007,0.00121,0.03468,0.01930,0.00006,0.00627
20.45867,0,0.06724,1.00000,0.00000,0.00000,0.00000,0.00000,0.00000,0.00000,0.00000,0.00000,0.00000,0.00000,0.00000,0.00000,0.00000,0.00000,0.87470,0.01016,0.00212,0.01852,0.00230,0.01846,0.00586,0.00643,0.00003,0.00002,0.00113,0.03470,0.01931,0.00002,0.00623
20.48000,0,0.06527,1.00000,0.00000,0.00000,0.00000,0.00000,0.00000,0.00000,0.00000,0.00000,0.00000,0.00000,0.00000,0.00000,0.00000,0.00000,0.87499,0.00998,0.00211,0.01851,0.00229,0.01845,0.00586,0.00643,0.00001,0.00001,0.00111,0.03470,0.01931,0.00001,0.00622
20.50133,0,0.06409,1.00000,0.00000,0.00000,0.00000,0.00000,0.00000,0.00000,0.00000,0.00000,0.00000,0.00000,0.00000,0.00000,0.00000,0.00000,0.87508,0.00993,0.00210,0.01851,0.00229,0.01845,0.00586,0.00643,0.00000,0.00000,0.00110,0.03471,0.01931,0.00000,0.00622
20.52267,0,0.06317,1.00000,0.00000,0.00000,0.00000,0.00000,0.00000,0.00000,0.00000,0.00000,0.00000,0.00000,0.00000,0.00000,0.00000,0.00000,0.87510,0.00992,0.00210,0.01851,0.00229,0.01845,0.00586,0.00643,0.00000,0.00000,0.00110,0.03471,0.01931,0.00000,0.00622
20.54400,0,0.06225,1.00000,0.00000,0.00000,0.00000,0.00000,0.00000,0.00000,0.00000,0.00000,0.00000,0.00000,0.00000,0.00000,0.00000,0.00000,0.87512,0.00991,0.00210,0.01851,0.00229,0.01845,0.00586,0.00643,0.00000,0.00000,0.00110,0.03471,0.01931,0.00000,0.00622
20.56533,0,0.05722,1.00000,0.00000,0.00000,0.00000,0.00000,0.00000,0.00000,0.00000,0.00000,0.00000,0.00000,0.00000,0.00000,0.00000,0.00000,0.87512,0.00990,0.00210,0.01851,0.00229,0.01845,0.00586,0.00643,0.00000,0.00000,0.00110,0.03471,0.01931,0.00000,0.00622
20.58667,0,0.04996,1.00000,0.00000,0.00000,0.00000,0.00000,0.00000,0.00000,0.00000,0.00000,0.00000,0.00000,0.00000,0.00000,0.00000,0.00000,0.87512,0.00990,0.00210,0.01851,0.00229,0.01845,0.00586,0.00643,0.00000,0.00000,0.00110,0.03471,0.01931,0.00000,0.00622
20.60800,0,0.03942,0.40554,0.00880,0.00373,0.02001,0.00632,0.12063,0.01540,0.00653,0.00496,0.00121,0.00250,0.24955,0.14614,0.00055,0.00815,0.87512,0.00990,0.00210,0.01851,0.00229,0.01845,0.00586,0.00643,0.00000,0.00000,0.00110,0.03471,0.01931,0.00000,0.00622
20.62933,0,0.03311,0.28568,0.02382,0.01027,0.03824,0.00680,0.14244,0.02605,0.01071,0.00585,0.00242,0.00243,0.27828,0.15170,0.00041,0.01489,0.87512,0.00990,0.00210,0.01851,0.00229,0.01845,0.00586,0.00643,0.00000,0.00000,0.00110,0.03471,0.01931,0.00000,0.00622
20.65067,11,0.11532,0.19865,0.01989,0.00819,0.03307,0.00629,0.12903,0.02275,0.00925,0.00679,0.00236,0.00217,0.35605,0.19263,0.00030,0.01257,0.87512,0.00990,0.00210,0.01851,0.00229,0.01845,0.00586,0.00643,0.00000,0.00000,0.00110,0.03471,0.01931,0.00000,0.00622
20.67200,12,0.22952,0.13708,0.01384,0.00568,0.02638,0.00443,0.09568,0.01578,0.00642,0.00636,0.00164,0.00164,0.24659,0.42946,0.00021,0.00882,0.87512,0.00990,0.00210,0.01851,0.00229,0.01845,0.00586,0.00643,0.00000,0.00000,0.00110,0.03471,0.01931,0.00000,0.00622
20.69333,12,0.36250,0.09459,0.00963,0.00397,0.02360,0.00341,0.07120,0.01092,0.00447,0.00529,0.00116,0.00176,0.17592,0.58747,0.00014,0.00648,0.46818,0.01357,0.00947,0.01225,0.02354,0.05243,0.01417,0.01774,0.03100,0.00273,0.00479,0.28249,0.05966,0.00248,0.00549
20.71467,12,0.48985,0.06529,0.00683,0.00280,0.01636,0.00642,0.08730,0.00760,0.00313,0.01269,0.00087,0.00167,0.19364,0.58758,0.00011,0.00770,0.18985,0.00993,0.01257,0.01167,0.03251,0.06579,0.02907,0.02478,0.05387,0.00442,0.01639,0.20741,0.32186,0.00167,0.01820
20.73600,12,0.51663,0.04507,0.00476,0.00196,0.01149,0.00566,0.12731,0.00535,0.00226,0.01042,0.00063,0.00134,0.14625,0.63131,0.00008,0.00611,0.06847,0.00688,0.01346,0.01230,0.03510,0.06927,0.03776,0.02767,0.06424,0.00511,0.02361,0.11653,0.49197,0.00072,0.02689
20.75733,12,0.51067,0.03112,0.00333,0.00147,0.00806,0.00416,0.16328,0.00399,0.00159,0.00756,0.00045,0.00103,0.11134,0.65799,0.00006,0.00457,0.02315,0.00550,0.01372,0.01268,0.03585,0.07018,0.04138,0.02873,0.06818,0.00536,0.02666,0.07284,0.56484,0.00027,0.03065
20.77867,12,0.49822,0.02196,0.00234,0.00435,0.00668,0.00384,0.16312,0.00417,0.00158,0.00599,0.00042,0.00088,0.09841,0.68145,0.00007,0.00474,0.00752,0.00498,0.01379,0.01284,0.03606,0.07042,0.04270,0.02908,0.06956,0.00545,0.02779,0.05585,0.59183,0.00009,0.03206
20.80000,12,0.47116,0.01848,0.00164,0.01094,0.00797,0.00395,0.33416,0.01012,0.00410,0.00440,0.00034,0.00101,0.08502,0.51188,0.00007,0.00591,0.00424,0.00486,0.01380,0.01288,0.03610,0.07046,0.04298,0.02916,0.06984,0.00546,0.02803,0.05207,0.59770,0.00005,0.03236
20.82133,5,0.43806,0.01590,0.00137,0.02550,0.00736,0.00711,0.47601,0.02270,0.00369,0.00322,0.00025,0.00074,0.05941,0.37178,0.00012,0.00484,0.00132,0.00476,0.01382,0.01291,0.03614,0.07049,0.04324,0.02923,0.07010,0.00548,0.02825,0.04858,0.60303,0.00002,0.03264
20.84267,5,0.41531,0.01376,0.00615,0.10629,0.00968,0.02724,0.40582,0.08053,0.00297,0.00294,0.00028,0.00057,0.04118,0.29871,0.00013,0.00375,0.00041,0.00472,0.01382,0.01292,0.03615,0.07049,0.04332,0.02925,0.07018,0.00548,0.02832,0.04745,0.60475,0.00001,0.03273
20.86400,5,0.39103,0.01370,0.02041,0.11514,0.00945,0.11149,0.32303,0.15040,0.00245,0.00625,0.00039,0.00056,0.02887,0.21373,0.00020,0.00395,0.00799,0.02127,0.02304,0.01423,0.04050,0.30725,0.02404,0.02073,0.06390,0.00710,0.04426,0.03303,0.33905,0.01840,0.03521
20.88533,5,0.36631,0.01750,0.03105,0.11861,0.03087,0.19691,0.27219,0.13810,0.00916,0.00606,0.00067,0.00064,0.02037,0.15384,0.00035,0.00369,0.01320,0.03242,0.02925,0.01511,0.04343,0.46678,0.01104,0.01499,0.05965,0.00820,0.05499,0.02344,0.15982,0.03080,0.03687
20.90667,4,0.34178,0.03389,0.03796,0.10341,0.03843,0.23686,0.22755,0.11468,0.05270,0.00610,0.00076,0.00101,0.01428,0.12877,0.00041,0.00319,0.01547,0.03725,0.03194,0.01549,0.04470,0.53578,0.00541,0.01251,0.05782,0.00867,0.05963,0.01931,0.08228,0.03616,0.03759
20.92800,4,0.30928,0.07052,0.04754,0.08126,0.04057,0.23231,0.19441,0.08640,0.10563,0.00567,0.00106,0.00132,0.01019,0.11873,0.00054,0.00387,0.01632,0.03904,0.03294,0.01563,0.04517,0.56145,0.00332,0.01159,0.05713,0.00884,0.06135,0.01777,0.05343,0.03815,0.03786
20.94933,4,0.26835,0.12245,0.04425,0.06291,0.03638,0.18768,0.18565,0.06435,0.10298,0.01112,0.00101,0.00156,0.00762,0.16732,0.00053,0.00417,0.03613,0.04029,0.02961,0.02231,0.26872,0.32058,0.01354,0.01727,0.04445,0.01900,0.05596,0.01301,0.05297,0.03481,0.03135
20.97067,12,0.23482,0.12584,0.04343,0.05003,0.03820,0.15836,0.18037,0.05030,0.13780,0.01430,0.00108,0.00189,0.00605,0.18728,0.00051,0.00456,0.04939,0.04091,0.02725,0.02680,0.41929,0.15521,0.02068,0.02121,0.03598,0.02582,0.05211,0.00999,0.05609,0.03232,0.02693
20.99200,7,0.22359,0.10049,0.03142,0.06313,0.09733,0.13049,0.13462,0.04076,0.24670,0.01071,0.00097,0.00277,0.00469,0.13193,0.00039,0.00360,0.05511,0.04116,0.02622,0.02874,0.48442,0.08336,0.02379,0.02293,0.03232,0.02877,0.05043,0.00870,0.05782,0.03122,0.02501
21.01333,7,0.21511,0.07697,0.02304,0.11429,0.16052,0.11152,0.10412,0.02974,0.26746,0.00763,0.00109,0.00378,0.00427,0.09211,0.00042,0.00306,0.02984,0.02406,0.02028,0.02152,0.28091,0.06953,0.03332,0.02609,0.04973,0.01815,0.03988,0.02651,0.31528,0.01643,0.02845
21.03467,7,0.20943,0.06005,0.01647,0.08073,0.11188,0.08323,0.07231,0.02086,0.47656,0.00534,0.00079,0.00274,0.00300,0.06361,0.00029,0.00214,0.02287,0.01030,0.01683,0.02158,0.14466,0.05676,0.02086,0.31520,0.03251,0.00990,0.05402,0.03163,0.22416,0.02127,0.01744
21.05600,7,0.20747,0.04543,0.01138,0.05631,0.07753,0.06001,0.04996,0.01446,0.63106,0.00371,0.00055,0.00193,0.00208,0.04391,0.00020,0.00148,0.02239,0.00635,0.01598,0.02226,0.10907,0.05227,0.01508,0.42996,0.02409,0.00759,0.06057,0.03207,0.16509,0.02449,0.01274
21.07733,7,0.21064,0.03651,0.00786,0.03930,0.05415,0.04312,0.03455,0.01001,0.73722,0.00258,0.00039,0.00137,0.00147,0.03031,0.00014,0.00102,0.02250,0.00225,0.01515,0.02322,0.07368,0.04730,0.00824,0.56123,0.01400,0.00522,0.06833,0.03212,0.09096,0.02856,0.00726
21.09867,7,0.22161,0.02924,0.00543,0.02778,0.03806,0.03131,0.02423,0.00701,0.81080,0.00179,0.00027,0.00102,0.00120,0.02103,0.00010,0.00072,0.02272,0.00075,0.01486,0.02366,0.06117,0.04538,0.00547,0.61310,0.00988,0.00436,0.07147,0.03202,0.05983,0.03027,0.00508
21.12000,7,0.24067,0.02132,0.00377,0.01969,0.02715,0.02310,0.01772,0.00501,0.86178,0.00125,0.00023,0.00106,0.00132,0.01599,0.00009,0.00053,0.02283,0.00024,0.01477,0.02382,0.05700,0.04470,0.00447,0.63155,0.00839,0.00406,0.07260,0.03195,0.04842,0.03089,0.00429
21.14133,7,0.51214,0.01472,0.00260,0.01361,0.01882,0.01596,0.01223,0.00348,0.66560,0.00086,0.02846,0.03746,0.13798,0.03111,0.01673,0.00038,0.02288,0.00008,0.01474,0.02388,0.05565,0.04448,0.00413,0.63774,0.00789,0.00397,0.07299,0.03193,0.04452,0.03111,0.00403
21.16267,7,0.69456,0.01016,0.00180,0.00939,0.01299,0.01103,0.00845,0.00241,0.46232,0.00060,0.02763,0.17939,0.22892,0.02242,0.02222,0.00027,0.02290,0.00002,0.01473,0.02390,0.05523,0.04441,0.00402,0.63974,0.00772,0.00394,0.07311,0.03192,0.04325,0.03118,0.00394
21.18400,7,0.75876,0.00701,0.00127,0.00650,0.00897,0.00814,0.00585,0.00168,0.31927,0.00043,0.04402,0.26096,0.29795,0.01614,0.02162,0.00019,0.02290,0.00001,0.01472,0.02390,0.05510,0.04438,0.00399,0.64037,0.00767,0.00393,0.07315,0.03192,0.04284,0.03120,0.00391
21.20533,10,0.74723,0.00484,0.00088,0.00450,0.00619,0.00647,0.00406,0.00119,0.22034,0.00051,0.03608,0.42228,0.26580,0.01159,0.01513,0.00014,0.02290,0.00000,0.01472,0.02390,0.05506,0.04438,0.00398,0.64056,0.00766,0.00393,0.07316,0.03191,0.04272,0.03121,0.00391
21.22667,10,0.72107,0.00334,0.00070,0.00403,0.00433,0.03622,0.00364,0.00719,0.15236,0.00655,0.02524,0.52862,0.20798,0.00869,0.01097,0.00013,0.02290,0.00000,0.01472,0.02390,0.05505,0.04437,0.00398,0.64062,0.00765,0.00393,0.07316,0.03191,0.04268,0.03121,0.00390
21.24800,10,0.63377,0.00231,0.00060,0.00325,0.00303,0.07395,0.00303,0.00825,0.10542,0.00499,0.01754,0.60756,0.15579,0.00648,0.00762,0.00017,0.01215,0.01438,0.01810,0.01268,0.04524,0.03579,0.02442,0.35290,0.04718,0.01200,0.31716,0.03917,0.03075,0.03414,0.00396
21.26933,10,0.54420,0.00160,0.00042,0.00227,0.00210,0.05742,0.00230,0.00918,0.07274,0.00345,0.01212,0.71882,0.10773,0.00448,0.00526,0.00012,0.00490,0.02406,0.02037,0.00511,0.03864,0.03000,0.03820,0.15902,0.07382,0.01744,0.48157,0.04406,0.02271,0.03611,0.00399
21.29067,10,0.47358,0.00110,0.00029,0.00157,0.00145,0.04409,0.00167,0.28858,0.05021,0.00238,0.00836,0.51914,0.07434,0.00309,0.00364,0.00008,0.00176,0.02825,0.02136,0.00184,0.03578,0.02749,0.04416,0.07515,0.08534,0.01979,0.55269,0.04618,0.01924,0.03697,0.00401
21.31200,6,0.42228,0.00076,0.00021,0.00138,0.00101,0.03507,0.00130,0.50381,0.03473,0.00164,0.00582,0.35822,0.05130,0.00217,0.00251,0.00006,0.00059,0.02981,0.02172,0.00062,0.03472,0.02656,0.04638,0.04396,0.08963,0.02067,0.57913,0.04696,0.01795,0.03728,0.00402
21.33333,6,0.38696,0.00053,0.00016,0.00100,0.00071,0.02570,0.00097,0.65583,0.02402,0.00114,0.00408,0.24717,0.03539,0.00152,0.00173,0.00005,0.00034,0.03015,0.02180,0.00035,0.03449,0.02636,0.04686,0.03715,0.09056,0.02086,0.58490,0.04713,0.01766,0.03735,0.00402
21.35467,6,0.34637,0.00044,0.00040,0.00517,0.00060,0.03860,0.00115,0.65665,0.01667,0.00117,0.06863,0.17122,0.02443,0.00117,0.00136,0.01237,0.00011,0.02341,0.01852,0.00018,0.03233,0.02397,0.19678,0.03181,0.07760,0.02561,0.46822,0.03693,0.01762,0.03176,0.01514
21.37600,6,0.30272,0.00038,0.00057,0.03008,0.00052,0.04013,0.00130,0.50643,0.01161,0.00119,0.24618,0.11947,0.01686,0.00092,0.00110,0.02323,0.00003,0.01046,0.01232,0.00022,0.02866,0.01984,0.47374,0.03138,0.05230,0.03414,0.24411,0.01780,0.01794,0.02131,0.03573
21.39733,9,0.38938,0.00027,0.00126,0.02198,0.00039,0.02952,0.00162,0.35301,0.00801,0.00131,0.44329,0.09044,0.01168,0.00118,0.00089,0.03516,0.00001,0.00395,0.00921,0.00026,0.02683,0.01777,0.61266,0.03154,0.03956,0.03842,0.13137,0.00819,0.01811,0.01607,0.04606
21.41867,9,0.50744,0.00018,0.00089,0.01521,0.00027,0.02037,0.00130,0.24361,0.00553,0.00094,0.59293,0.06473,0.00849,0.01559,0.00067,0.02930,0.00000,0.00137,0.00798,0.00028,0.02611,0.01696,0.66756,0.03166,0.03451,0.04010,0.08676,0.00439,0.01818,0.01399,0.05014
21.44000,9,0.55285,0.00013,0.00065,0.01050,0.00019,0.01406,0.00093,0.16809,0.00382,0.00085,0.57018,0.05638,0.00868,0.14164,0.00053,0.02337,0.00692,0.00813,0.00792,0.00501,0.02851,0.02734,0.36668,0.01724,0.01993,0.33355,0.06059,0.01851,0.04353,0.01930,0.03685
21.46133,12,0.56656,0.00009,0.00049,0.00727,0.00013,0.00971,0.00066,0.11598,0.00263,0.00059,0.39661,0.03918,0.01014,0.39974,0.00037,0.01641,0.01158,0.01299,0.00803,0.00819,0.03021,0.03443,0.15730,0.00751,0.01070,0.53111,0.04833,0.02848,0.06061,0.02312,0.02740
21.48267,12,0.56092,0.00006,0.00039,0.00504,0.00009,0.00672,0.00049,0.08003,0.00182,0.00053,0.27403,0.02718,0.00945,0.58232,0.00026,0.01159,0.01360,0.01513,0.00810,0.00957,0.03096,0.03750,0.06602,0.00330,0.00678,0.61654,0.04361,0.03284,0.06799,0.02480,0.02327
21.50400,12,0.54979,0.00004,0.00035,0.00349,0.00007,0.00474,0.00047,0.05523,0.00126,0.00199,0.18929,0.01904,0.00880,0.70674,0.00020,0.00828,0.00743,0.01047,0.01079,0.01130,0.03348,0.05333,0.04548,0.01503,0.03616,0.33876,0.03594,0.03993,0.32128,0.01333,0.02728
21.52533,12,0.54148,0.00004,0.00031,0.00241,0.00007,0.00346,0.00088,0.03812,0.00087,0.00313,0.13076,0.01412,0.00829,0.79145,0.00019,0.00589,0.00303,0.00706,0.01260,0.01229,0.03508,0.06362,0.04285,0.02346,0.05643,0.14111,0.03135,0.04417,0.49105,0.00540,0.03050
21.54667,12,0.52153,0.00008,0.00110,0.00182,0.00010,0.00893,0.00219,0.02639,0.00075,0.02478,0.09070,0.01553,0.01869,0.80318,0.00024,0.00550,0.00109,0.00556,0.01338,0.01270,0.03577,0.06803,0.04293,0.02716,0.06525,0.05448,0.02942,0.04594,0.56439,0.00195,0.03194
21.56800,12,0.47728,0.00012,0.00099,0.00579,0.00105,0.23403,0.01032,0.04091,0.00200,0.02097,0.06373,0.01209,0.01397,0.58915,0.00018,0.00471,0.00037,0.00499,0.01367,0.01285,0.03602,0.06967,0.04316,0.02855,0.06854,0.02207,0.02871,0.04660,0.59165,0.00066,0.03249
21.58933,4,0.46423,0.00009,0.00069,0.00403,0.00076,0.44923,0.02619,0.02977,0.00140,0.01485,0.04402,0.00850,0.00966,0.40742,0.00013,0.00327,0.00021,0.00487,0.01374,0.01288,0.03608,0.07002,0.04324,0.02885,0.06926,0.01498,0.02856,0.04674,0.59759,0.00038,0.03261
21.61067,4,0.50043,0.00006,0.00049,0.00279,0.00055,0.45748,0.02834,0.02069,0.00098,0.01029,0.03099,0.07937,0.00798,0.35659,0.00009,0.00330,0.00007,0.00476,0.01379,0.01291,0.03613,0.07035,0.04331,0.02912,0.06991,0.00852,0.02842,0.04686,0.60299,0.00012,0.03272
21.63200,12,0.52868,0.00005,0.00035,0.00193,0.00038,0.31996,0.02451,0.01429,0.00068,0.00724,0.02310,0.25595,0.01170,0.33665,0.00007,0.00314,0.01345,0.01315,0.01653,0.01681,0.14776,0.06410,0.03924,0.02798,0.06093,0.01218,0.03324,0.03794,0.47890,0.00708,0.03072
21.65333,10,0.52189,0.00004,0.00026,0.00134,0.00027,0.22204,0.01722,0.00987,0.00047,0.00745,0.01663,0.38648,0.02443,0.31055,0.00007,0.00290,0.03830,0.02873,0.02157,0.02402,0.35449,0.05237,0.03166,0.02572,0.04396,0.02215,0.04223,0.02135,0.24637,0.02010,0.02697
21.67467,10,0.47603,0.00006,0.00020,0.01583,0.00034,0.27908,0.01749,0.03649,0.00157,0.01003,0.01343,0.35303,0.01733,0.25256,0.00005,0.00251,0.02338,0.01937,0.01855,0.01970,0.23047,0.05943,0.03622,0.02710,0.05420,0.01557,0.03682,0.03131,0.38637,0.01226,0.02923
21.69600,4,0.41595,0.00013,0.00016,0.04259,0.00027,0.41368,0.01624,0.07425,0.00236,0.00761,0.00930,0.24487,0.01197,0.17480,0.00004,0.00174,0.00985,0.02305,0.01961,0.00971,0.11709,0.04498,0.04230,0.02779,0.07361,0.01706,0.29694,0.04055,0.23692,0.02275,0.01778
21.71733,2,0.35601,0.00067,0.00012,0.33277,0.00026,0.28961,0.01142,0.05242,0.00174,0.00526,0.00642,0.16915,0.00827,0.12064,0.00003,0.00121,0.00362,0.02734,0.02091,0.00381,0.06468,0.03387,0.04552,0.02799,0.08472,0.01933,0.47329,0.04485,0.10913,0.03134,0.00962
21.73867,2,0.31082,0.00080,0.00009,0.53656,0.00026,0.20112,0.00805,0.03706,0.00137,0.00366,0.00444,0.11672,0.00571,0.08330,0.00002,0.00084,0.02863,0.03441,0.02329,0.01536,0.27327,0.03682,0.03650,0.02609,0.06040,0.02482,0.29456,0.02801,0.07046,0.03200,0.01540
21.76000,2,0.29646,0.00210,0.00014,0.65648,0.00068,0.14211,0.00754,0.02561,0.00110,0.00261,0.01459,0.08077,0.00397,0.05761,0.00036,0.00433,0.02187,0.02017,0.30565,0.06495,0.19557,0.02992,0.01842,0.01465,0.04185,0.04293,0.14976,0.02459,0.04196,0.01693,0.01078
21.78133,2,0.40626,0.00145,0.00010,0.46673,0.00047,0.09806,0.00535,0.01767,0.00076,0.00181,0.30536,0.05608,0.00277,0.03980,0.00048,0.00310,0.01315,0.00950,0.49555,0.09638,0.10844,0.02460,0.00776,0.00726,0.03349,0.05429,0.08430,0.02509,0.02678,0.00682,0.00658
21.80267,9,0.45788,0.00100,0.00014,0.32751,0.00033,0.06766,0.00417,0.01219,0.00052,0.00131,0.47074,0.07817,0.00526,0.02798,0.00066,0.00234,0.00893,0.00477,0.57766,0.10976,0.06696,0.02223,0.00332,0.00410,0.03033,0.05910,0.05947,0.02562,0.02066,0.00245,0.00465
21.82400,9,0.47650,0.00070,0.00188,0.22640,0.00028,0.04674,0.00464,0.00842,0.00037,0.00802,0.35042,0.14132,0.17830,0.03027,0.00056,0.00168,0.00728,0.00299,0.60818,0.11471,0.05090,0.02133,0.00169,0.00293,0.02923,0.06088,0.05083,0.02586,0.01845,0.00083,0.00391
21.84533,9,0.46292,0.00049,0.03768,0.15636,0.00042,0.03234,0.03263,0.00597,0.00046,0.22530,0.24193,0.11124,0.13165,0.02183,0.00039,0.00130,0.01060,0.00908,0.32954,0.06620,0.04003,0.02965,0.00755,0.00187,0.01754,0.34460,0.04539,0.03033,0.04344,0.01236,0.01182
21.86667,5,0.42520,0.00037,0.03130,0.10934,0.00051,0.02789,0.27572,0.00434,0.00070,0.19643,0.16696,0.07761,0.09249,0.01516,0.00028,0.00090,0.01204,0.01161,0.21669,0.04659,0.03676,0.03301,0.00999,0.00152,0.01297,0.45736,0.04377,0.03209,0.05352,0.01706,0.01502
21.88800,5,0.37291,0.00038,0.02238,0.08198,0.00172,0.06036,0.42014,0.00367,0.00208,0.16304,0.11521,0.05371,0.06394,0.01054,0.00020,0.00062,0.01370,0.01455,0.08695,0.02404,0.03331,0.03688,0.01281,0.00115,0.00775,0.58641,0.04208,0.03409,0.06511,0.02247,0.01869
21.90933,5,0.32817,0.00067,0.01579,0.07326,0.00922,0.05626,0.55840,0.00318,0.00182,0.11274,0.07953,0.03709,0.04417,0.00731,0.00014,0.00044,0.01484,0.02115,0.04135,0.01634,0.03526,0.16165,0.01111,0.00335,0.01770,0.48649,0.04631,0.03067,0.06200,0.02770,0.02408
21.93067,5,0.31719,0.00077,0.01092,0.05081,0.00726,0.04549,0.67826,0.00605,0.00139,0.07797,0.05490,0.02740,0.03057,0.00745,0.00011,0.00067,0.01594,0.03164,0.03381,0.01544,0.04080,0.39044,0.00627,0.00764,0.03922,0.22511,0.05509,0.02314,0.04939,0.03418,0.03188
21.95200,5,0.39598,0.00057,0.00753,0.03506,0.00507,0.03148,0.51113,0.00423,0.00097,0.05500,0.03793,0.19327,0.03547,0.08068,0.00008,0.00151,0.01645,0.03683,0.03307,0.01551,0.04366,0.50513,0.00378,0.00980,0.05014,0.09097,0.05953,0.01932,0.04280,0.03731,0.03570
21.97333,5,0.40918,0.00042,0.00523,0.02420,0.00351,0.02183,0.35335,0.00294,0.00067,0.04460,0.02632,0.35069,0.03884,0.12336,0.00007,0.00397,0.01664,0.03887,0.03322,0.01562,0.04480,0.55045,0.00279,0.01066,0.05448,0.03750,0.06130,0.01780,0.04015,0.03853,0.03720
21.99467,5,0.39821,0.00030,0.00441,0.02235,0.00275,0.01764,0.32802,0.00227,0.00407,0.22847,0.01831,0.24713,0.02732,0.09369,0.00007,0.00320,0.01671,0.03960,0.03335,0.01567,0.04521,0.56658,0.00243,0.01097,0.05602,0.01839,0.06192,0.01726,0.03920,0.03896,0.03773
22.01600,8,0.35225,0.00030,0.00327,0.02319,0.01666,0.04416,0.26516,0.00233,0.09470,0.27990,0.01266,0.17115,0.01892,0.06528,0.00005,0.00225,0.01674,0.03984,0.03342,0.01569,0.04534,0.57199,0.00231,0.01107,0.05654,0.01196,0.06213,0.01708,0.03888,0.03910,0.03791
22.03733,7,0.30934,0.00035,0.00236,0.01703,0.01456,0.04936,0.18348,0.00279,0.34392,0.19946,0.00874,0.11821,0.01306,0.04509,0.00004,0.00156,0.01674,0.03992,0.03344,0.01570,0.04539,0.57374,0.00227,0.01110,0.05671,0.00988,0.06220,0.01702,0.03877,0.03915,0.03797
22.05867,7,0.27824,0.00035,0.00165,0.01257,0.01119,0.05819,0.13056,0.00233,0.51610,0.13770,0.00606,0.08177,0.00904,0.03129,0.00004,0.00118,0.01837,0.04371,0.02375,0.01905,0.03314,0.33417,0.00176,0.01692,0.29121,0.01065,0.07316,0.02100,0.04204,0.02557,0.04551
22.08000,7,0.33641,0.00078,0.00138,0.00939,0.00872,0.05349,0.10280,0.00183,0.42842,0.09572,0.00666,0.22107,0.01099,0.05359,0.00170,0.00345,0.02073,0.02372,0.01812,0.02181,0.04167,0.16363,0.00273,0.31075,0.19167,0.00763,0.07473,0.02670,0.04280,0.02627,0.02704
22.10133,7,0.38631,0.00060,0.00108,0.00656,0.00639,0.03735,0.07430,0.00129,0.29691,0.06993,0.00638,0.28013,0.05305,0.16120,0.00177,0.00307,0.02206,0.00964,0.01590,0.02313,0.04941,0.08769,0.00346,0.50777,0.08648,0.00544,0.07402,0.02989,0.04279,0.02895,0.01338
22.12267,12,0.40553,0.00044,0.00653,0.00517,0.00444,0.02603,0.05246,0.00091,0.20488,0.16588,0.00486,0.22797,0.06069,0.23458,0.00156,0.00360,0.02240,0.00585,0.01540,0.02345,0.05159,0.06978,0.00366,0.56019,0.05621,0.00484,0.07372,0.03070,0.04275,0.02979,0.00967
22.14400,8,0.41147,0.00032,0.01570,0.00578,0.00356,0.01870,0.05415,0.00069,0.14194,0.39060,0.00343,0.15745,0.04191,0.16203,0.00110,0.00265,0.02273,0.00204,0.01494,0.02375,0.05382,0.05280,0.00387,0.61274,0.02488,0.00425,0.07338,0.03150,0.04270,0.03070,0.00592
22.16533,8,0.40237,0.00041,0.01659,0.01049,0.00831,0.01893,0.05688,0.00123,0.11756,0.51485,0.00255,0.10869,0.02893,0.11191,0.00077,0.00192,0.01757,0.00176,0.01458,0.02133,0.05029,0.05309,0.01300,0.49069,0.02782,0.00439,0.06292,0.03523,0.17225,0.02385,0.01122
22.18667,8,0.39380,0.00146,0.01784,0.03972,0.05282,0.01986,0.12963,0.00198,0.15707,0.38620,0.00491,0.08084,0.02086,0.08107,0.00060,0.00512,0.01733,0.02363,0.01368,0.02133,0.03459,0.05901,0.01002,0.23355,0.27873,0.00803,0.07061,0.03167,0.14931,0.01547,0.03305
22.20800,8,0.39135,0.00211,0.01446,0.03416,0.04288,0.01460,0.16830,0.00153,0.13195,0.28273,0.00498,0.10368,0.03795,0.15445,0.00055,0.00567,0.01884,0.03818,0.01315,0.02212,0.02531,0.06175,0.00511,0.10297,0.44455,0.01039,0.07910,0.02813,0.09254,0.01207,0.04579
22.22933,8,0.41314,0.00174,0.03566,0.02493,0.03043,0.01225,0.11725,0.00112,0.09135,0.43751,0.00389,0.08054,0.03113,0.12222,0.00042,0.00956,0.01967,0.04445,0.01293,0.02255,0.02144,0.06279,0.00267,0.05111,0.51594,0.01140,0.08313,0.02648,0.06349,0.01084,0.05110
22.25067,8,0.42959,0.00130,0.07433,0.01734,0.02178,0.00877,0.08145,0.00079,0.06307,0.55472,0.00280,0.05747,0.02206,0.08690,0.00030,0.00693,0.02001,0.04678,0.01285,0.02273,0.02002,0.06316,0.00171,0.03262,0.54243,0.01178,0.08469,0.02585,0.05193,0.01043,0.05303
22.27200,8,0.42133,0.00100,0.09941,0.01236,0.02250,0.00646,0.05757,0.00055,0.04353,0.63197,0.00256,0.04025,0.01526,0.06015,0.00021,0.00621,0.02014,0.04758,0.01282,0.02279,0.01954,0.06328,0.00137,0.02640,0.55154,0.01191,0.08524,0.02562,0.04780,0.01029,0.05369
22.29333,8,0.41659,0.00085,0.07882,0.00887,0.10516,0.00617,0.04236,0.00039,0.03037,0.62759,0.00186,0.03221,0.01170,0.04885,0.00019,0.00462,0.02018,0.04784,0.01281,0.02281,0.01938,0.06332,0.00125,0.02439,0.55453,0.01195,0.08543,0.02555,0.04641,0.01025,0.05391
22.31467,8,0.40722,0.00060,0.05454,0.00629,0.07699,0.00428,0.02974,0.00027,0.02095,0.43369,0.00156,0.30014,0.02284,0.04440,0.00014,0.00357,0.02019,0.04793,0.01281,0.02282,0.01933,0.06333,0.00121,0.02376,0.55548,0.01196,0.08548,0.02552,0.04596,0.01024,0.05397
22.33600,10,0.38869,0.00060,0.03769,0.00490,0.05480,0.00602,0.06182,0.00027,0.01451,0.30003,0.00169,0.38296,0.03945,0.08788,0.00025,0.00714,0.02020,0.04795,0.01281,0.02282,0.01931,0.06334,0.00120,0.02356,0.55577,0.01197,0.08550,0.02552,0.04582,0.01023,0.05399
22.35733,10,0.34495,0.00048,0.02613,0.00351,0.03806,0.00863,0.29611,0.00036,0.01002,0.20713,0.00125,0.31131,0.02780,0.06395,0.00020,0.00506,0.02020,0.04796,0.01281,0.02282,0.01931,0.06334,0.00120,0.02350,0.55586,0.01197,0.08551,0.02552,0.04577,0.01023,0.05400
22.37867,5,0.30398,0.00037,0.01803,0.00243,0.02626,0.00603,0.51368,0.00025,0.00693,0.14292,0.00087,0.21525,0.01919,0.04414,0.00016,0.00351,0.01071,0.03981,0.01708,0.01210,0.02629,0.04584,0.02295,0.02564,0.33790,0.01626,0.32370,0.03578,0.03239,0.02301,0.03052
22.40000,5,0.29626,0.00028,0.01245,0.00167,0.01812,0.00417,0.66258,0.00018,0.00488,0.09868,0.00095,0.14946,0.01324,0.03047,0.00041,0.00246,0.00694,0.03657,0.01878,0.00784,0.02907,0.03888,0.03161,0.02650,0.25116,0.01797,0.41849,0.03986,0.02706,0.02810,0.02118
22.42133,5,0.44251,0.00019,0.00860,0.00116,0.01251,0.00288,0.70420,0.00012,0.00338,0.09643,0.00101,0.11703,0.00914,0.02106,0.02051,0.00177,0.00647,0.03501,0.02339,0.00657,0.03484,0.15717,0.03109,0.02357,0.14383,0.01712,0.40486,0.03754,0.02591,0.03432,0.01831
22.44267,5,0.49973,0.00013,0.00595,0.00080,0.00863,0.00200,0.57821,0.00009,0.00244,0.07715,0.00161,0.15850,0.00632,0.01455,0.14232,0.00132,0.01190,0.03752,0.02908,0.01134,0.04088,0.38787,0.01571,0.01673,0.08966,0.01270,0.22158,0.02644,0.03264,0.03735,0.02857
22.46400,5,0.49647,0.00011,0.00412,0.00055,0.00599,0.00143,0.39948,0.00012,0.00183,0.07431,0.01076,0.19479,0.00648,0.01252,0.28260,0.00491,0.01488,0.03900,0.03182,0.01401,0.04373,0.50406,0.00743,0.01324,0.06821,0.01037,0.12339,0.02060,0.03637,0.03854,0.03434
22.48533,5,0.44159,0.00016,0.00318,0.01936,0.07743,0.07594,0.27914,0.00059,0.05011,0.06001,0.00789,0.17195,0.00628,0.00930,0.23158,0.00709,0.01609,0.03962,0.03289,0.01511,0.04483,0.55006,0.00407,0.01186,0.06056,0.00944,0.08366,0.01825,0.03790,0.03896,0.03670
22.50667,3,0.37185,0.00016,0.00254,0.01820,0.21915,0.18328,0.19552,0.00051,0.03592,0.04190,0.00548,0.12108,0.00441,0.00645,0.16006,0.00533,0.01653,0.03984,0.03327,0.01551,0.04522,0.56645,0.00286,0.01136,0.05799,0.00910,0.06935,0.01741,0.03845,0.03910,0.03756
22.52800,3,0.31883,0.00027,0.00177,0.02891,0.33498,0.23266,0.13603,0.00067,0.02667,0.02892,0.00379,0.08371,0.00305,0.00445,0.11045,0.00368,0.01668,0.03992,0.03339,0.01564,0.04535,0.57195,0.00245,0.01119,0.05716,0.00899,0.06452,0.01713,0.03864,0.03915,0.03786
22.54933,3,0.31749,0.00228,0.00151,0.04796,0.46560,0.16602,0.11591,0.00052,0.01855,0.02045,0.00309,0.06470,0.00238,0.01097,0.07628,0.00379,0.00886,0.04224,0.03432,0.27299,0.04354,0.30744,0.00535,0.01669,0.03451,0.00927,0.10000,0.01860,0.06407,0.02202,0.02010
22.57067,3,0.38923,0.00163,0.00122,0.03510,0.40918,0.11534,0.09898,0.00036,0.01280,0.01458,0.00239,0.05549,0.01276,0.18483,0.05264,0.00271,0.00357,0.04379,0.03493,0.44639,0.04230,0.12856,0.00735,0.02042,0.01934,0.00947,0.12447,0.01962,0.08119,0.01047,0.00811
22.59200,12,0.36240,0.00124,0.00086,0.02427,0.28250,0.07983,0.07574,0.00025,0.00883,0.01030,0.00196,0.14377,0.04091,0.29094,0.03633,0.00227,0.00129,0.04446,0.03520,0.52140,0.04177,0.05112,0.00822,0.02203,0.01279,0.00956,0.13511,0.02007,0.08859,0.00547,0.00292
22.61333,5,0.31209,0.00108,0.00081,0.01688,0.19500,0.08515,0.30389,0.00034,0.00610,0.00735,0.00139,0.11210,0.03034,0.21280,0.02507,0.00169,0.00043,0.04471,0.03530,0.54929,0.04157,0.02231,0.00855,0.02263,0.01036,0.00960,0.13908,0.02024,0.09135,0.00362,0.00098
22.63467,5,0.27801,0.00094,0.00059,0.01166,0.13458,0.06220,0.51499,0.00095,0.00425,0.00507,0.00096,0.07744,0.02095,0.14695,0.01730,0.00117,0.00014,0.02595,0.02522,0.30028,0.03900,0.04192,0.02493,0.02580,0.03822,0.00767,0.08749,0.03279,0.33315,0.00172,0.01571
22.65600,5,0.25368,0.00068,0.00049,0.01004,0.09425,0.04887,0.61920,0.00570,0.03445,0.00350,0.00071,0.05345,0.01446,0.10143,0.01195,0.00082,0.00393,0.02658,0.02572,0.20002,0.04012,0.16764,0.02197,0.02285,0.04637,0.00769,0.07450,0.03088,0.29870,0.01011,0.02290
22.67733,5,0.23163,0.00069,0.00123,0.08232,0.06602,0.10436,0.54412,0.00513,0.02774,0.00260,0.03732,0.03692,0.00998,0.07171,0.00836,0.00150,0.01102,0.03304,0.02949,0.08522,0.04292,0.39415,0.01187,0.01651,0.05356,0.00828,0.06508,0.02382,0.16688,0.02612,0.03201
22.69867,5,0.28412,0.00049,0.00103,0.05800,0.04557,0.07260,0.37749,0.00376,0.01961,0.00288,0.32593,0.02598,0.00692,0.04998,0.00594,0.00382,0.01459,0.03719,0.03188,0.03983,0.04445,0.50670,0.00602,0.01317,0.05580,0.00867,0.06288,0.01967,0.08905,0.03423,0.03586
22.72000,9,0.38528,0.00034,0.00081,0.04005,0.03144,0.05010,0.26048,0.00260,0.01353,0.00221,0.50131,0.01848,0.01661,0.05436,0.00414,0.00355,0.01600,0.03897,0.03289,0.02367,0.04507,0.55103,0.00359,0.01184,0.05649,0.00884,0.06237,0.01794,0.05658,0.03745,0.03728
22.74133,9,0.36654,0.00023,0.00060,0.02765,0.02170,0.03512,0.17977,0.00180,0.00934,0.00279,0.34831,0.03766,0.02421,0.30493,0.00298,0.00294,0.01650,0.03962,0.03326,0.01825,0.04530,0.56678,0.00270,0.01135,0.05670,0.00890,0.06226,0.01731,0.04470,0.03860,0.03776
22.76267,4,0.37880,0.00016,0.00059,0.01919,0.01503,0.28197,0.12420,0.00161,0.00663,0.04018,0.24083,0.02964,0.01675,0.21910,0.00207,0.00207,0.01572,0.02876,0.02150,0.01398,0.03878,0.32062,0.00817,0.00641,0.03225,0.31685,0.05233,0.02570,0.05635,0.03269,0.02990
22.78400,4,0.46836,0.00011,0.00043,0.01349,0.01155,0.32369,0.09965,0.00113,0.00461,0.02800,0.16675,0.07605,0.02054,0.24902,0.00144,0.00355,0.01514,0.02136,0.01353,0.01173,0.03437,0.15289,0.01195,0.00313,0.01575,0.52436,0.04565,0.03142,0.06560,0.02856,0.02455
22.80533,12,0.53396,0.00008,0.00031,0.00953,0.00812,0.23242,0.07390,0.00079,0.00318,0.01939,0.11520,0.08454,0.02808,0.41707,0.00099,0.00638,0.03535,0.02987,0.01830,0.01998,0.26243,0.08187,0.01878,0.01251,0.02067,0.31628,0.04668,0.02107,0.06354,0.02904,0.02365
22.82667,12,0.53067,0.00006,0.00045,0.00753,0.00563,0.16137,0.05218,0.00056,0.00221,0.01407,0.07961,0.07351,0.02878,0.53266,0.00070,0.04069,0.04905,0.03657,0.02255,0.02582,0.41668,0.05594,0.02288,0.01925,0.02614,0.14896,0.04824,0.01335,0.06092,0.02990,0.02373
22.84800,12,0.50000,0.00004,0.00032,0.00571,0.00393,0.12869,0.03647,0.07854,0.06711,0.01025,0.05606,0.07541,0.02073,0.47452,0.00049,0.04173,0.02759,0.02239,0.01895,0.02044,0.25572,0.06007,0.03297,0.02474,0.04750,0.06193,0.03909,0.02822,0.31643,0.01596,0.02800
22.86933,6,0.44907,0.00003,0.00022,0.00395,0.00272,0.08881,0.02517,0.36161,0.04839,0.00707,0.03869,0.05210,0.01431,0.32765,0.00034,0.02894,0.01134,0.01194,0.01596,0.01605,0.12712,0.06592,0.03923,0.02754,0.06115,0.02553,0.03271,0.03926,0.48894,0.00645,0.03085
22.89067,6,0.40579,0.00002,0.00015,0.00273,0.00188,0.06129,0.01737,0.55864,0.03420,0.00488,0.02670,0.03596,0.00987,0.22610,0.00023,0.01997,0.00412,0.00733,0.01460,0.01407,0.06931,0.06878,0.04189,0.02866,0.06698,0.01220,0.02993,0.04414,0.56360,0.00232,0.03208
22.91200,6,0.37650,0.00001,0.00011,0.00188,0.00130,0.04240,0.01206,0.69422,0.02444,0.00337,0.01843,0.02483,0.00681,0.15618,0.00016,0.01378,0.00140,0.00338,0.01103,0.00738,0.04254,0.04455,0.34978,0.03023,0.05109,0.02433,0.04518,0.02505,0.31549,0.00684,0.04172
22.93333,6,0.34643,0.00001,0.00008,0.00130,0.00090,0.02929,0.00834,0.78865,0.01700,0.00234,0.01272,0.01720,0.00470,0.10785,0.00011,0.00951,0.00080,0.00212,0.00971,0.00485,0.03578,0.03472,0.47210,0.03078,0.04439,0.03002,0.05144,0.01713,0.21179,0.00891,0.04547
22.95467,6,0.32744,0.00001,0.00019,0.00091,0.00062,0.02027,0.00605,0.69039,0.01180,0.00223,0.00897,0.17194,0.00329,0.07591,0.00008,0.00734,0.00026,0.00077,0.00821,0.00199,0.02915,0.02340,0.61205,0.03138,0.03660,0.03678,0.05865,0.00797,0.09167,0.01136,0.04974
22.97600,6,0.41647,0.00002,0.00015,0.00063,0.00043,0.01399,0.00446,0.50773,0.00815,0.00467,0.00629,0.38702,0.00260,0.05665,0.00018,0.00704,0.00008,0.00026,0.00763,0.00088,0.02685,0.01892,0.66735,0.03162,0.03349,0.03952,0.06151,0.00432,0.04380,0.01236,0.05142
22.99733,10,0.44098,0.00001,0.00011,0.00043,0.00030,0.00968,0.00310,0.35053,0.00562,0.02993,0.00440,0.54170,0.00225,0.04667,0.00012,0.00514,0.00002,0.00009,0.00742,0.00048,0.02608,0.01732,0.68703,0.03170,0.03238,0.04051,0.06254,0.00302,0.02669,0.01271,0.05201
23.01867,10,0.44475,0.00001,0.00010,0.00030,0.00020,0.00670,0.00346,0.24187,0.00388,0.27307,0.00306,0.42637,0.00177,0.03557,0.00009,0.00356,0.00001,0.00003,0.00736,0.00035,0.02584,0.01678,0.69364,0.03173,0.03200,0.04084,0.06288,0.00258,0.02093,0.01283,0.05221
23.04000,8,0.43533,0.00002,0.00055,0.00024,0.00027,0.00545,0.00657,0.16690,0.00275,0.49162,0.00217,0.29457,0.00126,0.02469,0.00006,0.00286,0.00000,0.01438,0.01418,0.00017,0.02973,0.02110,0.39082,0.03001,0.06006,0.03161,0.31174,0.02357,0.01863,0.02441,0.02960
23.06133,8,0.41311,0.00114,0.00044,0.00018,0.00045,0.00540,0.02022,0.11517,0.00197,0.60268,0.00155,0.22134,0.00282,0.02346,0.00112,0.00207,0.00000,0.02406,0.01879,0.00007,0.03238,0.02407,0.18600,0.02885,0.07901,0.02535,0.47939,0.03777,0.01775,0.03219,0.01433
23.08267,8,0.37030,0.01257,0.00045,0.00014,0.00032,0.01137,0.01503,0.07947,0.00136,0.63368,0.00122,0.19118,0.00242,0.01707,0.03219,0.00153,0.00949,0.03641,0.01651,0.01074,0.02655,0.04286,0.07557,0.02619,0.30520,0.01834,0.31371,0.03365,0.03081,0.02277,0.03121
23.10400,8,0.33374,0.08949,0.03175,0.00124,0.00029,0.02319,0.01077,0.05485,0.00118,0.44543,0.00127,0.21326,0.00271,0.01310,0.11005,0.00142,0.01588,0.04346,0.01438,0.01795,0.02227,0.05513,0.02791,0.02455,0.45515,0.01444,0.18017,0.02902,0.03972,0.01541,0.04457
23.12533,8,0.38484,0.06195,0.02228,0.00136,0.00021,0.01645,0.00748,0.03785,0.00082,0.31167,0.00090,0.26805,0.00201,0.00905,0.25834,0.00158,0.01865,0.04637,0.01339,0.02107,0.02038,0.06040,0.01021,0.02386,0.51973,0.01284,0.12003,0.02682,0.04358,0.01211,0.05057
23.14667,13,0.41751,0.04275,0.01544,0.00100,0.00015,0.01144,0.00538,0.02612,0.00056,0.21763,0.00067,0.20390,0.00152,0.00628,0.46600,0.00117,0.01968,0.04743,0.01301,0.02223,0.01967,0.06235,0.00412,0.02361,0.54370,0.01226,0.09726,0.02596,0.04502,0.01087,0.05284
23.16800,13,0.39445,0.02966,0.01085,0.09160,0.00013,0.00810,0.11616,0.01803,0.00047,0.17283,0.00056,0.21581,0.00108,0.00446,0.32938,0.00087,0.02003,0.04779,0.01287,0.02263,0.01942,0.06302,0.00212,0.02352,0.55195,0.01206,0.08934,0.02566,0.04551,0.01044,0.05362
23.18933,2,0.34447,0.02053,0.00753,0.36518,0.00013,0.00560,0.08054,0.01245,0.00036,0.11939,0.00040,0.15609,0.00074,0.00312,0.22733,0.00061,0.02250,0.04368,0.01217,0.01762,0.02144,0.05810,0.00260,0.01810,0.44397,0.02604,0.08897,0.01972,0.04125,0.13761,0.04623
23.21067,2,0.29826,0.01421,0.00520,0.56053,0.00068,0.00387,0.05559,0.00859,0.00036,0.08239,0.00029,0.10834,0.00051,0.00216,0.15687,0.00042,0.02701,0.03600,0.01088,0.00826,0.02521,0.04885,0.00388,0.00807,0.24232,0.05198,0.08990,0.00879,0.03326,0.37322,0.03238
23.23200,2,0.25992,0.01033,0.00369,0.68688,0.00731,0.00285,0.03990,0.00593,0.00026,0.05696,0.00050,0.07496,0.00036,0.00150,0.10827,0.00030,0.02369,0.02575,0.15156,0.03037,0.03039,0.03947,0.00364,0.00358,0.12920,0.06244,0.08039,0.00930,0.02706,0.36182,0.02134
23.25333,2,0.22448,0.00994,0.00703,0.70605,0.04242,0.00465,0.05728,0.00411,0.00022,0.03948,0.00042,0.05183,0.00025,0.00105,0.07474,0.00053,0.01425,0.01241,0.41305,0.07819,0.03720,0.02889,0.00215,0.00259,0.06745,0.06286,0.06174,0.01823,0.02144,0.16851,0.01105
23.27467,2,0.21113,0.00707,0.00558,0.50192,0.29359,0.02193,0.04028,0.00284,0.00018,0.02729,0.00038,0.04598,0.00019,0.00080,0.05159,0.00038,0.00939,0.00594,0.54429,0.10245,0.04051,0.02385,0.00136,0.00238,0.04231,0.06231,0.05235,0.02302,0.01886,0.06470,0.00630
23.29600,3,0.18980,0.00530,0.00434,0.35545,0.44176,0.03631,0.03586,0.00197,0.00018,0.01884,0.01003,0.05219,0.00018,0.00075,0.03561,0.00124,0.00745,0.00341,0.59617,0.11208,0.04180,0.02190,0.00104,0.00234,0.03322,0.06199,0.04863,0.02496,0.01787,0.02268,0.00447
23.31733,9,0.31757,0.00366,0.00299,0.24527,0.30621,0.02534,0.02504,0.00136,0.00012,0.01301,0.30902,0.03919,0.00012,0.00068,0.02459,0.00339,0.00675,0.00252,0.61463,0.11551,0.04226,0.02121,0.00093,0.00233,0.03015,0.06185,0.04730,0.02566,0.01752,0.00754,0.00384
23.33867,9,0.43146,0.00253,0.00210,0.16924,0.21131,0.01751,0.01754,0.00094,0.00009,0.00898,0.49673,0.02710,0.00009,0.00106,0.01697,0.02782,0.00351,0.02230,0.34445,0.32630,0.04193,0.01476,0.00457,0.01201,0.01995,0.03730,0.09123,0.02323,0.05282,0.00367,0.00197
23.36000,9,0.51548,0.00175,0.00145,0.11678,0.14580,0.01209,0.01243,0.00065,0.00006,0.00621,0.55092,0.01887,0.00013,0.01772,0.01173,0.10340,0.00832,0.02236,0.14744,0.20810,0.03692,0.02534,0.00978,0.00820,0.01132,0.32838,0.07403,0.02854,0.06697,0.01370,0.01061
23.38133,9,0.56172,0.00121,0.00100,0.08058,0.10062,0.00837,0.01325,0.00045,0.00004,0.00430,0.43212,0.01511,0.00087,0.06881,0.00812,0.26515,0.01209,0.01916,0.05890,0.09423,0.03361,0.03351,0.01269,0.00405,0.00711,0.52853,0.05527,0.03253,0.07075,0.02085,0.01673
23.40267,14,0.55377,0.00083,0.00069,0.05560,0.06952,0.00581,0.00946,0.00031,0.00003,0.00304,0.29849,0.01492,0.00369,0.19431,0.00563,0.33767,0.01377,0.01743,0.02541,0.04126,0.03218,0.03715,0.01388,0.00209,0.00547,0.61552,0.04638,0.03430,0.07177,0.02398,0.01941
23.42400,14,0.53870,0.00058,0.00088,0.03872,0.11947,0.00648,0.00907,0.00025,0.00012,0.01913,0.20620,0.01678,0.00908,0.19633,0.00392,0.37300,0.01440,0.01672,0.01377,0.02093,0.03165,0.03853,0.01432,0.00133,0.00488,0.64795,0.04294,0.03497,0.07204,0.02515,0.02041
23.44533,14,0.50816,0.00043,0.00426,0.02745,0.08718,0.00491,0.04575,0.00021,0.00029,0.11529,0.14246,0.02305,0.02256,0.19324,0.00272,0.33020,0.00866,0.03277,0.00761,0.02903,0.02047,0.02739,0.02241,0.00293,0.03423,0.36799,0.04911,0.03277,0.06104,0.02488,0.27870
23.46667,5,0.48802,0.00031,0.00631,0.01910,0.06024,0.00345,0.27658,0.00016,0.00020,0.13261,0.09832,0.01641,0.01570,0.13975,0.00188,0.22898,0.00633,0.03920,0.00590,0.03358,0.01606,0.02287,0.02561,0.00362,0.04594,0.25451,0.05179,0.03185,0.05665,0.02469,0.38139
23.48800,5,0.46654,0.00023,0.00496,0.01319,0.04157,0.00244,0.43591,0.00011,0.00014,0.15543,0.06785,0.01134,0.01084,0.09659,0.00130,0.15810,0.00366,0.04658,0.00416,0.03917,0.01102,0.01767,0.02926,0.00442,0.05935,0.12402,0.05492,0.03079,0.05162,0.02446,0.49891
23.50933,5,0.44200,0.00022,0.00455,0.00919,0.02973,0.00349,0.58032,0.00014,0.00014,0.13301,0.04707,0.00784,0.00748,0.06671,0.00089,0.10924,0.00598,0.04694,0.01049,0.03526,0.01765,0.14451,0.02397,0.00617,0.06220,0.06404,0.05741,0.02734,0.04736,0.02778,0.42289
23.53067,5,0.41343,0.00041,0.00384,0.00678,0.04166,0.00502,0.67109,0.00015,0.00048,0.09399,0.03684,0.00543,0.00517,0.04614,0.00062,0.08239,0.01188,0.04325,0.02317,0.02457,0.03290,0.38257,0.01203,0.00893,0.05953,0.03033,0.06016,0.02158,0.04246,0.03408,0.21256
23.55200,5,0.35663,0.07158,0.00372,0.00486,0.03116,0.00519,0.66919,0.00019,0.00236,0.06859,0.02840,0.00430,0.00359,0.03186,0.00547,0.06954,0.01490,0.04123,0.02957,0.01907,0.04067,0.50213,0.00596,0.01029,0.05787,0.01648,0.06146,0.01872,0.04011,0.03725,0.10429
23.57333,5,0.30210,0.11819,0.00522,0.00926,0.03048,0.01312,0.66563,0.00026,0.00200,0.04972,0.02024,0.00341,0.00253,0.02206,0.00575,0.05213,0.01610,0.04040,0.03210,0.01688,0.04376,0.54940,0.00354,0.01083,0.05717,0.01145,0.06197,0.01759,0.03920,0.03850,0.06109
23.59467,5,0.25318,0.10716,0.08384,0.04346,0.06253,0.03834,0.53938,0.00053,0.00152,0.03614,0.01447,0.00308,0.00181,0.01528,0.00723,0.04525,0.01653,0.04011,0.03301,0.01609,0.04486,0.56623,0.00268,0.01102,0.05692,0.00974,0.06215,0.01719,0.03888,0.03895,0.04564
23.61600,5,0.21731,0.11444,0.12752,0.05313,0.05814,0.04415,0.44240,0.00083,0.00129,0.02730,0.01288,0.00372,0.00137,0.01068,0.02828,0.07389,0.01668,0.04000,0.03331,0.01583,0.04523,0.57188,0.00239,0.01109,0.05683,0.00919,0.06221,0.01706,0.03878,0.03910,0.04044
23.63733,5,0.18686,0.15090,0.12144,0.05364,0.05313,0.04260,0.35227,0.00062,0.00116,0.02250,0.01272,0.00524,0.00109,0.00754,0.07987,0.09529,0.01673,0.03997,0.03341,0.01574,0.04535,0.57370,0.00230,0.01111,0.05680,0.00901,0.06223,0.01701,0.03874,0.03915,0.03876
23.65867,5,0.36635,0.10437,0.08441,0.03741,0.03671,0.02942,0.26792,0.00043,0.00081,0.01871,0.00882,0.00435,0.00078,0.00530,0.17603,0.22452,0.01674,0.03996,0.03344,0.01572,0.04539,0.57427,0.00227,0.01111,0.05679,0.00896,0.06223,0.01700,0.03873,0.03916,0.03823
23.68000,14,0.48824,0.07204,0.05827,0.02582,0.02534,0.02030,0.18523,0.00030,0.00056,0.01369,0.00611,0.00351,0.00058,0.00371,0.15112,0.43343,0.01674,0.03996,0.03345,0.01571,0.04540,0.57445,0.00226,0.01111,0.05679,0.00894,0.06223,0.01700,0.03873,0.03917,0.03807
23.70133,13,0.53462,0.04971,0.04021,0.01781,0.01748,0.01401,0.12782,0.00021,0.00039,0.00950,0.00441,0.00541,0.00060,0.00259,0.38723,0.32263,0.01675,0.03996,0.03345,0.01571,0.04541,0.57450,0.00226,0.01112,0.05679,0.00894,0.06223,0.01699,0.03873,0.03917,0.03802
23.72267,13,0.54202,0.03430,0.02775,0.01230,0.01206,0.00967,0.08821,0.00014,0.00027,0.00659,0.01837,0.00480,0.00043,0.00179,0.56028,0.22304,0.01336,0.04251,0.02649,0.02193,0.03679,0.44560,0.00898,0.00969,0.05925,0.01717,0.06099,0.02002,0.04099,0.03575,0.16048
23.74400,13,0.53810,0.02367,0.01915,0.00850,0.00832,0.00668,0.06086,0.00010,0.00018,0.00455,0.18677,0.00356,0.00031,0.00124,0.52213,0.15398,0.01367,0.04234,0.01513,0.02378,0.02550,0.21300,0.01535,0.00591,0.06655,0.03891,0.06660,0.01869,0.04018,0.15342,0.26098
23.76533,9,0.52355,0.01633,0.01322,0.00591,0.00574,0.00461,0.04200,0.00007,0.00013,0.00314,0.42622,0.00255,0.00024,0.00086,0.37266,0.10632,0.02271,0.03565,0.01149,0.01163,0.02615,0.10466,0.01034,0.00249,0.07391,0.05857,0.08007,0.00865,0.03300,0.37991,0.14077
23.78667,9,0.50877,0.01127,0.00920,0.00440,0.00397,0.00319,0.02901,0.00005,0.00009,0.00220,0.60150,0.00228,0.00042,0.00076,0.25732,0.07435,0.02758,0.03204,0.01035,0.00492,0.02733,0.06305,0.00716,0.00092,0.07737,0.06762,0.08696,0.00331,0.02917,0.49389,0.06834
23.80800,9,0.49067,0.00778,0.00729,0.00337,0.00289,0.00250,0.02022,0.00004,0.00006,0.00167,0.70601,0.01268,0.00218,0.00364,0.17761,0.05204,0.02209,0.02426,0.00920,0.00671,0.02938,0.04747,0.01026,0.00075,0.04356,0.34897,0.06620,0.01774,0.04892,0.28665,0.03783
23.82933,9,0.47208,0.00537,0.00552,0.00245,0.00214,0.00178,0.01511,0.00004,0.00005,0.00117,0.78325,0.01502,0.00390,0.00519,0.12261,0.03641,0.01777,0.01948,0.00855,0.00878,0.03059,0.04195,0.01276,0.00084,0.02036,0.53744,0.05135,0.02814,0.06272,0.13267,0.02660
23.85067,9,0.45690,0.00371,0.00384,0.00172,0.00151,0.00143,0.01101,0.00004,0.00004,0.00086,0.83478,0.01703,0.00504,0.00919,0.08468,0.02515,0.01584,0.01746,0.00828,0.00976,0.03110,0.04010,0.01389,0.00089,0.01028,0.61884,0.04483,0.03272,0.06874,0.06452,0.02276
23.87200,9,0.44240,0.00258,0.00266,0.00127,0.00111,0.00193,0.02099,0.00009,0.00004,0.00085,0.84114,0.02216,0.01074,0.01847,0.05860,0.01737,0.01511,0.01672,0.00819,0.01014,0.03129,0.03950,0.01431,0.00092,0.00652,0.64909,0.04239,0.03443,0.07099,0.03890,0.02150
23.89333,9,0.43063,0.00181,0.00191,0.00107,0.00089,0.00162,0.04357,0.00015,0.00006,0.00077,0.69346,0.02187,0.01719,0.16275,0.04073,0.01213,0.01485,0.01646,0.00815,0.01028,0.03135,0.03932,0.01446,0.00093,0.00522,0.65950,0.04155,0.03502,0.07176,0.03003,0.02110
23.91467,9,0.43117,0.00127,0.00191,0.00075,0.00073,0.00166,0.03478,0.00015,0.00060,0.00507,0.48198,0.03910,0.03830,0.35612,0.02879,0.00878,0.01477,0.01638,0.00814,0.01032,0.03137,0.03926,0.01451,0.00093,0.00480,0.66292,0.04127,0.03522,0.07202,0.02711,0.02098
23.93600,12,0.43293,0.00092,0.00488,0.00053,0.00053,0.00124,0.17155,0.00011,0.00044,0.03888,0.33409,0.03290,0.02767,0.35956,0.01995,0.00676,0.01474,0.01636,0.00814,0.01034,0.03138,0.03924,0.01453,0.00093,0.00466,0.66401,0.04118,0.03528,0.07210,0.02617,0.02094
23.95733,5,0.43916,0.00067,0.00543,0.00039,0.00038,0.00098,0.37778,0.00008,0.00031,0.06346,0.23088,0.02315,0.01912,0.25643,0.01377,0.00716,0.01473,0.01635,0.00814,0.01034,0.03138,0.03924,0.01453,0.00093,0.00462,0.66435,0.04115,0.03530,0.07213,0.02588,0.02093
23.97867,5,0.45218,0.00059,0.01910,0.00038,0.00042,0.00170,0.46004,0.00007,0.00026,0.12482,0.15979,0.01610,0.01323,0.17733,0.00954,0.01662,0.00781,0.01088,0.01081,0.01156,0.03362,0.05392,0.02807,0.01424,0.03543,0.35491,0.03514,0.04076,0.32268,0.01369,0.02649
24.00000,5,0.44857,0.00118,0.02136,0.00043,0.00310,0.00599,0.54621,0.00020,0.00032,0.11796,0.11203,0.01116,0.00914,0.12242,0.00662,0.04187,0.00891,0.01682,0.01639,0.01268,0.03664,0.17579,0.02400,0.01535,0.04460,0.23256,0.04055,0.03604,0.29188,0.01788,0.02991
24.02133,5,0.45621,0.00102,0.01658,0.00042,0.00338,0.00454,0.38741,0.00014,0.00030,0.08545,0.08260,0.00787,0.00634,0.08490,0.00466,0.31439,0.01290,0.02936,0.02597,0.01442,0.04161,0.39738,0.01264,0.01368,0.05290,0.09308,0.05226,0.02577,0.16431,0.02906,0.03467
24.04267,14,0.48290,0.00094,0.01159,0.00030,0.00261,0.00319,0.26810,0.00010,0.00029,0.05925,0.05711,0.01072,0.00496,0.12893,0.00323,0.44867,0.01524,0.03591,0.03065,0.01523,0.04399,0.50785,0.00628,0.01219,0.05558,0.03810,0.05842,0.02035,0.08816,0.03526,0.03679
24.06400,12,0.44821,0.00073,0.00801,0.00022,0.00236,0.00373,0.18513,0.00031,0.00171,0.04208,0.03954,0.01135,0.00393,0.38596,0.00223,0.31272,0.01621,0.03855,0.03249,0.01554,0.04492,0.55142,0.00367,0.01151,0.05642,0.01856,0.06090,0.01817,0.05628,0.03779,0.03758
24.08533,12,0.38433,0.00051,0.00553,0.00020,0.00494,0.00317,0.12778,0.24994,0.00123,0.02905,0.02731,0.00785,0.00274,0.32242,0.00154,0.21581,0.00966,0.04470,0.01893,0.02835,0.02766,0.30385,0.01645,0.00834,0.06170,0.02882,0.05926,0.02356,0.04923,0.03173,0.28777
24.10667,6,0.34534,0.00035,0.00381,0.00014,0.00342,0.00253,0.08818,0.48197,0.00090,0.02004,0.01885,0.00542,0.00189,0.22250,0.00106,0.14894,0.00417,0.02676,0.01456,0.02294,0.02916,0.15809,0.03096,0.01772,0.06645,0.01960,0.04448,0.03534,0.30998,0.01592,0.20390
24.12800,6,0.32707,0.00024,0.00263,0.00009,0.00237,0.00210,0.06085,0.64172,0.00065,0.01383,0.01301,0.00374,0.00130,0.15395,0.00073,0.10277,0.00155,0.01371,0.01385,0.01722,0.03299,0.10081,0.03862,0.02454,0.06880,0.01142,0.03482,0.04236,0.48631,0.00629,0.10672
24.14933,6,0.31041,0.00021,0.00186,0.00007,0.00175,0.00198,0.04472,0.74406,0.00048,0.00982,0.00900,0.00260,0.00093,0.11090,0.00051,0.07110,0.00053,0.00575,0.01073,0.00858,0.03005,0.05514,0.34862,0.02872,0.05169,0.02434,0.04697,0.02438,0.28677,0.00829,0.06943
24.17067,6,0.27798,0.00041,0.00174,0.00014,0.00199,0.00155,0.06806,0.77324,0.00038,0.01032,0.00626,0.00275,0.00143,0.08149,0.00036,0.04988,0.00017,0.00211,0.00869,0.00353,0.02754,0.03125,0.55652,0.03063,0.03987,0.03415,0.05641,0.01135,0.12928,0.01089,0.05759
24.19200,6,0.28124,0.00099,0.00174,0.00015,0.00266,0.00133,0.20134,0.64024,0.00029,0.00929,0.00438,0.00829,0.00328,0.08708,0.00025,0.03867,0.00006,0.00072,0.00781,0.00144,0.02639,0.02167,0.64634,0.03136,0.03473,0.03851,0.06063,0.00562,0.05866,0.01214,0.05391
24.21333,6,0.38819,0.00119,0.00142,0.00012,0.00198,0.00101,0.23265,0.48001,0.00026,0.00660,0.00435,0.02752,0.01768,0.16887,0.00021,0.05613,0.00002,0.00024,0.00749,0.00067,0.02595,0.01823,0.67973,0.03162,0.03281,0.04015,0.06222,0.00347,0.03197,0.01263,0.05279
24.23467,6,0.42993,0.00126,0.00101,0.00015,0.00140,0.00080,0.21528,0.35914,0.00021,0.00466,0.00313,0.03383,0.03780,0.30084,0.00019,0.04028,0.00001,0.00007,0.00738,0.00041,0.02580,0.01707,0.69122,0.03170,0.03215,0.04072,0.06277,0.00273,0.02270,0.01281,0.05245
24.25600,5,0.47513,0.00094,0.00070,0.00012,0.00097,0.00058,0.34915,0.24936,0.00015,0.00326,0.00219,0.02581,0.10672,0.23189,0.00021,0.02792,0.00000,0.00004,0.00735,0.00036,0.02577,0.01683,0.69363,0.03172,0.03201,0.04084,0.06289,0.00257,0.02075,0.01284,0.05239
24.27733,11,0.48514,0.00068,0.00080,0.00013,0.00068,0.00116,0.24263,0.17211,0.00011,0.00236,0.00232,0.02366,0.29385,0.23995,0.00025,0.01930,0.00000,0.00001,0.00733,0.00031,0.02574,0.01662,0.69577,0.03173,0.03188,0.04095,0.06299,0.00244,0.01901,0.01288,0.05233
24.29867,11,0.48505,0.00050,0.00070,0.00158,0.00048,0.02769,0.16779,0.11876,0.00010,0.00183,0.00798,0.02070,0.47078,0.16720,0.00052,0.01339,0.00385,0.00920,0.01334,0.00384,0.03026,0.14499,0.53659,0.02699,0.03759,0.03360,0.06284,0.00576,0.02318,0.01893,0.04902
24.32000,11,0.46746,0.00046,0.00067,0.00341,0.00079,0.14175,0.11608,0.08215,0.00524,0.00231,0.00700,0.01714,0.49609,0.11709,0.00055,0.00926,0.00725,0.01578,0.01712,0.00547,0.03965,0.15568,0.25067,0.02731,0.05255,0.01848,0.03748,0.26808,0.06299,0.01423,0.02726
24.34133,11,0.42610,0.00033,0.00047,0.00249,0.00064,0.09894,0.08012,0.05671,0.29329,0.00162,0.00484,0.01237,0.35941,0.08198,0.00039,0.00639,0.00831,0.01729,0.01775,0.00544,0.04453,0.12194,0.10890,0.02904,0.06080,0.01063,0.02045,0.44378,0.08838,0.00912,0.01365
24.36267,7,0.37612,0.00023,0.00033,0.00184,0.00051,0.06866,0.05540,0.03923,0.51119,0.00112,0.00334,0.00861,0.24820,0.05664,0.00027,0.00441,0.00863,0.01762,0.01781,0.00530,0.04648,0.10289,0.05311,0.02996,0.06417,0.00750,0.01309,0.51966,0.09920,0.00671,0.00788
24.38400,7,0.32370,0.00041,0.00037,0.00193,0.00199,0.05004,0.03996,0.02717,0.65504,0.00079,0.00231,0.00605,0.17129,0.03940,0.00020,0.00305,0.00873,0.01769,0.01780,0.00523,0.04718,0.09505,0.03330,0.03032,0.06539,0.00637,0.01035,0.54786,0.10320,0.00577,0.00575
24.40533,7,0.27789,0.00280,0.00054,0.00166,0.03059,0.05564,0.02790,0.01957,0.70645,0.00103,0.00159,0.00433,0.11829,0.02735,0.00015,0.00212,0.01540,0.00939,0.01635,0.01399,0.05095,0.07041,0.01746,0.31706,0.03839,0.00511,0.03957,0.30846,0.07518,0.01762,0.00466
24.42667,7,0.23491,0.02398,0.00142,0.00138,0.16899,0.10399,0.01962,0.01576,0.55624,0.00182,0.00110,0.00328,0.08174,0.01911,0.00011,0.00147,0.01988,0.00378,0.01538,0.01991,0.05340,0.05475,0.00913,0.51021,0.02006,0.00439,0.05958,0.14380,0.05583,0.02572,0.00418
24.44800,7,0.21322,0.02555,0.00119,0.00123,0.18431,0.28456,0.01385,0.01505,0.39786,0.00165,0.00076,0.00293,0.05652,0.01340,0.00011,0.00104,0.02182,0.00136,0.01496,0.02247,0.05445,0.04808,0.00578,0.59375,0.01212,0.00409,0.06828,0.07222,0.04741,0.02923,0.00400
24.46933,4,0.29093,0.01841,0.00084,0.00090,0.12866,0.48370,0.01112,0.01081,0.28639,0.00121,0.00053,0.00357,0.03934,0.01348,0.00017,0.00085,0.02254,0.00046,0.01480,0.02342,0.05484,0.04562,0.00457,0.62482,0.00916,0.00398,0.07151,0.04553,0.04427,0.03054,0.00393
24.49067,4,0.51960,0.01276,0.00088,0.00070,0.09053,0.58582,0.00774,0.00898,0.21285,0.00127,0.00127,0.02989,0.02779,0.01113,0.00742,0.00098,0.02278,0.00015,0.01475,0.02375,0.05498,0.04478,0.00417,0.63551,0.00814,0.00394,0.07263,0.03633,0.04318,0.03099,0.00391
24.51200,4,0.62980,0.00883,0.00069,0.00050,0.06267,0.43365,0.00544,0.00629,0.14724,0.00104,0.00094,0.27592,0.01973,0.00915,0.02699,0.00092,0.03950,0.01945,0.01986,0.02664,0.27393,0.04381,0.01417,0.34926,0.01843,0.01638,0.06187,0.02206,0.05046,0.03085,0.01332
24.53333,10,0.64359,0.00612,0.00063,0.00038,0.04342,0.30306,0.00392,0.00435,0.10173,0.00117,0.00073,0.42539,0.01439,0.00664,0.08741,0.00067,0.04614,0.02714,0.02189,0.02777,0.36102,0.04348,0.01818,0.23472,0.02259,0.02133,0.05751,0.01697,0.05342,0.03077,0.01706
24.55467,10,0.64409,0.00428,0.00057,0.00027,0.03060,0.21003,0.00297,0.00304,0.07024,0.00445,0.00076,0.47314,0.01223,0.00548,0.18130,0.00064,0.05373,0.03596,0.02422,0.02905,0.46067,0.04312,0.02277,0.10345,0.02737,0.02700,0.05251,0.01132,0.05683,0.03066,0.02135
24.57600,10,0.64071,0.00297,0.00076,0.00019,0.02132,0.14570,0.00344,0.00214,0.04848,0.01411,0.00087,0.42018,0.00963,0.00435,0.32534,0.00052,0.04330,0.03698,0.02429,0.02269,0.38796,0.03911,0.02964,0.05247,0.04344,0.02709,0.17561,0.01820,0.04860,0.03219,0.01845
24.59733,10,0.62600,0.00207,0.00155,0.00015,0.01477,0.10269,0.00416,0.00153,0.03346,0.24095,0.00109,0.31663,0.00691,0.00334,0.27032,0.00039,0.01950,0.03366,0.02303,0.01015,0.19441,0.03189,0.03965,0.03575,0.07035,0.02392,0.40648,0.03422,0.03134,0.03510,0.01056
24.61867,8,0.60238,0.00143,0.00129,0.00010,0.01020,0.07146,0.00318,0.00108,0.02309,0.47452,0.00077,0.21869,0.00477,0.00231,0.18684,0.00027,0.00738,0.03179,0.02234,0.00383,0.09497,0.02827,0.04456,0.03044,0.08374,0.02219,0.52243,0.04239,0.02260,0.03656,0.00650
24.64000,8,0.58330,0.00099,0.00182,0.00015,0.00704,0.05246,0.00353,0.00074,0.01593,0.63115,0.00085,0.15119,0.00331,0.00171,0.12893,0.00020,0.00257,0.03102,0.02206,0.00133,0.05535,0.02685,0.04649,0.02879,0.08901,0.02149,0.56826,0.04563,0.01913,0.03714,0.00488
24.66133,8,0.56863,0.00068,0.00960,0.00160,0.00493,0.04572,0.00336,0.00052,0.01100,0.71520,0.00664,0.10662,0.00232,0.00178,0.08898,0.00106,0.01034,0.03890,0.01768,0.01116,0.03420,0.04384,0.02542,0.02613,0.30889,0.01694,0.34636,0.03653,0.03127,0.02456,0.02778
24.68267,8,0.55930,0.00049,0.02186,0.00510,0.00392,0.04721,0.00304,0.00039,0.00761,0.73297,0.02885,0.07705,0.00191,0.00173,0.06145,0.00642,0.01615,0.04430,0.01477,0.01808,0.02472,0.05546,0.01099,0.02452,0.45643,0.01396,0.19132,0.03000,0.03986,0.01601,0.04341
24.70400,8,0.54853,0.00058,0.02608,0.00487,0.00280,0.03992,0.00271,0.00028,0.00528,0.55948,0.20940,0.05352,0.00136,0.00122,0.04242,0.05007,0.01873,0.04665,0.01351,0.02111,0.02115,0.06050,0.00472,0.02385,0.52015,0.01268,0.12368,0.02714,0.04363,0.01231,0.05019
24.72533,8,0.53265,0.00049,0.02005,0.00394,0.00199,0.02820,0.00196,0.00020,0.00365,0.39400,0.33763,0.03705,0.00095,0.00086,0.02939,0.13964,0.01970,0.04752,0.01305,0.02224,0.01991,0.06238,0.00239,0.02360,0.54384,0.01221,0.09842,0.02606,0.04503,0.01093,0.05272
24.74667,8,0.54084,0.00042,0.07294,0.00281,0.00154,0.01950,0.00138,0.00014,0.00252,0.30927,0.23459,0.02608,0.00068,0.00062,0.02233,0.30520,0.02004,0.04782,0.01289,0.02263,0.01950,0.06303,0.00158,0.02352,0.55199,0.01205,0.08970,0.02569,0.04552,0.01046,0.05359
24.76800,14,0.56122,0.00029,0.07348,0.00316,0.00107,0.01346,0.00097,0.00009,0.00174,0.23795,0.16201,0.04020,0.00055,0.00044,0.04856,0.41602,0.02015,0.04792,0.01283,0.02276,0.01936,0.06324,0.00132,0.02349,0.55467,0.01199,0.08683,0.02557,0.04568,0.01030,0.05387
24.78933,14,0.58334,0.00021,0.05143,0.00563,0.00075,0.00930,0.00082,0.00007,0.00123,0.17300,0.11189,0.23478,0.00061,0.00092,0.09291,0.31644,0.02017,0.04794,0.01282,0.02279,0.01934,0.06328,0.00126,0.02349,0.55522,0.01198,0.08625,0.02555,0.04571,0.01027,0.05393
24.81067,10,0.58129,0.00016,0.03595,0.00459,0.00055,0.00653,0.00076,0.00009,0.00106,0.12982,0.07773,0.41110,0.00089,0.00180,0.10363,0.22533,0.01601,0.04867,0.01060,0.02740,0.01671,0.05208,0.00819,0.01921,0.44322,0.01952,0.07914,0.02659,0.04639,0.01348,0.17282
24.83200,10,0.57923,0.00011,0.02492,0.00345,0.00043,0.00531,0.00066,0.00016,0.00089,0.09165,0.05836,0.54446,0.00068,0.00163,0.11134,0.15595,0.00827,0.04999,0.00651,0.03590,0.01187,0.03127,0.02108,0.01129,0.23511,0.03348,0.06676,0.02855,0.04760,0.01948,0.39285
24.85333,10,0.55468,0.00009,0.01724,0.00265,0.00052,0.04691,0.00631,0.01804,0.00177,0.06996,0.05955,0.51067,0.00102,0.00262,0.15456,0.10809,0.00343,0.04105,0.01324,0.02009,0.02175,0.02627,0.03508,0.01819,0.14210,0.02939,0.31226,0.03763,0.03351,0.02866,0.23735
24.87467,10,0.49095,0.00009,0.01198,0.00397,0.00062,0.08114,0.01422,0.16688,0.07848,0.04952,0.04397,0.36383,0.00073,0.00201,0.10787,0.07467,0.00125,0.03484,0.01834,0.00824,0.02909,0.02581,0.04272,0.02395,0.10854,0.02469,0.47940,0.04348,0.02385,0.03400,0.10181
24.89600,6,0.42157,0.00010,0.00838,0.00832,0.00067,0.06347,0.01277,0.34882,0.11339,0.03419,0.03058,0.25135,0.00051,0.00142,0.07451,0.05152,0.00043,0.03213,0.02061,0.00299,0.03233,0.02592,0.04583,0.02656,0.09718,0.02244,0.55187,0.04597,0.01965,0.03623,0.03986
24.91733,6,0.37830,0.00019,0.00608,0.00739,0.00081,0.05229,0.01157,0.50808,0.10648,0.02360,0.02140,0.17368,0.00037,0.00107,0.05142,0.03558,0.00014,0.03112,0.02147,0.00101,0.03355,0.02602,0.04695,0.02755,0.09349,0.02157,0.57885,0.04690,0.01809,0.03704,0.01625
24.93867,6,0.34227,0.00016,0.00421,0.00664,0.00081,0.03822,0.00840,0.64938,0.07946,0.01631,0.01480,0.12015,0.00026,0.00113,0.03549,0.02458,0.00004,0.01640,0.01491,0.00046,0.03000,0.02157,0.35230,0.02963,0.06415,0.03060,0.33939,0.02608,0.01798,0.02578,0.03070
24.96000,6,0.31626,0.00014,0.00292,0.00892,0.00069,0.03541,0.00628,0.73748,0.05961,0.01129,0.01031,0.08304,0.00018,0.00200,0.02451,0.01722,0.00001,0.00659,0.01040,0.00033,0.02747,0.01856,0.55794,0.03090,0.04480,0.03680,0.17480,0.01194,0.01810,0.01810,0.04326
24.98133,6,0.28637,0.00032,0.00214,0.02000,0.00171,0.03758,0.00511,0.77638,0.04849,0.00800,0.00787,0.05793,0.00016,0.00273,0.01701,0.01459,0.00000,0.00237,0.00843,0.00030,0.02636,0.01726,0.64684,0.03144,0.03648,0.03949,0.10329,0.00581,0.01817,0.01476,0.04899
25.00267,6,0.25194,0.00052,0.00313,0.03022,0.00176,0.04134,0.00604,0.67137,0.03540,0.00711,0.03315,0.04534,0.00019,0.00325,0.01250,0.10868,0.00000,0.00080,0.00770,0.00029,0.02594,0.01677,0.67989,0.03164,0.03340,0.04049,0.07664,0.00353,0.01820,0.01352,0.05118
25.02400,6,0.28962,0.00051,0.01284,0.02324,0.00128,0.02930,0.00893,0.47007,0.02446,0.00616,0.12014,0.03646,0.00022,0.00280,0.00960,0.25399,0.00000,0.00026,0.00744,0.00029,0.02580,0.01661,0.69128,0.03171,0.03234,0.04083,0.06745,0.00275,0.01821,0.01310,0.05194
25.04533,14,0.33508,0.00122,0.01046,0.01624,0.00089,0.02098,0.01066,0.33494,0.01707,0.00763,0.15311,0.03526,0.00025,0.00242,0.01111,0.37776,0.00000,0.00008,0.00736,0.00029,0.02575,0.01655,0.69501,0.03173,0.03199,0.04095,0.06443,0.00249,0.01822,0.01296,0.05219
25.06667,14,0.37291,0.00114,0.00745,0.01129,0.00063,0.01467,0.00757,0.23114,0.01179,0.00928,0.13546,0.02776,0.00020,0.00255,0.00874,0.53032,0.00000,0.00005,0.00734,0.00029,0.02574,0.01654,0.69578,0.03174,0.03192,0.04097,0.06382,0.00244,0.01822,0.01293,0.05224
25.08800,14,0.44604,0.00081,0.00522,0.00784,0.00043,0.01014,0.00899,0.15949,0.00814,0.00892,0.27972,0.02071,0.00371,0.00374,0.00645,0.47568,0.00047,0.01177,0.00638,0.01006,0.02164,0.01607,0.54324,0.02556,0.04007,0.04185,0.06185,0.00879,0.02521,0.01553,0.17151
25.10933,9,0.51305,0.00056,0.00362,0.00546,0.00030,0.00700,0.00686,0.11005,0.00562,0.00636,0.46589,0.01725,0.00416,0.02565,0.00454,0.33667,0.00134,0.03353,0.00463,0.02817,0.01407,0.01521,0.25978,0.01412,0.05525,0.04344,0.05905,0.02061,0.03815,0.02039,0.39227
25.13067,9,0.55195,0.00039,0.00255,0.00403,0.00022,0.00485,0.00675,0.07594,0.00388,0.00464,0.41186,0.02002,0.01002,0.20933,0.00332,0.24222,0.00177,0.04444,0.00375,0.03725,0.01027,0.01477,0.11754,0.00839,0.06287,0.04424,0.05767,0.02655,0.04464,0.02283,0.50302
25.15200,12,0.54255,0.00027,0.00176,0.00278,0.00015,0.00335,0.00481,0.05240,0.00268,0.00323,0.29377,0.01818,0.00919,0.41919,0.00243,0.18580,0.00791,0.03245,0.00571,0.02562,0.01977,0.02622,0.05337,0.00425,0.03634,0.33574,0.04975,0.03132,0.05828,0.02447,0.28880
25.17333,12,0.50161,0.00019,0.01341,0.02498,0.00016,0.00249,0.00337,0.03616,0.00185,0.00283,0.20360,0.02955,0.00829,0.51480,0.00175,0.15657,0.01199,0.02300,0.00715,0.01664,0.02664,0.03398,0.02801,0.00218,0.01751,0.53199,0.04459,0.03379,0.06665,0.02527,0.13060
25.19467,12,0.45923,0.00013,0.01145,0.32385,0.00017,0.00177,0.00233,0.02495,0.00128,0.00238,0.14050,0.02044,0.00572,0.35530,0.00121,0.10853,0.00682,0.01330,0.01045,0.01385,0.03191,0.05203,0.03253,0.01467,0.04009,0.30725,0.03637,0.04024,0.32078,0.01349,0.06622
25.21600,2,0.43124,0.00009,0.00925,0.50758,0.00276,0.00127,0.00198,0.01722,0.00091,0.02198,0.09738,0.01452,0.00396,0.24522,0.00084,0.07505,0.00282,0.00802,0.01248,0.01315,0.03455,0.06318,0.03862,0.02335,0.05778,0.13023,0.03151,0.04427,0.49090,0.00545,0.04371
25.23733,2,0.42476,0.00006,0.00822,0.38247,0.00410,0.00120,0.00153,0.01188,0.00066,0.27666,0.06732,0.01975,0.00277,0.17083,0.00059,0.05196,0.00102,0.00587,0.01334,0.01298,0.03559,0.06789,0.04159,0.02712,0.06569,0.05090,0.02947,0.04597,0.56434,0.00196,0.03624
25.25867,8,0.45526,0.00004,0.00649,0.26421,0.00291,0.00090,0.00107,0.00820,0.00047,0.49050,0.04662,0.01991,0.00194,0.11887,0.00041,0.03745,0.00336,0.00386,0.30021,0.06193,0.03894,0.04631,0.02279,0.01589,0.04917,0.04738,0.03732,0.03678,0.31529,0.00066,0.02011
25.28000,8,0.46878,0.00003,0.00507,0.18236,0.00206,0.00081,0.00078,0.00567,0.00040,0.61791,0.03312,0.02896,0.00138,0.08426,0.00033,0.03688,0.00515,0.00277,0.49334,0.09493,0.04107,0.03119,0.00975,0.00785,0.03707,0.05478,0.04286,0.03038,0.13855,0.00021,0.01010
25.30133,8,0.51122,0.00003,0.00383,0.12584,0.00147,0.00067,0.00081,0.00405,0.00034,0.64965,0.02438,0.02733,0.00119,0.06992,0.00025,0.09023,0.01243,0.02388,0.28987,0.06486,0.03109,0.04454,0.00423,0.01426,0.27939,0.03565,0.06354,0.02735,0.07446,0.00487,0.02958
25.32267,8,0.51693,0.00003,0.00274,0.08684,0.00108,0.00051,0.00059,0.00285,0.00026,0.46623,0.01902,0.02170,0.00092,0.05454,0.00023,0.34246,0.01520,0.03235,0.19517,0.05055,0.02697,0.05094,0.00296,0.01739,0.37667,0.02743,0.07137,0.02661,0.06162,0.00676,0.03804
25.34400,14,0.50377,0.00002,0.00191,0.06001,0.00074,0.00039,0.00042,0.00233,0.00022,0.32181,0.01341,0.01508,0.00070,0.03854,0.00018,0.54425,0.01833,0.04207,0.08285,0.03349,0.02221,0.05856,0.00177,0.02113,0.48824,0.01786,0.08022,0.02588,0.05055,0.00892,0.04792
25.36533,14,0.46982,0.00001,0.00132,0.04154,0.00051,0.00065,0.00029,0.10800,0.00126,0.22211,0.00927,0.01043,0.00050,0.02768,0.00013,0.57629,0.01955,0.04592,0.03736,0.02657,0.02031,0.06166,0.00138,0.02265,0.53242,0.01402,0.08368,0.02563,0.04719,0.00977,0.05188
25.38667,14,0.41731,0.00001,0.00091,0.02881,0.00039,0.00076,0.00026,0.36558,0.00472,0.15326,0.00640,0.00720,0.00035,0.01913,0.00009,0.41214,0.01145,0.04874,0.01646,0.03343,0.01432,0.03984,0.01547,0.01448,0.31867,0.02804,0.07144,0.02773,0.04750,0.01669,0.29574
25.40800,6,0.38305,0.00001,0.00063,0.01991,0.00041,0.00132,0.00022,0.55526,0.00888,0.10575,0.00442,0.00497,0.00024,0.01321,0.00006,0.28472,0.00585,0.05017,0.00788,0.03889,0.01050,0.02477,0.02501,0.00879,0.16938,0.03794,0.06278,0.02916,0.04809,0.02125,0.45952
25.42933,6,0.35434,0.00001,0.00043,0.01379,0.00040,0.00190,0.00018,0.68929,0.00865,0.07297,0.00305,0.00343,0.00017,0.00914,0.00004,0.19655,0.00341,0.05075,0.00477,0.04134,0.00888,0.01821,0.02914,0.00631,0.10423,0.04227,0.05899,0.02979,0.04839,0.02321,0.53032
25.45067,6,0.31706,0.00000,0.00031,0.00955,0.00033,0.00138,0.00014,0.78410,0.00636,0.05037,0.00211,0.00260,0.00012,0.00632,0.00003,0.13628,0.00154,0.02697,0.00565,0.02232,0.01662,0.01671,0.34320,0.01799,0.06316,0.04214,0.06048,0.01698,0.03425,0.01857,0.31342
25.47200,6,0.31354,0.00001,0.00027,0.00659,0.00023,0.00096,0.00027,0.61089,0.00439,0.03583,0.00164,0.22888,0.00013,0.00656,0.00002,0.10331,0.00059,0.01088,0.00660,0.00920,0.02203,0.01650,0.55430,0.02616,0.04348,0.04153,0.06195,0.00827,0.02469,0.01521,0.15861
25.49333,10,0.29333,0.00001,0.00022,0.00455,0.00016,0.00067,0.00019,0.42275,0.00303,0.05686,0.00116,0.43023,0.00026,0.00664,0.00002,0.07324,0.00020,0.00391,0.00706,0.00350,0.02439,0.01650,0.64555,0.02973,0.03584,0.04120,0.06264,0.00449,0.02054,0.01373,0.09071
25.51467,10,0.29304,0.00001,0.00026,0.00315,0.00011,0.00048,0.00015,0.29175,0.00210,0.29174,0.00083,0.35352,0.00031,0.00502,0.00002,0.05054,0.00007,0.00132,0.00723,0.00137,0.02528,0.01652,0.67946,0.03106,0.03315,0.04107,0.06290,0.00309,0.01900,0.01317,0.06531
25.53600,8,0.29913,0.00002,0.00027,0.00218,0.00012,0.00295,0.00031,0.20134,0.00181,0.48742,0.00067,0.26377,0.00050,0.00368,0.00007,0.03488,0.00002,0.01481,0.01415,0.00050,0.02955,0.02102,0.38611,0.02979,0.06043,0.03168,0.31180,0.02374,0.01804,0.02452,0.03384
25.55733,8,0.29119,0.00110,0.00071,0.00175,0.00053,0.00321,0.00418,0.13897,0.00214,0.46686,0.00083,0.34199,0.00717,0.00480,0.00157,0.02417,0.00001,0.02420,0.01878,0.00017,0.03233,0.02404,0.18449,0.02878,0.07912,0.02537,0.47942,0.03782,0.01757,0.03223,0.01567
25.57867,10,0.28772,0.00133,0.00076,0.00128,0.00058,0.00228,0.00670,0.09595,0.00150,0.32285,0.00064,0.53291,0.01107,0.00387,0.00132,0.01697,0.00949,0.03645,0.01651,0.01078,0.02653,0.04285,0.07509,0.02617,0.30524,0.01835,0.31372,0.03367,0.03076,0.02278,0.03162
25.60000,10,0.27531,0.00162,0.00244,0.00276,0.00085,0.00769,0.01548,0.07000,0.00199,0.24747,0.00206,0.61657,0.01199,0.00514,0.00121,0.01273,0.01327,0.04065,0.01528,0.01502,0.02402,0.05012,0.04595,0.02521,0.39389,0.01600,0.23584,0.03101,0.03604,0.01848,0.03924
25.62133,10,0.29534,0.00386,0.00619,0.00538,0.00160,0.01145,0.08022,0.07191,0.00743,0.18684,0.00197,0.59598,0.01080,0.00607,0.00098,0.00930,0.01293,0.04127,0.01587,0.01462,0.02453,0.04980,0.02739,0.02518,0.38809,0.01555,0.26006,0.03271,0.03553,0.01966,0.03681
25.64267,10,0.28347,0.00617,0.02471,0.00554,0.00198,0.01341,0.07604,0.05300,0.00675,0.17286,0.00240,0.60102,0.01434,0.01056,0.00138,0.00983,0.00603,0.03564,0.01912,0.00681,0.02970,0.03716,0.03673,0.02671,0.23003,0.01848,0.43876,0.04063,0.02579,0.02921,0.01919
25.66400,10,0.29559,0.00511,0.01805,0.00512,0.00167,0.03061,0.07351,0.04439,0.01175,0.13732,0.00185,0.59540,0.02222,0.04373,0.00213,0.00713,0.00232,0.03255,0.02084,0.00262,0.03246,0.03034,0.04315,0.02755,0.14491,0.02009,0.53371,0.04479,0.02055,0.03429,0.00982
25.68533,10,0.27158,0.00389,0.01246,0.00423,0.00123,0.02689,0.05085,0.03092,0.28501,0.09492,0.00139,0.42670,0.01686,0.03546,0.00424,0.00495,0.00081,0.03129,0.02154,0.00092,0.03358,0.02758,0.04594,0.02788,0.11043,0.02075,0.57200,0.04647,0.01843,0.03634,0.00605
25.70667,7,0.23921,0.00293,0.00862,0.00334,0.00092,0.02229,0.03525,0.02150,0.50015,0.06552,0.00096,0.29473,0.01176,0.02566,0.00293,0.00342,0.00027,0.03083,0.02178,0.00030,0.03398,0.02659,0.04698,0.02801,0.09800,0.02099,0.58577,0.04707,0.01767,0.03708,0.00469
25.72800,7,0.22126,0.00216,0.00595,0.00235,0.00073,0.01610,0.02468,0.01489,0.65351,0.04521,0.00067,0.20340,0.00812,0.01785,0.00203,0.00236,0.00009,0.03068,0.02187,0.00010,0.03411,0.02625,0.04734,0.02805,0.09380,0.02107,0.59042,0.04727,0.01741,0.03733,0.00423
25.74933,7,0.20673,0.00167,0.00418,0.00170,0.00070,0.01218,0.11226,0.01032,0.65648,0.03123,0.00047,0.14187,0.00654,0.01696,0.00177,0.00166,0.01079,0.01625,0.01852,0.01126,0.04396,0.03473,0.02700,0.31581,0.05290,0.01303,0.34792,0.04008,0.02925,0.03448,0.00403
25.77067,7,0.18247,0.00124,0.00291,0.00167,0.00062,0.01005,0.26004,0.00736,0.56164,0.02157,0.00034,0.10087,0.00884,0.02015,0.00134,0.00135,0.01802,0.00655,0.01625,0.01881,0.05058,0.04048,0.01326,0.50973,0.02583,0.00759,0.18397,0.03521,0.03725,0.03253,0.00395
25.79200,7,0.19517,0.00130,0.00202,0.00275,0.00066,0.00729,0.39052,0.00523,0.39777,0.01495,0.00039,0.10316,0.02200,0.04938,0.00110,0.00147,0.02115,0.00235,0.01527,0.02207,0.05344,0.04297,0.00731,0.59357,0.01418,0.00525,0.11302,0.03310,0.04072,0.03169,0.00392
25.81333,5,0.18842,0.00097,0.00142,0.00195,0.00049,0.00517,0.39932,0.00369,0.27470,0.01046,0.00038,0.08087,0.03297,0.18541,0.00079,0.00141,0.02231,0.00079,0.01491,0.02329,0.05450,0.04390,0.00510,0.62476,0.00985,0.00437,0.08662,0.03231,0.04201,0.03137,0.00391
25.83467,5,0.18324,0.00112,0.00112,0.00236,0.00115,0.08590,0.27889,0.00564,0.21867,0.03799,0.00096,0.09689,0.03471,0.23275,0.00066,0.00119,0.02271,0.00026,0.01478,0.02370,0.05487,0.04422,0.00434,0.63550,0.00836,0.00407,0.07753,0.03204,0.04245,0.03126,0.00390
25.85600,7,0.17758,0.00135,0.00722,0.00231,0.00097,0.12573,0.19979,0.00593,0.21176,0.17379,0.00072,0.07183,0.02566,0.17153,0.00049,0.00093,0.02138,0.00934,0.01907,0.02190,0.05273,0.16633,0.00378,0.49283,0.01936,0.00516,0.07311,0.02855,0.04164,0.03307,0.01175
25.87733,4,0.14925,0.00604,0.01000,0.00579,0.00152,0.31359,0.13929,0.00690,0.17843,0.14988,0.00054,0.05025,0.01778,0.11891,0.00037,0.00071,0.01883,0.02628,0.02703,0.01849,0.04869,0.39247,0.00291,0.22636,0.04004,0.00724,0.06675,0.02214,0.04004,0.03645,0.02629
25.89867,4,0.12047,0.00958,0.00979,0.00501,0.00164,0.49842,0.09761,0.00686,0.13011,0.11046,0.00041,0.03483,0.01229,0.08221,0.00027,0.00051,0.01895,0.02560,0.02672,0.01864,0.04886,0.38381,0.00289,0.23729,0.03915,0.00714,0.06640,0.02237,0.04013,0.03631,0.02573
25.92000,4,0.10316,0.03824,0.02324,0.00486,0.00329,0.56117,0.07279,0.00570,0.09960,0.09919,0.00051,0.02461,0.00872,0.05731,0.00028,0.00050,0.03770,0.03133,0.02544,0.02424,0.27104,0.20189,0.01360,0.16298,0.03295,0.01787,0.05885,0.01622,0.04911,0.03329,0.02349
25.94133,4,0.21371,0.07284,0.05647,0.00527,0.01120,0.43513,0.05244,0.00451,0.07261,0.18811,0.00844,0.02013,0.00881,0.04295,0.00049,0.02060,0.05004,0.03705,0.02545,0.02762,0.42030,0.10398,0.02074,0.08354,0.03107,0.02534,0.05331,0.01139,0.05498,0.03164,0.02356
25.96267,4,0.30753,0.05160,0.20569,0.00409,0.00968,0.30155,0.03678,0.00330,0.05014,0.25552,0.00599,0.01532,0.00732,0.03662,0.00036,0.01606,0.05535,0.03973,0.02555,0.02904,0.48479,0.06432,0.02382,0.04599,0.03051,0.02859,0.05086,0.00922,0.05750,0.03096,0.02377
25.98400,8,0.35022,0.03578,0.30482,0.00306,0.00780,0.20865,0.02574,0.00234,0.03460,0.31862,0.00415,0.01117,0.00521,0.02647,0.00025,0.01136,0.05732,0.04076,0.02560,0.02956,0.50877,0.05002,0.02497,0.03149,0.03034,0.02981,0.04995,0.00840,0.05843,0.03071,0.02387
26.00533,8,0.34055,0.02754,0.25687,0.00981,0.03283,0.17324,0.11200,0.00297,0.02488,0.31467,0.00320,0.00875,0.00393,0.01909,0.00020,0.01001,0.05799,0.04112,0.02562,0.02974,0.51702,0.04519,0.02536,0.02639,0.03029,0.03023,0.04963,0.00812,0.05875,0.03063,0.02392
26.02667,3,0.37084,0.01917,0.18448,0.01227,0.25438,0.13115,0.11954,0.00215,0.01746,0.21890,0.00266,0.01286,0.00291,0.01439,0.00028,0.00739,0.04031,0.04437,0.01961,0.02651,0.28408,0.05322,0.01405,0.02449,0.27719,0.02169,0.06645,0.01626,0.05268,0.02104,0.03805
26.04800,3,0.48271,0.01323,0.12737,0.00877,0.44031,0.09413,0.08308,0.00150,0.01207,0.15109,0.00202,0.03810,0.00519,0.01778,0.00020,0.00518,0.02831,0.04652,0.01555,0.02431,0.12613,0.05919,0.00638,0.02381,0.44357,0.01589,0.07783,0.02178,0.04855,0.01459,0.04758
26.06933,3,0.46979,0.00914,0.08789,0.00607,0.31548,0.06561,0.05763,0.00106,0.00835,0.10434,0.00168,0.24139,0.00760,0.08864,0.00015,0.00497,0.01363,0.04598,0.02438,0.27738,0.06814,0.03566,0.00659,0.02333,0.25863,0.01227,0.10887,0.02173,0.06884,0.00824,0.02632
26.09067,10,0.42559,0.00631,0.06064,0.00419,0.21771,0.07636,0.04016,0.00285,0.00577,0.07299,0.00133,0.43533,0.00536,0.06716,0.00012,0.00372,0.00530,0.04533,0.03086,0.44813,0.04970,0.01902,0.00774,0.02309,0.11234,0.01059,0.12829,0.02098,0.08305,0.00481,0.01076
26.11200,10,0.38243,0.00441,0.04185,0.00290,0.15022,0.17911,0.02849,0.11802,0.00401,0.05045,0.00119,0.36364,0.00383,0.04914,0.00013,0.00260,0.00187,0.04502,0.03372,0.52202,0.04397,0.01174,0.00834,0.02299,0.04670,0.00995,0.13654,0.02058,0.08925,0.00342,0.00390
26.13333,6,0.34381,0.00325,0.02891,0.00205,0.10366,0.21770,0.02167,0.29151,0.00280,0.03508,0.00084,0.25159,0.00289,0.03602,0.00015,0.00188,0.00109,0.04167,0.03130,0.40950,0.04116,0.01428,0.01742,0.02415,0.05022,0.01245,0.24241,0.02670,0.07332,0.01111,0.00321
26.15467,4,0.30707,0.00725,0.02109,0.00185,0.07155,0.38334,0.04256,0.21841,0.00196,0.04775,0.00072,0.17398,0.00214,0.02588,0.00013,0.00140,0.00036,0.03553,0.02621,0.18548,0.03709,0.02055,0.03411,0.02631,0.07075,0.01723,0.43671,0.03813,0.04252,0.02565,0.00339
26.17600,4,0.28009,0.00506,0.01457,0.00157,0.04939,0.54855,0.04519,0.15125,0.00140,0.03303,0.00930,0.12006,0.00148,0.01801,0.00010,0.00103,0.00011,0.02541,0.02019,0.07045,0.03330,0.02175,0.19197,0.02825,0.06965,0.02422,0.41194,0.03352,0.02705,0.02733,0.01486
26.19733,4,0.30756,0.00350,0.01006,0.00559,0.03408,0.41335,0.03579,0.10441,0.00159,0.02289,0.27151,0.08286,0.00102,0.01251,0.00007,0.00077,0.02743,0.03055,0.02150,0.03857,0.26162,0.03145,0.15682,0.02657,0.04871,0.02870,0.21812,0.01925,0.04033,0.02809,0.02230
26.21867,9,0.41331,0.00242,0.00694,0.00457,0.02352,0.28529,0.02569,0.07219,0.00240,0.01598,0.49340,0.05728,0.00071,0.00889,0.00005,0.00067,0.04586,0.03664,0.02380,0.03159,0.41634,0.03826,0.08440,0.02502,0.03737,0.02995,0.11420,0.01221,0.05118,0.02947,0.02372
26.24000,9,0.46821,0.00167,0.00479,0.00560,0.01623,0.19687,0.01773,0.04982,0.00167,0.01104,0.63620,0.04000,0.00067,0.01330,0.00004,0.00437,0.05384,0.03956,0.02494,0.03014,0.48335,0.04123,0.04778,0.02431,0.03276,0.03029,0.07215,0.00944,0.05609,0.03017,0.02394
26.26133,9,0.48183,0.00116,0.00343,0.00848,0.01125,0.13664,0.01228,0.03443,0.00125,0.00806,0.49148,0.04290,0.00465,0.13922,0.00010,0.10468,0.03633,0.02898,0.01718,0.02071,0.27829,0.04061,0.02810,0.01325,0.01904,0.32824,0.05309,0.02130,0.06416,0.02817,0.02254
26.28267,14,0.47523,0.00080,0.00247,0.00586,0.00776,0.09428,0.00848,0.02376,0.00086,0.00566,0.34001,0.02963,0.00326,0.09689,0.00018,0.38009,0.02356,0.02148,0.01180,0.01451,0.13189,0.03984,0.01944,0.00589,0.01035,0.52898,0.04534,0.02962,0.06900,0.02674,0.02158
26.30400,14,0.47161,0.00056,0.12047,0.00408,0.00536,0.06506,0.00635,0.01639,0.00059,0.00688,0.23471,0.02050,0.00229,0.06699,0.00017,0.44959,0.01793,0.01820,0.00946,0.01184,0.06770,0.03946,0.01620,0.00271,0.00666,0.61577,0.04254,0.03326,0.07102,0.02611,0.02116
26.32533,14,0.46321,0.00039,0.26363,0.00287,0.00370,0.04494,0.00631,0.01131,0.00041,0.02216,0.16321,0.01417,0.00163,0.04636,0.00013,0.41877,0.00985,0.03327,0.00627,0.02607,0.03268,0.02770,0.02302,0.00340,0.03483,0.35692,0.04897,0.03219,0.06069,0.02519,0.27894
26.34667,1,0.45758,0.00032,0.42306,0.00207,0.00267,0.03121,0.00911,0.00781,0.00030,0.04875,0.11339,0.00985,0.00117,0.03296,0.00012,0.31721,0.00510,0.04384,0.00441,0.03599,0.01697,0.01982,0.02801,0.00426,0.05426,0.17185,0.05363,0.03102,0.05349,0.02465,0.45270
26.36800,1,0.44917,0.00076,0.40143,0.00291,0.01514,0.02586,0.01871,0.00542,0.00153,0.18316,0.08409,0.00740,0.00100,0.02392,0.00028,0.22841,0.00312,0.04845,0.00364,0.04031,0.01103,0.01642,0.03021,0.00467,0.06272,0.09067,0.05568,0.03047,0.05034,0.02443,0.52784
26.38933,8,0.43998,0.00173,0.28008,0.00257,0.04974,0.02259,0.01756,0.00379,0.02316,0.33316,0.05924,0.02381,0.00142,0.02153,0.00039,0.15923,0.00234,0.16436,0.01332,0.04111,0.01475,0.01802,0.02348,0.00843,0.06422,0.07144,0.05920,0.02692,0.04260,0.02734,0.42248
26.41067,8,0.44156,0.00146,0.19336,0.00205,0.03777,0.01649,0.01267,0.00263,0.01975,0.47111,0.04239,0.04789,0.00281,0.02597,0.00111,0.12257,0.00132,0.37804,0.03140,0.04167,0.02287,0.02169,0.01056,0.01531,0.06522,0.05310,0.06527,0.02046,0.02893,0.03278,0.21139
26.43200,8,0.47281,0.00102,0.13349,0.00143,0.02885,0.01149,0.00877,0.00182,0.01364,0.62717,0.02940,0.03617,0.00198,0.01840,0.00083,0.08555,0.00538,0.36952,0.03286,0.03742,0.02473,0.03251,0.00427,0.01935,0.17832,0.03952,0.07181,0.01959,0.02854,0.02931,0.10686
26.45333,8,0.52587,0.00070,0.09212,0.00101,0.02016,0.00793,0.00605,0.00125,0.00941,0.70195,0.02135,0.02733,0.03793,0.01300,0.00059,0.05920,0.01356,0.19780,0.02230,0.02934,0.02198,0.04971,0.00217,0.02184,0.38751,0.02387,0.07958,0.02268,0.03767,0.01890,0.07108
26.47467,8,0.52424,0.00049,0.06357,0.00070,0.01391,0.00547,0.00418,0.00089,0.00649,0.49431,0.01475,0.15633,0.18761,0.01004,0.00041,0.04085,0.01769,0.10551,0.01648,0.02528,0.02036,0.05822,0.00150,0.02290,0.49242,0.01639,0.08330,0.02441,0.04264,0.01353,0.05938
26.49600,8,0.51038,0.00034,0.04387,0.00050,0.00960,0.00388,0.05285,0.00068,0.00449,0.34128,0.01018,0.28189,0.21343,0.00854,0.00029,0.02819,0.01933,0.06814,0.01410,0.02367,0.01968,0.06157,0.00129,0.02328,0.53388,0.01349,0.08475,0.02513,0.04466,0.01138,0.05566
26.51733,5,0.44556,0.00023,0.03028,0.00035,0.00663,0.00428,0.34035,0.00050,0.00310,0.23548,0.00702,0.19654,0.14959,0.00599,0.00020,0.01945,0.01991,0.05467,0.01324,0.02310,0.01943,0.06275,0.00123,0.02342,0.54863,0.01247,0.08526,0.02538,0.04539,0.01061,0.05451
26.53867,5,0.37646,0.00016,0.02090,0.00024,0.00457,0.00505,0.54266,0.00035,0.00215,0.16249,0.00485,0.13563,0.10325,0.00414,0.00014,0.01342,0.02011,0.05012,0.01295,0.02291,0.01935,0.06315,0.00121,0.02346,0.55358,0.01213,0.08543,0.02547,0.04564,0.01035,0.05416
26.56000,5,0.32308,0.00013,0.01451,0.00026,0.00332,0.02723,0.65956,0.00070,0.00160,0.11219,0.00335,0.09364,0.07127,0.00289,0.00010,0.00926,0.01855,0.04488,0.02255,0.01951,0.03158,0.30343,0.00170,0.01766,0.32070,0.01059,0.07455,0.02150,0.04242,0.02386,0.04653
26.58133,5,0.28954,0.00089,0.01234,0.00151,0.10394,0.08849,0.58543,0.00130,0.00118,0.07973,0.00234,0.06475,0.04924,0.00209,0.00008,0.00667,0.01748,0.04187,0.02905,0.01723,0.03983,0.46526,0.00203,0.01376,0.16323,0.00960,0.06720,0.01881,0.04022,0.03300,0.04143
26.60267,5,0.35937,0.00092,0.16087,0.00415,0.07594,0.06583,0.41540,0.00091,0.00081,0.17366,0.00748,0.04922,0.03413,0.00196,0.00006,0.00866,0.01701,0.04063,0.03187,0.01625,0.04340,0.53524,0.00217,0.01206,0.09507,0.00917,0.06402,0.01765,0.03926,0.03695,0.03923
26.62400,1,0.44666,0.00064,0.35577,0.00287,0.05240,0.04544,0.28664,0.00063,0.00056,0.18235,0.00517,0.03583,0.02383,0.00175,0.00011,0.00601,0.01684,0.04018,0.03292,0.01589,0.04473,0.56127,0.00223,0.01144,0.06971,0.00901,0.06284,0.01721,0.03891,0.03842,0.03841
26.64533,1,0.49186,0.00045,0.43762,0.00200,0.03616,0.03136,0.19781,0.00043,0.00039,0.12972,0.00360,0.05838,0.01672,0.00155,0.07942,0.00439,0.01678,0.04003,0.03328,0.01576,0.04519,0.57023,0.00225,0.01122,0.06098,0.00896,0.06243,0.01707,0.03879,0.03893,0.03813
26.66667,13,0.49800,0.00031,0.30496,0.00138,0.02495,0.02164,0.13655,0.00030,0.00027,0.09024,0.00256,0.08880,0.01194,0.00133,0.31071,0.00404,0.01305,0.15735,0.03625,0.02175,0.04169,0.44558,0.00173,0.01341,0.06114,0.01700,0.06414,0.01664,0.03402,0.03857,0.03768
26.68800,13,0.49152,0.00021,0.22515,0.00096,0.01724,0.01500,0.11523,0.00021,0.00021,0.10010,0.00231,0.13961,0.00836,0.00095,0.37153,0.00294,0.00617,0.37473,0.04167,0.03287,0.03512,0.21284,0.00077,0.01750,0.06320,0.03192,0.06738,0.01589,0.02522,0.03781,0.03691
26.70933,13,0.48465,0.00015,0.18993,0.00070,0.01200,0.01096,0.14967,0.00016,0.00017,0.21450,0.00175,0.09989,0.00578,0.00070,0.31150,0.00214,0.00962,0.36405,0.03605,0.02898,0.03145,0.09960,0.00145,0.01477,0.06776,0.04607,0.07389,0.01200,0.02280,0.15846,0.03305
26.73067,8,0.48433,0.00013,0.17511,0.00062,0.01149,0.00848,0.13348,0.00012,0.00019,0.26848,0.00228,0.15465,0.00502,0.00115,0.23684,0.00195,0.02104,0.18542,0.02170,0.01364,0.02949,0.06032,0.00342,0.00671,0.07428,0.06137,0.08355,0.00533,0.02475,0.38253,0.02645
26.75200,8,0.49095,0.00014,0.14796,0.00047,0.00868,0.00617,0.14552,0.00009,0.00014,0.31101,0.00434,0.17890,0.00963,0.00260,0.18251,0.00185,0.02697,0.08952,0.01435,0.00563,0.02870,0.04736,0.00443,0.00255,0.07747,0.06861,0.08831,0.00201,0.02598,0.49495,0.02316
26.77333,8,0.47792,0.00015,0.10232,0.00033,0.00616,0.00605,0.10284,0.00009,0.00010,0.48642,0.00475,0.13619,0.01020,0.00311,0.13907,0.00221,0.02445,0.05926,0.01281,0.01281,0.02420,0.05354,0.00302,0.01192,0.30256,0.04280,0.08752,0.01268,0.03541,0.27973,0.03728
26.79467,8,0.46648,0.00014,0.07081,0.00025,0.00433,0.04203,0.07159,0.00141,0.00009,0.60505,0.00341,0.09409,0.00706,0.00219,0.09597,0.00157,0.02200,0.05104,0.01270,0.01866,0.02127,0.05921,0.00195,0.01876,0.45385,0.02450,0.08639,0.02029,0.04160,0.12057,0.04721
26.81600,8,0.48065,0.00014,0.04944,0.00019,0.00300,0.05610,0.05208,0.00100,0.00008,0.57718,0.00540,0.17381,0.00535,0.00384,0.07124,0.00116,0.02086,0.04880,0.01275,0.02130,0.02001,0.06182,0.00147,0.02177,0.51922,0.01650,0.08584,0.02363,0.04426,0.05021,0.05155
26.83733,10,0.46002,0.00010,0.03435,0.00018,0.00207,0.04071,0.03606,0.00069,0.00005,0.40033,0.00411,0.40868,0.00442,0.00429,0.06199,0.00197,0.02043,0.04819,0.01278,0.02230,0.01954,0.06282,0.00129,0.02290,0.54352,0.01350,0.08563,0.02488,0.04525,0.02379,0.05318
26.85867,10,0.40812,0.00009,0.04857,0.10674,0.00145,0.02830,0.02524,0.00047,0.00004,0.27637,0.00296,0.44640,0.00315,0.01532,0.04342,0.00146,0.02027,0.04803,0.01280,0.02265,0.01938,0.06317,0.00123,0.02329,0.55189,0.01247,0.08555,0.02531,0.04559,0.01464,0.05374
26.88000,2,0.36423,0.00011,0.03415,0.36447,0.00109,0.01960,0.01757,0.00033,0.00003,0.19074,0.00226,0.32496,0.00219,0.01133,0.03002,0.00115,0.01073,0.03983,0.01708,0.01205,0.02632,0.04579,0.02296,0.02557,0.33664,0.01642,0.32373,0.03571,0.03233,0.02441,0.03044
26.90133,2,0.41440,0.00009,0.02371,0.54181,0.00153,0.01354,0.01858,0.00023,0.00002,0.13195,0.00287,0.23247,0.00156,0.00790,0.02183,0.00191,0.00432,0.03432,0.01996,0.00486,0.03101,0.03403,0.03761,0.02707,0.19060,0.01921,0.48424,0.04267,0.02336,0.03206,0.01467
26.92267,2,0.46726,0.00007,0.01638,0.39598,0.00131,0.00934,0.01724,0.00016,0.00002,0.09114,0.11674,0.32072,0.00540,0.00675,0.01666,0.00210,0.00409,0.02629,0.15932,0.02994,0.03417,0.02970,0.03078,0.02154,0.13713,0.02932,0.40125,0.03961,0.02098,0.02554,0.01036
26.94400,9,0.45291,0.00005,0.01130,0.27324,0.00098,0.01379,0.01208,0.00025,0.00002,0.06411,0.33208,0.25539,0.01064,0.01129,0.01183,0.00295,0.00512,0.01265,0.41670,0.07799,0.03896,0.02433,0.01481,0.01096,0.07114,0.04741,0.21132,0.03236,0.01861,0.01171,0.00594
26.96533,9,0.39871,0.00013,0.00788,0.18858,0.00118,0.13068,0.04484,0.02028,0.00001,0.04825,0.32828,0.19804,0.00802,0.01293,0.00818,0.00269,0.00588,0.00603,0.54571,0.10238,0.04119,0.02210,0.00622,0.00559,0.04372,0.05638,0.10979,0.02845,0.01777,0.00446,0.00433
26.98667,9,0.33649,0.00022,0.00562,0.13014,0.00108,0.24682,0.07655,0.06518,0.00002,0.03361,0.27782,0.13888,0.00570,0.01079,0.00566,0.00191,0.01013,0.01014,0.30745,0.06185,0.03682,0.02991,0.00917,0.00281,0.02240,0.34308,0.06617,0.03123,0.04322,0.01366,0.01196
27.00800,4,0.30002,0.00016,0.00388,0.08980,0.00077,0.36033,0.05378,0.16176,0.00016,0.02320,0.19274,0.09591,0.00399,0.00758,0.00391,0.00202,0.01289,0.01374,0.13077,0.03148,0.03361,0.03544,0.01224,0.00161,0.01137,0.53507,0.04966,0.03360,0.06047,0.02077,0.01729
27.02933,4,0.40380,0.00011,0.00269,0.06198,0.00073,0.30846,0.03766,0.25015,0.00025,0.01602,0.13457,0.09255,0.00653,0.07651,0.00285,0.00894,0.01407,0.01539,0.05258,0.01801,0.03219,0.03787,0.01368,0.00116,0.00696,0.61800,0.04392,0.03468,0.06794,0.02394,0.01961
27.05067,4,0.46152,0.00009,0.00193,0.04329,0.00083,0.22409,0.02675,0.18199,0.00019,0.01107,0.09330,0.08857,0.09110,0.18079,0.00200,0.05402,0.03498,0.02774,0.03143,0.02210,0.26165,0.04050,0.01942,0.01179,0.01744,0.35094,0.04594,0.02226,0.06450,0.02741,0.02190
27.07200,12,0.45674,0.00007,0.00134,0.03002,0.00060,0.15581,0.01876,0.12574,0.00013,0.00777,0.06462,0.06986,0.07474,0.25759,0.00140,0.19154,0.04893,0.03586,0.02680,0.02651,0.41644,0.04197,0.02310,0.01901,0.02504,0.16085,0.04797,0.01375,0.06127,0.02936,0.02315
27.09333,7,0.40707,0.00010,0.00097,0.02142,0.00046,0.10945,0.01311,0.08697,0.23952,0.00558,0.04477,0.05068,0.05202,0.23831,0.00099,0.13566,0.05495,0.03934,0.02584,0.02860,0.48340,0.04258,0.02467,0.02214,0.02838,0.07754,0.04892,0.01006,0.05977,0.03016,0.02366
27.11467,7,0.34593,0.00013,0.00102,0.01912,0.00457,0.08257,0.01258,0.06155,0.45117,0.00389,0.03101,0.03600,0.03601,0.16604,0.00069,0.09366,0.02979,0.02345,0.02011,0.02147,0.28055,0.05576,0.03362,0.02582,0.04840,0.03466,0.03936,0.02698,0.31597,0.01608,0.02800
27.13600,7,0.29609,0.00044,0.00160,0.04793,0.05094,0.14555,0.00959,0.04488,0.44374,0.00299,0.02141,0.02598,0.02496,0.11483,0.00051,0.06465,0.02286,0.01010,0.01677,0.02156,0.14453,0.05229,0.02095,0.31516,0.03208,0.01526,0.05386,0.03178,0.22436,0.02115,0.01729
27.15733,7,0.26901,0.00151,0.00124,0.03594,0.07004,0.25252,0.01427,0.03190,0.41419,0.00215,0.01478,0.01857,0.01750,0.08028,0.00040,0.04471,0.02237,0.00375,0.01543,0.02281,0.08696,0.04783,0.01099,0.50951,0.01789,0.00781,0.06519,0.03220,0.12098,0.02688,0.00938
27.17867,7,0.36371,0.00126,0.00090,0.02556,0.19388,0.18675,0.03218,0.02205,0.28702,0.00256,0.01077,0.06267,0.01980,0.12334,0.00029,0.03097,0.02262,0.00129,0.01496,0.02349,0.06576,0.04566,0.00653,0.59352,0.01140,0.00520,0.07027,0.03208,0.07174,0.02960,0.00589
27.20000,10,0.34077,0.00088,0.00062,0.01772,0.13391,0.12889,0.02304,0.01523,0.19808,0.00178,0.00751,0.23104,0.07020,0.14881,0.00020,0.02210,0.02272,0.00074,0.01486,0.02366,0.06116,0.04514,0.00547,0.61310,0.00986,0.00465,0.07146,0.03202,0.05984,0.03026,0.00507
27.22133,10,0.28904,0.00061,0.00043,0.01223,0.09240,0.08919,0.20179,0.01053,0.13668,0.00123,0.00520,0.24115,0.07245,0.11715,0.00014,0.01882,0.02283,0.00024,0.01476,0.02382,0.05699,0.04463,0.00447,0.63155,0.00839,0.00415,0.07260,0.03196,0.04842,0.03089,0.00429
27.24267,5,0.25995,0.00042,0.00030,0.00844,0.06376,0.06164,0.44834,0.00728,0.09432,0.00085,0.00359,0.16700,0.05003,0.08095,0.00010,0.01299,0.01761,0.00712,0.01639,0.01837,0.05085,0.04025,0.01416,0.49672,0.02726,0.00795,0.19256,0.03549,0.03868,0.03254,0.00405
27.26400,5,0.23070,0.00031,0.00022,0.00582,0.04399,0.04253,0.61517,0.00502,0.06508,0.00062,0.00268,0.11802,0.03452,0.05586,0.00021,0.00993,0.00786,0.02012,0.01944,0.00820,0.04153,0.03239,0.03261,0.23748,0.06299,0.01523,0.41421,0.04206,0.02658,0.03527,0.00402
27.28533,5,0.20247,0.00038,0.00148,0.00403,0.03036,0.02952,0.71407,0.00354,0.04493,0.00105,0.00756,0.08198,0.02382,0.03856,0.00141,0.01733,0.01083,0.03104,0.02640,0.01047,0.04221,0.28609,0.02063,0.09913,0.06449,0.01317,0.27621,0.03110,0.03082,0.03744,0.01998
27.30667,5,0.18498,0.00051,0.00212,0.00281,0.02096,0.02058,0.67300,0.00249,0.03101,0.00289,0.07499,0.05672,0.01644,0.02669,0.00717,0.06164,0.01420,0.03659,0.03066,0.01342,0.04396,0.45814,0.00998,0.04217,0.06050,0.01077,0.15225,0.02279,0.03534,0.03852,0.03073
27.32800,5,0.27028,0.00038,0.00192,0.00205,0.01446,0.01430,0.49369,0.00175,0.02140,0.00343,0.29736,0.04257,0.01138,0.01855,0.01163,0.06514,0.01580,0.03878,0.03246,0.01485,0.04486,0.53266,0.00509,0.02147,0.05823,0.00961,0.09528,0.01910,0.03747,0.03894,0.03538
27.34933,9,0.41198,0.00026,0.00154,0.00143,0.00998,0.00988,0.34082,0.00121,0.01477,0.00251,0.42816,0.03004,0.00995,0.07922,0.00822,0.06203,0.01642,0.03957,0.03312,0.01541,0.04522,0.56039,0.00322,0.01445,0.05730,0.00917,0.07353,0.01771,0.03830,0.03909,0.03711
27.37067,9,0.48347,0.00018,0.00121,0.00099,0.00689,0.00682,0.23517,0.00083,0.01019,0.00173,0.42910,0.02123,0.12272,0.11419,0.00569,0.04306,0.01664,0.03983,0.03334,0.01561,0.04534,0.56994,0.00257,0.01216,0.05696,0.00901,0.06593,0.01723,0.03859,0.03914,0.03771
27.39200,11,0.50671,0.00012,0.00086,0.00069,0.00475,0.00473,0.16227,0.00057,0.00703,0.00120,0.30889,0.01483,0.31822,0.14201,0.00403,0.02979,0.01577,0.02883,0.02153,0.01316,0.03880,0.32165,0.00812,0.00665,0.03233,0.31688,0.05350,0.02567,0.05438,0.03286,0.02989
27.41333,11,0.51946,0.00009,0.00060,0.00048,0.00328,0.00330,0.11197,0.00040,0.00485,0.00083,0.21421,0.01031,0.52579,0.10055,0.00279,0.02057,0.01515,0.02138,0.01354,0.01148,0.03437,0.15320,0.01194,0.00321,0.01577,0.52438,0.04601,0.03142,0.06498,0.02862,0.02455
27.43467,11,0.50158,0.00006,0.00043,0.00054,0.00226,0.02758,0.07728,0.12744,0.00926,0.00097,0.14797,0.00749,0.47715,0.10542,0.00193,0.01422,0.01208,0.01879,0.01461,0.00833,0.04004,0.10444,0.01783,0.01565,0.03746,0.30467,0.02775,0.28147,0.08511,0.01717,0.01459
27.45600,6,0.44349,0.00004,0.00030,0.00037,0.00156,0.01909,0.05333,0.37907,0.01176,0.00068,0.10212,0.00518,0.34206,0.07328,0.00133,0.00982,0.01091,0.01830,0.01561,0.00719,0.04261,0.09705,0.01991,0.02084,0.04727,0.20252,0.02102,0.38050,0.09236,0.01291,0.01102
27.47733,6,0.39179,0.00003,0.00020,0.00026,0.00108,0.01319,0.03680,0.56953,0.00899,0.00047,0.07047,0.00359,0.23712,0.05058,0.00092,0.00678,0.00957,0.01788,0.01691,0.00593,0.04564,0.09202,0.02220,0.02685,0.05883,0.08135,0.01346,0.49375,0.10045,0.00813,0.00703
27.49867,6,0.34396,0.00002,0.00014,0.00018,0.00075,0.00945,0.02556,0.69752,0.00870,0.00065,0.04866,0.00359,0.16361,0.03585,0.00063,0.00469,0.00703,0.01368,0.01506,0.00431,0.04185,0.07389,0.17811,0.02952,0.05562,0.04039,0.02296,0.40955,0.08355,0.00802,0.01645
27.52000,6,0.34257,0.00002,0.00022,0.00015,0.00052,0.00654,0.01782,0.55028,0.00605,0.00160,0.03441,0.23049,0.11294,0.02727,0.00044,0.01125,0.00310,0.00609,0.01081,0.00205,0.03299,0.04205,0.46545,0.03090,0.04273,0.03772,0.04498,0.18675,0.04755,0.01060,0.03622
27.54133,10,0.39392,0.00001,0.00021,0.00012,0.00036,0.00452,0.01234,0.39073,0.00418,0.00231,0.02526,0.44919,0.07802,0.02224,0.00032,0.01019,0.00116,0.00230,0.00864,0.00095,0.02848,0.02614,0.60956,0.03145,0.03598,0.03927,0.05620,0.07233,0.02931,0.01201,0.04623
27.56267,10,0.42857,0.00001,0.00016,0.00008,0.00025,0.00312,0.00857,0.27062,0.00289,0.06613,0.01844,0.54363,0.05398,0.02475,0.00022,0.00718,0.00040,0.00080,0.00778,0.00051,0.02668,0.01986,0.66649,0.03164,0.03328,0.04030,0.06066,0.02673,0.02207,0.01258,0.05020
27.58400,10,0.41414,0.00002,0.00018,0.00022,0.00025,0.00272,0.01065,0.18801,0.02014,0.27938,0.02578,0.40733,0.03749,0.02046,0.00024,0.00712,0.00013,0.01464,0.01433,0.00023,0.03001,0.02212,0.38178,0.02998,0.06049,0.03141,0.31101,0.03157,0.01906,0.02432,0.02893
27.60533,6,0.36720,0.00035,0.00024,0.00971,0.00179,0.01084,0.01291,0.28863,0.10341,0.21656,0.02343,0.28404,0.02600,0.01671,0.00018,0.00519,0.00004,0.02415,0.01884,0.00008,0.03247,0.02440,0.18307,0.02884,0.07915,0.02528,0.47918,0.04033,0.01789,0.03216,0.01412
27.62667,6,0.32780,0.00030,0.00017,0.00734,0.00131,0.00761,0.00926,0.50581,0.07337,0.14946,0.01617,0.19599,0.01795,0.01154,0.00012,0.00358,0.00001,0.02828,0.02080,0.00003,0.03356,0.02546,0.09640,0.02835,0.08725,0.02261,0.55184,0.04471,0.01749,0.03555,0.00766
27.64800,6,0.30544,0.00032,0.00013,0.00619,0.00125,0.00726,0.00774,0.65250,0.05163,0.10321,0.01120,0.13527,0.01242,0.00832,0.00008,0.00248,0.00000,0.01544,0.01468,0.00014,0.03000,0.02138,0.36902,0.02989,0.06209,0.03096,0.33008,0.02531,0.01779,0.02527,0.02793
27.66933,6,0.37407,0.00050,0.00031,0.00506,0.00096,0.00753,0.03815,0.49604,0.03599,0.07192,0.00896,0.13348,0.01061,0.12122,0.00007,0.06919,0.00000,0.00629,0.01032,0.00023,0.02747,0.01850,0.56335,0.03099,0.04415,0.03691,0.17176,0.01168,0.01804,0.01793,0.04239
27.69067,6,0.36398,0.00037,0.00026,0.00350,0.00067,0.00754,0.02661,0.34259,0.02485,0.05524,0.00767,0.14980,0.01014,0.10745,0.00005,0.26328,0.00000,0.00227,0.00841,0.00026,0.02636,0.01724,0.64854,0.03147,0.03628,0.03952,0.10233,0.00573,0.01815,0.01471,0.04872
27.71200,14,0.34256,0.00026,0.00020,0.00244,0.00048,0.17276,0.01855,0.23685,0.01716,0.04863,0.00545,0.11123,0.00714,0.07467,0.00004,0.30412,0.00000,0.00077,0.00769,0.00028,0.02594,0.01677,0.68042,0.03165,0.03334,0.04050,0.07634,0.00351,0.01820,0.01351,0.05109
27.73333,4,0.36487,0.00019,0.00046,0.00192,0.00068,0.41834,0.01313,0.16660,0.01188,0.03963,0.00377,0.07690,0.00493,0.05158,0.00003,0.20996,0.00000,0.00044,0.00753,0.00028,0.02585,0.01667,0.68740,0.03169,0.03269,0.04071,0.07065,0.00302,0.01821,0.01324,0.05161
27.75467,4,0.46935,0.00016,0.00056,0.00169,0.00263,0.38388,0.04370,0.11515,0.00825,0.02767,0.00269,0.06550,0.00702,0.16682,0.00002,0.17426,0.00047,0.01189,0.00645,0.01006,0.02168,0.01611,0.54060,0.02555,0.04031,0.04176,0.06405,0.00897,0.02520,0.01563,0.17127
27.77600,12,0.46818,0.00011,0.00039,0.00119,0.00183,0.26671,0.03064,0.07949,0.00573,0.01922,0.00192,0.08986,0.00662,0.36983,0.00002,0.12644,0.01430,0.03132,0.00981,0.02519,0.13222,0.02176,0.25758,0.01849,0.04676,0.04012,0.05804,0.01557,0.04053,0.02187,0.26645
27.79733,7,0.42288,0.00008,0.00027,0.00087,0.00126,0.18560,0.02114,0.05487,0.28698,0.01333,0.00133,0.06413,0.00465,0.27807,0.00001,0.08741,0.03873,0.03805,0.01848,0.02877,0.34715,0.03342,0.11342,0.02085,0.03846,0.03485,0.05304,0.01201,0.05143,0.02697,0.14439
27.81867,7,0.37124,0.00006,0.00019,0.00066,0.00089,0.12936,0.01462,0.03810,0.50506,0.00920,0.00092,0.04446,0.00321,0.19294,0.00001,0.06031,0.02355,0.02308,0.01737,0.02165,0.22764,0.05228,0.06447,0.02516,0.05226,0.02039,0.04086,0.02790,0.31297,0.01490,0.07551
27.84000,7,0.32554,0.00004,0.00015,0.00063,0.00062,0.09170,0.01026,0.02794,0.65388,0.00635,0.00064,0.03069,0.00222,0.13323,0.00001,0.04163,0.02067,0.01000,0.01582,0.02165,0.12587,0.05108,0.03115,0.31490,0.03343,0.01067,0.05437,0.03213,0.22335,0.02075,0.03416
27.86133,7,0.27546,0.00024,0.00113,0.05018,0.00054,0.06603,0.01139,0.01944,0.66756,0.00443,0.00206,0.02120,0.00153,0.09196,0.00022,0.06209,0.02165,0.00372,0.01512,0.02285,0.08074,0.04742,0.01425,0.50942,0.01834,0.00637,0.06536,0.03233,0.12065,0.02674,0.01504
27.88267,7,0.22893,0.00084,0.01994,0.14359,0.00067,0.05190,0.05293,0.01358,0.48037,0.00309,0.00248,0.01468,0.00106,0.06347,0.00021,0.15119,0.02239,0.00128,0.01486,0.02350,0.06376,0.04553,0.00755,0.59349,0.01154,0.00475,0.07032,0.03212,0.07164,0.02956,0.00771
27.90400,7,0.21379,0.00062,0.02818,0.11153,0.00047,0.03679,0.28412,0.00939,0.33149,0.00213,0.00351,0.01013,0.00073,0.04380,0.00019,0.13693,0.02272,0.00042,0.01477,0.02376,0.05788,0.04478,0.00516,0.62473,0.00898,0.00420,0.07220,0.03200,0.05263,0.03064,0.00515
27.92533,5,0.19414,0.00043,0.02445,0.07740,0.00032,0.02600,0.46624,0.00649,0.22873,0.00152,0.01723,0.00703,0.00051,0.03022,0.00033,0.11309,0.02284,0.00013,0.01474,0.02386,0.05594,0.04451,0.00435,0.63549,0.00808,0.00401,0.07285,0.03194,0.04594,0.03102,0.00430
27.94667,5,0.31694,0.00030,0.01704,0.05343,0.00022,0.01799,0.33029,0.00449,0.15783,0.00116,0.30356,0.00720,0.00038,0.02093,0.00545,0.07973,0.02288,0.00004,0.01473,0.02389,0.05532,0.04442,0.00409,0.63902,0.00779,0.00395,0.07307,0.03192,0.04371,0.03115,0.00403
27.96800,9,0.45513,0.00021,0.01181,0.03687,0.00015,0.01243,0.22816,0.00311,0.10890,0.00082,0.50616,0.00622,0.00637,0.01994,0.00381,0.05504,0.02000,0.01878,0.02352,0.02005,0.05060,0.29342,0.00320,0.34443,0.03077,0.00629,0.06800,0.02491,0.04114,0.03493,0.01995
27.98933,9,0.54500,0.00014,0.00818,0.02544,0.00011,0.00862,0.15743,0.00216,0.07514,0.00058,0.46569,0.01650,0.17524,0.02283,0.00392,0.03800,0.01886,0.02624,0.02702,0.01852,0.04876,0.39250,0.00287,0.22699,0.03994,0.00722,0.06597,0.02212,0.04026,0.03643,0.02631
28.01067,11,0.53229,0.00010,0.00568,0.01765,0.00007,0.00606,0.10863,0.00149,0.05185,0.00063,0.32338,0.01363,0.41752,0.02263,0.00444,0.02624,0.01708,0.02935,0.02520,0.01553,0.04344,0.38264,0.00531,0.09017,0.03841,0.15925,0.05879,0.02314,0.04698,0.03505,0.02966
28.03200,11,0.47026,0.00007,0.01408,0.05461,0.00005,0.00471,0.07501,0.00104,0.03578,0.00212,0.22325,0.02297,0.51879,0.02613,0.00327,0.01812,0.01570,0.02266,0.01599,0.01255,0.03663,0.19921,0.01040,0.03268,0.02031,0.43920,0.04887,0.02969,0.06086,0.03000,0.02526
28.05333,11,0.39194,0.00005,0.17586,0.04212,0.00004,0.00536,0.05304,0.00082,0.02470,0.00161,0.15419,0.01916,0.47967,0.02842,0.00245,0.01253,0.01228,0.01945,0.01567,0.00873,0.04092,0.12487,0.01720,0.02548,0.03947,0.27015,0.02891,0.28069,0.08342,0.01776,0.01500
28.07467,1,0.34010,0.00004,0.38931,0.02933,0.00003,0.00758,0.03668,0.01576,0.03924,0.00113,0.10646,0.01334,0.33106,0.01967,0.00173,0.00864,0.01017,0.01828,0.01677,0.00657,0.04475,0.10129,0.02108,0.02763,0.05499,0.11713,0.01684,0.44887,0.09667,0.01022,0.00875
28.09600,1,0.31818,0.00003,0.40301,0.02029,0.00002,0.00551,0.02532,0.01154,0.20164,0.00079,0.07346,0.00922,0.22843,0.01359,0.00119,0.00596,0.00927,0.01789,0.01739,0.00567,0.04651,0.09397,0.02267,0.02933,0.06198,0.04670,0.01176,0.52149,0.10219,0.00704,0.00613
28.11733,7,0.29673,0.00002,0.28233,0.01403,0.00003,0.00392,0.01750,0.00827,0.44408,0.00057,0.05069,0.00652,0.15762,0.00948,0.00082,0.00412,0.00511,0.26772,0.03091,0.02256,0.03885,0.06078,0.01219,0.02552,0.06437,0.03770,0.03859,0.29152,0.06330,0.02086,0.02002
28.13867,7,0.38176,0.00004,0.19482,0.00969,0.00026,0.00403,0.02255,0.00603,0.36103,0.00079,0.03517,0.07629,0.11179,0.17398,0.00059,0.00294,0.00242,0.43605,0.03993,0.03405,0.03347,0.03925,0.00494,0.02274,0.06511,0.04036,0.05727,0.12773,0.03642,0.03055,0.02970
28.16000,12,0.38048,0.00003,0.13444,0.00668,0.00020,0.00283,0.01611,0.00417,0.24933,0.00077,0.02559,0.18424,0.10469,0.26744,0.00047,0.00301,0.01173,0.25064,0.02913,0.03061,0.04298,0.03919,0.00365,0.31267,0.03820,0.02366,0.06690,0.06372,0.03625,0.03198,0.01870
28.18133,12,0.32485,0.00002,0.09301,0.00490,0.00014,0.00279,0.15943,0.00290,0.17205,0.00058,0.01789,0.20044,0.08375,0.25870,0.00037,0.00303,0.01836,0.10369,0.02067,0.02679,0.05010,0.04194,0.00373,0.50842,0.01997,0.01194,0.07094,0.04211,0.03965,0.03168,0.01002
28.20267,5,0.27379,0.00002,0.06450,0.00378,0.00010,0.00260,0.41010,0.00203,0.11873,0.00040,0.01236,0.14457,0.05787,0.18058,0.00026,0.00210,0.01050,0.03998,0.01646,0.01982,0.04437,0.05571,0.02236,0.30590,0.04147,0.00755,0.05137,0.04215,0.30590,0.01674,0.01969
28.22400,5,0.26333,0.00001,0.04451,0.00261,0.00007,0.00187,0.59257,0.00140,0.08219,0.00028,0.00854,0.09977,0.03993,0.12460,0.00018,0.00146,0.00434,0.01655,0.01475,0.01564,0.03958,0.06459,0.03490,0.14387,0.05834,0.00613,0.03769,0.04469,0.48483,0.00674,0.02736
28.24533,5,0.24550,0.00002,0.03072,0.00180,0.00005,0.00131,0.71376,0.00098,0.05674,0.00105,0.00603,0.07158,0.02755,0.08599,0.00114,0.00127,0.00945,0.02509,0.02335,0.01520,0.04175,0.30516,0.02101,0.06251,0.05959,0.00730,0.04764,0.03201,0.29588,0.02082,0.03325
28.26667,5,0.39762,0.00003,0.02141,0.00125,0.00005,0.00094,0.53554,0.00069,0.03918,0.07097,0.00559,0.15398,0.01908,0.05988,0.00515,0.08626,0.01192,0.03000,0.02689,0.01531,0.04297,0.40024,0.01459,0.04187,0.05886,0.00786,0.05257,0.02676,0.20797,0.02714,0.03504
28.28800,5,0.39438,0.00002,0.01480,0.00087,0.00004,0.00073,0.36989,0.00049,0.03161,0.24415,0.00433,0.19442,0.01339,0.05828,0.00367,0.06331,0.01489,0.03606,0.03097,0.01553,0.04445,0.50889,0.00699,0.02161,0.05768,0.00852,0.05850,0.02069,0.10372,0.03457,0.03693
28.30933,7,0.36706,0.00001,0.01022,0.00089,0.00004,0.00104,0.25530,0.00038,0.30385,0.19005,0.00300,0.13894,0.00926,0.04071,0.00253,0.04377,0.01609,0.03858,0.03259,0.01564,0.04507,0.55176,0.00391,0.01455,0.05712,0.00879,0.06092,0.01828,0.06151,0.03756,0.03764
28.33067,7,0.33297,0.00001,0.00732,0.00970,0.00011,0.00307,0.17649,0.00095,0.50618,0.13165,0.00207,0.09598,0.00639,0.02811,0.00175,0.03021,0.01653,0.03950,0.03317,0.01568,0.04530,0.56701,0.00281,0.01220,0.05690,0.00889,0.06180,0.01742,0.04630,0.03863,0.03788
28.35200,7,0.29714,0.00022,0.00848,0.01436,0.00258,0.00604,0.12334,0.00157,0.63714,0.09175,0.00145,0.06633,0.00443,0.02016,0.00124,0.02093,0.01957,0.02104,0.02456,0.01955,0.04990,0.32305,0.00324,0.30722,0.03374,0.00657,0.06723,0.02414,0.04300,0.03526,0.02194
28.37333,7,0.26505,0.00064,0.01558,0.05905,0.00383,0.03280,0.08989,0.07191,0.57349,0.06475,0.00142,0.04603,0.00311,0.02041,0.00089,0.01620,0.02157,0.00849,0.01870,0.02215,0.05297,0.15693,0.00366,0.50621,0.01816,0.00499,0.07079,0.02877,0.04258,0.03286,0.01118
28.39467,7,0.25590,0.00047,0.01089,0.04783,0.00274,0.04963,0.06258,0.24196,0.39743,0.04470,0.00186,0.03184,0.00216,0.09368,0.00063,0.01158,0.02242,0.00306,0.01615,0.02327,0.05430,0.08487,0.00386,0.59231,0.01143,0.00431,0.07231,0.03078,0.04259,0.03181,0.00652
28.41600,6,0.41021,0.00033,0.00785,0.05356,0.00235,0.05444,0.04599,0.40246,0.27428,0.03099,0.00201,0.02439,0.00316,0.08342,0.00067,0.01411,0.02274,0.00103,0.01520,0.02369,0.05479,0.05805,0.00394,0.62433,0.00893,0.00405,0.07288,0.03153,0.04263,0.03141,0.00479
28.43733,6,0.51059,0.00023,0.00546,0.06317,0.00202,0.03792,0.03261,0.29684,0.18929,0.02148,0.00693,0.01795,0.10839,0.19806,0.00049,0.01917,0.02285,0.00033,0.01488,0.02384,0.05496,0.04881,0.00396,0.63536,0.00806,0.00397,0.07307,0.03179,0.04265,0.03128,0.00419
28.45867,12,0.46424,0.00016,0.00377,0.04378,0.00140,0.02619,0.02951,0.20483,0.13061,0.01487,0.00479,0.02083,0.08698,0.41759,0.00034,0.01435,0.01213,0.00011,0.01130,0.01279,0.04124,0.03269,0.32945,0.35290,0.01914,0.02136,0.06838,0.01800,0.03118,0.02262,0.02674
28.48000,5,0.39413,0.00011,0.00264,0.03022,0.00096,0.01821,0.30929,0.14139,0.09012,0.01027,0.00333,0.01527,0.06021,0.30765,0.00024,0.01010,0.00489,0.00003,0.00892,0.00533,0.03198,0.02291,0.54868,0.16136,0.02670,0.03308,0.06520,0.00867,0.02344,0.01681,0.04199
28.50133,5,0.34608,0.00008,0.00182,0.02085,0.00067,0.01258,0.52329,0.09758,0.06225,0.00708,0.00230,0.01054,0.04154,0.21228,0.00016,0.00697,0.00176,0.00222,0.01095,0.00804,0.03287,0.04415,0.33657,0.07719,0.04802,0.02147,0.04752,0.02557,0.29601,0.00824,0.03942
28.52267,5,0.29143,0.00063,0.00134,0.01442,0.00048,0.01226,0.65091,0.06750,0.04410,0.00514,0.00165,0.01784,0.02879,0.14926,0.00064,0.00503,0.00488,0.01121,0.01644,0.01029,0.03602,0.16936,0.22712,0.05319,0.05287,0.01681,0.04852,0.02606,0.27446,0.01427,0.03851
28.54400,5,0.27360,0.00095,0.00109,0.01027,0.00046,0.21318,0.48804,0.08347,0.03222,0.00390,0.00129,0.01241,0.01991,0.12884,0.00049,0.00349,0.01134,0.02725,0.02598,0.01346,0.04131,0.39492,0.09068,0.02667,0.05607,0.01180,0.05524,0.02194,0.15766,0.02766,0.03801
28.56533,4,0.25713,0.00069,0.00080,0.00945,0.00032,0.37396,0.33860,0.09425,0.02288,0.00275,0.01124,0.00862,0.01374,0.11982,0.00043,0.00245,0.01469,0.03518,0.03065,0.01489,0.04388,0.50700,0.03364,0.01645,0.05669,0.00991,0.05945,0.01901,0.08583,0.03476,0.03797
28.58667,4,0.28257,0.00054,0.00058,0.00733,0.00025,0.36710,0.23607,0.07880,0.01635,0.00197,0.16744,0.00909,0.00950,0.09488,0.00114,0.00896,0.01603,0.03830,0.03248,0.01543,0.04488,0.55114,0.01276,0.01286,0.05678,0.00925,0.06124,0.01772,0.05551,0.03763,0.03798
28.60800,9,0.39940,0.00037,0.00046,0.00511,0.00017,0.26020,0.16586,0.05625,0.01128,0.00145,0.40436,0.00993,0.00660,0.06769,0.00177,0.00849,0.03604,0.04004,0.02946,0.02225,0.26863,0.31709,0.01659,0.01768,0.04434,0.01913,0.05591,0.01301,0.05384,0.03463,0.03138
28.62933,9,0.42779,0.00026,0.00033,0.00353,0.00012,0.17965,0.11447,0.03882,0.00779,0.00107,0.46757,0.07354,0.00637,0.09688,0.00146,0.00814,0.04936,0.04083,0.02720,0.02678,0.41929,0.15406,0.02164,0.02134,0.03594,0.02587,0.05209,0.00999,0.05641,0.03226,0.02694
28.65067,9,0.40503,0.00018,0.00023,0.00269,0.00009,0.12399,0.07899,0.02679,0.01363,0.00078,0.33330,0.14371,0.00509,0.26027,0.00103,0.00925,0.03462,0.02942,0.01798,0.01958,0.25442,0.08127,0.01891,0.01218,0.02025,0.32665,0.04651,0.02154,0.06414,0.02893,0.02360
28.67200,7,0.37244,0.00012,0.00016,0.00266,0.00008,0.08557,0.05451,0.01850,0.26824,0.00056,0.23098,0.11418,0.00354,0.21340,0.00071,0.00677,0.02296,0.02162,0.01207,0.01414,0.12367,0.05357,0.01638,0.00553,0.01077,0.52844,0.04324,0.02971,0.06896,0.02699,0.02193
28.69333,7,0.40012,0.00009,0.00018,0.00274,0.00021,0.05922,0.03766,0.01286,0.48979,0.00059,0.15951,0.08101,0.00253,0.14778,0.00052,0.00532,0.01773,0.01824,0.00955,0.01172,0.06499,0.04392,0.01521,0.00259,0.00679,0.61561,0.04189,0.03329,0.07100,0.02619,0.02127
28.71467,7,0.43552,0.00006,0.00074,0.00239,0.00082,0.04092,0.02619,0.00889,0.35654,0.00067,0.11235,0.26215,0.00636,0.10447,0.07364,0.00381,0.01959,0.00931,0.01170,0.01718,0.05393,0.04313,0.00981,0.30199,0.00677,0.33770,0.05643,0.03303,0.05791,0.02846,0.01304
28.73600,10,0.42558,0.00004,0.08419,0.00804,0.00057,0.02825,0.01831,0.00614,0.24602,0.00609,0.07757,0.38752,0.00522,0.07826,0.05099,0.00278,0.02149,0.00370,0.01347,0.02116,0.05371,0.04374,0.00631,0.50411,0.00724,0.13975,0.06640,0.03242,0.04884,0.03009,0.00758
28.75733,1,0.41944,0.00003,0.35807,0.00587,0.00039,0.01950,0.01267,0.00424,0.16976,0.00732,0.05357,0.27382,0.00361,0.05403,0.03519,0.00194,0.02238,0.00132,0.01426,0.02291,0.05440,0.04412,0.00481,0.59156,0.00749,0.05299,0.07073,0.03210,0.04489,0.03081,0.00522
28.77867,1,0.43322,0.00002,0.55584,0.00411,0.00029,0.01346,0.00875,0.00292,0.11713,0.00598,0.03698,0.18905,0.00250,0.03729,0.02430,0.00137,0.01197,0.01482,0.01794,0.01234,0.04499,0.03569,0.02471,0.33632,0.04713,0.02861,0.31635,0.03924,0.03150,0.03400,0.00440
28.80000,1,0.45987,0.00002,0.68851,0.00284,0.00023,0.00929,0.00608,0.00202,0.08082,0.00419,0.02554,0.13408,0.00196,0.02596,0.01709,0.00136,0.00790,0.13990,0.02490,0.01765,0.04018,0.03204,0.02178,0.22724,0.05681,0.02997,0.29345,0.03471,0.02663,0.03516,0.01167
28.82133,1,0.46655,0.00003,0.60166,0.00200,0.00016,0.00641,0.00484,0.00139,0.05577,0.00490,0.01764,0.18166,0.00171,0.01807,0.10244,0.00134,0.00334,0.36765,0.03678,0.03050,0.03395,0.02765,0.01073,0.09956,0.06359,0.03691,0.18203,0.02432,0.02127,0.03643,0.02529
28.84267,1,0.46474,0.00005,0.42336,0.00145,0.00013,0.00453,0.00406,0.00096,0.03849,0.00657,0.01253,0.35009,0.00277,0.01314,0.14061,0.00127,0.00156,0.48120,0.04256,0.03747,0.03128,0.02586,0.00421,0.04832,0.06507,0.04116,0.11428,0.01876,0.01921,0.03692,0.03215
28.86400,8,0.45862,0.00003,0.29379,0.00104,0.00014,0.00347,0.00696,0.00067,0.02656,0.30715,0.00893,0.24222,0.00192,0.00907,0.09715,0.00089,0.00093,0.52598,0.04482,0.04030,0.03029,0.02521,0.00149,0.02993,0.06537,0.04294,0.08577,0.01651,0.01849,0.03709,0.03486
28.88533,8,0.46328,0.00003,0.20287,0.00073,0.00037,0.00614,0.01326,0.00046,0.01833,0.50164,0.00641,0.17383,0.00138,0.00674,0.06717,0.00063,0.00072,0.54190,0.04562,0.04132,0.02996,0.02499,0.00050,0.02373,0.06543,0.04360,0.07530,0.01570,0.01825,0.03714,0.03583
28.90667,10,0.45253,0.00002,0.14018,0.00053,0.00033,0.00506,0.01171,0.00032,0.01265,0.36225,0.00530,0.39316,0.00157,0.00717,0.05711,0.00263,0.00985,0.31151,0.03029,0.03273,0.02492,0.04298,0.00072,0.02298,0.29585,0.02881,0.07900,0.02023,0.03115,0.02451,0.04447
28.92800,10,0.43178,0.00004,0.10285,0.10206,0.00033,0.00389,0.00837,0.00022,0.00874,0.25442,0.00473,0.45268,0.00246,0.00888,0.04156,0.00876,0.01603,0.15442,0.01987,0.02683,0.02156,0.05513,0.00099,0.02319,0.45108,0.01877,0.08274,0.02337,0.03986,0.01598,0.05017
28.94933,2,0.40360,0.00003,0.07184,0.37364,0.00028,0.00271,0.00580,0.00016,0.00606,0.17641,0.00352,0.31417,0.00171,0.00618,0.02875,0.00874,0.00921,0.07813,0.01962,0.01355,0.02710,0.04289,0.02287,0.02551,0.30021,0.01871,0.32269,0.03501,0.03026,0.02508,0.02915
28.97067,2,0.39727,0.00005,0.04983,0.51207,0.02624,0.00193,0.00642,0.00011,0.00424,0.12481,0.00398,0.22028,0.00129,0.00499,0.02108,0.02268,0.00381,0.04725,0.02082,0.00537,0.03127,0.03305,0.03758,0.02704,0.17827,0.01998,0.48388,0.04243,0.02266,0.03233,0.01424
28.99200,10,0.42313,0.00005,0.03441,0.36218,0.04464,0.00140,0.00893,0.00008,0.00300,0.08719,0.00994,0.39301,0.00267,0.01923,0.01515,0.01812,0.00440,0.02274,0.30420,0.05697,0.03702,0.02618,0.02203,0.01561,0.09370,0.03978,0.29705,0.03557,0.01927,0.01799,0.00748
29.01333,10,0.42226,0.00004,0.02374,0.25128,0.03124,0.00099,0.00644,0.00006,0.00213,0.06021,0.00825,0.55268,0.00873,0.03070,0.01083,0.01266,0.00551,0.00995,0.49497,0.09280,0.04035,0.02285,0.00964,0.00771,0.05292,0.05294,0.15014,0.02998,0.01801,0.00737,0.00488
29.03467,10,0.41360,0.00013,0.01683,0.19550,0.02521,0.00322,0.00471,0.00017,0.01954,0.07519,0.00991,0.52636,0.01925,0.08508,0.00858,0.01031,0.00306,0.01823,0.29470,0.05334,0.03783,0.02401,0.02598,0.01636,0.06670,0.03950,0.34082,0.03749,0.01753,0.02026,0.00420
29.05600,10,0.39417,0.00025,0.01284,0.23394,0.06777,0.01122,0.00951,0.00057,0.01749,0.17913,0.00736,0.36732,0.01367,0.05983,0.00651,0.01258,0.00200,0.02240,0.20148,0.03509,0.03659,0.02469,0.03337,0.02036,0.07495,0.03322,0.42727,0.04088,0.01743,0.02615,0.00410
29.07733,8,0.38549,0.00070,0.01246,0.16385,0.05790,0.02599,0.01026,0.00087,0.01397,0.38775,0.00518,0.25498,0.00946,0.04154,0.00464,0.01044,0.00076,0.02743,0.09087,0.01347,0.03511,0.02554,0.04209,0.02511,0.08520,0.02576,0.52929,0.04488,0.01733,0.03312,0.00403
29.09867,8,0.38382,0.00073,0.01844,0.11348,0.05456,0.02666,0.00876,0.00072,0.01017,0.53979,0.00366,0.17672,0.00658,0.02879,0.00323,0.00771,0.00027,0.02949,0.04608,0.00472,0.03450,0.02590,0.04561,0.02703,0.08947,0.02274,0.57045,0.04650,0.01730,0.03593,0.00402
29.12000,8,0.39556,0.00079,0.03562,0.07857,0.09391,0.02446,0.00772,0.00054,0.00738,0.59073,0.00327,0.12302,0.00460,0.02004,0.00224,0.00711,0.00958,0.03839,0.02567,0.01229,0.02730,0.04352,0.02513,0.02557,0.30903,0.01736,0.34705,0.03681,0.03066,0.02416,0.02750
29.14133,8,0.41527,0.00109,0.07058,0.05463,0.14874,0.01901,0.00571,0.00040,0.00544,0.58062,0.00334,0.08538,0.00324,0.01393,0.00156,0.00634,0.01591,0.04414,0.01733,0.01845,0.02252,0.05536,0.01089,0.02435,0.45647,0.01410,0.19153,0.03009,0.03967,0.01588,0.04332
29.16267,8,0.43700,0.00118,0.28291,0.03803,0.10387,0.01313,0.00395,0.00028,0.00376,0.43505,0.00234,0.07563,0.00251,0.00967,0.00818,0.01951,0.01866,0.04659,0.01431,0.02122,0.02046,0.06047,0.00469,0.02380,0.52017,0.01273,0.12373,0.02716,0.04357,0.01227,0.05016
29.18400,8,0.45827,0.00083,0.19969,0.02625,0.07171,0.00906,0.00279,0.00019,0.00260,0.30511,0.00167,0.10846,0.00235,0.00695,0.24834,0.01400,0.01968,0.04750,0.01329,0.02228,0.01969,0.06237,0.00238,0.02359,0.54384,0.01222,0.09844,0.02607,0.04501,0.01092,0.05271
29.20533,13,0.45463,0.00057,0.14384,0.01812,0.04951,0.00625,0.00238,0.00013,0.00179,0.21385,0.00163,0.08729,0.00239,0.00482,0.45753,0.00989,0.02003,0.04782,0.01296,0.02264,0.01943,0.06302,0.00158,0.02351,0.55199,0.01205,0.08971,0.02570,0.04551,0.01045,0.05358
29.22667,13,0.45051,0.00040,0.35798,0.01252,0.03420,0.00433,0.00220,0.00009,0.00124,0.15026,0.00234,0.06106,0.00167,0.00333,0.36144,0.00693,0.02015,0.04792,0.01286,0.02276,0.01934,0.06324,0.00132,0.02349,0.55467,0.01199,0.08684,0.02557,0.04568,0.01030,0.05387
29.24800,1,0.43628,0.00028,0.53344,0.00867,0.02362,0.00300,0.00515,0.00007,0.00087,0.11458,0.00172,0.04221,0.00116,0.00231,0.25801,0.00491,0.02508,0.03941,0.01144,0.01241,0.02353,0.05298,0.00304,0.01245,0.33167,0.04059,0.08857,0.01355,0.03682,0.26991,0.03854
29.26933,1,0.42437,0.00019,0.66668,0.00598,0.01631,0.00217,0.00436,0.00005,0.00060,0.08887,0.00121,0.02916,0.00080,0.00160,0.17841,0.00362,0.02838,0.03366,0.01049,0.00542,0.02636,0.04605,0.00424,0.00502,0.18111,0.05986,0.09007,0.00546,0.03084,0.44486,0.02818
29.29067,1,0.42198,0.00014,0.68451,0.00414,0.01390,0.00206,0.00455,0.00003,0.00042,0.13779,0.00088,0.02087,0.00055,0.00112,0.12313,0.00590,0.01573,0.27542,0.02707,0.02171,0.02830,0.03531,0.00239,0.01158,0.10942,0.05460,0.08083,0.00915,0.02418,0.27351,0.03080
29.31200,1,0.41655,0.00012,0.54116,0.00286,0.01155,0.00144,0.00359,0.00003,0.00030,0.11508,0.00120,0.22877,0.00081,0.00235,0.08533,0.00541,0.00676,0.43909,0.03836,0.03361,0.02924,0.02898,0.00098,0.01697,0.08077,0.04854,0.07440,0.01269,0.02048,0.13521,0.03392
29.33333,10,0.40946,0.00009,0.37655,0.00200,0.00800,0.00102,0.00273,0.00002,0.00021,0.09186,0.00106,0.42257,0.00213,0.02760,0.06017,0.00398,0.00435,0.48271,0.04138,0.03683,0.02946,0.02735,0.00060,0.01847,0.07430,0.04677,0.07268,0.01370,0.01954,0.09703,0.03483
29.35467,10,0.37954,0.00012,0.26158,0.00596,0.00735,0.00831,0.19357,0.00150,0.00043,0.13408,0.00081,0.31367,0.00182,0.02559,0.04190,0.00333,0.00192,0.52647,0.04440,0.04008,0.02968,0.02573,0.00021,0.01999,0.06832,0.04494,0.07094,0.01473,0.01862,0.05817,0.03578
29.37600,5,0.31859,0.00269,0.18160,0.00621,0.00837,0.11923,0.26005,0.00229,0.02558,0.12413,0.00065,0.21843,0.00130,0.01812,0.02900,0.00237,0.00091,0.42251,0.03993,0.03162,0.03077,0.02544,0.01101,0.02221,0.07242,0.03902,0.19067,0.02249,0.01810,0.04421,0.02869
29.39733,4,0.28666,0.00216,0.12537,0.00438,0.00664,0.33643,0.19607,0.00181,0.05458,0.08608,0.00045,0.15083,0.00093,0.01262,0.02001,0.00164,0.00035,0.20639,0.03001,0.01418,0.03266,0.02576,0.03122,0.02549,0.08304,0.02906,0.41328,0.03629,0.01763,0.03959,0.01505
29.41867,4,0.25928,0.00159,0.08652,0.00308,0.00465,0.48669,0.13587,0.00138,0.08998,0.05942,0.00031,0.10537,0.00067,0.00939,0.01382,0.00128,0.00799,0.10143,0.03040,0.01273,0.03888,0.28358,0.02011,0.01914,0.07203,0.01838,0.27586,0.02893,0.02748,0.03892,0.02414
29.44000,4,0.31920,0.00152,0.05997,0.00217,0.00336,0.47107,0.09499,0.00124,0.08559,0.04244,0.00042,0.17406,0.00700,0.02756,0.02154,0.00708,0.03274,0.06166,0.02838,0.02084,0.26625,0.20750,0.02074,0.02041,0.05066,0.02267,0.14613,0.01780,0.04367,0.03497,0.02557
29.46133,10,0.32755,0.00106,0.04152,0.00151,0.00242,0.32532,0.06559,0.00086,0.05914,0.03744,0.00044,0.34799,0.00531,0.07531,0.02451,0.01157,0.04816,0.04791,0.02677,0.02622,0.41842,0.11436,0.02335,0.02236,0.03825,0.02711,0.08521,0.01176,0.05296,0.03235,0.02481
29.48267,10,0.31576,0.00073,0.02926,0.10209,0.00415,0.22463,0.04532,0.00059,0.04081,0.03029,0.00104,0.42661,0.00411,0.05532,0.01809,0.01696,0.05469,0.04339,0.02605,0.02853,0.48414,0.06952,0.02471,0.02332,0.03310,0.02920,0.06174,0.00931,0.05680,0.03122,0.02429
29.50400,2,0.31050,0.00052,0.02072,0.35967,0.00664,0.15503,0.03133,0.00041,0.02816,0.03588,0.00099,0.29508,0.00284,0.03818,0.01258,0.01196,0.02970,0.03692,0.02402,0.01538,0.27987,0.04418,0.03557,0.02566,0.06013,0.02563,0.30864,0.02692,0.03865,0.03402,0.01471
29.52533,2,0.30135,0.00154,0.01718,0.45941,0.03290,0.10743,0.02187,0.00029,0.01945,0.08486,0.00168,0.20553,0.00197,0.02640,0.00879,0.01070,0.01207,0.03309,0.02275,0.00623,0.13418,0.03270,0.04272,0.02711,0.07896,0.02296,0.47781,0.03909,0.02596,0.03605,0.00832
29.54667,2,0.27618,0.04591,0.06913,0.47384,0.03460,0.07738,0.02395,0.00050,0.01350,0.06432,0.00180,0.15787,0.00140,0.01841,0.00681,0.01059,0.00737,0.01808,0.30496,0.05731,0.07421,0.02589,0.02388,0.01563,0.05752,0.04089,0.29477,0.03435,0.02044,0.01935,0.00533
29.56800,2,0.23444,0.10532,0.18516,0.35184,0.02628,0.05969,0.07525,0.00095,0.00934,0.04545,0.00159,0.11204,0.00101,0.01284,0.00508,0.00815,0.00651,0.00847,0.49522,0.09292,0.05294,0.02272,0.01026,0.00772,0.04062,0.05332,0.14936,0.02956,0.01840,0.00783,0.00415
29.58933,1,0.19519,0.08928,0.35257,0.26981,0.02287,0.05254,0.07359,0.00208,0.00648,0.03154,0.00158,0.07794,0.00076,0.00898,0.00366,0.00631,0.00642,0.00594,0.54590,0.10247,0.04841,0.02196,0.00658,0.00560,0.03597,0.05665,0.10933,0.02820,0.01795,0.00475,0.00389
29.61067,1,0.16249,0.06241,0.48627,0.24466,0.01791,0.03771,0.05332,0.00153,0.00449,0.02183,0.00135,0.05397,0.00055,0.00622,0.00273,0.00506,0.00639,0.00342,0.59673,0.11208,0.04435,0.02124,0.00286,0.00347,0.03124,0.06000,0.06861,0.02678,0.01754,0.00165,0.00364
29.63200,1,0.19776,0.04864,0.47601,0.25909,0.01301,0.02833,0.04012,0.00117,0.00323,0.01814,0.02086,0.04651,0.00069,0.00589,0.01059,0.02773,0.00507,0.12859,0.48183,0.09816,0.04014,0.02191,0.00133,0.00696,0.03800,0.05708,0.05933,0.02380,0.01759,0.00910,0.01111
29.65333,1,0.30956,0.03365,0.32978,0.18971,0.00916,0.01956,0.03113,0.00082,0.00224,0.01297,0.27986,0.05002,0.00201,0.00695,0.00989,0.02227,0.00261,0.36185,0.24152,0.06717,0.03432,0.02355,0.00051,0.01459,0.05309,0.04987,0.06434,0.01906,0.01789,0.02458,0.02506
29.67467,9,0.35936,0.02322,0.22835,0.13100,0.00632,0.01350,0.02152,0.00056,0.00154,0.00900,0.47084,0.06261,0.00181,0.00659,0.00764,0.01548,0.00137,0.47890,0.11990,0.05141,0.03149,0.02438,0.00018,0.01846,0.06077,0.04618,0.06773,0.01671,0.01804,0.03241,0.03207
29.69600,9,0.38502,0.01604,0.15918,0.09072,0.00437,0.00941,0.01515,0.00039,0.00107,0.00711,0.61018,0.05662,0.00141,0.00526,0.00682,0.01627,0.00088,0.52516,0.07169,0.04516,0.03038,0.02471,0.00006,0.01999,0.06382,0.04471,0.06919,0.01579,0.01811,0.03552,0.03483
29.71733,9,0.42157,0.01113,0.11165,0.06283,0.00305,0.00652,0.01471,0.00028,0.00076,0.00533,0.66035,0.04453,0.00170,0.00541,0.00703,0.06473,0.00734,0.29102,0.03670,0.02814,0.03073,0.03157,0.00685,0.01120,0.03632,0.33575,0.05617,0.02486,0.04350,0.03126,0.02859
29.73867,9,0.43651,0.00787,0.08356,0.04416,0.00228,0.00458,0.02121,0.00021,0.00055,0.00714,0.59759,0.11714,0.01004,0.02469,0.02096,0.05803,0.01174,0.12775,0.01894,0.01742,0.03110,0.03615,0.01143,0.00509,0.01743,0.53196,0.04722,0.03108,0.06059,0.02802,0.02406
29.76000,9,0.49369,0.00556,0.05780,0.03141,0.00165,0.00325,0.02780,0.00016,0.00041,0.00682,0.56624,0.12742,0.02199,0.08633,0.02020,0.04297,0.01366,0.05652,0.01189,0.01287,0.03128,0.03813,0.01342,0.00243,0.00922,0.61685,0.04333,0.03379,0.06799,0.02658,0.02206
29.78133,9,0.52890,0.00385,0.03990,0.02185,0.00120,0.00230,0.02218,0.00013,0.00029,0.00513,0.46990,0.12172,0.03755,0.22634,0.01460,0.03307,0.01437,0.02993,0.00938,0.01119,0.03134,0.03886,0.01416,0.00144,0.00616,0.64842,0.04188,0.03479,0.07074,0.02603,0.02131
29.80267,9,0.52715,0.00266,0.02753,0.01514,0.00088,0.00164,0.01592,0.00014,0.00026,0.00393,0.36295,0.13182,0.04216,0.35184,0.01072,0.03240,0.01461,0.02075,0.00854,0.01062,0.03137,0.03911,0.01441,0.00110,0.00511,0.65928,0.04138,0.03514,0.07168,0.02584,0.02105
29.82400,12,0.48875,0.00184,0.01900,0.01048,0.00067,0.00115,0.01098,0.00014,0.18374,0.00273,0.25371,0.12900,0.03277,0.32324,0.00751,0.02302,0.01469,0.01774,0.00826,0.01043,0.03137,0.03920,0.01450,0.00099,0.00476,0.66285,0.04122,0.03526,0.07199,0.02578,0.02096
29.84533,7,0.42682,0.00127,0.01311,0.00725,0.00055,0.00092,0.00758,0.00016,0.42989,0.00189,0.17524,0.09347,0.02321,0.22431,0.00519,0.01596,0.01472,0.01677,0.00818,0.01037,0.03138,0.03922,0.01452,0.00095,0.00465,0.66399,0.04117,0.03529,0.07209,0.02576,0.02094
29.86667,7,0.37519,0.00088,0.00905,0.00501,0.00042,0.00273,0.00544,0.00019,0.60316,0.00152,0.12095,0.06483,0.01608,0.15494,0.00359,0.01121,0.01133,0.01390,0.00947,0.01095,0.03248,0.04643,0.02116,0.00746,0.01973,0.51251,0.03821,0.03797,0.19490,0.01983,0.02366
29.88800,7,0.33147,0.00067,0.00632,0.00535,0.00038,0.00389,0.04020,0.00021,0.67069,0.00732,0.08457,0.04678,0.01120,0.10971,0.00411,0.00861,0.01033,0.00769,0.01208,0.01457,0.03886,0.05375,0.02439,0.16033,0.03329,0.23130,0.04307,0.03948,0.29277,0.01603,0.02206
29.90933,7,0.27807,0.00062,0.00463,0.07427,0.00035,0.00786,0.08263,0.00044,0.51386,0.00536,0.05871,0.03267,0.00774,0.07599,0.00294,0.13192,0.01695,0.00314,0.01368,0.01980,0.04794,0.04929,0.01376,0.42707,0.02064,0.08975,0.05944,0.03556,0.16686,0.02383,0.01228
29.93067,7,0.23990,0.00059,0.00384,0.16082,0.00029,0.00768,0.23196,0.00039,0.35535,0.00371,0.04073,0.02267,0.00534,0.05254,0.00206,0.11202,0.02060,0.00114,0.01435,0.02237,0.05238,0.04635,0.00778,0.56024,0.01280,0.03372,0.06794,0.03333,0.09156,0.02833,0.00711
29.95200,5,0.20695,0.00078,0.00331,0.22075,0.00021,0.00558,0.33284,0.00033,0.24526,0.00256,0.02872,0.01578,0.00370,0.03635,0.00153,0.10231,0.02209,0.00039,0.01460,0.02337,0.05412,0.04508,0.00532,0.61277,0.00949,0.01376,0.07134,0.03242,0.06003,0.03019,0.00502
29.97333,5,0.31261,0.00065,0.00247,0.17325,0.00017,0.00387,0.43117,0.00024,0.16928,0.00213,0.02172,0.01207,0.00257,0.02542,0.00407,0.15091,0.02263,0.00013,0.01468,0.02373,0.05474,0.04461,0.00442,0.63145,0.00827,0.00707,0.07256,0.03208,0.04848,0.03087,0.00427
29.99467,5,0.41126,0.00045,0.00209,0.12693,0.00012,0.00268,0.29815,0.00018,0.11681,0.00159,0.22154,0.01120,0.00539,0.09322,0.00285,0.11679,0.01992,0.01881,0.02351,0.02000,0.05042,0.29350,0.00331,0.34198,0.03093,0.00726,0.06784,0.02496,0.04269,0.03484,0.02004
30.01600,12,0.44219,0.00032,0.00156,0.08863,0.00009,0.00186,0.20590,0.00014,0.08060,0.00111,0.18589,0.00854,0.07667,0.26561,0.00199,0.08109,0.01804,0.03143,0.02944,0.01744,0.04744,0.46125,0.00267,0.14474,0.04635,0.00816,0.06451,0.02020,0.04016,0.03743,0.03075
30.03733,12,0.44634,0.00022,0.00127,0.06134,0.00008,0.00156,0.14330,0.00014,0.05562,0.00106,0.13045,0.00707,0.12286,0.41690,0.00143,0.05669,0.01721,0.03689,0.03201,0.01633,0.04614,0.53380,0.00240,0.05921,0.05303,0.00864,0.06306,0.01815,0.03921,0.03855,0.03539
30.05867,12,0.44580,0.00016,0.00090,0.04235,0.00006,0.00133,0.09899,0.00011,0.03838,0.00086,0.09629,0.00553,0.13741,0.53687,0.00107,0.03970,0.00904,0.02236,0.02374,0.01461,0.04131,0.32398,0.02161,0.03588,0.06183,0.00721,0.04660,0.03144,0.30518,0.02056,0.03466
30.08000,12,0.44132,0.00011,0.00068,0.02929,0.00005,0.00420,0.06833,0.00012,0.02648,0.00138,0.07041,0.00450,0.25835,0.50736,0.00082,0.02794,0.00363,0.01190,0.01786,0.01359,0.03821,0.17376,0.03459,0.03065,0.06694,0.00619,0.03569,0.04065,0.48444,0.00830,0.03360
30.10133,12,0.41930,0.00008,0.00063,0.02103,0.00008,0.06310,0.04720,0.04881,0.02345,0.00170,0.06010,0.00727,0.31491,0.38994,0.00063,0.02109,0.00130,0.00731,0.01528,0.01316,0.03689,0.10781,0.04021,0.02952,0.06906,0.00574,0.03099,0.04466,0.56200,0.00299,0.03308
30.12267,6,0.37650,0.00006,0.00043,0.01451,0.00005,0.04356,0.03257,0.33799,0.01955,0.00117,0.04148,0.00518,0.21837,0.27000,0.00043,0.01465,0.00076,0.00623,0.01467,0.01306,0.03658,0.09235,0.04152,0.02937,0.06954,0.00563,0.02989,0.04560,0.58009,0.00175,0.03296
30.14400,6,0.34002,0.00004,0.00030,0.01001,0.00004,0.03006,0.02248,0.54303,0.01361,0.00081,0.02862,0.00357,0.15068,0.18633,0.00030,0.01011,0.00025,0.00521,0.01410,0.01297,0.03629,0.07773,0.04275,0.02927,0.07000,0.00553,0.02886,0.04649,0.59713,0.00058,0.03283
30.16533,6,0.29687,0.00003,0.00038,0.00755,0.00004,0.02115,0.01591,0.67850,0.01041,0.00132,0.01987,0.00433,0.10399,0.12930,0.00021,0.00701,0.00008,0.00378,0.01241,0.01003,0.03380,0.06038,0.19361,0.02983,0.06131,0.01368,0.03651,0.03653,0.46761,0.00315,0.03729
30.18667,6,0.28455,0.00006,0.00109,0.00544,0.00003,0.01486,0.01324,0.64512,0.00726,0.00193,0.01452,0.11859,0.07184,0.09783,0.00015,0.00805,0.00002,0.00167,0.00958,0.00463,0.02932,0.03578,0.47238,0.03089,0.04499,0.02881,0.05119,0.01762,0.21900,0.00852,0.04561
30.20800,6,0.33839,0.00004,0.00109,0.00379,0.00002,0.01027,0.00937,0.45464,0.00501,0.00467,0.01066,0.36551,0.04993,0.07853,0.00010,0.00636,0.00001,0.00062,0.00817,0.00192,0.02708,0.02373,0.61215,0.03142,0.03679,0.03640,0.05857,0.00813,0.09398,0.01124,0.04978
30.22933,10,0.35245,0.00003,0.00077,0.00261,0.00002,0.00710,0.00647,0.31413,0.00346,0.12470,0.00754,0.43765,0.03452,0.05652,0.00007,0.00442,0.00000,0.00022,0.00762,0.00085,0.02620,0.01902,0.66739,0.03163,0.03355,0.03940,0.06149,0.00437,0.04451,0.01232,0.05143
30.25067,8,0.36750,0.00002,0.00056,0.00181,0.00001,0.00493,0.00447,0.21698,0.00239,0.38099,0.00544,0.31631,0.02382,0.03915,0.00005,0.00306,0.00000,0.00007,0.00742,0.00047,0.02588,0.01735,0.68705,0.03170,0.03240,0.04047,0.06253,0.00303,0.02690,0.01270,0.05202
30.27200,8,0.36190,0.00002,0.00053,0.00144,0.00052,0.00483,0.00344,0.14985,0.00263,0.56791,0.00387,0.21891,0.01644,0.02711,0.00004,0.00246,0.00000,0.01440,0.01421,0.00021,0.02975,0.02128,0.38867,0.03000,0.06019,0.03149,0.31164,0.02372,0.02056,0.02436,0.02953
30.29333,8,0.35999,0.00148,0.00145,0.00226,0.00963,0.00919,0.00318,0.10360,0.03825,0.59383,0.00945,0.17240,0.01158,0.02117,0.00025,0.02229,0.00949,0.03223,0.01453,0.01080,0.02540,0.04163,0.16353,0.02669,0.29709,0.02101,0.24114,0.02755,0.03173,0.01939,0.03779
30.31467,8,0.34324,0.00111,0.00116,0.00217,0.01080,0.00913,0.00271,0.07156,0.29024,0.44516,0.00685,0.11994,0.00803,0.01513,0.00017,0.01583,0.01588,0.04191,0.01364,0.01797,0.02184,0.05467,0.06069,0.02474,0.45213,0.01543,0.15318,0.02675,0.04001,0.01415,0.04702
30.33600,7,0.31700,0.00080,0.00081,0.00182,0.00806,0.00655,0.00195,0.04940,0.50851,0.30743,0.00474,0.08283,0.00554,0.01046,0.00012,0.01097,0.01865,0.04584,0.01313,0.02108,0.02023,0.06024,0.02150,0.02393,0.51870,0.01318,0.11073,0.02603,0.04367,0.01168,0.05141
30.35733,7,0.29182,0.00057,0.00058,0.00196,0.00589,0.00458,0.00148,0.03409,0.65921,0.21218,0.00328,0.05741,0.00383,0.00726,0.00008,0.00758,0.01968,0.04726,0.01292,0.02223,0.01962,0.06229,0.00783,0.02363,0.54337,0.01237,0.09421,0.02570,0.04505,0.01073,0.05311
30.37867,7,0.28236,0.00112,0.00071,0.00416,0.00663,0.00332,0.00853,0.02359,0.70601,0.14791,0.00241,0.06396,0.00654,0.01918,0.00025,0.00568,0.02130,0.02521,0.01375,0.02314,0.03620,0.05409,0.00460,0.31344,0.29431,0.00832,0.08257,0.02859,0.04407,0.02025,0.03018
30.40000,7,0.30056,0.00082,0.00061,0.00398,0.00617,0.00239,0.02209,0.01638,0.50144,0.10239,0.03348,0.19790,0.01752,0.08820,0.00034,0.00629,0.02188,0.01634,0.01409,0.02343,0.04283,0.05069,0.00419,0.42878,0.19360,0.00676,0.07902,0.02975,0.04359,0.02410,0.02094
30.42133,7,0.29271,0.00066,0.00117,0.00933,0.00497,0.00223,0.01768,0.01134,0.34685,0.07120,0.02885,0.34182,0.02062,0.13611,0.00026,0.00692,0.02252,0.00617,0.01448,0.02373,0.05044,0.04677,0.00398,0.56077,0.07790,0.00499,0.07527,0.03110,0.04302,0.02852,0.01034
30.44267,10,0.27558,0.00055,0.00163,0.22598,0.00372,0.00336,0.01263,0.00812,0.24545,0.05181,0.02541,0.29899,0.01460,0.10221,0.00028,0.00526,0.02277,0.00214,0.01464,0.02385,0.05344,0.04521,0.00396,0.61293,0.03206,0.00429,0.07388,0.03163,0.04279,0.03028,0.00614
30.46400,2,0.31235,0.00063,0.00153,0.44186,0.00980,0.00351,0.01811,0.00571,0.16989,0.03620,0.01817,0.20923,0.01026,0.07115,0.00024,0.00372,0.02286,0.00071,0.01469,0.02389,0.05452,0.04465,0.00397,0.63150,0.01571,0.00405,0.07340,0.03182,0.04271,0.03090,0.00464
30.48533,2,0.40338,0.00044,0.00122,0.55169,0.00818,0.00257,0.01265,0.00406,0.11792,0.02501,0.01268,0.15056,0.05911,0.05047,0.00085,0.00257,0.01213,0.01460,0.01809,0.01267,0.04507,0.03587,0.02442,0.34997,0.04976,0.01204,0.31724,0.03914,0.03076,0.03404,0.00419
30.50667,2,0.46413,0.00036,0.00203,0.47178,0.00697,0.00191,0.00916,0.00294,0.08154,0.01745,0.00966,0.12703,0.23037,0.03551,0.00147,0.00181,0.00790,0.01074,0.30307,0.06016,0.04248,0.02757,0.01630,0.14599,0.04498,0.03655,0.22515,0.03402,0.02275,0.01849,0.00384
30.52800,11,0.52194,0.00034,0.00191,0.33598,0.00529,0.00141,0.00711,0.00228,0.05650,0.01234,0.01280,0.16230,0.37197,0.02575,0.00270,0.00133,0.00680,0.00585,0.49456,0.09400,0.04229,0.02340,0.00749,0.05462,0.03596,0.05177,0.12343,0.02938,0.01929,0.00751,0.00364
30.54933,11,0.51714,0.00025,0.00152,0.23233,0.00381,0.00206,0.00512,0.00198,0.03932,0.00997,0.01333,0.22925,0.43873,0.01897,0.00236,0.00099,0.00651,0.00349,0.57730,0.10882,0.04238,0.02175,0.00333,0.02011,0.03143,0.05821,0.07513,0.02725,0.01801,0.00271,0.00357
30.57067,11,0.50750,0.00022,0.00214,0.16113,0.00281,0.09285,0.00416,0.00947,0.02846,0.11403,0.02221,0.16785,0.37684,0.01463,0.00211,0.00108,0.00755,0.00991,0.32338,0.06174,0.04481,0.05401,0.01237,0.02137,0.04717,0.03429,0.03873,0.27836,0.05885,0.00340,0.00408
30.59200,11,0.47554,0.00037,0.03988,0.14377,0.00367,0.13469,0.00360,0.00726,0.02013,0.20976,0.02654,0.12385,0.26677,0.01079,0.00191,0.00702,0.00827,0.01452,0.14220,0.02820,0.04643,0.07593,0.01898,0.02633,0.05834,0.01739,0.02023,0.44777,0.08651,0.00445,0.00443
30.61333,8,0.45226,0.00033,0.05104,0.12315,0.02295,0.17188,0.00368,0.00543,0.01423,0.29894,0.01975,0.08845,0.18485,0.00802,0.00152,0.00578,0.00859,0.01655,0.06273,0.01350,0.04713,0.08544,0.02189,0.02892,0.06323,0.00999,0.01288,0.52107,0.09850,0.00497,0.00459
30.63467,8,0.51236,0.00026,0.03606,0.08628,0.01915,0.21318,0.00385,0.00382,0.00993,0.32010,0.01408,0.14558,0.12952,0.00932,0.00439,0.00449,0.00871,0.01731,0.03300,0.00800,0.04739,0.08898,0.02299,0.02996,0.06506,0.00723,0.01025,0.54834,0.10295,0.00518,0.00465
30.65600,8,0.57026,0.00021,0.02535,0.06033,0.02184,0.15669,0.00306,0.00265,0.00693,0.30532,0.01018,0.29181,0.09847,0.00756,0.00639,0.00321,0.01137,0.02445,0.02535,0.01085,0.04095,0.08343,0.01808,0.02858,0.17824,0.00804,0.02732,0.43073,0.09024,0.00636,0.01601
30.67733,10,0.60050,0.00018,0.01755,0.04168,0.01708,0.10946,0.00235,0.00183,0.00480,0.21189,0.00721,0.47717,0.09424,0.00585,0.00644,0.00225,0.01626,0.03750,0.01730,0.01728,0.02897,0.07243,0.00877,0.02579,0.38752,0.01012,0.05946,0.20726,0.06576,0.00851,0.03706
30.69867,10,0.60531,0.00016,0.01236,0.02924,0.01312,0.19358,0.00240,0.00145,0.00344,0.16036,0.00531,0.44912,0.11545,0.00470,0.00739,0.00192,0.01872,0.04403,0.01432,0.02070,0.02295,0.06679,0.00406,0.02436,0.49244,0.01125,0.07567,0.09419,0.05332,0.00958,0.04762
30.72000,4,0.57466,0.00013,0.00888,0.02179,0.01995,0.38453,0.00187,0.00117,0.00251,0.12615,0.00390,0.33142,0.08741,0.00332,0.00531,0.00167,0.01020,0.03844,0.01757,0.01136,0.02756,0.04704,0.02395,0.02594,0.31588,0.01601,0.32030,0.05964,0.03501,0.02279,0.02831
30.74133,4,0.55814,0.00009,0.00617,0.01511,0.06254,0.47150,0.00149,0.00101,0.00187,0.13852,0.00314,0.23073,0.06055,0.00232,0.00372,0.00125,0.00415,0.03386,0.02012,0.00463,0.03142,0.03445,0.03794,0.02719,0.18373,0.01907,0.48311,0.05058,0.02424,0.03155,0.01397
30.76267,4,0.54179,0.00007,0.00462,0.01059,0.09877,0.38700,0.00143,0.00075,0.00131,0.12039,0.00783,0.30947,0.04278,0.00981,0.00419,0.00100,0.02890,0.03682,0.02301,0.01569,0.26188,0.03698,0.03374,0.02579,0.09623,0.02476,0.29811,0.02970,0.03930,0.03211,0.01698
30.78400,8,0.62297,0.00006,0.00329,0.00745,0.07049,0.26750,0.00102,0.00052,0.00091,0.36430,0.00581,0.21842,0.04904,0.00744,0.00300,0.00074,0.04636,0.03941,0.02462,0.02402,0.41660,0.04032,0.02907,0.02468,0.05474,0.02819,0.15229,0.01662,0.05083,0.03134,0.02090
30.80533,8,0.65538,0.00008,0.00240,0.00579,0.05870,0.18498,0.00106,0.00037,0.00063,0.38462,0.00488,0.19994,0.14784,0.00565,0.00245,0.00061,0.05400,0.04060,0.02528,0.02772,0.48347,0.04194,0.02686,0.02418,0.03868,0.02963,0.08690,0.01106,0.05597,0.03089,0.02281
30.82667,11,0.70802,0.00006,0.00168,0.00412,0.04163,0.12809,0.00090,0.00026,0.00044,0.27547,0.00360,0.17011,0.36687,0.00438,0.00191,0.00048,0.03895,0.04419,0.01949,0.02582,0.27267,0.05217,0.01456,0.02380,0.27994,0.02149,0.07913,0.01725,0.05173,0.02113,0.03767
30.84800,11,0.70528,0.00005,0.00135,0.00299,0.02885,0.10338,0.00195,0.00020,0.00031,0.19045,0.00259,0.16974,0.49232,0.00338,0.00184,0.00059,0.02787,0.04646,0.01551,0.02409,0.12241,0.05886,0.00655,0.02360,0.44445,0.01583,0.08196,0.02210,0.04824,0.01462,0.04745
30.86933,11,0.68439,0.00005,0.00260,0.00316,0.02108,0.29016,0.00148,0.00034,0.00028,0.13781,0.00205,0.12842,0.40682,0.00254,0.00139,0.00182,0.01761,0.03321,0.01612,0.01500,0.06981,0.07463,0.01362,0.02683,0.28562,0.01047,0.04809,0.27643,0.07460,0.00948,0.02848
30.89067,4,0.66170,0.00006,0.00214,0.00402,0.03407,0.34451,0.00128,0.00174,0.00575,0.18028,0.00222,0.10229,0.31524,0.00190,0.00099,0.00352,0.01216,0.02399,0.01705,0.00911,0.05411,0.08437,0.01942,0.02903,0.15715,0.00760,0.02479,0.44710,0.09283,0.00687,0.01442
30.91200,8,0.62933,0.00006,0.00152,0.00337,0.02577,0.26445,0.00127,0.00134,0.00603,0.35023,0.00182,0.09481,0.23958,0.00317,0.00134,0.00524,0.00996,0.01997,0.01751,0.00659,0.04945,0.08850,0.02204,0.02998,0.09924,0.00644,0.01466,0.52086,0.10076,0.00584,0.00821
30.93333,8,0.62144,0.00005,0.00119,0.00294,0.01945,0.19322,0.00095,0.00105,0.00428,0.52308,0.00241,0.07627,0.16553,0.00433,0.00123,0.00398,0.02087,0.02446,0.01943,0.01168,0.15760,0.07842,0.02312,0.02868,0.07729,0.01185,0.02162,0.41041,0.09195,0.01143,0.01118
30.95467,8,0.66202,0.00005,0.00089,0.00211,0.01373,0.13338,0.00076,0.00073,0.00297,0.60136,0.00168,0.05994,0.17444,0.00422,0.00089,0.00284,0.03276,0.03517,0.01993,0.02002,0.24324,0.06361,0.01896,0.02597,0.17003,0.01785,0.04496,0.19433,0.07092,0.01732,0.02493
30.97600,8,0.67334,0.00004,0.00063,0.00165,0.00967,0.09210,0.00080,0.00052,0.00206,0.43618,0.00120,0.11525,0.33398,0.00321,0.00069,0.00202,0.02694,0.04276,0.01618,0.02212,0.13036,0.06238,0.00920,0.02445,0.38214,0.01516,0.06825,0.08868,0.05599,0.01398,0.04141
30.99733,11,0.66644,0.00004,0.00049,0.00149,0.00682,0.06414,0.00141,0.00037,0.00143,0.30163,0.00089,0.14474,0.47198,0.00239,0.00070,0.00148,0.02293,0.04609,0.01411,0.02265,0.06301,0.06280,0.00423,0.02382,0.49011,0.01327,0.07914,0.04734,0.04945,0.01174,0.04932
31.01867,11,0.65529,0.00003,0.00046,0.00115,0.00473,0.04851,0.00123,0.00029,0.00099,0.20888,0.00088,0.14072,0.58843,0.00183,0.00075,0.00112,0.02118,0.04733,0.01327,0.02278,0.03483,0.06312,0.00225,0.02359,0.53303,0.01244,0.08333,0.03270,0.04700,0.01077,0.05239
31.04000,11,0.62939,0.00005,0.00204,0.00246,0.00356,0.26234,0.00102,0.00049,0.00076,0.15330,0.00190,0.11299,0.45558,0.00143,0.00064,0.00146,0.01516,0.03354,0.01530,0.01452,0.03776,0.07615,0.01205,0.02682,0.31817,0.00924,0.04883,0.27997,0.07410,0.00809,0.03030
31.06133,4,0.61069,0.00011,0.00226,0.00495,0.00626,0.40700,0.00269,0.00382,0.00535,0.11837,0.00214,0.10207,0.34103,0.00109,0.00046,0.00238,0.01132,0.02411,0.01677,0.00895,0.04317,0.08489,0.01888,0.02903,0.16828,0.00718,0.02509,0.44824,0.09264,0.00640,0.01505
31.08267,8,0.60830,0.00014,0.00168,0.00364,0.00485,0.30630,0.00217,0.00284,0.00412,0.34303,0.00209,0.08099,0.23666,0.00149,0.00062,0.00939,0.00968,0.02001,0.01741,0.00654,0.04588,0.08866,0.02186,0.02998,0.10288,0.00631,0.01477,0.52121,0.10070,0.00568,0.00841
31.10400,8,0.60559,0.00010,0.00120,0.00258,0.00345,0.21148,0.00153,0.00197,0.00287,0.54158,0.00150,0.05890,0.16345,0.00218,0.00045,0.00676,0.03236,0.02957,0.02135,0.01722,0.26940,0.06757,0.02392,0.02723,0.06168,0.01754,0.02996,0.28798,0.08193,0.01731,0.01499
31.12533,8,0.60085,0.00007,0.00090,0.00182,0.00245,0.14594,0.00107,0.00137,0.00198,0.65359,0.00327,0.04223,0.13628,0.00300,0.00049,0.00554,0.02992,0.03964,0.01789,0.02142,0.18395,0.06250,0.01350,0.02506,0.28887,0.01655,0.05838,0.13017,0.06213,0.01566,0.03435
31.14667,8,0.59353,0.00008,0.00072,0.00147,0.00192,0.10091,0.00083,0.00099,0.00139,0.65310,0.00258,0.04510,0.17940,0.00454,0.00293,0.00406,0.02457,0.04481,0.01493,0.02247,0.09009,0.06258,0.00619,0.02406,0.44759,0.01404,0.07490,0.06293,0.05197,0.01265,0.04623
31.16800,8,0.58580,0.00008,0.00065,0.00113,0.00141,0.07020,0.00112,0.00076,0.00098,0.47354,0.00266,0.08786,0.34804,0.00449,0.00410,0.00298,0.02185,0.04687,0.01359,0.02273,0.04556,0.06299,0.00300,0.02368,0.51683,0.01275,0.08175,0.03810,0.04792,0.01114,0.05123
31.18933,11,0.57220,0.00008,0.00078,0.00115,0.00113,0.05972,0.00157,0.00109,0.00076,0.32973,0.00276,0.10934,0.47990,0.00423,0.00512,0.00265,0.02118,0.04733,0.01327,0.02278,0.03481,0.06312,0.00225,0.02359,0.53304,0.01244,0.08333,0.03270,0.04700,0.01077,0.05239
31.21067,11,0.55219,0.00011,0.00426,0.00447,0.00119,0.25130,0.00295,0.00779,0.00086,0.26192,0.00348,0.08372,0.36567,0.00342,0.00433,0.00454,0.02053,0.04776,0.01296,0.02281,0.02450,0.06326,0.00155,0.02352,0.54835,0.01213,0.08480,0.02781,0.04616,0.01041,0.05347
31.23200,4,0.54784,0.00025,0.00483,0.00897,0.03592,0.32123,0.01302,0.02095,0.01576,0.22719,0.00347,0.06664,0.26972,0.00351,0.00328,0.00526,0.01768,0.04093,0.01400,0.01876,0.02748,0.06963,0.00645,0.02511,0.44071,0.01060,0.06766,0.14978,0.05957,0.00915,0.04248
31.25333,8,0.54815,0.00018,0.00347,0.00626,0.02526,0.22823,0.00911,0.01462,0.01092,0.45755,0.00267,0.04647,0.18619,0.00254,0.00230,0.00423,0.01273,0.02807,0.01609,0.01124,0.03836,0.08135,0.01591,0.02811,0.23344,0.00795,0.03517,0.37818,0.08485,0.00700,0.02156
31.27467,8,0.56086,0.00013,0.00245,0.00433,0.01761,0.15754,0.00631,0.01010,0.00754,0.62283,0.00200,0.03376,0.12850,0.00234,0.00159,0.00296,0.03354,0.03270,0.02083,0.01904,0.26648,0.06473,0.02161,0.02650,0.11239,0.01818,0.03788,0.23243,0.07578,0.01782,0.02009
31.29600,8,0.56713,0.00009,0.00173,0.00299,0.01220,0.10873,0.00438,0.00697,0.00520,0.73355,0.00197,0.02460,0.09008,0.00246,0.00147,0.00360,0.03034,0.04074,0.01771,0.02206,0.18292,0.06150,0.01268,0.02480,0.30675,0.01678,0.06118,0.11058,0.05996,0.01584,0.03616
31.31733,8,0.60115,0.00007,0.00123,0.00215,0.00910,0.07507,0.00304,0.00483,0.00361,0.72885,0.00149,0.02918,0.13317,0.00303,0.00261,0.00256,0.02471,0.04518,0.01487,0.02269,0.08974,0.06224,0.00592,0.02397,0.45356,0.01412,0.07583,0.05639,0.05124,0.01271,0.04683
31.33867,8,0.60051,0.00006,0.00086,0.00158,0.00645,0.05209,0.00266,0.00339,0.00250,0.50938,0.00116,0.05414,0.35929,0.00256,0.00209,0.00179,0.02190,0.04698,0.01357,0.02280,0.04545,0.06288,0.00291,0.02365,0.51875,0.01278,0.08205,0.03600,0.04768,0.01116,0.05143
31.36000,11,0.58898,0.00005,0.00128,0.00227,0.00462,0.09067,0.00239,0.00372,0.00180,0.35475,0.00121,0.05251,0.47874,0.00243,0.00203,0.00152,0.02079,0.04764,0.01307,0.02282,0.02829,0.06317,0.00178,0.02354,0.54329,0.01225,0.08435,0.02893,0.04640,0.01055,0.05314
31.38133,11,0.57080,0.00005,0.00592,0.00871,0.01721,0.23864,0.00758,0.01727,0.00211,0.26013,0.00330,0.06919,0.36119,0.00195,0.00221,0.00454,0.02039,0.04786,0.01289,0.02282,0.02226,0.06328,0.00139,0.02350,0.55180,0.01206,0.08514,0.02659,0.04596,0.01034,0.05372
31.40267,8,0.56773,0.00006,0.00425,0.00623,0.03914,0.21116,0.00751,0.01306,0.00562,0.39410,0.00258,0.05154,0.25038,0.00862,0.00171,0.00405,0.01489,0.03372,0.01517,0.01454,0.03350,0.07621,0.01176,0.02679,0.32448,0.00911,0.04943,0.27796,0.07375,0.00794,0.03074
31.42400,8,0.56483,0.00004,0.00294,0.00431,0.02715,0.14583,0.00520,0.00902,0.00389,0.58078,0.00180,0.03619,0.17277,0.00603,0.00119,0.00287,0.01123,0.02416,0.01673,0.00895,0.04179,0.08491,0.01879,0.02902,0.17030,0.00714,0.02528,0.44763,0.09254,0.00635,0.01519
31.44533,8,0.57339,0.00003,0.00206,0.00298,0.01876,0.10069,0.00360,0.00624,0.00269,0.70559,0.00153,0.02590,0.12169,0.00525,0.00084,0.00217,0.01502,0.03424,0.01507,0.01482,0.03219,0.07578,0.01134,0.02667,0.33366,0.00918,0.05079,0.26889,0.07272,0.00799,0.03163
31.46667,8,0.58033,0.00003,0.00145,0.00212,0.01323,0.06954,0.00261,0.00435,0.00186,0.68690,0.00108,0.02661,0.18354,0.00435,0.00078,0.00156,0.01679,0.03893,0.01429,0.01756,0.02778,0.07153,0.00787,0.02558,0.40964,0.01013,0.06266,0.18570,0.06350,0.00876,0.03928
31.48800,8,0.58592,0.00003,0.00102,0.00151,0.00920,0.04813,0.00205,0.00301,0.00129,0.49029,0.00078,0.05628,0.38128,0.00330,0.00070,0.00111,0.01889,0.04450,0.01338,0.02080,0.02255,0.06648,0.00376,0.02429,0.49974,0.01126,0.07674,0.08703,0.05257,0.00966,0.04835
31.50933,11,0.57841,0.00003,0.00098,0.00119,0.00642,0.04428,0.00223,0.00256,0.00094,0.33982,0.00070,0.08650,0.50962,0.00286,0.00074,0.00113,0.01974,0.04675,0.01301,0.02211,0.02044,0.06444,0.00210,0.02376,0.53622,0.01172,0.08244,0.04707,0.04814,0.01003,0.05202
31.53067,11,0.56172,0.00005,0.00769,0.00375,0.00895,0.15901,0.03624,0.05133,0.00114,0.24201,0.00136,0.08113,0.40032,0.00227,0.00063,0.00411,0.02005,0.04756,0.01288,0.02259,0.01968,0.06370,0.00150,0.02357,0.54936,0.01189,0.08449,0.03268,0.04655,0.01016,0.05335
31.55200,11,0.56014,0.00009,0.00616,0.00287,0.01861,0.17032,0.03612,0.05030,0.03581,0.28134,0.00151,0.06659,0.28250,0.04336,0.00047,0.00394,0.01478,0.03362,0.01517,0.01446,0.03269,0.07635,0.01179,0.02682,0.32364,0.00905,0.04922,0.27997,0.07395,0.00789,0.03062
31.57333,8,0.54972,0.00008,0.00439,0.00209,0.01348,0.12129,0.02526,0.03530,0.02561,0.48375,0.00139,0.04720,0.19525,0.04052,0.00040,0.00401,0.01120,0.02413,0.01673,0.00893,0.04153,0.08495,0.01880,0.02903,0.17004,0.00712,0.02522,0.44824,0.09260,0.00634,0.01515
31.59467,8,0.54807,0.00006,0.00325,0.00149,0.01003,0.08659,0.01777,0.02488,0.01778,0.62763,0.00156,0.03551,0.13482,0.03493,0.00030,0.00339,0.00965,0.02002,0.01740,0.00653,0.04537,0.08868,0.02184,0.02998,0.10343,0.00629,0.01481,0.52122,0.10068,0.00566,0.00844
31.61600,8,0.54737,0.00005,0.00231,0.00108,0.00760,0.06034,0.01247,0.01730,0.01231,0.53431,0.00862,0.07629,0.10041,0.15056,0.00030,0.01605,0.01444,0.03270,0.01532,0.01392,0.03354,0.07718,0.01247,0.02703,0.30881,0.00887,0.04690,0.29622,0.07575,0.00774,0.02912
31.63733,8,0.55604,0.00003,0.00163,0.00078,0.00544,0.04171,0.00991,0.01196,0.00850,0.38090,0.00614,0.07657,0.08537,0.35889,0.00025,0.01191,0.01785,0.04175,0.01383,0.01920,0.02510,0.06897,0.00579,0.02493,0.45531,0.01071,0.06979,0.13572,0.05797,0.00921,0.04387
31.65867,12,0.55243,0.00003,0.00114,0.00055,0.00385,0.02881,0.00743,0.00828,0.00587,0.26396,0.00429,0.05412,0.07658,0.53649,0.00018,0.00841,0.01935,0.04572,0.01318,0.02151,0.02140,0.06537,0.00285,0.02400,0.51956,0.01151,0.07983,0.06533,0.05016,0.00986,0.05034
31.68000,12,0.55745,0.00007,0.00168,0.00064,0.00301,0.02833,0.01557,0.00591,0.00412,0.19635,0.00329,0.05218,0.13023,0.55165,0.00018,0.00678,0.01991,0.04721,0.01293,0.02238,0.02001,0.06403,0.00176,0.02366,0.54360,0.01181,0.08359,0.03899,0.04725,0.01011,0.05277
31.70133,12,0.54798,0.00009,0.00152,0.00055,0.00272,0.03382,0.01985,0.00434,0.00309,0.15642,0.00258,0.07107,0.12800,0.56853,0.00021,0.00719,0.01062,0.02740,0.01332,0.01803,0.02745,0.06693,0.02118,0.02625,0.32376,0.00887,0.05804,0.03995,0.30919,0.00538,0.04363
31.72267,12,0.53494,0.00020,0.00746,0.00381,0.00494,0.04539,0.02620,0.00502,0.00736,0.30529,0.00229,0.05197,0.09786,0.43556,0.00016,0.00648,0.00688,0.01942,0.01350,0.01624,0.03050,0.06817,0.02899,0.02730,0.23472,0.00768,0.04763,0.04204,0.41361,0.00349,0.03984
31.74400,8,0.52824,0.00025,0.01236,0.00277,0.00670,0.04004,0.03120,0.00363,0.00526,0.40640,0.00189,0.03639,0.06798,0.38022,0.00012,0.00478,0.00260,0.01026,0.01370,0.01418,0.03401,0.06961,0.03793,0.02852,0.13239,0.00632,0.03565,0.04492,0.53315,0.00132,0.03545
31.76533,8,0.54316,0.00024,0.01278,0.00234,0.01065,0.03513,0.02455,0.00283,0.00416,0.47309,0.00178,0.02651,0.04737,0.35356,0.00009,0.00493,0.00090,0.00664,0.01378,0.01336,0.03541,0.07019,0.04147,0.02900,0.09182,0.00577,0.03089,0.04620,0.58041,0.00046,0.03370
31.78667,12,0.57441,0.00019,0.01078,0.00182,0.01874,0.02491,0.01707,0.00198,0.00288,0.40438,0.00145,0.02590,0.03509,0.45043,0.00007,0.00430,0.00979,0.02567,0.01333,0.01772,0.02799,0.06703,0.02293,0.02646,0.30554,0.00863,0.05605,0.03662,0.33424,0.00496,0.04306
31.80800,12,0.58241,0.00015,0.00785,0.00135,0.01808,0.01734,0.01224,0.00139,0.00200,0.28985,0.00126,0.02278,0.03567,0.58558,0.00012,0.00436,0.01598,0.03892,0.01302,0.02075,0.02283,0.06484,0.01001,0.02469,0.45439,0.01061,0.07356,0.03001,0.16274,0.00809,0.04957
31.82933,12,0.58043,0.00016,0.00574,0.00100,0.01303,0.01228,0.00877,0.00097,0.00140,0.20355,0.00097,0.02059,0.03031,0.69460,0.00014,0.00649,0.00919,0.02438,0.01336,0.01743,0.02849,0.06724,0.02418,0.02663,0.29112,0.00843,0.05435,0.03719,0.35093,0.00465,0.04243
31.85067,12,0.57730,0.00022,0.00856,0.00111,0.00925,0.01092,0.01896,0.00124,0.00138,0.17561,0.00211,0.07051,0.02817,0.65292,0.00021,0.01883,0.00380,0.01285,0.01363,0.01479,0.03298,0.06915,0.03542,0.02817,0.16164,0.00671,0.03912,0.04289,0.50016,0.00193,0.03677
31.87200,12,0.55763,0.00030,0.00799,0.00193,0.00711,0.07813,0.02119,0.00204,0.00151,0.29531,0.00172,0.06344,0.02327,0.47560,0.00018,0.02028,0.00138,0.00767,0.01375,0.01361,0.03500,0.07001,0.04047,0.02886,0.10352,0.00593,0.03228,0.04546,0.56715,0.00070,0.03423
31.89333,8,0.54320,0.00032,0.01073,0.00155,0.00506,0.08986,0.02962,0.00152,0.00108,0.44066,0.00131,0.04672,0.01640,0.34071,0.00014,0.01431,0.00047,0.00571,0.01380,0.01316,0.03576,0.07033,0.04238,0.02912,0.08154,0.00564,0.02969,0.04642,0.59248,0.00024,0.03327
31.91467,8,0.55432,0.00034,0.01248,0.00161,0.00505,0.06740,0.02777,0.00150,0.00093,0.49739,0.00196,0.03755,0.01209,0.32086,0.00011,0.01296,0.00015,0.00503,0.01381,0.01300,0.03602,0.07044,0.04304,0.02921,0.07391,0.00553,0.02879,0.04676,0.60127,0.00008,0.03293
31.93600,12,0.56335,0.00025,0.01001,0.00123,0.00474,0.04721,0.01939,0.00110,0.00065,0.39883,0.00162,0.02898,0.01206,0.46441,0.00008,0.00945,0.00954,0.02513,0.01334,0.01760,0.02820,0.06712,0.02345,0.02653,0.29955,0.00855,0.05534,0.03681,0.34122,0.00483,0.04280
31.95733,12,0.57437,0.00021,0.00761,0.00097,0.00505,0.03290,0.01425,0.00081,0.00047,0.28149,0.00144,0.02847,0.03652,0.58078,0.00010,0.00893,0.01590,0.03875,0.01302,0.02071,0.02289,0.06486,0.01018,0.02471,0.45247,0.01059,0.07334,0.03007,0.16497,0.00805,0.04948
31.97867,12,0.57816,0.00025,0.00552,0.00081,0.00385,0.02356,0.01103,0.00063,0.00040,0.19845,0.00110,0.03033,0.10675,0.60798,0.00009,0.00925,0.00916,0.02433,0.01336,0.01742,0.02851,0.06725,0.02423,0.02663,0.29055,0.00843,0.05428,0.03721,0.35159,0.00464,0.04240
32.00000,12,0.58618,0.00036,0.00432,0.00084,0.00298,0.01773,0.01052,0.00050,0.00037,0.13906,0.00136,0.03545,0.15809,0.61949,0.00014,0.00880,0.00603,0.01762,0.01352,0.01588,0.03112,0.06836,0.03077,0.02753,0.21522,0.00742,0.04542,0.04053,0.43841,0.00305,0.03911
32.02133,12,0.58033,0.00037,0.00367,0.00094,0.00248,0.04651,0.01162,0.00111,0.00104,0.11806,0.00389,0.06028,0.22202,0.51910,0.00015,0.00877,0.00232,0.00967,0.01370,0.01406,0.03422,0.06968,0.03852,0.02859,0.12590,0.00623,0.03491,0.04447,0.54135,0.00117,0.03521
32.04267,12,0.55798,0.00051,0.00846,0.00543,0.00248,0.20581,0.01608,0.01112,0.00120,0.14199,0.00349,0.04468,0.17182,0.37931,0.00013,0.00748,0.00081,0.00644,0.01378,0.01333,0.03547,0.07021,0.04166,0.02902,0.08974,0.00575,0.03065,0.04606,0.58303,0.00041,0.03363
32.06400,8,0.54278,0.00047,0.00836,0.00480,0.00294,0.19098,0.02510,0.01115,0.00103,0.29950,0.00299,0.03606,0.11884,0.29164,0.00009,0.00606,0.00027,0.00528,0.01381,0.01306,0.03593,0.07040,0.04280,0.02918,0.07671,0.00557,0.02912,0.04664,0.59805,0.00014,0.03306
32.08533,8,0.54684,0.00035,0.00768,0.00457,0.00325,0.13540,0.02075,0.00890,0.00082,0.46205,0.00255,0.02822,0.08221,0.23833,0.00007,0.00487,0.00009,0.00489,0.01382,0.01297,0.03608,0.07047,0.04318,0.02923,0.07230,0.00551,0.02860,0.04683,0.60313,0.00004,0.03286
32.10667,12,0.56018,0.00025,0.00576,0.00413,0.00527,0.09432,0.01441,0.00622,0.00057,0.35199,0.00218,0.03267,0.05865,0.41947,0.00006,0.00404,0.00952,0.02509,0.01334,0.01759,0.02821,0.06712,0.02349,0.02653,0.29905,0.00854,0.05528,0.03684,0.34179,0.00482,0.04278
32.12800,12,0.56970,0.00019,0.00440,0.00292,0.00434,0.06522,0.01334,0.00434,0.00042,0.24762,0.00302,0.04349,0.05079,0.55228,0.00012,0.00751,0.01589,0.03874,0.01302,0.02071,0.02290,0.06486,0.01019,0.02471,0.45233,0.01059,0.07332,0.03008,0.16513,0.00805,0.04948
32.14933,12,0.56825,0.00015,0.00334,0.00208,0.00330,0.04535,0.01224,0.00304,0.00031,0.17248,0.00226,0.03833,0.07477,0.63392,0.00009,0.00832,0.00916,0.02433,0.01336,0.01741,0.02851,0.06725,0.02424,0.02664,0.29051,0.00843,0.05428,0.03721,0.35163,0.00464,0.04240
32.17067,12,0.56645,0.00019,0.00292,0.00163,0.00243,0.03489,0.01624,0.00254,0.00029,0.12196,0.00215,0.04543,0.11215,0.64739,0.00010,0.00969,0.00379,0.01283,0.01363,0.01479,0.03299,0.06915,0.03544,0.02817,0.16146,0.00670,0.03909,0.04290,0.50037,0.00192,0.03676
32.19200,12,0.54432,0.00025,0.00605,0.00231,0.00186,0.04255,0.05854,0.00506,0.00143,0.13382,0.00209,0.05467,0.09445,0.58770,0.00011,0.00911,0.00138,0.00767,0.01375,0.01361,0.03500,0.07001,0.04047,0.02886,0.10347,0.00593,0.03227,0.04546,0.56721,0.00070,0.03423
32.21333,12,0.52878,0.00063,0.01300,0.00484,0.00178,0.06538,0.11295,0.00568,0.00163,0.14862,0.00223,0.04278,0.06976,0.52328,0.00012,0.00732,0.00047,0.00571,0.01380,0.01316,0.03576,0.07033,0.04238,0.02912,0.08153,0.00564,0.02969,0.04642,0.59249,0.00024,0.03327
32.23466,12,0.52419,0.00098,0.01582,0.00636,0.00237,0.05377,0.10215,0.00505,0.00145,0.14802,0.00207,0.04099,0.05020,0.56489,0.00009,0.00579,0.00015,0.00503,0.01381,0.01300,0.03602,0.07044,0.04304,0.02921,0.07391,0.00553,0.02879,0.04676,0.60128,0.00008,0.03293
32.25600,12,0.55950,0.00085,0.01552,0.00574,0.01087,0.04418,0.07630,0.00368,0.00107,0.21381,0.00259,0.05049,0.03949,0.52646,0.00016,0.00878,0.00009,0.00489,0.01382,0.01297,0.03608,0.07047,0.04318,0.02923,0.07230,0.00551,0.02860,0.04683,0.60313,0.00004,0.03286
32.27733,12,0.58803,0.00061,0.01145,0.00429,0.00983,0.03143,0.05301,0.00256,0.00076,0.15430,0.00192,0.04406,0.05266,0.62570,0.00014,0.00728,0.00003,0.00476,0.01382,0.01294,0.03613,0.07049,0.04330,0.02925,0.07087,0.00549,0.02843,0.04689,0.60478,0.00001,0.03280
32.29867,12,0.59097,0.00043,0.00805,0.00302,0.00719,0.02202,0.03673,0.00183,0.00054,0.10710,0.00147,0.03770,0.09256,0.67359,0.00011,0.00766,0.00001,0.00472,0.01382,0.01293,0.03614,0.07049,0.04334,0.02925,0.07042,0.00549,0.02838,0.04691,0.60530,0.00000,0.03278
32.32000,12,0.58994,0.00033,0.00600,0.00285,0.00539,0.01610,0.02587,0.00189,0.00053,0.07486,0.00186,0.03308,0.11299,0.70819,0.00018,0.00987,0.00000,0.00471,0.01382,0.01293,0.03615,0.07050,0.04335,0.02925,0.07028,0.00549,0.02836,0.04692,0.60546,0.00000,0.03278
32.34133,12,0.57521,0.00034,0.00759,0.00337,0.00406,0.02058,0.02763,0.00279,0.00068,0.06355,0.00275,0.04244,0.11251,0.69600,0.00031,0.01541,0.00000,0.00471,0.01382,0.01293,0.03615,0.07050,0.04336,0.02925,0.07024,0.00549,0.02836,0.04692,0.60551,0.00000,0.03277
32.36267,12,0.55212,0.00053,0.03625,0.04394,0.00397,0.02895,0.10846,0.00341,0.00122,0.12874,0.00257,0.03300,0.07964,0.51528,0.00029,0.01373,0.00000,0.00471,0.01382,0.01293,0.03615,0.07050,0.04336,0.02925,0.07023,0.00549,0.02836,0.04692,0.60552,0.00000,0.03277
32.38400,12,0.53744,0.00112,0.05063,0.03365,0.00402,0.03325,0.13834,0.00290,0.00099,0.18152,0.00223,0.02338,0.05553,0.46210,0.00021,0.01014,0.00000,0.00471,0.01382,0.01293,0.03615,0.07050,0.04336,0.02925,0.07022,0.00549,0.02836,0.04692,0.60553,0.00000,0.03277
32.40533,12,0.55733,0.00104,0.05647,0.02351,0.00897,0.02743,0.14830,0.00213,0.00088,0.27377,0.00180,0.02246,0.03938,0.38601,0.00018,0.00767,0.00000,0.00471,0.01382,0.01293,0.03615,0.07050,0.04336,0.02925,0.07022,0.00549,0.02836,0.04692,0.60553,0.00000,0.03277
32.42667,12,0.57483,0.00076,0.04080,0.01678,0.01054,0.02137,0.10317,0.00153,0.00063,0.20909,0.00222,0.04164,0.06427,0.47958,0.00015,0.00747,0.00000,0.00471,0.01382,0.01293,0.03615,0.07050,0.04336,0.02925,0.07022,0.00549,0.02836,0.04692,0.60553,0.00000,0.03277
32.44800,12,0.59350,0.00054,0.02863,0.01228,0.00907,0.01616,0.07135,0.00107,0.00045,0.14512,0.00166,0.03312,0.16834,0.50543,0.00011,0.00668,0.00000,0.00471,0.01382,0.01293,0.03615,0.07050,0.04336,0.02925,0.07022,0.00549,0.02836,0.04692,0.60553,0.00000,0.03277
32.46933,12,0.59724,0.00047,0.02237,0.00983,0.00707,0.01212,0.05632,0.00083,0.00044,0.11328,0.00132,0.03219,0.20047,0.53315,0.00021,0.00993,0.00000,0.00471,0.01382,0.01293,0.03615,0.07050,0.04336,0.02925,0.07022,0.00549,0.02836,0.04692,0.60553,0.00000,0.03277
32.49067,12,0.60566,0.00040,0.01762,0.00715,0.00507,0.00902,0.06491,0.00070,0.00036,0.08697,0.00148,0.02765,0.24561,0.52243,0.00021,0.01041,0.00000,0.00471,0.01382,0.01293,0.03615,0.07050,0.04336,0.02925,0.07022,0.00549,0.02836,0.04692,0.60553,0.00000,0.03277
32.51200,12,0.57648,0.00040,0.01959,0.01513,0.00435,0.08340,0.06407,0.00362,0.00109,0.14243,0.00160,0.02155,0.19740,0.43555,0.00022,0.00961,0.00000,0.00471,0.01382,0.01293,0.03615,0.07050,0.04336,0.02925,0.07022,0.00549,0.02836,0.04692,0.60553,0.00000,0.03277
32.53333,12,0.55072,0.00034,0.02126,0.01214,0.00323,0.08531,0.11484,0.00385,0.00084,0.29487,0.00128,0.01522,0.13643,0.30327,0.00016,0.00697,0.00000,0.00471,0.01382,0.01293,0.03615,0.07050,0.04336,0.02925,0.07022,0.00549,0.02836,0.04692,0.60553,0.00000,0.03277
32.55466,8,0.52725,0.00038,0.01779,0.01196,0.00483,0.08626,0.10090,0.15878,0.00326,0.26445,0.00254,0.01164,0.09420,0.23753,0.00011,0.00537,0.00000,0.00471,0.01382,0.01293,0.03615,0.07050,0.04336,0.02925,0.07022,0.00549,0.02836,0.04692,0.60553,0.00000,0.03277
32.57600,6,0.52742,0.00028,0.01256,0.00963,0.00375,0.06366,0.07020,0.29917,0.00258,0.18717,0.00232,0.00828,0.06501,0.27132,0.00008,0.00399,0.00000,0.00471,0.01382,0.01293,0.03615,0.07050,0.04336,0.02925,0.07022,0.00549,0.02836,0.04692,0.60553,0.00000,0.03277
32.59733,12,0.55577,0.00027,0.01033,0.00935,0.01048,0.05314,0.05187,0.22452,0.00217,0.13761,0.00271,0.03439,0.04572,0.40462,0.00008,0.01275,0.00949,0.02503,0.01335,0.01758,0.02824,0.06713,0.02355,0.02654,0.29839,0.00853,0.05521,0.03687,0.34255,0.00481,0.04275
32.61867,12,0.57428,0.00024,0.00749,0.00678,0.00749,0.03854,0.03933,0.15658,0.00165,0.09739,0.00228,0.06213,0.03277,0.53423,0.00008,0.01302,0.00639,0.01619,0.01045,0.01012,0.02592,0.04288,0.33693,0.02859,0.20593,0.02422,0.06274,0.01922,0.15244,0.00929,0.04867
32.64000,12,0.56525,0.00028,0.00523,0.00477,0.00524,0.02842,0.03026,0.10825,0.00138,0.06845,0.00167,0.05303,0.02318,0.65832,0.00006,0.01147,0.00277,0.00914,0.01163,0.01028,0.03054,0.05244,0.24438,0.02925,0.12457,0.01761,0.04716,0.02989,0.34300,0.00548,0.04186
32.66133,12,0.51982,0.00033,0.00374,0.00341,0.00369,0.03497,0.05152,0.07595,0.00210,0.05861,0.00127,0.04448,0.01660,0.69125,0.00006,0.01202,0.00103,0.00626,0.01288,0.01170,0.03387,0.06275,0.13065,0.02930,0.08969,0.01068,0.03601,0.03973,0.49664,0.00229,0.03653
32.68267,12,0.46614,0.00264,0.00394,0.00279,0.00280,0.16386,0.04438,0.08315,0.00149,0.04258,0.00096,0.03553,0.01256,0.59022,0.00009,0.01302,0.00035,0.00522,0.01347,0.01246,0.03532,0.06763,0.07587,0.02928,0.07678,0.00741,0.03112,0.04428,0.56583,0.00084,0.03414
32.70400,12,0.43921,0.00218,0.00304,0.00206,0.00209,0.39517,0.03187,0.05857,0.00126,0.03304,0.00077,0.02861,0.00874,0.42310,0.00008,0.00941,0.00012,0.00487,0.01370,0.01276,0.03587,0.06951,0.05456,0.02926,0.07234,0.00615,0.02929,0.04602,0.59202,0.00028,0.03324
32.72533,4,0.42362,0.00483,0.00337,0.00417,0.00197,0.43277,0.05592,0.05318,0.00168,0.02911,0.00097,0.03759,0.00695,0.35755,0.00008,0.00987,0.00004,0.00476,0.01378,0.01287,0.03606,0.07017,0.04704,0.02926,0.07089,0.00570,0.02866,0.04663,0.60112,0.00009,0.03292
32.74667,12,0.47955,0.00375,0.01282,0.00987,0.00406,0.34852,0.05203,0.04538,0.00128,0.03155,0.00237,0.04196,0.00565,0.41576,0.00009,0.02491,0.00001,0.00472,0.01381,0.01291,0.03612,0.07039,0.04453,0.02926,0.07043,0.00555,0.02845,0.04683,0.60413,0.00003,0.03282
32.76800,12,0.53339,0.00277,0.01232,0.00758,0.00372,0.26013,0.03742,0.03219,0.00097,0.04260,0.00226,0.03164,0.00439,0.53056,0.00007,0.03137,0.02740,0.02190,0.01937,0.02086,0.26392,0.05750,0.03536,0.02674,0.05152,0.01723,0.03831,0.02860,0.34829,0.01438,0.02864
32.78933,12,0.55075,0.00212,0.00866,0.00530,0.00273,0.18792,0.02663,0.02235,0.00071,0.03431,0.00175,0.02532,0.00382,0.64595,0.00006,0.03235,0.02487,0.02031,0.01886,0.02013,0.24289,0.05871,0.03597,0.02697,0.05322,0.01613,0.03738,0.03030,0.37219,0.01305,0.02901
32.81067,12,0.54253,0.00189,0.00607,0.00375,0.00197,0.13317,0.02045,0.01548,0.00055,0.02465,0.00126,0.02010,0.00344,0.74193,0.00005,0.02524,0.01247,0.01253,0.01635,0.01654,0.13984,0.06459,0.03961,0.02811,0.06169,0.01082,0.03288,0.03859,0.48855,0.00654,0.03089
32.83200,12,0.51126,0.00140,0.00422,0.00266,0.00139,0.09894,0.01757,0.01566,0.00246,0.01787,0.00099,0.01848,0.00334,0.79362,0.00005,0.02134,0.00493,0.00780,0.01482,0.01436,0.07713,0.06816,0.04187,0.02880,0.06685,0.00760,0.03014,0.04363,0.55930,0.00259,0.03203
32.85333,12,0.48688,0.00135,0.00313,0.00211,0.00114,0.20476,0.03086,0.06112,0.00200,0.03430,0.00081,0.01673,0.00264,0.62028,0.00005,0.01874,0.00175,0.00581,0.01418,0.01344,0.05074,0.06967,0.04283,0.02909,0.06902,0.00624,0.02899,0.04575,0.58908,0.00092,0.03251
32.87467,12,0.46504,0.00130,0.00257,0.00206,0.00215,0.21130,0.02501,0.10188,0.00194,0.03225,0.00069,0.01298,0.00191,0.59057,0.00004,0.01333,0.00059,0.00507,0.01394,0.01310,0.04104,0.07022,0.04318,0.02920,0.06982,0.00574,0.02857,0.04653,0.60001,0.00031,0.03268
32.89600,12,0.46331,0.00102,0.00183,0.00144,0.00151,0.15039,0.02014,0.07699,0.00136,0.03259,0.00049,0.00980,0.00144,0.69131,0.00003,0.00966,0.00019,0.00482,0.01386,0.01298,0.03773,0.07041,0.04330,0.02924,0.07009,0.00557,0.02843,0.04680,0.60375,0.00010,0.03274
32.91733,12,0.52022,0.00073,0.00132,0.00103,0.00110,0.10632,0.01525,0.05508,0.00094,0.02387,0.00043,0.00784,0.00124,0.77237,0.00003,0.01244,0.00006,0.00474,0.01383,0.01295,0.03665,0.07047,0.04334,0.02925,0.07018,0.00551,0.02838,0.04688,0.60497,0.00003,0.03276
32.93867,12,0.55212,0.00061,0.00106,0.00092,0.00120,0.08235,0.01080,0.03849,0.00066,0.01762,0.00052,0.00818,0.00226,0.81714,0.00014,0.01803,0.00002,0.00472,0.01382,0.01293,0.03630,0.07049,0.04335,0.02925,0.07021,0.00549,0.02836,0.04691,0.60536,0.00001,0.03277
32.96000,12,0.56096,0.00047,0.00077,0.00065,0.00085,0.05772,0.00986,0.02661,0.00047,0.01277,0.00041,0.00781,0.00391,0.85963,0.00011,0.01796,0.00001,0.00471,0.01382,0.01293,0.03620,0.07049,0.04336,0.02925,0.07022,0.00549,0.02836,0.04692,0.60548,0.00000,0.03277
32.98133,12,0.55471,0.00046,0.00068,0.00047,0.00059,0.04892,0.01363,0.01856,0.00037,0.01732,0.00032,0.00871,0.00743,0.85916,0.00009,0.02329,0.00000,0.00471,0.01382,0.01293,0.03616,0.07050,0.04336,0.02925,0.07022,0.00549,0.02836,0.04692,0.60551,0.00000,0.03277
33.00267,12,0.53557,0.00034,0.00084,0.00036,0.00042,0.09480,0.01817,0.02368,0.00310,0.06504,0.00028,0.00859,0.00741,0.73970,0.00007,0.03721,0.00000,0.00471,0.01382,0.01293,0.03615,0.07050,0.04336,0.02925,0.07022,0.00549,0.02836,0.04692,0.60552,0.00000,0.03277
33.02400,12,0.51362,0.00031,0.00253,0.00040,0.00040,0.08877,0.03423,0.01984,0.00243,0.26860,0.00033,0.00724,0.00522,0.54344,0.00006,0.02620,0.00000,0.00471,0.01382,0.01293,0.03615,0.07050,0.04336,0.02925,0.07022,0.00549,0.02836,0.04692,0.60553,0.00000,0.03277
33.04533,12,0.49513,0.00056,0.00459,0.00067,0.00065,0.08587,0.02919,0.03056,0.00342,0.29459,0.00106,0.01048,0.00395,0.51484,0.00005,0.01953,0.00000,0.00471,0.01382,0.01293,0.03615,0.07050,0.04336,0.02925,0.07022,0.00549,0.02836,0.04692,0.60553,0.00000,0.03277
33.06667,12,0.51047,0.00042,0.00443,0.00057,0.00047,0.06248,0.02133,0.02400,0.00240,0.29131,0.00084,0.01015,0.00284,0.56253,0.00004,0.01619,0.00000,0.00471,0.01382,0.01293,0.03615,0.07050,0.04336,0.02925,0.07022,0.00549,0.02836,0.04692,0.60553,0.00000,0.03277
33.08800,12,0.54452,0.00036,0.00360,0.00071,0.00068,0.05790,0.01504,0.01762,0.00172,0.20608,0.00084,0.01622,0.00303,0.63704,0.00005,0.03911,0.00000,0.00471,0.01382,0.01293,0.03615,0.07050,0.04336,0.02925,0.07022,0.00549,0.02836,0.04692,0.60553,0.00000,0.03277
33.10933,12,0.55842,0.00059,0.00277,0.00081,0.00142,0.09295,0.01069,0.01232,0.00120,0.14251,0.00074,0.02020,0.00377,0.67142,0.00005,0.03856,0.00000,0.00471,0.01382,0.01293,0.03615,0.07050,0.04336,0.02925,0.07022,0.00549,0.02836,0.04692,0.60553,0.00000,0.03277
33.13066,12,0.56356,0.00074,0.00197,0.00063,0.00103,0.07158,0.00788,0.00852,0.00086,0.09883,0.00052,0.01978,0.00503,0.75375,0.00004,0.02883,0.00000,0.00471,0.01382,0.01293,0.03615,0.07050,0.04336,0.02925,0.07022,0.00549,0.02836,0.04692,0.60553,0.00000,0.03277
33.15200,12,0.54651,0.00056,0.00192,0.00057,0.00073,0.09369,0.01052,0.00625,0.00076,0.07851,0.00041,0.01610,0.00870,0.75550,0.00004,0.02573,0.00000,0.00471,0.01382,0.01293,0.03615,0.07050,0.04336,0.02925,0.07022,0.00549,0.02836,0.04692,0.60553,0.00000,0.03277
33.17333,12,0.52001,0.00054,0.00190,0.00083,0.00061,0.19707,0.02528,0.01254,0.00097,0.06624,0.00033,0.01266,0.00670,0.65244,0.00004,0.02185,0.00000,0.00471,0.01382,0.01293,0.03615,0.07050,0.04336,0.02925,0.07022,0.00549,0.02836,0.04692,0.60553,0.00000,0.03277
33.19467,12,0.49792,0.00091,0.00376,0.00433,0.00215,0.29740,0.02063,0.03421,0.00299,0.06203,0.00061,0.01096,0.00473,0.53910,0.00003,0.01615,0.00000,0.00471,0.01382,0.01293,0.03615,0.07050,0.04336,0.02925,0.07022,0.00549,0.02836,0.04692,0.60553,0.00000,0.03277
33.21600,12,0.48346,0.00118,0.00465,0.00506,0.00237,0.24866,0.01508,0.04592,0.00641,0.06347,0.00090,0.01087,0.00339,0.57869,0.00003,0.01334,0.00000,0.00471,0.01382,0.01293,0.03615,0.07050,0.04336,0.02925,0.07022,0.00549,0.02836,0.04692,0.60553,0.00000,0.03277
33.23733,12,0.49923,0.00089,0.00366,0.00459,0.00182,0.18492,0.01263,0.03628,0.00458,0.04957,0.00084,0.01015,0.00266,0.67172,0.00003,0.01566,0.00000,0.00471,0.01382,0.01293,0.03615,0.07050,0.04336,0.02925,0.07022,0.00549,0.02836,0.04692,0.60553,0.00000,0.03277
33.25867,12,0.52954,0.00085,0.00288,0.00401,0.00178,0.13409,0.01322,0.02606,0.00326,0.03574,0.00097,0.03873,0.00546,0.70467,0.00009,0.02819,0.00000,0.00471,0.01382,0.01293,0.03615,0.07050,0.04336,0.02925,0.07022,0.00549,0.02836,0.04692,0.60553,0.00000,0.03277
33.28000,12,0.54838,0.00107,0.00210,0.00302,0.00142,0.09646,0.01690,0.01807,0.00228,0.02547,0.00080,0.04160,0.00568,0.75963,0.00010,0.02540,0.00000,0.00471,0.01382,0.01293,0.03615,0.07050,0.04336,0.02925,0.07022,0.00549,0.02836,0.04692,0.60553,0.00000,0.03277
33.30133,12,0.55245,0.00112,0.00160,0.00218,0.00104,0.06699,0.01386,0.01248,0.00161,0.01813,0.00058,0.03221,0.00496,0.82400,0.00007,0.01917,0.00000,0.00471,0.01382,0.01293,0.03615,0.07050,0.04336,0.02925,0.07022,0.00549,0.02836,0.04692,0.60553,0.00000,0.03277
33.32267,12,0.54702,0.00104,0.00155,0.00164,0.00075,0.04736,0.01690,0.00870,0.00126,0.01518,0.00044,0.02417,0.00628,0.85882,0.00006,0.01584,0.00000,0.00471,0.01382,0.01293,0.03615,0.07050,0.04336,0.02925,0.07022,0.00549,0.02836,0.04692,0.60553,0.00000,0.03277
33.34400,12,0.52687,0.00109,0.00128,0.00130,0.00061,0.08752,0.02938,0.01946,0.00321,0.03047,0.00036,0.01831,0.00546,0.78517,0.00008,0.01630,0.00000,0.00471,0.01382,0.01293,0.03615,0.07050,0.04336,0.02925,0.07022,0.00549,0.02836,0.04692,0.60553,0.00000,0.03277
33.36533,12,0.50996,0.00322,0.00154,0.00167,0.00144,0.15952,0.05017,0.05284,0.00600,0.10089,0.00038,0.01317,0.00395,0.59290,0.00006,0.01223,0.00000,0.00471,0.01382,0.01293,0.03615,0.07050,0.04336,0.02925,0.07022,0.00549,0.02836,0.04692,0.60553,0.00000,0.03277
33.38667,12,0.49973,0.00263,0.00180,0.00196,0.00123,0.24915,0.03672,0.05597,0.00603,0.12038,0.00057,0.01030,0.00289,0.50075,0.00005,0.00958,0.00000,0.00471,0.01382,0.01293,0.03615,0.07050,0.04336,0.02925,0.07022,0.00549,0.02836,0.04692,0.60553,0.00000,0.03277
33.40800,12,0.52941,0.00218,0.00249,0.00320,0.00225,0.23530,0.03101,0.04174,0.00429,0.08849,0.00049,0.01051,0.00255,0.56372,0.00004,0.01175,0.00000,0.00471,0.01382,0.01293,0.03615,0.07050,0.04336,0.02925,0.07022,0.00549,0.02836,0.04692,0.60553,0.00000,0.03277
33.42933,12,0.55678,0.00176,0.00177,0.00236,0.00173,0.16665,0.02416,0.02889,0.00297,0.06168,0.00040,0.04423,0.00382,0.64468,0.00003,0.01488,0.00000,0.00471,0.01382,0.01293,0.03615,0.07050,0.04336,0.02925,0.07022,0.00549,0.02836,0.04692,0.60553,0.00000,0.03277
33.45066,12,0.55553,0.00158,0.00130,0.00178,0.00126,0.11732,0.01826,0.02002,0.00208,0.04293,0.00038,0.04331,0.00404,0.72965,0.00003,0.01607,0.00000,0.00471,0.01382,0.01293,0.03615,0.07050,0.04336,0.02925,0.07022,0.00549,0.02836,0.04692,0.60553,0.00000,0.03277
33.47200,12,0.54140,0.00124,0.00095,0.00132,0.00090,0.08158,0.01608,0.01390,0.00151,0.02992,0.00036,0.03942,0.00505,0.79131,0.00003,0.01641,0.00000,0.00471,0.01382,0.01293,0.03615,0.07050,0.04336,0.02925,0.07022,0.00549,0.02836,0.04692,0.60553,0.00000,0.03277
33.49333,12,0.51590,0.00102,0.00071,0.00102,0.00066,0.11624,0.02711,0.01674,0.01074,0.02522,0.00035,0.03066,0.00581,0.70873,0.00004,0.05496,0.00000,0.00471,0.01382,0.01293,0.03615,0.07050,0.04336,0.02925,0.07022,0.00549,0.02836,0.04692,0.60553,0.00000,0.03277
33.51467,12,0.48691,0.00110,0.00249,0.00191,0.00140,0.14633,0.18230,0.03023,0.00786,0.06697,0.00070,0.02244,0.00404,0.49406,0.00003,0.03812,0.00000,0.00471,0.01382,0.01293,0.03615,0.07050,0.04336,0.02925,0.07022,0.00549,0.02836,0.04692,0.60553,0.00000,0.03277
33.53600,12,0.45711,0.00360,0.00925,0.07925,0.00391,0.17590,0.16616,0.05668,0.02796,0.07405,0.00309,0.01586,0.00282,0.35438,0.00003,0.02706,0.00000,0.00471,0.01382,0.01293,0.03615,0.07050,0.04336,0.02925,0.07022,0.00549,0.02836,0.04692,0.60553,0.00000,0.03277
33.55733,12,0.51445,0.00278,0.03244,0.07395,0.01163,0.16277,0.14978,0.05252,0.01997,0.07122,0.01447,0.08535,0.00233,0.27449,0.00269,0.04361,0.00000,0.00471,0.01382,0.01293,0.03615,0.07050,0.04336,0.02925,0.07022,0.00549,0.02836,0.04692,0.60553,0.00000,0.03277
33.57867,14,0.56099,0.00200,0.02357,0.05136,0.00805,0.11441,0.10874,0.03834,0.01380,0.05544,0.01214,0.06483,0.00165,0.19070,0.07391,0.24105,0.00000,0.00471,0.01382,0.01293,0.03615,0.07050,0.04336,0.02925,0.07022,0.00549,0.02836,0.04692,0.60553,0.00000,0.03277
33.60000,13,0.59056,0.00139,0.01642,0.03558,0.00555,0.07938,0.07515,0.02647,0.00952,0.07196,0.00859,0.05489,0.00115,0.13204,0.28744,0.19448,0.00000,0.00471,0.01382,0.01293,0.03615,0.07050,0.04336,0.02925,0.07022,0.00549,0.02836,0.04692,0.60553,0.00000,0.03277
33.62133,13,0.59017,0.00097,0.01136,0.02458,0.00383,0.05486,0.05211,0.01827,0.00657,0.06806,0.01125,0.03953,0.00080,0.09120,0.45185,0.16475,0.00047,0.01538,0.01138,0.01979,0.02966,0.05761,0.04062,0.02365,0.06959,0.01452,0.03492,0.04306,0.47728,0.00560,0.15648
33.64267,13,0.58067,0.00069,0.00788,0.01697,0.00274,0.03881,0.03659,0.01262,0.00456,0.13307,0.06984,0.04395,0.00407,0.06781,0.42716,0.13325,0.00791,0.03024,0.00839,0.02283,0.02232,0.03992,0.02947,0.01214,0.07116,0.03773,0.05496,0.02896,0.23479,0.13996,0.25921
33.66400,13,0.56585,0.00050,0.00561,0.01175,0.00264,0.19921,0.02869,0.00938,0.00481,0.19151,0.06295,0.03307,0.00324,0.04744,0.30534,0.09386,0.02054,0.03108,0.00895,0.01127,0.02495,0.03939,0.01566,0.00484,0.07565,0.05813,0.07569,0.01252,0.10638,0.37485,0.14010
33.68533,8,0.56162,0.00035,0.00678,0.00837,0.00292,0.21956,0.02220,0.00697,0.00338,0.34399,0.04978,0.02378,0.00253,0.03330,0.21093,0.06516,0.02682,0.03045,0.00947,0.00480,0.02691,0.04040,0.00900,0.00173,0.07797,0.06747,0.08544,0.00466,0.05463,0.49215,0.06810
33.70667,8,0.55653,0.00030,0.00832,0.00679,0.00278,0.17579,0.02318,0.00502,0.00244,0.33650,0.18811,0.02477,0.00223,0.02851,0.14557,0.04968,0.02930,0.03005,0.00971,0.00214,0.02778,0.04099,0.00641,0.00058,0.07889,0.07103,0.08919,0.00160,0.03603,0.53843,0.03786
33.72800,8,0.61042,0.00035,0.01050,0.00760,0.00603,0.13817,0.01828,0.00372,0.00222,0.36039,0.21128,0.03831,0.00248,0.03683,0.10140,0.06243,0.02529,0.03842,0.01120,0.01157,0.02389,0.05156,0.00369,0.01122,0.30312,0.04366,0.08786,0.01251,0.03866,0.29517,0.04219
33.74933,8,0.64702,0.00037,0.00795,0.00547,0.00428,0.09714,0.01303,0.00260,0.00153,0.25786,0.16357,0.04929,0.00176,0.02683,0.23076,0.13756,0.02229,0.04411,0.01216,0.01825,0.02117,0.05860,0.00216,0.01852,0.45402,0.02479,0.08651,0.02023,0.04263,0.12577,0.04879
33.77067,14,0.65548,0.00028,0.00575,0.00380,0.00297,0.06717,0.00954,0.00180,0.00106,0.18350,0.12254,0.04238,0.00136,0.02242,0.19948,0.33595,0.02096,0.04658,0.01258,0.02117,0.01998,0.06164,0.00154,0.02169,0.51927,0.01659,0.08588,0.02361,0.04458,0.05189,0.05205
33.79200,14,0.65539,0.00021,0.00427,0.00272,0.00210,0.04648,0.00744,0.00125,0.00076,0.12823,0.08814,0.03321,0.00118,0.01999,0.15505,0.50897,0.02046,0.04750,0.01273,0.02226,0.01953,0.06276,0.00131,0.02288,0.54354,0.01353,0.08564,0.02487,0.04535,0.02432,0.05333
33.81333,14,0.64564,0.00027,0.00357,0.00312,0.00189,0.04202,0.00860,0.00219,0.00110,0.10835,0.10998,0.02708,0.00217,0.02027,0.14656,0.52282,0.01175,0.04926,0.00828,0.03200,0.01406,0.04021,0.01545,0.01456,0.32243,0.02786,0.07209,0.02748,0.04694,0.02142,0.29621
33.83467,14,0.63131,0.00025,0.00355,0.00382,0.00240,0.16619,0.00924,0.00181,0.00092,0.16128,0.14718,0.01931,0.00155,0.01430,0.10122,0.36698,0.00594,0.05034,0.00526,0.03843,0.01042,0.02489,0.02500,0.00882,0.17057,0.03788,0.06299,0.02909,0.04793,0.02274,0.45970
33.85600,14,0.62413,0.00021,0.00389,0.00560,0.00551,0.20849,0.00906,0.00153,0.00115,0.17009,0.24382,0.01502,0.00115,0.01028,0.06986,0.25434,0.00440,0.05062,0.00445,0.04014,0.00945,0.02080,0.02755,0.00728,0.12998,0.04057,0.06056,0.02950,0.04818,0.02329,0.50321
33.87733,14,0.62739,0.00047,0.00352,0.00412,0.00510,0.16826,0.00733,0.00123,0.00092,0.13672,0.19134,0.17335,0.00269,0.03949,0.05192,0.21355,0.00285,0.05090,0.00364,0.04184,0.00849,0.01669,0.03010,0.00574,0.08919,0.04328,0.05814,0.02992,0.04844,0.02392,0.54685
33.89867,10,0.63048,0.00040,0.00283,0.00309,0.00404,0.12126,0.00536,0.00086,0.00069,0.13626,0.13668,0.26053,0.00302,0.07034,0.04123,0.21342,0.00230,0.05100,0.00336,0.04245,0.00814,0.01523,0.03101,0.00519,0.07465,0.04425,0.05727,0.03007,0.04853,0.02417,0.56238
33.92000,14,0.62476,0.00031,0.00251,0.00233,0.00306,0.08509,0.00420,0.00060,0.00052,0.13813,0.09569,0.21673,0.00270,0.05796,0.03905,0.35114,0.00212,0.05103,0.00326,0.04265,0.00803,0.01474,0.03132,0.00500,0.06977,0.04457,0.05698,0.03012,0.04856,0.02426,0.56759
33.94133,14,0.61359,0.00023,0.00196,0.00206,0.00218,0.05898,0.00321,0.00042,0.00039,0.10008,0.06634,0.15173,0.00196,0.04077,0.03181,0.53789,0.00110,0.04144,0.01201,0.02263,0.02030,0.02002,0.03895,0.01582,0.07963,0.03358,0.30862,0.03823,0.03387,0.03046,0.30333
33.96267,14,0.58601,0.00028,0.00201,0.00499,0.00264,0.07010,0.00260,0.00266,0.00309,0.09288,0.05082,0.11502,0.00195,0.03395,0.03446,0.58254,0.00140,0.04458,0.00914,0.02921,0.01627,0.01820,0.03652,0.01225,0.07540,0.03724,0.22642,0.03559,0.03867,0.02846,0.39066
33.98400,14,0.57573,0.00045,0.00414,0.00374,0.00211,0.07371,0.00649,0.00229,0.00217,0.32395,0.03715,0.08010,0.00141,0.02388,0.02388,0.41452,0.00176,0.04825,0.00578,0.03689,0.01156,0.01610,0.03365,0.00809,0.07088,0.04149,0.13019,0.03250,0.04429,0.02610,0.49249
34.00533,8,0.56296,0.00090,0.02813,0.00390,0.00209,0.06750,0.00752,0.00203,0.00154,0.41291,0.09096,0.05829,0.00105,0.01731,0.01649,0.28938,0.00193,0.05001,0.00417,0.04057,0.00931,0.01510,0.03227,0.00609,0.06874,0.04352,0.08412,0.03102,0.04698,0.02497,0.54120
34.02666,8,0.56886,0.00126,0.11260,0.00347,0.00183,0.04870,0.00575,0.00143,0.00110,0.38582,0.16284,0.04246,0.00106,0.01929,0.01140,0.20099,0.00200,0.05069,0.00354,0.04200,0.00843,0.01472,0.03174,0.00532,0.06791,0.04431,0.06624,0.03044,0.04802,0.02454,0.56010
34.04800,14,0.58697,0.00134,0.07847,0.00256,0.00145,0.03439,0.00480,0.00106,0.00077,0.26837,0.11736,0.03414,0.00076,0.01638,0.02715,0.41100,0.01056,0.04948,0.00783,0.03314,0.01345,0.03752,0.01733,0.01377,0.29708,0.02920,0.07340,0.02807,0.04707,0.01777,0.32434
34.06933,14,0.60931,0.00094,0.05418,0.00177,0.00101,0.02377,0.00343,0.00073,0.00053,0.18671,0.08131,0.02422,0.00056,0.01274,0.02091,0.58720,0.01631,0.04859,0.01079,0.02700,0.01693,0.05293,0.00769,0.01955,0.45159,0.01892,0.08037,0.02653,0.04630,0.01326,0.16322
34.09067,14,0.62235,0.00066,0.03742,0.00124,0.00071,0.01643,0.00241,0.00050,0.00037,0.12980,0.05639,0.01744,0.00040,0.00902,0.01647,0.71076,0.01027,0.04964,0.00758,0.03369,0.01313,0.03666,0.01775,0.01335,0.28896,0.02986,0.07015,0.02805,0.04728,0.01793,0.33572
34.11200,14,0.61228,0.00046,0.02584,0.00088,0.00056,0.01186,0.00171,0.00036,0.00026,0.09042,0.03897,0.01234,0.00034,0.00632,0.01240,0.79729,0.00545,0.05047,0.00502,0.03900,0.01011,0.02368,0.02578,0.00841,0.15922,0.03857,0.06233,0.02927,0.04804,0.02166,0.47301
34.13333,14,0.60610,0.00047,0.01806,0.00173,0.00206,0.08748,0.00145,0.00072,0.00039,0.09378,0.02738,0.00974,0.00068,0.00502,0.00953,0.74152,0.00412,0.05069,0.00432,0.04046,0.00927,0.02011,0.02799,0.00704,0.12347,0.04097,0.06019,0.02961,0.04825,0.02269,0.51082
34.15467,14,0.60004,0.00041,0.02920,0.00245,0.00521,0.07976,0.00149,0.00100,0.00053,0.29257,0.02309,0.00814,0.00065,0.00403,0.00664,0.54485,0.00276,0.05092,0.00360,0.04195,0.00843,0.01647,0.03024,0.00566,0.08710,0.04341,0.05802,0.02995,0.04846,0.02374,0.54928
34.17600,14,0.59641,0.00084,0.05795,0.00411,0.01098,0.06347,0.00168,0.00096,0.00078,0.38299,0.04055,0.01207,0.00086,0.00720,0.00486,0.41070,0.00228,0.05101,0.00334,0.04248,0.00812,0.01516,0.03105,0.00516,0.07400,0.04429,0.05724,0.03008,0.04853,0.02412,0.56314
34.19733,14,0.65169,0.00145,0.04998,0.00488,0.00911,0.04452,0.00314,0.00074,0.00063,0.31527,0.03596,0.03066,0.00078,0.01102,0.03855,0.45330,0.00211,0.05104,0.00326,0.04266,0.00802,0.01472,0.03133,0.00499,0.06957,0.04458,0.05697,0.03012,0.04856,0.02425,0.56782
34.21867,14,0.66061,0.00105,0.03459,0.00341,0.00634,0.03091,0.00240,0.00051,0.00045,0.22058,0.02577,0.02971,0.00070,0.01047,0.02952,0.60359,0.00206,0.05105,0.00323,0.04272,0.00799,0.01458,0.03142,0.00494,0.06813,0.04468,0.05689,0.03013,0.04857,0.02429,0.56934
34.24000,14,0.65478,0.00073,0.02390,0.00240,0.00438,0.02138,0.00168,0.00036,0.00031,0.15258,0.01789,0.02160,0.00051,0.00740,0.02189,0.72301,0.00204,0.05105,0.00322,0.04274,0.00798,0.01453,0.03145,0.00492,0.06768,0.04471,0.05686,0.03014,0.04857,0.02430,0.56982
34.26133,14,0.64440,0.00051,0.01651,0.00167,0.00303,0.01481,0.00118,0.00025,0.00021,0.10538,0.01237,0.01499,0.00036,0.00514,0.01541,0.80818,0.00204,0.05105,0.00322,0.04274,0.00797,0.01452,0.03146,0.00492,0.06754,0.04472,0.05685,0.03014,0.04857,0.02430,0.56997
34.28267,14,0.62845,0.00036,0.01195,0.00146,0.00222,0.01132,0.00099,0.00034,0.00022,0.09295,0.00887,0.01081,0.00048,0.00406,0.01091,0.84306,0.00203,0.05105,0.00322,0.04275,0.00797,0.01451,0.03146,0.00491,0.06750,0.04472,0.05685,0.03014,0.04857,0.02431,0.57001
34.30400,14,0.60976,0.00062,0.01400,0.00784,0.00430,0.06141,0.00098,0.00448,0.00076,0.15239,0.00807,0.00785,0.00048,0.00340,0.00767,0.72573,0.00203,0.05105,0.00322,0.04275,0.00797,0.01451,0.03146,0.00491,0.06748,0.04472,0.05685,0.03014,0.04857,0.02431,0.57002
34.32533,14,0.59697,0.00096,0.02966,0.01439,0.00904,0.05264,0.00161,0.00370,0.00120,0.24782,0.01789,0.00595,0.00040,0.00603,0.00533,0.60339,0.00203,0.05105,0.00322,0.04275,0.00797,0.01451,0.03146,0.00491,0.06748,0.04472,0.05685,0.03014,0.04857,0.02431,0.57003
34.34666,14,0.62849,0.00114,0.02398,0.01099,0.02383,0.04896,0.00256,0.00266,0.00112,0.36418,0.01467,0.03731,0.00086,0.03425,0.00422,0.42926,0.00203,0.05105,0.00322,0.04275,0.00797,0.01451,0.03146,0.00491,0.06748,0.04472,0.05685,0.03014,0.04857,0.02431,0.57003
34.36800,14,0.65203,0.00135,0.01729,0.00774,0.01715,0.03676,0.00349,0.00191,0.00080,0.27656,0.01246,0.08036,0.00088,0.03835,0.02809,0.47681,0.00203,0.05105,0.00322,0.04275,0.00797,0.01451,0.03146,0.00491,0.06748,0.04472,0.05685,0.03014,0.04857,0.02431,0.57003
34.38933,14,0.65677,0.00099,0.01209,0.00542,0.01185,0.02602,0.00253,0.00132,0.00055,0.20215,0.00928,0.06926,0.00064,0.02755,0.05635,0.57398,0.00203,0.05105,0.00322,0.04275,0.00797,0.01451,0.03146,0.00491,0.06748,0.04472,0.05685,0.03014,0.04857,0.02431,0.57003
34.41067,14,0.66122,0.00071,0.00863,0.00396,0.00820,0.01807,0.00186,0.00091,0.00038,0.14853,0.00768,0.05189,0.00046,0.01956,0.06740,0.66177,0.00203,0.05105,0.00322,0.04275,0.00797,0.01451,0.03146,0.00491,0.06748,0.04472,0.05685,0.03014,0.04857,0.02431,0.57003
34.43200,14,0.67106,0.00051,0.00712,0.00334,0.00569,0.01269,0.00180,0.00063,0.00027,0.10945,0.00584,0.03737,0.00035,0.01416,0.05137,0.74939,0.00203,0.05105,0.00322,0.04275,0.00797,0.01451,0.03146,0.00491,0.06748,0.04472,0.05685,0.03014,0.04857,0.02431,0.57003
34.45333,14,0.64729,0.00106,0.01976,0.02701,0.00426,0.01385,0.00172,0.00058,0.00028,0.08548,0.00977,0.03429,0.00063,0.01225,0.03784,0.75122,0.00203,0.05105,0.00322,0.04275,0.00797,0.01451,0.03146,0.00491,0.06748,0.04472,0.05685,0.03014,0.04857,0.02431,0.57003
34.47467,14,0.62896,0.00082,0.07484,0.06479,0.00374,0.02139,0.00158,0.00062,0.00027,0.11488,0.12141,0.02416,0.00050,0.00897,0.02615,0.53588,0.00203,0.05105,0.00322,0.04275,0.00797,0.01451,0.03146,0.00491,0.06748,0.04472,0.05685,0.03014,0.04857,0.02431,0.57003
34.49600,14,0.61067,0.00115,0.06855,0.05970,0.00381,0.02986,0.00355,0.00066,0.00027,0.09951,0.31557,0.01704,0.00036,0.00635,0.01807,0.37554,0.00203,0.05105,0.00322,0.04275,0.00797,0.01451,0.03146,0.00491,0.06748,0.04472,0.05685,0.03014,0.04857,0.02431,0.57003
34.51733,9,0.59780,0.00127,0.05235,0.04821,0.00294,0.02164,0.00287,0.00047,0.00021,0.07232,0.50373,0.01201,0.00027,0.00446,0.01250,0.26476,0.00203,0.05105,0.00322,0.04275,0.00797,0.01451,0.03146,0.00491,0.06748,0.04472,0.05685,0.03014,0.04857,0.02431,0.57003
34.53867,9,0.59732,0.00186,0.03754,0.03407,0.00230,0.01531,0.00231,0.00035,0.00017,0.06034,0.58287,0.01894,0.00031,0.01225,0.00954,0.22184,0.00203,0.05105,0.00322,0.04275,0.00797,0.01451,0.03146,0.00491,0.06748,0.04472,0.05685,0.03014,0.04857,0.02431,0.57003
34.56000,14,0.59583,0.00137,0.02622,0.02359,0.00160,0.01058,0.00173,0.00024,0.00012,0.04384,0.40908,0.01493,0.00024,0.00941,0.00958,0.44746,0.00800,0.03475,0.00553,0.02753,0.01897,0.02613,0.02351,0.00304,0.03794,0.33586,0.04947,0.03257,0.05964,0.02499,0.31209
34.58133,14,0.59567,0.00097,0.01829,0.01634,0.00111,0.00732,0.00122,0.00017,0.00009,0.03094,0.28394,0.01076,0.00018,0.00657,0.00973,0.61240,0.01202,0.02376,0.00709,0.01727,0.02638,0.03395,0.01815,0.00178,0.01804,0.53202,0.04450,0.03420,0.06710,0.02544,0.13830
34.60266,14,0.59033,0.00068,0.01276,0.01133,0.00077,0.00505,0.00085,0.00012,0.00006,0.02172,0.19717,0.00757,0.00013,0.00455,0.00754,0.72971,0.00779,0.03532,0.00545,0.02806,0.01858,0.02572,0.02379,0.00311,0.03897,0.32570,0.04973,0.03248,0.05925,0.02496,0.32109
34.62400,14,0.56930,0.00064,0.01085,0.01467,0.00087,0.00363,0.00109,0.00008,0.00005,0.01535,0.13610,0.00868,0.00019,0.00338,0.00571,0.79870,0.00442,0.04453,0.00414,0.03666,0.01237,0.01915,0.02828,0.00417,0.05567,0.16108,0.05390,0.03111,0.05300,0.02458,0.46694
34.64533,14,0.55140,0.00118,0.03024,0.07431,0.00246,0.00312,0.00334,0.00006,0.00010,0.01427,0.09504,0.00914,0.00026,0.00264,0.00437,0.75946,0.00290,0.04868,0.00355,0.04053,0.00957,0.01620,0.03030,0.00464,0.06318,0.08712,0.05577,0.03049,0.05018,0.02440,0.53247
34.66667,14,0.53457,0.00463,0.03377,0.08608,0.00361,0.00300,0.00551,0.00006,0.00013,0.01854,0.07423,0.00667,0.00021,0.00237,0.00334,0.75785,0.00254,0.04966,0.00341,0.04145,0.00891,0.01550,0.03078,0.00475,0.06495,0.06962,0.05622,0.03035,0.04952,0.02436,0.54797
34.68800,14,0.52735,0.00599,0.09177,0.16705,0.00425,0.00280,0.00504,0.00006,0.00017,0.06426,0.08210,0.00529,0.00028,0.00245,0.00240,0.56609,0.00220,0.05059,0.00328,0.04231,0.00829,0.01484,0.03123,0.00486,0.06664,0.05300,0.05664,0.03021,0.04889,0.02433,0.56270
34.70933,14,0.53043,0.00660,0.07582,0.16851,0.00386,0.00315,0.00460,0.00008,0.00018,0.18850,0.05960,0.01287,0.00026,0.00221,0.00216,0.47160,0.00209,0.05090,0.00324,0.04261,0.00807,0.01462,0.03139,0.00490,0.06721,0.04738,0.05678,0.03016,0.04867,0.02431,0.56768
34.73067,14,0.53058,0.00483,0.05259,0.11664,0.00272,0.00231,0.00343,0.00006,0.00012,0.14626,0.04146,0.01383,0.00020,0.00175,0.00235,0.61145,0.00205,0.05100,0.00322,0.04270,0.00800,0.01455,0.03144,0.00491,0.06739,0.04555,0.05683,0.03015,0.04860,0.02431,0.56929
34.75200,14,0.52620,0.00359,0.03662,0.08099,0.00192,0.00163,0.00251,0.00004,0.00009,0.10952,0.02894,0.01001,0.00014,0.00130,0.00291,0.71979,0.00204,0.05103,0.00322,0.04273,0.00798,0.01452,0.03145,0.00491,0.06745,0.04498,0.05684,0.03014,0.04858,0.02431,0.56980
34.77333,14,0.51616,0.00274,0.02607,0.05678,0.00157,0.00118,0.00190,0.00003,0.00007,0.09466,0.02058,0.00720,0.00013,0.00100,0.00264,0.78345,0.00203,0.05104,0.00322,0.04274,0.00798,0.01452,0.03146,0.00491,0.06747,0.04480,0.05685,0.03014,0.04857,0.02431,0.56996
34.79467,14,0.50312,0.00344,0.03696,0.06496,0.01675,0.00570,0.00701,0.00008,0.00016,0.08818,0.01435,0.01207,0.00039,0.00194,0.00260,0.74541,0.00203,0.05105,0.00322,0.04275,0.00797,0.01451,0.03146,0.00491,0.06748,0.04475,0.05685,0.03014,0.04857,0.02431,0.57001
34.81600,14,0.49431,0.00817,0.15776,0.06028,0.02123,0.01435,0.00908,0.00020,0.00100,0.11425,0.01043,0.00947,0.00049,0.00176,0.00197,0.58957,0.00203,0.05105,0.00322,0.04275,0.00797,0.01451,0.03146,0.00491,0.06748,0.04473,0.05685,0.03014,0.04857,0.02431,0.57002
34.83733,14,0.48834,0.01127,0.20643,0.08531,0.10434,0.01661,0.00753,0.00022,0.00137,0.13400,0.00984,0.00712,0.00049,0.00377,0.00138,0.41034,0.00203,0.05105,0.00322,0.04275,0.00797,0.01451,0.03146,0.00491,0.06748,0.04472,0.05685,0.03014,0.04857,0.02431,0.57003
34.85867,14,0.49267,0.01786,0.15686,0.06969,0.11211,0.02107,0.00599,0.00033,0.00156,0.26723,0.01065,0.01941,0.00130,0.00755,0.00111,0.30728,0.00203,0.05105,0.00322,0.04275,0.00797,0.01451,0.03146,0.00491,0.06748,0.04472,0.05685,0.03014,0.04857,0.02431,0.57003
34.88000,8,0.49508,0.01361,0.10972,0.04852,0.08024,0.01749,0.00467,0.00025,0.00111,0.40572,0.00823,0.03235,0.00115,0.01158,0.00219,0.26316,0.00203,0.05105,0.00322,0.04275,0.00797,0.01451,0.03146,0.00491,0.06748,0.04472,0.05685,0.03014,0.04857,0.02431,0.57003
34.90133,8,0.49413,0.00999,0.07685,0.03400,0.05704,0.01265,0.00364,0.00018,0.00087,0.48205,0.00628,0.02812,0.00100,0.01046,0.00364,0.27322,0.00203,0.05105,0.00322,0.04275,0.00797,0.01451,0.03146,0.00491,0.06748,0.04472,0.05685,0.03014,0.04857,0.02431,0.57003
34.92266,8,0.49551,0.00708,0.05372,0.02390,0.04035,0.00897,0.00288,0.00014,0.00063,0.46126,0.00558,0.02209,0.00089,0.00822,0.00358,0.36070,0.00622,0.05034,0.00542,0.03816,0.01058,0.02575,0.02449,0.00919,0.17992,0.03718,0.06345,0.02908,0.04792,0.02107,0.45124
34.94400,8,0.49224,0.00562,0.05172,0.03873,0.02986,0.02095,0.00263,0.00047,0.00077,0.39157,0.00420,0.04432,0.00180,0.01459,0.00398,0.38880,0.01396,0.04902,0.00952,0.02966,0.01541,0.04657,0.01159,0.01710,0.38820,0.02322,0.07567,0.02710,0.04672,0.01506,0.23118
34.96533,8,0.50478,0.00402,0.09127,0.02803,0.02121,0.01804,0.00197,0.00034,0.00056,0.49424,0.00300,0.03224,0.00161,0.01122,0.00285,0.28941,0.01785,0.04837,0.01157,0.02540,0.01784,0.05702,0.00511,0.02108,0.49268,0.01621,0.08180,0.02611,0.04612,0.01205,0.12080
34.98667,8,0.51211,0.00312,0.15555,0.02019,0.01762,0.01352,0.00168,0.00024,0.00039,0.54155,0.00431,0.02298,0.00130,0.00851,0.00199,0.20705,0.01938,0.04810,0.01238,0.02372,0.01880,0.06115,0.00256,0.02265,0.53397,0.01344,0.08422,0.02572,0.04588,0.01086,0.07717
35.00800,8,0.54928,0.00248,0.12551,0.01616,0.02699,0.00987,0.00153,0.00017,0.00031,0.60929,0.00785,0.02330,0.00144,0.01186,0.00144,0.16179,0.01993,0.04801,0.01267,0.02312,0.01914,0.06261,0.00165,0.02320,0.54866,0.01245,0.08509,0.02558,0.04579,0.01044,0.06165
35.02933,8,0.57950,0.00230,0.09233,0.01150,0.01978,0.00690,0.00192,0.00013,0.00024,0.46061,0.00857,0.15323,0.00240,0.02549,0.04858,0.16601,0.02011,0.04798,0.01276,0.02291,0.01925,0.06311,0.00134,0.02339,0.55359,0.01212,0.08538,0.02554,0.04577,0.01030,0.05645
35.05067,8,0.58278,0.00181,0.06537,0.00838,0.01402,0.00494,0.00184,0.00009,0.00019,0.34233,0.00736,0.17816,0.00245,0.02376,0.10185,0.24745,0.02017,0.04797,0.01280,0.02285,0.01929,0.06327,0.00124,0.02345,0.55518,0.01202,0.08547,0.02552,0.04576,0.01025,0.05477
35.07200,14,0.58202,0.00143,0.04599,0.00630,0.00987,0.00384,0.00155,0.00007,0.00014,0.24234,0.00610,0.13469,0.00216,0.01762,0.08267,0.44522,0.02019,0.04797,0.01281,0.02283,0.01930,0.06332,0.00121,0.02347,0.55568,0.01198,0.08550,0.02552,0.04575,0.01024,0.05424
35.09333,14,0.57804,0.00115,0.03374,0.02156,0.00693,0.00325,0.00136,0.00006,0.00011,0.17760,0.00470,0.10595,0.00193,0.01287,0.06261,0.56616,0.02020,0.04797,0.01281,0.02282,0.01930,0.06333,0.00120,0.02348,0.55584,0.01197,0.08551,0.02551,0.04575,0.01023,0.05407
35.11467,14,0.55985,0.00099,0.18831,0.02097,0.00530,0.00403,0.00182,0.00006,0.00013,0.24138,0.00337,0.07362,0.00137,0.00897,0.04341,0.40626,0.01167,0.04941,0.00830,0.03218,0.01398,0.04040,0.01541,0.01476,0.32645,0.02736,0.07205,0.02769,0.04708,0.01684,0.29642
35.13600,1,0.51693,0.00269,0.31744,0.03949,0.00497,0.01118,0.00283,0.00020,0.00111,0.24058,0.00245,0.05086,0.00096,0.00628,0.03007,0.28888,0.00592,0.05039,0.00527,0.03849,0.01040,0.02495,0.02499,0.00888,0.17188,0.03772,0.06298,0.02915,0.04797,0.02130,0.45973
35.15733,1,0.42792,0.01179,0.34627,0.02834,0.01044,0.11241,0.01422,0.00064,0.00126,0.18735,0.00171,0.03517,0.00068,0.00472,0.02084,0.22416,0.00343,0.05081,0.00395,0.04122,0.00884,0.01826,0.02913,0.00634,0.10501,0.04221,0.05905,0.02978,0.04835,0.02322,0.53038
35.17867,1,0.35924,0.01026,0.39242,0.02910,0.02815,0.15833,0.03936,0.00085,0.00237,0.13914,0.00119,0.02429,0.00049,0.00340,0.01442,0.15622,0.00184,0.28525,0.02357,0.04180,0.01852,0.02065,0.01589,0.01286,0.07919,0.04350,0.06378,0.02305,0.03420,0.02998,0.30590
35.20000,1,0.30881,0.00793,0.49079,0.06301,0.02626,0.11967,0.05008,0.00080,0.00207,0.10015,0.00108,0.01680,0.00036,0.00252,0.00996,0.10852,0.00138,0.37851,0.03146,0.04185,0.02247,0.02205,0.01035,0.01563,0.07338,0.04372,0.06592,0.02032,0.02854,0.03255,0.21187
35.22133,1,0.27669,0.00918,0.37987,0.13678,0.03014,0.10043,0.07455,0.00570,0.00663,0.14299,0.00982,0.01195,0.00038,0.00218,0.00692,0.08248,0.00089,0.48519,0.04052,0.04185,0.02702,0.02378,0.00393,0.01884,0.06802,0.04388,0.06845,0.01720,0.02206,0.03544,0.10293
35.24267,8,0.25377,0.04782,0.26535,0.09649,0.02176,0.07063,0.05619,0.00451,0.00706,0.31085,0.00999,0.00975,0.00050,0.00415,0.00510,0.08984,0.00071,0.52734,0.04410,0.04184,0.02883,0.02449,0.00137,0.02013,0.06625,0.04392,0.06947,0.01596,0.01950,0.03657,0.05951
35.26400,8,0.24351,0.23271,0.18711,0.07066,0.01854,0.05122,0.05223,0.00436,0.00720,0.24470,0.01683,0.01368,0.00910,0.00536,0.00489,0.08143,0.00065,0.54235,0.04538,0.04183,0.02948,0.02476,0.00045,0.02058,0.06569,0.04393,0.06984,0.01552,0.01859,0.03697,0.04399
35.28533,0,0.23125,0.34603,0.13192,0.05285,0.01864,0.03755,0.05741,0.00443,0.00800,0.17530,0.02011,0.02264,0.02502,0.00782,0.01049,0.08178,0.00983,0.31168,0.03021,0.03290,0.02477,0.04291,0.00071,0.02199,0.29591,0.02892,0.07724,0.02017,0.03125,0.02445,0.04708
35.30667,0,0.22294,0.43708,0.09435,0.03896,0.02133,0.02862,0.05301,0.00517,0.00800,0.12411,0.01643,0.02362,0.04839,0.01207,0.01012,0.07872,0.01602,0.15447,0.01984,0.02688,0.02152,0.05511,0.00099,0.02289,0.45110,0.01880,0.08218,0.02335,0.03990,0.01597,0.05099
35.32800,0,0.21647,1.00000,0.00000,0.00000,0.00000,0.00000,0.00000,0.00000,0.00000,0.00000,0.00000,0.00000,0.00000,0.00000,0.00000,0.00000,0.01802,0.10350,0.01648,0.02493,0.02046,0.05906,0.00108,0.02317,0.50136,0.01552,0.08378,0.02439,0.04270,0.01322,0.05232
35.34933,0,0.20821,1.00000,0.00000,0.00000,0.00000,0.00000,0.00000,0.00000,0.00000,0.00000,0.00000,0.00000,0.00000,0.00000,0.00000,0.00000,0.01857,0.08972,0.01557,0.02441,0.02017,0.06012,0.00111,0.02325,0.51495,0.01464,0.08421,0.02467,0.04346,0.01248,0.05268
35.37067,0,0.20344,1.00000,0.00000,0.00000,0.00000,0.00000,0.00000,0.00000,0.00000,0.00000,0.00000,0.00000,0.00000,0.00000,0.00000,0.00000,0.01871,0.08599,0.01532,0.02427,0.02010,0.06041,0.00111,0.02327,0.51863,0.01440,0.08433,0.02474,0.04366,0.01227,0.05278
35.39200,0,0.19696,1.00000,0.00000,0.00000,0.00000,0.00000,0.00000,0.00000,0.00000,0.00000,0.00000,0.00000,0.00000,0.00000,0.00000,0.00000,0.01875,0.08498,0.01526,0.02423,0.02008,0.06049,0.00112,0.02328,0.51963,0.01433,0.08436,0.02476,0.04372,0.01222,0.05281
35.41333,0,0.18712,0.42022,0.04484,0.03516,0.02464,0.01240,0.04758,0.00543,0.01005,0.02836,0.02758,0.11268,0.05081,0.01076,0.04537,0.12413,0.01876,0.08470,0.01524,0.02422,0.02007,0.06051,0.00112,0.02328,0.51990,0.01432,0.08437,0.02477,0.04373,0.01221,0.05281
35.43467,0,0.17371,0.29201,0.04899,0.03529,0.02039,0.00927,0.03629,0.00391,0.00782,0.02270,0.03878,0.09491,0.03772,0.00781,0.05851,0.28560,0.08908,0.07849,0.01416,0.02374,0.01861,0.05706,0.00151,0.02190,0.47727,0.01314,0.07754,0.02558,0.04173,0.01120,0.04899
35.45600,14,0.15749,0.20215,0.05283,0.03727,0.01621,0.00771,0.02956,0.00307,0.00638,0.01687,0.04275,0.06991,0.02703,0.00552,0.05349,0.42924,0.18841,0.06982,0.01263,0.02308,0.01655,0.05219,0.00206,0.01994,0.41697,0.01148,0.06788,0.02674,0.03890,0.00978,0.04358
35.47733,14,0.14778,0.13990,0.04573,0.03230,0.01211,0.00666,0.02592,0.00251,0.00516,0.01266,0.03825,0.05125,0.01933,0.00392,0.06157,0.54272,0.45359,0.04668,0.00857,0.02132,0.01104,0.03916,0.00353,0.01472,0.25596,0.00704,0.04209,0.02982,0.03133,0.00601,0.02916
35.49866,14,0.13593,0.09690,0.03957,0.02869,0.00908,0.00536,0.02284,0.00181,0.00393,0.00942,0.03041,0.03945,0.01380,0.00286,0.09779,0.59809,0.47982,0.03633,0.00534,0.02538,0.00763,0.02709,0.01068,0.00990,0.13352,0.01354,0.03283,0.03140,0.03159,0.00836,0.14658
35.52000,14,0.11332,0.06771,0.03102,0.02285,0.00665,0.00441,0.01864,0.00127,0.00307,0.00699,0.02609,0.03487,0.00985,0.00212,0.13720,0.62726,0.22753,0.04340,0.00397,0.03492,0.00756,0.01951,0.02226,0.00690,0.08942,0.03061,0.04493,0.03085,0.04064,0.01702,0.38048
35.54133,14,0.09495,0.04803,0.02476,0.01710,0.00499,0.00360,0.01486,0.00090,0.00223,0.00522,0.02941,0.02729,0.00737,0.00172,0.15102,0.66150,0.08906,0.04799,0.00347,0.03978,0.00778,0.01630,0.02800,0.00562,0.07451,0.03937,0.05216,0.03043,0.04552,0.02153,0.49847
35.56267,14,0.16626,0.03426,0.01823,0.01211,0.00373,0.00266,0.01089,0.00066,0.00158,0.00384,0.03127,0.02006,0.00585,0.00157,0.14575,0.70755,0.03262,0.04995,0.00330,0.04172,0.00790,0.01511,0.03026,0.00515,0.06968,0.04286,0.05518,0.03025,0.04750,0.02334,0.54518
35.58400,14,0.40284,0.02364,0.01272,0.00836,0.00258,0.00184,0.00752,0.00045,0.00109,0.00274,0.02203,0.01385,0.00403,0.00109,0.10106,0.79701,0.01222,0.05068,0.00324,0.04241,0.00795,0.01471,0.03106,0.00499,0.06815,0.04411,0.05629,0.03018,0.04822,0.02398,0.56182
35.60533,14,0.55029,0.01631,0.00919,0.00577,0.00178,0.00127,0.00522,0.00031,0.00075,0.00210,0.01622,0.00960,0.00279,0.00080,0.07300,0.85490,0.00530,0.05093,0.00322,0.04264,0.00796,0.01457,0.03133,0.00494,0.06768,0.04453,0.05667,0.03015,0.04846,0.02420,0.56741
35.62667,14,0.60944,0.01128,0.00720,0.00398,0.00124,0.00088,0.00366,0.00022,0.00052,0.00490,0.01221,0.00699,0.00194,0.00063,0.07431,0.87004,0.00306,0.05101,0.00322,0.04271,0.00797,0.01453,0.03142,0.00492,0.06754,0.04466,0.05679,0.03014,0.04854,0.02427,0.56921
35.64800,14,0.61398,0.00803,0.00870,0.00280,0.00089,0.00068,0.00267,0.00015,0.00036,0.01865,0.01051,0.00578,0.00135,0.00144,0.10983,0.82814,0.00235,0.05104,0.00322,0.04274,0.00797,0.01452,0.03145,0.00492,0.06750,0.04470,0.05683,0.03014,0.04856,0.02430,0.56978
35.66933,14,0.64222,0.00580,0.01066,0.00198,0.00078,0.00050,0.00194,0.00011,0.00025,0.01812,0.01033,0.00435,0.00094,0.00203,0.16490,0.77731,0.00213,0.05105,0.00322,0.04274,0.00797,0.01451,0.03146,0.00491,0.06748,0.04472,0.05684,0.03014,0.04857,0.02430,0.56995
35.69067,14,0.68409,0.00405,0.00800,0.00137,0.00054,0.00034,0.00136,0.00007,0.00017,0.01274,0.00723,0.00303,0.00065,0.00150,0.16327,0.79567,0.00206,0.05105,0.00322,0.04275,0.00797,0.01451,0.03146,0.00491,0.06748,0.04472,0.05685,0.03014,0.04857,0.02430,0.57001
35.71200,14,0.71907,0.00285,0.00586,0.00095,0.00038,0.00024,0.00095,0.00005,0.00012,0.00906,0.00533,0.00244,0.00046,0.00106,0.34470,0.62554,0.00204,0.05105,0.00322,0.04275,0.00797,0.01451,0.03146,0.00491,0.06748,0.04472,0.05685,0.03014,0.04857,0.02431,0.57002
35.73333,13,0.74232,0.00202,0.00412,0.00066,0.00026,0.00019,0.00066,0.00004,0.00008,0.00683,0.00476,0.00292,0.00033,0.00075,0.51677,0.45962,0.00204,0.05105,0.00322,0.04275,0.00797,0.01451,0.03146,0.00491,0.06748,0.04472,0.05685,0.03014,0.04857,0.02431,0.57003
35.75467,13,0.72274,0.00140,0.00285,0.00045,0.00018,0.00013,0.00046,0.00003,0.00006,0.00476,0.00351,0.00218,0.00023,0.00052,0.66418,0.31908,0.00203,0.05105,0.00322,0.04275,0.00797,0.01451,0.03146,0.00491,0.06748,0.04472,0.05685,0.03014,0.04857,0.02431,0.57003
35.77600,13,0.71163,0.00097,0.00196,0.00031,0.00012,0.00009,0.00032,0.00002,0.00004,0.00335,0.00251,0.00449,0.00016,0.00036,0.76032,0.22498,0.00862,0.04615,0.00474,0.03306,0.01265,0.02070,0.02538,0.00378,0.07022,0.05121,0.06475,0.02320,0.04356,0.14837,0.44362
35.79733,13,0.76462,0.00068,0.00136,0.00022,0.00009,0.00006,0.00022,0.00001,0.00003,0.00268,0.00182,0.06025,0.00016,0.00026,0.75393,0.17824,0.02080,0.03708,0.00758,0.01513,0.02130,0.03215,0.01412,0.00169,0.07530,0.06321,0.07938,0.01035,0.03427,0.37807,0.20958
35.81866,13,0.82933,0.00049,0.00094,0.00018,0.00006,0.00005,0.00015,0.00001,0.00004,0.00196,0.00140,0.15015,0.00018,0.00018,0.69608,0.14813,0.02692,0.03253,0.00900,0.00613,0.02565,0.03789,0.00847,0.00064,0.07785,0.06923,0.08672,0.00390,0.02961,0.49326,0.09221
35.84000,13,0.83053,0.00037,0.00065,0.00013,0.00005,0.00004,0.00011,0.00003,0.00003,0.00137,0.00127,0.22570,0.00015,0.00016,0.65984,0.11010,0.02933,0.03074,0.00956,0.00258,0.02736,0.04016,0.00624,0.00022,0.07885,0.07161,0.08962,0.00135,0.02777,0.53879,0.04582
35.86133,13,0.82496,0.00027,0.00045,0.00010,0.00004,0.00008,0.00008,0.00007,0.00003,0.00113,0.00118,0.31401,0.00031,0.00015,0.60551,0.07660,0.03019,0.03010,0.00976,0.00132,0.02797,0.04097,0.00544,0.00007,0.07921,0.07246,0.09065,0.00045,0.02712,0.55499,0.02931
35.88267,13,0.80525,0.00019,0.00032,0.00007,0.00003,0.00028,0.00006,0.00011,0.00002,0.00138,0.00137,0.37606,0.00110,0.00015,0.56561,0.05324,0.03048,0.02988,0.00982,0.00089,0.02818,0.04124,0.00518,0.00002,0.07933,0.07274,0.09099,0.00014,0.02690,0.56043,0.02377
35.90400,13,0.76979,0.00014,0.00022,0.00007,0.00003,0.00093,0.00005,0.00021,0.00003,0.00218,0.00450,0.47489,0.00177,0.00015,0.47761,0.03723,0.03057,0.02981,0.00985,0.00075,0.02824,0.04132,0.00509,0.00001,0.07937,0.07283,0.09111,0.00004,0.02683,0.56219,0.02198
35.92533,10,0.73504,0.00010,0.00016,0.00006,0.00002,0.00096,0.00003,0.00020,0.00003,0.00476,0.00614,0.56905,0.00686,0.00016,0.38563,0.02583,0.03060,0.02979,0.00985,0.00071,0.02826,0.04135,0.00506,0.00000,0.07938,0.07286,0.09114,0.00001,0.02680,0.56274,0.02142
35.94667,10,0.71495,0.00007,0.00011,0.00006,0.00001,0.00119,0.00003,0.00017,0.00003,0.00646,0.00826,0.63979,0.02028,0.00018,0.30545,0.01791,0.03061,0.02978,0.00985,0.00070,0.02827,0.04136,0.00505,0.00000,0.07939,0.07287,0.09115,0.00000,0.02680,0.56291,0.02125
35.96800,10,0.69782,0.00006,0.00008,0.00005,0.00001,0.00136,0.00004,0.00016,0.00005,0.00913,0.01185,0.66763,0.04688,0.00026,0.24997,0.01246,0.01623,0.03017,0.01552,0.00037,0.03105,0.03419,0.02500,0.01319,0.08522,0.04856,0.32674,0.02225,0.02233,0.31606,0.01314
35.98933,10,0.69637,0.00005,0.00007,0.00006,0.00002,0.00124,0.00012,0.00012,0.00004,0.01040,0.01695,0.62666,0.10072,0.00029,0.23452,0.00874,0.01051,0.03032,0.01777,0.00024,0.03215,0.03133,0.03293,0.01843,0.08755,0.03888,0.42046,0.03110,0.02055,0.21785,0.00992
36.01067,10,0.69575,0.00004,0.00006,0.00006,0.00003,0.00096,0.00020,0.00009,0.00003,0.00808,0.01498,0.65385,0.10048,0.00031,0.21476,0.00607,0.00396,0.03050,0.02035,0.00009,0.03341,0.02807,0.04201,0.02443,0.09020,0.02781,0.52772,0.04124,0.01852,0.10545,0.00624
36.03200,10,0.72319,0.00004,0.00008,0.00010,0.00003,0.00079,0.00030,0.00008,0.00003,0.00642,0.01205,0.69096,0.09509,0.00039,0.18943,0.00422,0.00137,0.03057,0.02137,0.00003,0.03391,0.02678,0.04560,0.02681,0.09125,0.02344,0.57009,0.04524,0.01771,0.06104,0.00479
36.05333,10,0.74178,0.00004,0.00013,0.00013,0.00006,0.00081,0.00058,0.00010,0.00003,0.00507,0.00994,0.73538,0.07440,0.00058,0.16978,0.00296,0.00045,0.03059,0.02173,0.00001,0.03409,0.02632,0.04688,0.02765,0.09163,0.02188,0.58518,0.04666,0.01743,0.04523,0.00427
36.07467,10,0.74302,0.00005,0.00358,0.00023,0.00042,0.00080,0.00062,0.00009,0.00006,0.00891,0.00807,0.78381,0.05362,0.00041,0.13474,0.00459,0.00014,0.03060,0.02185,0.00000,0.03415,0.02616,0.04731,0.02793,0.09175,0.02136,0.59024,0.04714,0.01733,0.03993,0.00410
36.09600,10,0.73464,0.00014,0.01123,0.00096,0.00252,0.00148,0.00058,0.00011,0.00017,0.08992,0.01247,0.60798,0.03914,0.00030,0.09934,0.13366,0.00005,0.03060,0.02189,0.00000,0.03417,0.02611,0.04745,0.02803,0.09179,0.02119,0.59187,0.04729,0.01730,0.03822,0.00404
36.11733,10,0.72586,0.00012,0.00791,0.00081,0.00184,0.00126,0.00046,0.00008,0.00014,0.18101,0.01099,0.48648,0.02717,0.00021,0.06883,0.21270,0.00001,0.03060,0.02190,0.00000,0.03417,0.02610,0.04749,0.02805,0.09180,0.02113,0.59238,0.04734,0.01729,0.03768,0.00403
36.13867,10,0.72410,0.00009,0.00546,0.00057,0.00127,0.00096,0.00034,0.00005,0.00010,0.15584,0.00810,0.59270,0.01877,0.00015,0.04761,0.16798,0.00000,0.03060,0.02191,0.00000,0.03418,0.02609,0.04750,0.02806,0.09181,0.02112,0.59254,0.04736,0.01729,0.03752,0.00402
36.16000,10,0.71363,0.00007,0.00377,0.00040,0.00088,0.00082,0.00024,0.00004,0.00007,0.11169,0.00586,0.67860,0.01296,0.00011,0.03299,0.15152,0.00000,0.03060,0.02191,0.00000,0.03418,0.02609,0.04751,0.02807,0.09181,0.02111,0.59259,0.04736,0.01729,0.03747,0.00402
36.18133,10,0.70762,0.00009,0.00260,0.00027,0.00061,0.00073,0.00018,0.00003,0.00005,0.07814,0.00682,0.75197,0.00895,0.00009,0.02304,0.12642,0.00000,0.03060,0.02191,0.00000,0.03418,0.02609,0.04751,0.02807,0.09181,0.02111,0.59260,0.04736,0.01729,0.03745,0.00402
36.20267,10,0.69422,0.00059,0.00202,0.00020,0.00050,0.00155,0.00023,0.00002,0.00008,0.09626,0.01908,0.67840,0.00658,0.00065,0.01745,0.17638,0.00000,0.03060,0.02191,0.00000,0.03418,0.02609,0.04751,0.02807,0.09181,0.02111,0.59261,0.04736,0.01729,0.03745,0.00402
36.22400,10,0.67734,0.00152,0.00279,0.00031,0.00100,0.00391,0.00053,0.00002,0.00023,0.14284,0.01772,0.63774,0.00464,0.00079,0.01717,0.16881,0.00000,0.03060,0.02191,0.00000,0.03418,0.02609,0.04751,0.02807,0.09181,0.02111,0.59261,0.04736,0.01729,0.03744,0.00402
36.24533,10,0.65204,0.00330,0.00536,0.00056,0.00121,0.00769,0.00122,0.00002,0.00039,0.18444,0.01473,0.48785,0.00322,0.00093,0.02008,0.26901,0.00000,0.03060,0.02191,0.00000,0.03418,0.02609,0.04751,0.02807,0.09181,0.02111,0.59261,0.04736,0.01729,0.03744,0.00402
36.26667,14,0.63336,0.00291,0.00699,0.00048,0.00115,0.00655,0.00171,0.00003,0.00032,0.19723,0.01506,0.33922,0.00223,0.00082,0.01988,0.40541,0.00000,0.03060,0.02191,0.00000,0.03418,0.02609,0.04751,0.02807,0.09181,0.02111,0.59261,0.04736,0.01729,0.03744,0.00402
36.28800,14,0.61919,0.00244,0.00705,0.00040,0.00203,0.00505,0.00142,0.00003,0.00032,0.16267,0.02384,0.23506,0.00154,0.00070,0.02049,0.53697,0.00000,0.03060,0.02191,0.00000,0.03418,0.02609,0.04751,0.02807,0.09181,0.02111,0.59261,0.04736,0.01729,0.03744,0.00402
36.30933,14,0.61843,0.00202,0.00786,0.00030,0.00224,0.00415,0.00191,0.00002,0.00028,0.25683,0.02192,0.16279,0.00107,0.00057,0.02224,0.51581,0.00047,0.03531,0.01760,0.00984,0.02814,0.02342,0.04381,0.02274,0.08621,0.02655,0.46924,0.04340,0.02449,0.03442,0.13435
36.33067,8,0.60586,0.00243,0.01248,0.00028,0.00246,0.00401,0.00277,0.00002,0.00041,0.41071,0.01872,0.11308,0.00075,0.00048,0.02717,0.40424,0.00134,0.04403,0.00963,0.02807,0.01697,0.01849,0.03697,0.01286,0.07583,0.03662,0.24078,0.03605,0.03783,0.02882,0.37571
36.35200,8,0.59676,0.01668,0.01522,0.00040,0.00965,0.00877,0.00573,0.00011,0.00595,0.49572,0.01454,0.08081,0.00062,0.00137,0.04423,0.30019,0.00177,0.04840,0.00563,0.03722,0.01136,0.01601,0.03354,0.00791,0.07063,0.04167,0.12618,0.03237,0.04452,0.02601,0.49679
36.37333,8,0.58738,0.01951,0.02717,0.00070,0.01090,0.01552,0.01626,0.00017,0.00555,0.53112,0.01278,0.05684,0.00048,0.00181,0.03716,0.26404,0.01048,0.04868,0.00856,0.03147,0.01447,0.03797,0.01796,0.01467,0.29800,0.02828,0.09437,0.02874,0.04584,0.01828,0.30222
36.39466,8,0.58439,0.01714,0.02610,0.00079,0.00889,0.01454,0.01764,0.00023,0.00489,0.47330,0.01459,0.03942,0.00038,0.00222,0.03112,0.34875,0.01629,0.04832,0.01104,0.02645,0.01727,0.05307,0.00790,0.01985,0.45187,0.01862,0.08733,0.02676,0.04589,0.01343,0.15590
36.41600,14,0.59057,0.01395,0.02640,0.00073,0.00669,0.01053,0.01407,0.00021,0.00343,0.34884,0.01719,0.02740,0.00031,0.00468,0.02689,0.49870,0.01879,0.04811,0.01216,0.02415,0.01856,0.05964,0.00360,0.02216,0.51848,0.01437,0.08585,0.02595,0.04582,0.01137,0.09098
36.43733,14,0.60043,0.01113,0.03918,0.00070,0.00481,0.00732,0.00986,0.00015,0.00237,0.24372,0.01587,0.01904,0.00026,0.00435,0.02725,0.61399,0.01973,0.04802,0.01259,0.02327,0.01905,0.06209,0.00201,0.02303,0.54327,0.01278,0.08556,0.02566,0.04578,0.01061,0.06655
36.45867,14,0.63138,0.00894,0.03569,0.00088,0.00339,0.00518,0.00706,0.00014,0.00165,0.17163,0.01181,0.01367,0.00021,0.00542,0.16331,0.57104,0.01151,0.04943,0.00823,0.03233,0.01390,0.03999,0.01568,0.01461,0.32232,0.02762,0.07205,0.02773,0.04709,0.01697,0.30054
36.48000,14,0.67405,0.00639,0.02541,0.00069,0.00235,0.00361,0.00503,0.00011,0.00114,0.11949,0.00871,0.00993,0.00022,0.00475,0.23928,0.57290,0.00587,0.05040,0.00524,0.03854,0.01037,0.02482,0.02507,0.00884,0.17056,0.03781,0.06297,0.02917,0.04797,0.02134,0.46105
36.50133,14,0.67331,0.00443,0.01763,0.00048,0.00162,0.00252,0.00351,0.00008,0.00078,0.08268,0.00608,0.00693,0.00015,0.00345,0.33905,0.53061,0.00341,0.05081,0.00395,0.04123,0.00884,0.01822,0.02916,0.00633,0.10460,0.04223,0.05905,0.02979,0.04836,0.02324,0.53079
36.52267,13,0.64346,0.00307,0.01225,0.00034,0.00112,0.00175,0.00243,0.00005,0.00054,0.05720,0.00457,0.00498,0.00011,0.00240,0.46612,0.44307,0.00284,0.05091,0.00364,0.04186,0.00848,0.01668,0.03011,0.00574,0.08919,0.04327,0.05813,0.02994,0.04845,0.02368,0.54708
36.54400,13,0.60335,0.00218,0.00855,0.00031,0.00078,0.00122,0.00172,0.00004,0.00037,0.04398,0.00501,0.00502,0.00008,0.00170,0.56004,0.36899,0.00230,0.05100,0.00336,0.04245,0.00814,0.01523,0.03101,0.00519,0.07465,0.04424,0.05727,0.03007,0.04853,0.02410,0.56245
36.56533,13,0.58353,0.00152,0.00593,0.00024,0.00054,0.00085,0.00123,0.00003,0.00026,0.03244,0.00402,0.00868,0.00006,0.00119,0.67265,0.27037,0.00870,0.04614,0.00479,0.03297,0.01270,0.02092,0.02524,0.00387,0.07251,0.05105,0.06488,0.02318,0.04354,0.14828,0.44123
36.58667,13,0.60560,0.00106,0.00410,0.00019,0.00037,0.00060,0.00086,0.00002,0.00018,0.02295,0.00287,0.05764,0.00005,0.00082,0.71542,0.19287,0.02083,0.03708,0.00759,0.01510,0.02132,0.03222,0.01407,0.00171,0.07602,0.06316,0.07942,0.01034,0.03427,0.37805,0.20882
36.60800,13,0.64784,0.00074,0.00283,0.00014,0.00026,0.00042,0.00060,0.00001,0.00012,0.01596,0.00205,0.09413,0.00004,0.00057,0.74583,0.13630,0.02692,0.03253,0.00900,0.00613,0.02565,0.03791,0.00846,0.00064,0.07807,0.06922,0.08673,0.00390,0.02961,0.49326,0.09198
36.62933,13,0.68342,0.00051,0.00195,0.00011,0.00018,0.00029,0.00043,0.00001,0.00009,0.01112,0.00158,0.09196,0.00003,0.00040,0.79461,0.09672,0.02933,0.03074,0.00956,0.00258,0.02736,0.04016,0.00623,0.00022,0.07892,0.07161,0.08962,0.00135,0.02777,0.53879,0.04575
36.65067,13,0.70890,0.00037,0.00135,0.00008,0.00014,0.00026,0.00030,0.00005,0.00007,0.00790,0.00172,0.12028,0.00007,0.00028,0.79906,0.06806,0.03019,0.03010,0.00976,0.00131,0.02797,0.04097,0.00544,0.00007,0.07923,0.07246,0.09065,0.00045,0.02712,0.55499,0.02929
36.67200,13,0.69603,0.00026,0.00093,0.00006,0.00010,0.00027,0.00021,0.00016,0.00006,0.00560,0.00182,0.15084,0.00014,0.00021,0.79194,0.04739,0.03048,0.02988,0.00982,0.00089,0.02818,0.04124,0.00518,0.00002,0.07934,0.07274,0.09099,0.00014,0.02690,0.56043,0.02377
36.69333,13,0.67091,0.00018,0.00065,0.00005,0.00007,0.00032,0.00015,0.00029,0.00005,0.00409,0.00250,0.14831,0.00058,0.00019,0.80965,0.03293,0.03057,0.02981,0.00985,0.00075,0.02824,0.04132,0.00509,0.00001,0.07937,0.07283,0.09111,0.00004,0.02683,0.56219,0.02198
36.71466,13,0.64847,0.00013,0.00045,0.00005,0.00005,0.00060,0.00012,0.00031,0.00004,0.00476,0.00687,0.24657,0.00352,0.00023,0.71332,0.02298,0.03060,0.02979,0.00985,0.00071,0.02826,0.04135,0.00506,0.00000,0.07938,0.07286,0.09114,0.00001,0.02680,0.56274,0.02142
36.73600,13,0.62664,0.00009,0.00031,0.00005,0.00004,0.00098,0.00010,0.00024,0.00003,0.01210,0.01123,0.38569,0.00741,0.00028,0.56534,0.01610,0.03061,0.02978,0.00985,0.00070,0.02827,0.04136,0.00505,0.00000,0.07939,0.07287,0.09115,0.00000,0.02680,0.56291,0.02125
36.75733,13,0.61724,0.00007,0.00022,0.00005,0.00004,0.00117,0.00011,0.00019,0.00003,0.02065,0.01298,0.45177,0.01250,0.00036,0.48857,0.01130,0.03061,0.02978,0.00986,0.00069,0.02827,0.04136,0.00505,0.00000,0.07939,0.07287,0.09116,0.00000,0.02679,0.56296,0.02120
36.77867,10,0.61470,0.00006,0.00016,0.00005,0.00005,0.00112,0.00015,0.00016,0.00003,0.02577,0.01403,0.48145,0.01694,0.00035,0.45156,0.00813,0.03062,0.02978,0.00986,0.00069,0.02827,0.04136,0.00505,0.00000,0.07939,0.07288,0.09116,0.00000,0.02679,0.56297,0.02118
36.80000,13,0.61418,0.00005,0.00012,0.00006,0.00007,0.00099,0.00025,0.00012,0.00002,0.02287,0.01277,0.44904,0.01827,0.00034,0.48918,0.00585,0.03062,0.02978,0.00986,0.00069,0.02827,0.04136,0.00505,0.00000,0.07939,0.07288,0.09116,0.00000,0.02679,0.56298,0.02118
36.82133,13,0.61118,0.00005,0.00012,0.00012,0.00016,0.00087,0.00070,0.00012,0.00002,0.02092,0.01012,0.43956,0.01941,0.00041,0.50322,0.00421,0.02356,0.02997,0.01263,0.00053,0.02963,0.03785,0.01483,0.00646,0.08225,0.06095,0.20665,0.01091,0.02460,0.44194,0.01722
36.84267,13,0.62149,0.00005,0.00011,0.00017,0.00015,0.00066,0.00104,0.00009,0.00002,0.01783,0.00750,0.42420,0.01894,0.00048,0.52578,0.00298,0.01756,0.03013,0.01500,0.00040,0.03079,0.03485,0.02316,0.01197,0.08469,0.05080,0.30502,0.02020,0.02274,0.33885,0.01386
36.86400,13,0.63837,0.00006,0.00015,0.00028,0.00018,0.00058,0.00161,0.00007,0.00002,0.02225,0.00585,0.42249,0.01503,0.00054,0.52868,0.00222,0.02407,0.02996,0.01243,0.00054,0.02954,0.03810,0.01413,0.00601,0.08205,0.06180,0.19845,0.01013,0.02476,0.45054,0.01750
36.88533,13,0.65979,0.00005,0.00012,0.00029,0.00015,0.00048,0.00150,0.00005,0.00002,0.02011,0.00494,0.45858,0.01114,0.00052,0.50044,0.00161,0.02803,0.02985,0.01087,0.00063,0.02877,0.04007,0.00864,0.00237,0.08044,0.06850,0.13356,0.00400,0.02599,0.51854,0.01972
36.90667,13,0.67475,0.00006,0.00012,0.00030,0.00025,0.00046,0.00135,0.00004,0.00002,0.01954,0.00555,0.43744,0.00808,0.00047,0.52495,0.00138,0.02969,0.02981,0.01022,0.00067,0.02845,0.04090,0.00633,0.00084,0.07976,0.07132,0.10625,0.00143,0.02651,0.54717,0.02066
36.92800,13,0.67363,0.00010,0.00041,0.00045,0.00103,0.00183,0.00330,0.00026,0.00006,0.01830,0.01182,0.46232,0.00743,0.00193,0.48803,0.00274,0.03031,0.02979,0.00998,0.00068,0.02833,0.04121,0.00548,0.00028,0.07951,0.07235,0.09622,0.00048,0.02670,0.55768,0.02100
36.94933,13,0.67042,0.00029,0.00656,0.00231,0.00452,0.00650,0.00543,0.00070,0.00046,0.02130,0.02289,0.40816,0.00931,0.00221,0.47339,0.03596,0.03052,0.02978,0.00990,0.00069,0.02829,0.04131,0.00519,0.00009,0.07943,0.07271,0.09279,0.00015,0.02676,0.56127,0.02112
36.97066,13,0.67638,0.00026,0.00628,0.00282,0.00572,0.00566,0.00413,0.00051,0.00048,0.09801,0.03097,0.31074,0.00703,0.00157,0.34398,0.18185,0.03058,0.02978,0.00987,0.00069,0.02828,0.04135,0.00509,0.00003,0.07940,0.07282,0.09167,0.00005,0.02678,0.56244,0.02116
36.99200,8,0.68691,0.00025,0.00439,0.00203,0.00424,0.00486,0.00299,0.00036,0.00042,0.32638,0.03214,0.22825,0.00503,0.00117,0.23856,0.14894,0.03061,0.02978,0.00986,0.00069,0.02827,0.04136,0.00506,0.00001,0.07939,0.07286,0.09131,0.00001,0.02679,0.56281,0.02117
37.01333,8,0.71342,0.00019,0.00305,0.00143,0.00296,0.00402,0.00213,0.00025,0.00032,0.49452,0.03137,0.16030,0.00355,0.00083,0.16527,0.12981,0.03061,0.02978,0.00986,0.00069,0.02827,0.04136,0.00505,0.00000,0.07939,0.07287,0.09120,0.00000,0.02679,0.56293,0.02117
37.03467,8,0.77713,0.00014,0.00211,0.00103,0.00205,0.00376,0.00173,0.00017,0.00025,0.56762,0.02253,0.16350,0.00250,0.00066,0.11898,0.11297,0.02572,0.03832,0.01124,0.01109,0.02406,0.05169,0.00324,0.01103,0.30328,0.04426,0.08852,0.01199,0.03570,0.30326,0.03660
37.05600,8,0.78389,0.00017,0.00152,0.00076,0.00142,0.00558,0.00138,0.00012,0.00021,0.48818,0.01716,0.21384,0.00176,0.00063,0.10211,0.16516,0.02377,0.04172,0.01180,0.01522,0.02238,0.05579,0.00252,0.01542,0.39233,0.03288,0.08746,0.01676,0.03924,0.19996,0.04273
37.07733,8,0.77975,0.00046,0.00133,0.00060,0.00100,0.00825,0.00113,0.00009,0.00019,0.39171,0.01286,0.27156,0.00125,0.00088,0.09427,0.21442,0.02155,0.04561,0.01243,0.01996,0.02047,0.06049,0.00170,0.02044,0.49423,0.01985,0.08624,0.02221,0.04330,0.08177,0.04976
37.09867,8,0.77484,0.00235,0.00159,0.00123,0.00081,0.00927,0.00152,0.00008,0.00022,0.32242,0.01186,0.27234,0.00094,0.00238,0.11446,0.25853,0.02067,0.04715,0.01268,0.02183,0.01971,0.06235,0.00137,0.02242,0.53450,0.01470,0.08577,0.02437,0.04490,0.03505,0.05253
37.12000,14,0.76094,0.00648,0.00245,0.00418,0.00069,0.00761,0.00170,0.00006,0.00026,0.24612,0.01503,0.20012,0.00075,0.00280,0.16749,0.34425,0.02035,0.04770,0.01277,0.02249,0.01944,0.06301,0.00125,0.02313,0.54884,0.01287,0.08560,0.02514,0.04547,0.01842,0.05352
37.14133,14,0.73723,0.01186,0.00340,0.01328,0.00056,0.00567,0.00188,0.00006,0.00028,0.17591,0.02106,0.13945,0.00054,0.00277,0.16531,0.45796,0.02025,0.04788,0.01280,0.02272,0.01935,0.06323,0.00122,0.02337,0.55365,0.01226,0.08554,0.02539,0.04566,0.01285,0.05385
37.16267,14,0.71783,0.01239,0.00543,0.01097,0.00043,0.00407,0.00192,0.00005,0.00025,0.12768,0.01981,0.09696,0.00038,0.00244,0.24521,0.47202,0.01168,0.04939,0.00830,0.03215,0.01399,0.04036,0.01542,0.01472,0.32571,0.02745,0.07205,0.02765,0.04705,0.01766,0.29641
37.18400,14,0.69823,0.01373,0.01094,0.00867,0.00031,0.00289,0.00169,0.00004,0.00020,0.09283,0.02195,0.06715,0.00027,0.00181,0.36948,0.40802,0.00592,0.05038,0.00526,0.03848,0.01040,0.02494,0.02499,0.00887,0.17164,0.03775,0.06298,0.02914,0.04796,0.02155,0.45974
37.20533,13,0.67664,0.01780,0.02828,0.00661,0.00023,0.00207,0.00174,0.00004,0.00020,0.07406,0.02574,0.04686,0.00020,0.00207,0.41857,0.37553,0.00343,0.05081,0.00395,0.04121,0.00885,0.01826,0.02913,0.00634,0.10494,0.04221,0.05905,0.02978,0.04835,0.02330,0.53038
37.22667,14,0.66217,0.01581,0.07931,0.00481,0.00017,0.00145,0.00143,0.00003,0.00016,0.05835,0.02307,0.03261,0.00018,0.00178,0.37651,0.40432,0.00250,0.05097,0.00346,0.04223,0.00827,0.01578,0.03067,0.00539,0.08012,0.04388,0.05759,0.03002,0.04850,0.02396,0.55665
37.24800,14,0.64882,0.01412,0.14278,0.00345,0.00013,0.00104,0.00114,0.00003,0.00013,0.05649,0.01952,0.02299,0.00015,0.00163,0.28149,0.45491,0.01561,0.04103,0.00642,0.02282,0.01761,0.02754,0.01880,0.00276,0.07717,0.05767,0.07321,0.01594,0.03832,0.27726,0.30784
37.26933,14,0.64743,0.01141,0.12328,0.00246,0.00010,0.00073,0.00093,0.00002,0.00009,0.04754,0.01492,0.01610,0.00011,0.00130,0.20837,0.57265,0.01113,0.04431,0.00534,0.02938,0.01443,0.02314,0.02302,0.00341,0.07254,0.05355,0.06778,0.02059,0.04167,0.19475,0.39496
37.29066,14,0.64017,0.00831,0.09438,0.00172,0.00008,0.00051,0.00072,0.00001,0.00007,0.03495,0.01095,0.01126,0.00008,0.00104,0.16637,0.66954,0.00596,0.04814,0.00413,0.03697,0.01076,0.01823,0.02782,0.00426,0.06951,0.04855,0.06157,0.02601,0.04559,0.09803,0.49448
37.31200,14,0.64364,0.00764,0.07243,0.00134,0.00008,0.00039,0.00059,0.00002,0.00006,0.02819,0.00980,0.00943,0.00014,0.00090,0.25859,0.61039,0.00349,0.04997,0.00356,0.04060,0.00901,0.01589,0.03011,0.00467,0.06821,0.04615,0.05860,0.02860,0.04746,0.05172,0.54196
37.33333,14,0.63599,0.00622,0.05337,0.00107,0.00006,0.00029,0.00050,0.00002,0.00005,0.02193,0.00986,0.00732,0.00018,0.00080,0.35114,0.54718,0.00290,0.05041,0.00342,0.04148,0.00859,0.01533,0.03066,0.00477,0.06790,0.04557,0.05788,0.02923,0.04792,0.04051,0.55345
37.35467,14,0.64667,0.00446,0.04065,0.00113,0.00006,0.00025,0.00065,0.00001,0.00005,0.02083,0.03331,0.00715,0.00026,0.00073,0.41741,0.47305,0.00232,0.05083,0.00328,0.04232,0.00818,0.01478,0.03119,0.00487,0.06762,0.04501,0.05720,0.02984,0.04835,0.02974,0.56447
37.37600,14,0.64823,0.00359,0.03370,0.00101,0.00012,0.00028,0.00058,0.00002,0.00005,0.01836,0.03726,0.00998,0.00033,0.00091,0.43362,0.46018,0.00213,0.05098,0.00324,0.04261,0.00804,0.01460,0.03137,0.00490,0.06752,0.04481,0.05696,0.03004,0.04850,0.02606,0.56824
37.39733,13,0.66532,0.00325,0.02634,0.00079,0.00013,0.00040,0.00056,0.00004,0.00005,0.01972,0.03617,0.00869,0.00026,0.00204,0.45527,0.44630,0.00206,0.05103,0.00322,0.04270,0.00799,0.01454,0.03143,0.00491,0.06749,0.04475,0.05688,0.03011,0.04855,0.02486,0.56947
37.41867,13,0.66389,0.00249,0.01924,0.00061,0.00012,0.00047,0.00043,0.00004,0.00004,0.02651,0.02596,0.00627,0.00018,0.00179,0.47139,0.44446,0.00204,0.05104,0.00322,0.04273,0.00798,0.01452,0.03145,0.00491,0.06748,0.04473,0.05686,0.03013,0.04856,0.02448,0.56986
37.44000,13,0.65727,0.00185,0.01344,0.00043,0.00008,0.00034,0.00031,0.00003,0.00003,0.02002,0.01815,0.00452,0.00013,0.00133,0.57991,0.35942,0.01546,0.04106,0.00634,0.02299,0.01751,0.02713,0.01905,0.00261,0.07307,0.05795,0.07297,0.01598,0.03834,0.27739,0.31216
37.46133,13,0.65913,0.00140,0.00930,0.00030,0.00006,0.00023,0.00022,0.00002,0.00002,0.01448,0.01311,0.00369,0.00009,0.00093,0.69267,0.26348,0.02451,0.03433,0.00844,0.00968,0.02394,0.03563,0.01069,0.00105,0.07684,0.06686,0.08382,0.00644,0.03145,0.44787,0.13846
37.48267,13,0.65615,0.00105,0.00642,0.00022,0.00004,0.00016,0.00016,0.00002,0.00001,0.01016,0.00956,0.01061,0.00009,0.00065,0.77079,0.19004,0.02842,0.03141,0.00935,0.00392,0.02671,0.03930,0.00708,0.00038,0.07847,0.07071,0.08852,0.00232,0.02847,0.52160,0.06333
37.50400,13,0.65247,0.00080,0.00444,0.00019,0.00003,0.00013,0.00017,0.00001,0.00010,0.00730,0.00771,0.15640,0.00035,0.00060,0.65023,0.17154,0.02987,0.03033,0.00968,0.00178,0.02775,0.04067,0.00574,0.00013,0.07908,0.07215,0.09027,0.00078,0.02736,0.54902,0.03540
37.52533,13,0.64863,0.00083,0.00307,0.00014,0.00005,0.00012,0.00021,0.00006,0.00010,0.00516,0.00642,0.17560,0.00177,0.00087,0.67683,0.12878,0.03038,0.02996,0.00980,0.00105,0.02810,0.04114,0.00527,0.00004,0.07929,0.07264,0.09087,0.00025,0.02698,0.55845,0.02579
37.54667,13,0.64836,0.00061,0.00213,0.00010,0.00005,0.00011,0.00020,0.00010,0.00008,0.00369,0.00500,0.34110,0.00184,0.00086,0.54794,0.09620,0.03054,0.02984,0.00984,0.00080,0.02822,0.04129,0.00512,0.00001,0.07936,0.07280,0.09107,0.00008,0.02685,0.56155,0.02263
37.56800,13,0.64758,0.00043,0.00147,0.00008,0.00006,0.00023,0.00015,0.00098,0.00007,0.00286,0.00459,0.41516,0.00158,0.00074,0.50430,0.06732,0.03059,0.02980,0.00985,0.00073,0.02826,0.04134,0.00507,0.00000,0.07938,0.07285,0.09113,0.00002,0.02681,0.56254,0.02162
37.58933,10,0.64103,0.00030,0.00102,0.00006,0.00006,0.00050,0.00011,0.00193,0.00007,0.00307,0.00538,0.48967,0.00206,0.00068,0.44783,0.04727,0.03060,0.02979,0.00985,0.00071,0.02826,0.04135,0.00506,0.00000,0.07938,0.07286,0.09114,0.00001,0.02680,0.56274,0.02142
37.61066,10,0.63044,0.00022,0.00071,0.00006,0.00011,0.00183,0.00032,0.01567,0.00027,0.00389,0.00458,0.58908,0.00324,0.00081,0.34602,0.03317,0.03061,0.02978,0.00985,0.00070,0.02827,0.04136,0.00505,0.00000,0.07939,0.07287,0.09115,0.00000,0.02680,0.56291,0.02125
37.63200,10,0.62770,0.00016,0.00051,0.00012,0.00015,0.00157,0.00059,0.01831,0.00028,0.00337,0.00343,0.70377,0.00311,0.00081,0.24037,0.02347,0.02357,0.02997,0.01263,0.00053,0.02963,0.03785,0.01483,0.00646,0.08225,0.06096,0.20659,0.01090,0.02461,0.44198,0.01725
37.65333,10,0.62677,0.00014,0.00080,0.00104,0.00040,0.00161,0.00168,0.01414,0.00041,0.00340,0.00246,0.78644,0.00315,0.00106,0.16598,0.01729,0.01051,0.03032,0.01777,0.00024,0.03215,0.03133,0.03293,0.01843,0.08754,0.03888,0.42043,0.03110,0.02055,0.21788,0.00992
37.67467,10,0.63286,0.00031,0.00113,0.00419,0.00108,0.01943,0.01156,0.01398,0.00753,0.00324,0.00179,0.80024,0.00391,0.00488,0.11455,0.01217,0.00396,0.03050,0.02035,0.00009,0.03341,0.02807,0.04201,0.02443,0.09020,0.02781,0.52769,0.04123,0.01852,0.10548,0.00624
37.69600,10,0.63589,0.00024,0.00090,0.00366,0.00148,0.06461,0.00907,0.01204,0.04867,0.00270,0.00127,0.72563,0.00363,0.03845,0.07923,0.00841,0.00138,0.03057,0.02137,0.00003,0.03391,0.02678,0.04560,0.02681,0.09125,0.02344,0.57009,0.04524,0.01771,0.06105,0.00479
37.71733,10,0.61817,0.00020,0.00068,0.00299,0.00143,0.05569,0.00904,0.00903,0.04525,0.00224,0.00094,0.55069,0.00326,0.25766,0.05507,0.00584,0.00045,0.03059,0.02173,0.00001,0.03409,0.02632,0.04688,0.02765,0.09163,0.02188,0.58518,0.04666,0.01743,0.04524,0.00427
37.73867,12,0.60065,0.00016,0.00049,0.00215,0.00102,0.03911,0.00706,0.00629,0.03188,0.00166,0.00068,0.38342,0.00265,0.48122,0.03815,0.00406,0.00014,0.03060,0.02185,0.00000,0.03415,0.02616,0.04731,0.02793,0.09175,0.02136,0.59024,0.04714,0.01733,0.03993,0.00410
37.76000,12,0.58287,0.00013,0.00034,0.00151,0.00072,0.02714,0.00513,0.00435,0.02217,0.00120,0.00052,0.26495,0.00191,0.64062,0.02644,0.00287,0.00005,0.03060,0.02189,0.00000,0.03417,0.02611,0.04745,0.02803,0.09179,0.02119,0.59187,0.04729,0.01730,0.03822,0.00404
37.78133,12,0.57205,0.00015,0.00024,0.00108,0.00051,0.01888,0.00369,0.00301,0.01543,0.00100,0.00043,0.18306,0.00148,0.74852,0.01843,0.00410,0.00001,0.01844,0.01810,0.00607,0.03510,0.04696,0.04554,0.02861,0.08166,0.01379,0.32733,0.04714,0.29361,0.02009,0.01753
37.80267,12,0.55997,0.00029,0.00027,0.00096,0.00038,0.01314,0.00319,0.00210,0.01083,0.00174,0.00040,0.12646,0.00171,0.79831,0.01288,0.02733,0.00000,0.01024,0.01555,0.01016,0.03573,0.06101,0.04424,0.02900,0.07483,0.00883,0.14888,0.04701,0.47981,0.00807,0.02663
37.82400,12,0.55714,0.00040,0.00169,0.00119,0.00036,0.00920,0.00584,0.00153,0.00766,0.02183,0.00031,0.08735,0.00219,0.77062,0.00917,0.08067,0.00000,0.00670,0.01444,0.01193,0.03600,0.06709,0.04368,0.02916,0.07188,0.00669,0.07168,0.04695,0.56034,0.00290,0.03056
37.84533,12,0.55456,0.00047,0.01040,0.00131,0.00036,0.00646,0.00787,0.00112,0.00565,0.04514,0.00026,0.06040,0.00200,0.74299,0.00639,0.10917,0.00000,0.00538,0.01403,0.01259,0.03610,0.06935,0.04347,0.02922,0.07078,0.00589,0.04298,0.04693,0.59028,0.00098,0.03203
37.86666,12,0.55365,0.00144,0.05495,0.00204,0.00043,0.00500,0.01519,0.00132,0.00636,0.09501,0.00023,0.04182,0.00244,0.65307,0.00444,0.11626,0.00000,0.00509,0.01394,0.01274,0.03612,0.06984,0.04342,0.02924,0.07054,0.00572,0.03672,0.04693,0.59681,0.00056,0.03235
37.88800,12,0.56894,0.00146,0.09985,0.00157,0.00034,0.00360,0.01183,0.00101,0.00461,0.12885,0.00020,0.02893,0.00176,0.61496,0.00308,0.09794,0.00000,0.00483,0.01386,0.01287,0.03614,0.07029,0.04338,0.02925,0.07032,0.00556,0.03103,0.04692,0.60274,0.00018,0.03264
37.90933,12,0.57616,0.00150,0.13517,0.00126,0.00029,0.00271,0.00897,0.00077,0.00346,0.23343,0.00018,0.02001,0.00125,0.50743,0.00214,0.08144,0.00000,0.00474,0.01383,0.01291,0.03615,0.07043,0.04336,0.02925,0.07025,0.00551,0.02919,0.04692,0.60466,0.00006,0.03273
37.93067,12,0.60548,0.00151,0.14895,0.00116,0.00026,0.00215,0.00658,0.00060,0.00298,0.30867,0.00017,0.01384,0.00092,0.43593,0.00150,0.07476,0.00000,0.00472,0.01382,0.01292,0.03615,0.07048,0.04336,0.02925,0.07023,0.00549,0.02861,0.04692,0.60526,0.00002,0.03276
37.95200,12,0.60748,0.00142,0.12835,0.00133,0.00025,0.00174,0.00479,0.00048,0.00242,0.29190,0.00015,0.00959,0.00076,0.46254,0.00109,0.09319,0.00000,0.00471,0.01382,0.01293,0.03615,0.07049,0.04336,0.02925,0.07022,0.00549,0.02843,0.04692,0.60545,0.00001,0.03277
37.97333,12,0.62697,0.00216,0.10386,0.00367,0.00043,0.00176,0.00382,0.00073,0.00212,0.24667,0.00039,0.00672,0.00116,0.46393,0.00086,0.16173,0.00000,0.00471,0.01382,0.01293,0.03615,0.07050,0.04336,0.02925,0.07022,0.00549,0.02838,0.04692,0.60550,0.00000,0.03277
37.99467,12,0.66259,0.00234,0.07206,0.00314,0.00153,0.00167,0.01526,0.00212,0.00147,0.17250,0.00073,0.00575,0.01185,0.59314,0.00122,0.11520,0.00000,0.00471,0.01382,0.01293,0.03615,0.07050,0.04336,0.02925,0.07022,0.00549,0.02836,0.04692,0.60552,0.00000,0.03277
38.01600,12,0.64545,0.00201,0.04987,0.00229,0.00152,0.00164,0.04252,0.00319,0.00102,0.11946,0.00293,0.00666,0.18496,0.50063,0.00092,0.08039,0.00000,0.00471,0.01382,0.01293,0.03615,0.07050,0.04336,0.02925,0.07022,0.00549,0.02836,0.04692,0.60553,0.00000,0.03277
38.03733,11,0.62163,0.00165,0.03454,0.00179,0.00126,0.00208,0.04321,0.00292,0.00073,0.08258,0.00559,0.01039,0.40374,0.35251,0.00102,0.05598,0.00000,0.00471,0.01382,0.01293,0.03615,0.07050,0.04336,0.02925,0.07022,0.00549,0.02836,0.04692,0.60553,0.00000,0.03277
38.05867,11,0.60749,0.00168,0.02421,0.00144,0.00130,0.00262,0.03562,0.00281,0.00078,0.05736,0.00773,0.02541,0.55460,0.24463,0.00103,0.03879,0.00000,0.00471,0.01382,0.01293,0.03615,0.07050,0.04336,0.02925,0.07022,0.00549,0.02836,0.04692,0.60553,0.00000,0.03277
38.08000,11,0.59058,0.00146,0.01675,0.00102,0.00108,0.00197,0.02624,0.00256,0.00111,0.03962,0.00654,0.02534,0.67931,0.16927,0.00095,0.02678,0.00412,0.01081,0.01568,0.00929,0.04149,0.08003,0.03405,0.02985,0.06824,0.00564,0.01924,0.28901,0.37049,0.00248,0.01957
38.10133,11,0.58040,0.00107,0.01158,0.00072,0.00079,0.00140,0.01848,0.00202,0.00103,0.02736,0.00554,0.02355,0.77025,0.11696,0.00075,0.01849,0.00690,0.01493,0.01693,0.00684,0.04510,0.08644,0.02778,0.03025,0.06690,0.00575,0.01310,0.45211,0.21214,0.00416,0.01068
38.12267,11,0.56717,0.00078,0.00801,0.00052,0.00057,0.00104,0.01299,0.00146,0.00079,0.01903,0.00407,0.07767,0.77839,0.08083,0.00105,0.01280,0.00764,0.01602,0.01727,0.00619,0.04605,0.08815,0.02611,0.03036,0.06655,0.00577,0.01147,0.49552,0.16999,0.00460,0.00831
38.14400,11,0.56190,0.00060,0.00559,0.00043,0.00045,0.00183,0.00925,0.00104,0.00062,0.01450,0.00347,0.08482,0.81063,0.05591,0.00183,0.00904,0.00838,0.01712,0.01760,0.00553,0.04702,0.08987,0.02444,0.03046,0.06619,0.00580,0.00983,0.53908,0.12769,0.00505,0.00594
38.16533,11,0.55515,0.00058,0.00411,0.00058,0.00041,0.00240,0.00658,0.00074,0.00052,0.01315,0.00400,0.20869,0.70994,0.03863,0.00288,0.00679,0.00864,0.01751,0.01772,0.00530,0.04736,0.09048,0.02384,0.03050,0.06606,0.00581,0.00925,0.55459,0.11264,0.00521,0.00509
38.18666,11,0.55680,0.00091,0.00339,0.00061,0.00057,0.01174,0.00532,0.00060,0.00048,0.01080,0.00941,0.32075,0.59714,0.02675,0.00327,0.00825,0.00873,0.01764,0.01776,0.00522,0.04747,0.09068,0.02364,0.03051,0.06602,0.00582,0.00905,0.55979,0.10759,0.00526,0.00481
38.20800,11,0.57848,0.00138,0.00263,0.00072,0.00058,0.01252,0.00424,0.00052,0.00055,0.01009,0.01109,0.42021,0.50487,0.01868,0.00477,0.00714,0.00876,0.01768,0.01778,0.00519,0.04751,0.09075,0.02358,0.03052,0.06601,0.00582,0.00899,0.56147,0.10597,0.00528,0.00472
38.22933,10,0.57865,0.00151,0.00213,0.00113,0.00048,0.01147,0.00337,0.00046,0.00068,0.00930,0.01375,0.52134,0.40633,0.01302,0.00818,0.00686,0.00877,0.01770,0.01778,0.00519,0.04752,0.09077,0.02356,0.03052,0.06600,0.00582,0.00897,0.56199,0.10545,0.00528,0.00469
38.25067,10,0.58972,0.00164,0.00314,0.00934,0.00049,0.01449,0.00248,0.00062,0.00109,0.01067,0.01874,0.60991,0.29809,0.00900,0.00793,0.01239,0.00877,0.01770,0.01778,0.00518,0.04752,0.09078,0.02355,0.03052,0.06600,0.00582,0.00896,0.56216,0.10529,0.00528,0.00468
38.27200,10,0.61562,0.00118,0.00219,0.00672,0.00035,0.01027,0.00175,0.00044,0.00078,0.00871,0.01384,0.72309,0.20588,0.00621,0.00694,0.01165,0.00465,0.02376,0.01972,0.00275,0.04125,0.06039,0.03480,0.02937,0.07813,0.01300,0.28316,0.32032,0.06393,0.02039,0.00437
38.29333,10,0.63645,0.00084,0.00151,0.00468,0.00025,0.00714,0.00125,0.00031,0.00055,0.00673,0.00973,0.80710,0.14210,0.00429,0.00517,0.00834,0.00187,0.02785,0.02103,0.00111,0.03703,0.03991,0.04239,0.02859,0.08630,0.01784,0.46790,0.15737,0.03608,0.03057,0.00416
38.31467,10,0.65517,0.00059,0.00104,0.00324,0.00017,0.00493,0.00087,0.00021,0.00038,0.00494,0.00700,0.86586,0.09805,0.00296,0.00370,0.00605,0.00067,0.02961,0.02159,0.00040,0.03520,0.03106,0.04567,0.02826,0.08983,0.01994,0.54777,0.08692,0.02404,0.03497,0.00407
38.33600,10,0.64896,0.00047,0.00072,0.00225,0.00012,0.00343,0.00063,0.00015,0.00027,0.00428,0.00596,0.90342,0.06766,0.00205,0.00359,0.00499,0.00023,0.03027,0.02180,0.00013,0.03452,0.02777,0.04689,0.02813,0.09114,0.02071,0.57747,0.06071,0.01957,0.03661,0.00404
38.35733,10,0.66159,0.00055,0.00050,0.00157,0.00008,0.00242,0.00046,0.00010,0.00019,0.00380,0.00531,0.91629,0.04670,0.00142,0.00600,0.01460,0.00007,0.03050,0.02187,0.00004,0.03429,0.02663,0.04731,0.02809,0.09159,0.02098,0.58770,0.05169,0.01803,0.03717,0.00402
38.37867,10,0.65798,0.00093,0.00035,0.00112,0.00006,0.00171,0.00037,0.00007,0.00016,0.00428,0.00471,0.84124,0.03234,0.00114,0.01170,0.09982,0.00002,0.03057,0.02190,0.00001,0.03421,0.02626,0.04744,0.02807,0.09174,0.02107,0.59106,0.04873,0.01752,0.03736,0.00402
38.40000,10,0.68555,0.00218,0.00025,0.00090,0.00005,0.00120,0.00050,0.00005,0.00016,0.00474,0.00517,0.70668,0.02319,0.00128,0.02521,0.22844,0.00001,0.03059,0.02190,0.00001,0.03420,0.02618,0.04747,0.02807,0.09177,0.02109,0.59175,0.04812,0.01742,0.03740,0.00402
38.42133,10,0.69557,0.00397,0.00019,0.00090,0.00008,0.00086,0.00097,0.00004,0.00018,0.00475,0.00491,0.51931,0.01677,0.00145,0.03680,0.40881,0.00000,0.03060,0.02191,0.00000,0.03418,0.02612,0.04750,0.02807,0.09180,0.02110,0.59235,0.04760,0.01733,0.03743,0.00402
38.44267,14,0.67883,0.00549,0.00016,0.00093,0.00014,0.00067,0.00103,0.00003,0.00021,0.00510,0.00486,0.36226,0.01193,0.00142,0.03773,0.56804,0.00000,0.03060,0.02191,0.00000,0.03418,0.02610,0.04750,0.02807,0.09181,0.02111,0.59253,0.04743,0.01730,0.03744,0.00402
38.46400,14,0.65861,0.00529,0.00020,0.00075,0.00019,0.00066,0.00081,0.00002,0.00022,0.00693,0.00593,0.25331,0.00829,0.00109,0.03870,0.67760,0.00000,0.03060,0.02191,0.00000,0.03418,0.02609,0.04751,0.02807,0.09181,0.02111,0.59259,0.04739,0.01729,0.03744,0.00402
38.48533,14,0.63432,0.00515,0.00025,0.00057,0.00017,0.00051,0.00064,0.00002,0.00020,0.00753,0.00826,0.17689,0.00575,0.00081,0.03601,0.75724,0.00096,0.04021,0.01313,0.02008,0.02187,0.02065,0.03997,0.01719,0.08038,0.03220,0.34093,0.03928,0.03198,0.03127,0.26990
38.50667,14,0.61648,0.00691,0.00039,0.00047,0.00015,0.00045,0.00060,0.00001,0.00015,0.01006,0.02020,0.12435,0.00399,0.00061,0.03526,0.79639,0.00160,0.04668,0.00721,0.03361,0.01357,0.01699,0.03489,0.00986,0.07268,0.03968,0.17135,0.03382,0.04189,0.02711,0.44906
38.52800,14,0.60877,0.00605,0.00032,0.00035,0.00012,0.00035,0.00048,0.00001,0.00014,0.01014,0.01825,0.08936,0.00281,0.00055,0.03199,0.83908,0.00188,0.04948,0.00465,0.03946,0.00999,0.01540,0.03269,0.00669,0.06935,0.04291,0.09801,0.03146,0.04617,0.02531,0.52655
38.54933,14,0.60998,0.00582,0.00044,0.00029,0.00019,0.00047,0.00057,0.00002,0.00034,0.01414,0.01615,0.06421,0.00221,0.00077,0.03370,0.86070,0.00198,0.05052,0.00370,0.04164,0.00865,0.01481,0.03187,0.00551,0.06811,0.04411,0.07074,0.03059,0.04776,0.02465,0.55535
38.57067,14,0.62525,0.00468,0.00034,0.00024,0.00014,0.00036,0.00041,0.00001,0.00031,0.01114,0.01989,0.04493,0.00175,0.00095,0.07335,0.84151,0.00202,0.05088,0.00337,0.04239,0.00819,0.01461,0.03159,0.00511,0.06768,0.04452,0.06135,0.03029,0.04831,0.02442,0.56527
38.59200,14,0.60823,0.00336,0.00026,0.00017,0.00010,0.00025,0.00029,0.00001,0.00021,0.00813,0.02276,0.03253,0.00131,0.00080,0.24451,0.68531,0.00203,0.05100,0.00326,0.04263,0.00804,0.01454,0.03150,0.00498,0.06754,0.04466,0.05827,0.03019,0.04849,0.02434,0.56853
38.61333,14,0.59155,0.00245,0.00018,0.00012,0.00007,0.00017,0.00020,0.00001,0.00015,0.00573,0.01639,0.02643,0.00095,0.00058,0.43545,0.51112,0.00203,0.05103,0.00323,0.04271,0.00799,0.01452,0.03147,0.00493,0.06750,0.04470,0.05729,0.03015,0.04855,0.02432,0.56957
38.63467,13,0.58833,0.00173,0.00013,0.00008,0.00005,0.00012,0.00014,0.00001,0.00010,0.00399,0.01158,0.02336,0.00073,0.00042,0.59337,0.36419,0.00203,0.05104,0.00322,0.04274,0.00798,0.01451,0.03146,0.00492,0.06748,0.04472,0.05698,0.03014,0.04856,0.02431,0.56989
38.65600,13,0.61141,0.00122,0.00009,0.00006,0.00003,0.00008,0.00010,0.00001,0.00007,0.00278,0.00814,0.02743,0.00052,0.00029,0.70078,0.25841,0.00203,0.05105,0.00322,0.04274,0.00798,0.01451,0.03146,0.00492,0.06748,0.04472,0.05692,0.03014,0.04857,0.02431,0.56995
38.67733,13,0.63457,0.00085,0.00006,0.00004,0.00003,0.00006,0.00008,0.00001,0.00005,0.00200,0.00582,0.03910,0.00039,0.00020,0.77177,0.17955,0.00861,0.04615,0.00474,0.03306,0.01265,0.02069,0.02538,0.00378,0.07022,0.05120,0.06477,0.02320,0.04356,0.14831,0.44366
38.69867,13,0.66547,0.00059,0.00004,0.00003,0.00002,0.00004,0.00005,0.00001,0.00004,0.00140,0.00409,0.03804,0.00027,0.00014,0.83107,0.12417,0.02080,0.03708,0.00758,0.01513,0.02130,0.03214,0.01412,0.00169,0.07530,0.06321,0.07938,0.01035,0.03427,0.37800,0.20965
38.72000,13,0.66368,0.00041,0.00003,0.00002,0.00001,0.00003,0.00004,0.00003,0.00003,0.00097,0.00299,0.03909,0.00020,0.00010,0.86994,0.08612,0.02692,0.03253,0.00900,0.00614,0.02565,0.03789,0.00847,0.00064,0.07785,0.06923,0.08672,0.00390,0.02961,0.49324,0.09223
38.74133,13,0.65973,0.00029,0.00002,0.00002,0.00003,0.00003,0.00003,0.00006,0.00002,0.00079,0.00210,0.03417,0.00021,0.00007,0.90263,0.05955,0.02933,0.03074,0.00956,0.00258,0.02736,0.04016,0.00624,0.00022,0.07885,0.07161,0.08962,0.00135,0.02777,0.53879,0.04582
38.76266,13,0.64762,0.00020,0.00001,0.00001,0.00002,0.00002,0.00002,0.00006,0.00001,0.00067,0.00149,0.03601,0.00016,0.00006,0.91991,0.04134,0.03019,0.03010,0.00976,0.00132,0.02797,0.04097,0.00544,0.00007,0.07921,0.07246,0.09065,0.00045,0.02712,0.55499,0.02931
38.78400,13,0.63670,0.00014,0.00001,0.00001,0.00002,0.00013,0.00002,0.00007,0.00001,0.00074,0.00138,0.04317,0.00016,0.00005,0.92545,0.02866,0.03048,0.02988,0.00982,0.00089,0.02818,0.04124,0.00518,0.00002,0.07933,0.07274,0.09099,0.00014,0.02690,0.56043,0.02377
38.80533,13,0.61972,0.00010,0.00001,0.00001,0.00002,0.00017,0.00003,0.00008,0.00001,0.00231,0.00140,0.04729,0.00022,0.00004,0.92851,0.01982,0.03057,0.02981,0.00985,0.00075,0.02824,0.04132,0.00509,0.00001,0.07937,0.07283,0.09111,0.00004,0.02683,0.56219,0.02198
38.82667,13,0.59813,0.00008,0.00001,0.00014,0.00004,0.00107,0.00160,0.00171,0.00006,0.00302,0.00305,0.15085,0.00119,0.00041,0.82276,0.01401,0.03060,0.02979,0.00985,0.00071,0.02826,0.04135,0.00506,0.00000,0.07938,0.07286,0.09114,0.00001,0.02680,0.56274,0.02142
38.84800,13,0.58422,0.00006,0.00003,0.00020,0.00011,0.00241,0.00324,0.00305,0.00013,0.00253,0.00463,0.37254,0.00189,0.00081,0.59828,0.01011,0.03061,0.02978,0.00985,0.00070,0.02827,0.04136,0.00505,0.00000,0.07939,0.07287,0.09115,0.00000,0.02680,0.56291,0.02125
38.86933,10,0.57087,0.00005,0.00006,0.00035,0.00013,0.00248,0.00539,0.00322,0.00021,0.00198,0.00369,0.55681,0.00189,0.00109,0.41522,0.00744,0.03061,0.02978,0.00986,0.00069,0.02827,0.04136,0.00505,0.00000,0.07939,0.07287,0.09116,0.00000,0.02679,0.56296,0.02120
38.89067,10,0.56711,0.00005,0.00021,0.00087,0.00037,0.00278,0.00651,0.00237,0.00064,0.00180,0.00280,0.68389,0.00253,0.00247,0.28695,0.00576,0.03062,0.02978,0.00986,0.00069,0.02827,0.04136,0.00505,0.00000,0.07939,0.07288,0.09116,0.00000,0.02679,0.56297,0.02118
38.91200,10,0.55617,0.00022,0.00225,0.00345,0.00113,0.00543,0.03460,0.00195,0.00176,0.00485,0.00276,0.68891,0.03248,0.01324,0.20188,0.00508,0.01623,0.03017,0.01552,0.00037,0.03105,0.03419,0.02499,0.01318,0.08522,0.04856,0.32671,0.02225,0.02233,0.31611,0.01312
38.93333,10,0.55396,0.00074,0.00186,0.00726,0.00235,0.02197,0.02834,0.00183,0.00408,0.00451,0.00267,0.72778,0.03210,0.02053,0.14005,0.00395,0.01051,0.03032,0.01777,0.00024,0.03215,0.03133,0.03293,0.01843,0.08755,0.03889,0.42043,0.03110,0.02055,0.21789,0.00991
38.95467,10,0.57423,0.00108,0.00148,0.00628,0.00287,0.09940,0.02022,0.00687,0.13270,0.00385,0.00223,0.58214,0.02321,0.01675,0.09804,0.00288,0.00396,0.03050,0.02035,0.00009,0.03341,0.02807,0.04201,0.02443,0.09020,0.02781,0.52770,0.04123,0.01852,0.10547,0.00624
38.97600,10,0.57012,0.00132,0.00124,0.00513,0.00345,0.13959,0.01443,0.00619,0.29193,0.00345,0.00164,0.42832,0.01641,0.01606,0.06873,0.00211,0.00137,0.03057,0.02137,0.00003,0.03391,0.02678,0.04560,0.02681,0.09125,0.02344,0.57009,0.04524,0.01771,0.06104,0.00479
38.99733,10,0.56589,0.00234,0.00092,0.00390,0.00280,0.11045,0.01341,0.00498,0.22335,0.00276,0.00117,0.33201,0.01185,0.23866,0.04983,0.00156,0.00045,0.03059,0.02173,0.00001,0.03409,0.02632,0.04688,0.02765,0.09163,0.02188,0.58518,0.04666,0.01743,0.04523,0.00427
39.01867,12,0.55293,0.00192,0.00064,0.00270,0.00196,0.07766,0.00998,0.00348,0.15487,0.00208,0.00082,0.23233,0.00835,0.46744,0.03468,0.00109,0.00014,0.03060,0.02185,0.00000,0.03415,0.02616,0.04731,0.02793,0.09175,0.02136,0.59024,0.04714,0.01733,0.03993,0.00410
39.04000,12,0.54515,0.00159,0.00045,0.00188,0.00137,0.05422,0.00712,0.00242,0.10710,0.00178,0.00058,0.16129,0.00611,0.62899,0.02430,0.00081,0.00005,0.03060,0.02189,0.00000,0.03417,0.02611,0.04745,0.02803,0.09179,0.02119,0.59187,0.04729,0.01730,0.03822,0.00404
39.06133,12,0.53557,0.00140,0.00032,0.00133,0.00098,0.03764,0.00565,0.00170,0.07401,0.00167,0.00043,0.11179,0.00643,0.73869,0.01712,0.00084,0.00001,0.01844,0.01810,0.00607,0.03510,0.04696,0.04554,0.02861,0.08166,0.01379,0.32730,0.04714,0.29365,0.02009,0.01754
39.08266,12,0.53197,0.00115,0.00025,0.00094,0.00069,0.02604,0.00467,0.00119,0.05114,0.00172,0.00031,0.07724,0.00781,0.81320,0.01202,0.00162,0.00000,0.01024,0.01555,0.01017,0.03573,0.06101,0.04424,0.02900,0.07483,0.00883,0.14885,0.04701,0.47984,0.00807,0.02663
39.10400,12,0.53000,0.00094,0.00030,0.00067,0.00050,0.01803,0.00404,0.00086,0.03532,0.00211,0.00022,0.05334,0.00875,0.86322,0.00834,0.00336,0.00000,0.00669,0.01444,0.01193,0.03600,0.06709,0.04368,0.02916,0.07188,0.00669,0.07168,0.04695,0.56035,0.00290,0.03057
39.12533,12,0.53119,0.00088,0.00090,0.00051,0.00036,0.01254,0.00333,0.00064,0.02439,0.00475,0.00016,0.03685,0.00696,0.89457,0.00576,0.00738,0.00000,0.00538,0.01403,0.01259,0.03610,0.06935,0.04347,0.02922,0.07078,0.00589,0.04298,0.04693,0.59028,0.00098,0.03203
39.14667,12,0.56824,0.00082,0.00203,0.00043,0.00027,0.00877,0.00335,0.00052,0.01687,0.00730,0.00013,0.02549,0.00510,0.91417,0.00399,0.01076,0.00000,0.00492,0.01389,0.01282,0.03613,0.07012,0.04339,0.02924,0.07040,0.00562,0.03310,0.04693,0.60058,0.00032,0.03253
39.16800,12,0.58290,0.00068,0.00182,0.00035,0.00019,0.00609,0.00284,0.00039,0.01165,0.00574,0.00009,0.01761,0.00370,0.93507,0.00276,0.01103,0.00000,0.00477,0.01384,0.01289,0.03614,0.07038,0.04337,0.02925,0.07028,0.00553,0.02985,0.04692,0.60397,0.00010,0.03270
39.18933,12,0.62375,0.00084,0.00146,0.00046,0.00015,0.00450,0.00271,0.00047,0.00806,0.00512,0.00009,0.01223,0.00338,0.93419,0.00197,0.02438,0.00000,0.00474,0.01383,0.01291,0.03615,0.07043,0.04336,0.02925,0.07025,0.00551,0.02919,0.04692,0.60466,0.00006,0.03273
39.21067,12,0.62175,0.00086,0.00109,0.00040,0.00046,0.00366,0.01001,0.00080,0.00557,0.00490,0.00026,0.01096,0.00867,0.91073,0.00152,0.04009,0.00000,0.00472,0.01382,0.01292,0.03615,0.07048,0.04336,0.02925,0.07023,0.00549,0.02861,0.04692,0.60526,0.00002,0.03276
39.23200,12,0.61878,0.00077,0.00085,0.00034,0.00077,0.00281,0.03734,0.00171,0.00386,0.00428,0.00154,0.01054,0.11330,0.78974,0.00110,0.03104,0.00000,0.00471,0.01382,0.01293,0.03615,0.07049,0.04336,0.02925,0.07022,0.00549,0.02843,0.04692,0.60545,0.00001,0.03277
39.25333,12,0.60659,0.00063,0.00067,0.00028,0.00060,0.00213,0.03626,0.00191,0.00268,0.00316,0.00237,0.01086,0.34508,0.57064,0.00082,0.02191,0.00000,0.00471,0.01382,0.01293,0.03615,0.07050,0.04336,0.02925,0.07022,0.00549,0.02838,0.04692,0.60550,0.00000,0.03277
39.27467,11,0.59823,0.00076,0.00054,0.00024,0.00065,0.00180,0.02695,0.00159,0.00201,0.00261,0.00332,0.02142,0.52707,0.39490,0.00094,0.01521,0.00000,0.00471,0.01382,0.01293,0.03615,0.07050,0.04336,0.02925,0.07022,0.00549,0.02836,0.04692,0.60552,0.00000,0.03277
39.29600,11,0.58894,0.00092,0.00048,0.00032,0.00065,0.00141,0.02010,0.00143,0.00213,0.00194,0.00602,0.03942,0.64042,0.27320,0.00098,0.01057,0.00000,0.00471,0.01382,0.01293,0.03615,0.07050,0.04336,0.02925,0.07022,0.00549,0.02836,0.04692,0.60553,0.00000,0.03277
39.31733,11,0.58305,0.00075,0.00043,0.00085,0.00053,0.00119,0.01465,0.00105,0.00188,0.00175,0.00738,0.07798,0.69298,0.18884,0.00212,0.00762,0.00412,0.01081,0.01568,0.00929,0.04150,0.08003,0.03405,0.02985,0.06824,0.00564,0.01924,0.28904,0.37046,0.00248,0.01957
39.33867,11,0.60194,0.00058,0.00081,0.00176,0.00038,0.00111,0.01031,0.00074,0.00133,0.00391,0.00903,0.26085,0.55239,0.13043,0.01974,0.00663,0.00690,0.01493,0.01693,0.00684,0.04510,0.08645,0.02778,0.03025,0.06690,0.00575,0.01310,0.45212,0.21212,0.00416,0.01068
39.36000,11,0.60248,0.00057,0.00067,0.00221,0.00038,0.00151,0.01167,0.00061,0.00116,0.00566,0.00726,0.26407,0.58521,0.09022,0.02357,0.00523,0.00810,0.01671,0.01748,0.00578,0.04665,0.08922,0.02507,0.03042,0.06632,0.00579,0.01045,0.52264,0.14366,0.00488,0.00683
39.38133,10,0.60760,0.00047,0.00068,0.00209,0.00035,0.00203,0.00830,0.00044,0.00087,0.01022,0.00739,0.44122,0.43818,0.06226,0.02051,0.00498,0.00854,0.01737,0.01768,0.00538,0.04723,0.09025,0.02406,0.03049,0.06611,0.00581,0.00946,0.54886,0.11820,0.00515,0.00540
39.40267,10,0.62628,0.00036,0.00065,0.00161,0.00030,0.00196,0.00590,0.00032,0.00064,0.02198,0.00791,0.58017,0.31050,0.04296,0.01977,0.00498,0.00870,0.01759,0.01775,0.00525,0.04743,0.09061,0.02371,0.03051,0.06603,0.00581,0.00912,0.55789,0.10943,0.00524,0.00491
39.42400,10,0.62342,0.00048,0.00065,0.00187,0.00036,0.00383,0.00879,0.00035,0.00062,0.03373,0.01898,0.57964,0.23574,0.02994,0.07909,0.00594,0.00463,0.02373,0.01971,0.00277,0.04122,0.06033,0.03486,0.02936,0.07814,0.01300,0.28324,0.31895,0.06523,0.02038,0.00444
39.44533,10,0.62427,0.00177,0.00182,0.00305,0.00138,0.01414,0.03085,0.00411,0.00235,0.08446,0.04105,0.50493,0.19130,0.02269,0.07732,0.01877,0.00187,0.02784,0.02102,0.00111,0.03702,0.03989,0.04240,0.02859,0.08630,0.01784,0.46792,0.15695,0.03649,0.03057,0.00418
39.46667,10,0.61102,0.00147,0.00183,0.00233,0.00279,0.19988,0.02173,0.00687,0.00750,0.09803,0.03110,0.35490,0.18498,0.01694,0.05522,0.01443,0.00113,0.02893,0.02137,0.00067,0.03590,0.03445,0.04442,0.02838,0.08847,0.01913,0.51708,0.11377,0.02890,0.03328,0.00412
39.48800,4,0.59360,0.00105,0.00147,0.00179,0.00268,0.34092,0.01519,0.00532,0.00519,0.17038,0.02172,0.24544,0.12854,0.01193,0.03820,0.01018,0.00039,0.03002,0.02172,0.00023,0.03478,0.02899,0.04643,0.02818,0.09065,0.02042,0.56640,0.07042,0.02131,0.03600,0.00405
39.50933,4,0.59062,0.00076,0.01606,0.00149,0.00221,0.33687,0.01165,0.00393,0.00360,0.30682,0.01524,0.17019,0.08885,0.00848,0.02638,0.00747,0.00013,0.03041,0.02185,0.00008,0.03437,0.02705,0.04715,0.02810,0.09143,0.02088,0.58396,0.05498,0.01861,0.03697,0.00403
39.53067,8,0.58322,0.00113,0.12080,0.00369,0.00256,0.28318,0.00926,0.00336,0.00252,0.34606,0.01210,0.12049,0.06139,0.00613,0.01825,0.00908,0.02744,0.03557,0.02364,0.01404,0.26294,0.03430,0.03708,0.02612,0.06278,0.02542,0.33468,0.03129,0.03726,0.03407,0.01338
39.55200,8,0.58226,0.00168,0.19203,0.00587,0.00324,0.21190,0.01087,0.00265,0.00177,0.36704,0.01341,0.08469,0.04244,0.00482,0.01260,0.04500,0.04587,0.03899,0.02483,0.02346,0.41699,0.03941,0.03021,0.02479,0.04338,0.02842,0.16466,0.01715,0.05014,0.03201,0.01968
39.57333,8,0.57640,0.00387,0.15129,0.00584,0.00509,0.17292,0.00927,0.08425,0.05068,0.36088,0.01014,0.05909,0.02938,0.01581,0.00872,0.03278,0.03593,0.04360,0.01932,0.02425,0.24791,0.05124,0.01579,0.02402,0.28192,0.02103,0.10787,0.01948,0.04957,0.02154,0.03653
39.59467,8,0.58849,0.00965,0.12500,0.00449,0.00712,0.14165,0.00815,0.05879,0.03531,0.49526,0.00809,0.04175,0.02056,0.01437,0.00603,0.02380,0.02683,0.04626,0.01545,0.02355,0.11389,0.05855,0.00697,0.02368,0.44517,0.01567,0.09181,0.02286,0.04750,0.01475,0.04706
39.61600,8,0.58816,0.00754,0.09387,0.00320,0.01166,0.10770,0.00629,0.04073,0.02440,0.62372,0.00590,0.02906,0.01427,0.01053,0.00416,0.01698,0.02264,0.04736,0.01376,0.02311,0.05376,0.06163,0.00325,0.02355,0.51603,0.01331,0.08729,0.02452,0.04642,0.01185,0.05153
39.63733,8,0.60594,0.00561,0.07410,0.00225,0.01088,0.07529,0.00450,0.02813,0.01684,0.72465,0.00416,0.02023,0.00991,0.00868,0.00287,0.01189,0.02103,0.04776,0.01313,0.02292,0.03102,0.06276,0.00189,0.02350,0.54244,0.01242,0.08601,0.02517,0.04598,0.01078,0.05317
39.65866,8,0.60350,0.00434,0.06078,0.00159,0.00946,0.05397,0.00320,0.01946,0.01164,0.79472,0.00294,0.01413,0.00690,0.00654,0.00198,0.00835,0.02047,0.04790,0.01291,0.02286,0.02312,0.06315,0.00142,0.02349,0.55154,0.01212,0.08565,0.02540,0.04583,0.01041,0.05374
39.68000,8,0.62089,0.00348,0.05487,0.00221,0.01487,0.03873,0.00395,0.01348,0.00922,0.82894,0.00269,0.00991,0.00479,0.00511,0.00137,0.00638,0.02029,0.04795,0.01284,0.02283,0.02051,0.06328,0.00127,0.02348,0.55453,0.01202,0.08555,0.02548,0.04578,0.01029,0.05392
39.70133,8,0.63889,0.00304,0.06215,0.00175,0.02092,0.02700,0.01271,0.00930,0.00711,0.81485,0.00415,0.01262,0.00354,0.00622,0.00139,0.01326,0.02023,0.04796,0.01282,0.02282,0.01968,0.06332,0.00122,0.02348,0.55548,0.01198,0.08552,0.02550,0.04576,0.01025,0.05398
39.72267,8,0.67162,0.00275,0.04828,0.00127,0.01457,0.01871,0.01010,0.00644,0.00536,0.63145,0.02626,0.01881,0.00258,0.00523,0.17549,0.03269,0.02021,0.04796,0.01282,0.02282,0.01951,0.06333,0.00121,0.02348,0.55567,0.01198,0.08552,0.02551,0.04576,0.01024,0.05399
39.74400,8,0.66798,0.00201,0.03390,0.00090,0.01006,0.01294,0.00725,0.00444,0.00370,0.43701,0.04068,0.01612,0.00185,0.00372,0.39660,0.02882,0.02020,0.04797,0.01281,0.02282,0.01937,0.06334,0.00120,0.02348,0.55583,0.01197,0.08551,0.02551,0.04575,0.01023,0.05400
39.76533,13,0.66185,0.00145,0.02371,0.00066,0.00694,0.00896,0.00505,0.00307,0.00256,0.30200,0.02973,0.01248,0.00128,0.00258,0.57398,0.02555,0.02020,0.04797,0.01281,0.02282,0.01932,0.06334,0.00120,0.02348,0.55588,0.01197,0.08551,0.02551,0.04575,0.01023,0.05400
39.78667,13,0.66165,0.00102,0.01693,0.00048,0.00479,0.00622,0.00351,0.00212,0.00177,0.20885,0.02090,0.00921,0.00089,0.00183,0.69369,0.02781,0.02020,0.04797,0.01281,0.02282,0.01931,0.06334,0.00120,0.02348,0.55590,0.01197,0.08551,0.02551,0.04575,0.01023,0.05400
39.80800,13,0.65277,0.00072,0.01239,0.00044,0.00331,0.00434,0.00250,0.00146,0.00122,0.14733,0.01506,0.00832,0.00063,0.00157,0.74348,0.05724,0.02509,0.03942,0.01142,0.01243,0.02352,0.05302,0.00301,0.01245,0.33206,0.04058,0.08816,0.01353,0.03685,0.26988,0.03858
39.82933,13,0.64960,0.00050,0.00867,0.00032,0.00228,0.00301,0.00176,0.00101,0.00084,0.10296,0.01067,0.00658,0.00044,0.00113,0.79764,0.06219,0.02839,0.03367,0.01049,0.00542,0.02636,0.04606,0.00423,0.00502,0.18125,0.05986,0.08995,0.00545,0.03085,0.44483,0.02819
39.85067,13,0.66760,0.00035,0.00599,0.00023,0.00158,0.00208,0.00123,0.00070,0.00058,0.07263,0.00745,0.00526,0.00031,0.00078,0.84150,0.05934,0.02982,0.03118,0.01008,0.00239,0.02758,0.04305,0.00475,0.00180,0.11601,0.06820,0.09072,0.00196,0.02825,0.52050,0.02370
39.87200,13,0.66298,0.00024,0.00414,0.00016,0.00109,0.00143,0.00085,0.00048,0.00040,0.05192,0.00524,0.03135,0.00022,0.00054,0.79792,0.10401,0.03035,0.03025,0.00993,0.00127,0.02804,0.04193,0.00495,0.00061,0.09175,0.07130,0.09101,0.00066,0.02729,0.54865,0.02203
39.89333,13,0.65323,0.00019,0.00286,0.00014,0.00078,0.00103,0.00060,0.00033,0.00029,0.04221,0.00562,0.09301,0.00019,0.00044,0.70769,0.14462,0.03053,0.02993,0.00988,0.00088,0.02820,0.04155,0.00502,0.00020,0.08339,0.07236,0.09111,0.00021,0.02695,0.55833,0.02145
39.91467,13,0.63363,0.00015,0.00199,0.00010,0.00054,0.00255,0.00048,0.00066,0.00024,0.03102,0.01182,0.27093,0.00032,0.00043,0.57780,0.10095,0.03059,0.02983,0.00986,0.00075,0.02825,0.04142,0.00504,0.00006,0.08065,0.07271,0.09114,0.00007,0.02684,0.56152,0.02126
39.93600,10,0.61284,0.00011,0.00144,0.00008,0.00040,0.00241,0.00037,0.00122,0.00017,0.02248,0.01251,0.46926,0.00535,0.00059,0.41332,0.07028,0.03061,0.02980,0.00986,0.00071,0.02827,0.04138,0.00505,0.00002,0.07978,0.07283,0.09115,0.00002,0.02681,0.56253,0.02120
39.95733,10,0.60554,0.00011,0.00117,0.00010,0.00048,0.00187,0.00043,0.00115,0.00013,0.02276,0.01369,0.58696,0.03501,0.00075,0.28640,0.04899,0.03061,0.02978,0.00986,0.00070,0.02827,0.04137,0.00505,0.00001,0.07951,0.07286,0.09116,0.00001,0.02680,0.56284,0.02118
39.97866,10,0.59341,0.00011,0.00092,0.00011,0.00046,0.00150,0.00041,0.00115,0.00011,0.03101,0.01372,0.66123,0.05571,0.00069,0.19847,0.03439,0.01623,0.03017,0.01552,0.00037,0.03105,0.03419,0.02500,0.01319,0.08526,0.04855,0.32674,0.02225,0.02233,0.31604,0.01312
40.00000,10,0.58646,0.00009,0.00070,0.00013,0.00042,0.00116,0.00035,0.00084,0.00010,0.04281,0.01160,0.71603,0.06348,0.00057,0.13773,0.02399,0.01051,0.03032,0.01777,0.00024,0.03215,0.03133,0.03293,0.01843,0.08757,0.03888,0.42046,0.03110,0.02055,0.21784,0.00991
40.02133,10,0.57276,0.00012,0.00548,0.00424,0.00077,0.00262,0.00051,0.00067,0.00048,0.20561,0.00881,0.56537,0.07354,0.00052,0.09563,0.03561,0.00396,0.03050,0.02035,0.00009,0.03341,0.02807,0.04201,0.02443,0.09021,0.02781,0.52772,0.04124,0.01852,0.10544,0.00624
40.04267,10,0.55283,0.00023,0.11485,0.09601,0.03408,0.01644,0.00053,0.00300,0.01137,0.17460,0.00644,0.39590,0.05432,0.00055,0.06608,0.02560,0.00137,0.03057,0.02137,0.00003,0.03391,0.02678,0.04560,0.02681,0.09125,0.02344,0.57009,0.04524,0.01771,0.06104,0.00479
40.06400,8,0.54283,0.00016,0.20786,0.06683,0.02466,0.01687,0.00056,0.00207,0.00786,0.29384,0.00450,0.27343,0.03750,0.00044,0.04560,0.01782,0.00045,0.03059,0.02173,0.00001,0.03409,0.02632,0.04688,0.02765,0.09163,0.02188,0.58518,0.04666,0.01743,0.04524,0.00427
40.08533,8,0.54992,0.00015,0.28079,0.04674,0.04137,0.02510,0.00122,0.00143,0.00559,0.32760,0.00437,0.19339,0.02601,0.00091,0.03149,0.01384,0.00014,0.03060,0.02185,0.00000,0.03415,0.02616,0.04731,0.02793,0.09175,0.02136,0.59024,0.04714,0.01733,0.03993,0.00410
40.10667,8,0.54969,0.00019,0.31871,0.03245,0.05069,0.02238,0.00293,0.00099,0.00418,0.37023,0.00434,0.13537,0.01810,0.00096,0.02174,0.01677,0.00953,0.03876,0.01762,0.01072,0.02718,0.04361,0.02569,0.02587,0.30982,0.01689,0.35363,0.03703,0.03067,0.02544,0.02753
40.12800,8,0.56179,0.00042,0.35163,0.02255,0.06027,0.01842,0.00400,0.00069,0.00365,0.39546,0.00367,0.09405,0.01260,0.00089,0.01501,0.01669,0.01590,0.04426,0.01475,0.01794,0.02248,0.05539,0.01107,0.02445,0.45674,0.01395,0.19363,0.03016,0.03968,0.01628,0.04333
40.14933,8,0.57608,0.00123,0.33826,0.01572,0.06554,0.01605,0.00527,0.00049,0.00356,0.39167,0.00671,0.06528,0.00880,0.00092,0.01046,0.07004,0.01865,0.04663,0.01351,0.02107,0.02045,0.06048,0.00475,0.02383,0.52025,0.01268,0.12440,0.02719,0.04357,0.01239,0.05017
40.17067,8,0.57389,0.00215,0.34265,0.01106,0.06098,0.01323,0.00711,0.00035,0.00396,0.40867,0.01066,0.04528,0.00610,0.00095,0.00731,0.07955,0.01968,0.04752,0.01304,0.02223,0.01969,0.06237,0.00240,0.02360,0.54387,0.01221,0.09864,0.02608,0.04502,0.01096,0.05271
40.19200,8,0.58371,0.00221,0.38232,0.00776,0.04640,0.00997,0.00643,0.00025,0.00315,0.43405,0.00855,0.03129,0.00422,0.00110,0.00506,0.05724,0.02003,0.04782,0.01289,0.02263,0.01943,0.06303,0.00159,0.02352,0.55200,0.01205,0.08977,0.02570,0.04551,0.01047,0.05358
40.21333,8,0.57835,0.00240,0.39889,0.00545,0.03643,0.00731,0.00583,0.00017,0.00247,0.46319,0.00643,0.02161,0.00293,0.00215,0.00351,0.04122,0.02015,0.04792,0.01283,0.02276,0.01934,0.06324,0.00132,0.02349,0.55467,0.01199,0.08685,0.02557,0.04568,0.01030,0.05387
40.23466,8,0.57801,0.00372,0.33344,0.00388,0.02652,0.00706,0.00532,0.00018,0.00246,0.55637,0.00700,0.01513,0.00210,0.00444,0.00244,0.02994,0.02018,0.04795,0.01282,0.02280,0.01932,0.06331,0.00123,0.02348,0.55552,0.01198,0.08593,0.02553,0.04573,0.01025,0.05396
40.25600,8,0.57654,0.00477,0.27148,0.00273,0.01918,0.00707,0.00571,0.00021,0.00212,0.63629,0.00705,0.01048,0.00147,0.00685,0.00169,0.02290,0.02019,0.04796,0.01281,0.02281,0.01931,0.06332,0.00122,0.02348,0.55569,0.01197,0.08574,0.02552,0.04574,0.01024,0.05398
40.27733,8,0.57245,0.00554,0.22747,0.00302,0.02963,0.00790,0.01139,0.00040,0.00737,0.65649,0.00756,0.00728,0.00104,0.01251,0.00117,0.02124,0.02020,0.04796,0.01281,0.02282,0.01931,0.06333,0.00120,0.02348,0.55584,0.01197,0.08558,0.02552,0.04575,0.01023,0.05400
40.29867,8,0.58412,0.01008,0.21815,0.00224,0.03091,0.01114,0.01166,0.00172,0.01449,0.64607,0.00680,0.00520,0.00081,0.02093,0.00091,0.01890,0.02020,0.04797,0.01281,0.02282,0.01931,0.06334,0.00120,0.02348,0.55588,0.01197,0.08553,0.02552,0.04575,0.01023,0.05400
40.32000,8,0.57960,0.00786,0.19013,0.00569,0.05298,0.01244,0.01437,0.00336,0.01060,0.55007,0.04181,0.00513,0.00076,0.08247,0.00078,0.02154,0.02020,0.04797,0.01281,0.02282,0.01931,0.06334,0.00120,0.02348,0.55590,0.01197,0.08552,0.02551,0.04575,0.01023,0.05400
40.34133,8,0.61999,0.00596,0.16899,0.00410,0.05258,0.00959,0.01368,0.00244,0.00781,0.61101,0.03005,0.00801,0.00182,0.06433,0.00075,0.01889,0.02020,0.04797,0.01281,0.02282,0.01931,0.06334,0.00120,0.02348,0.55590,0.01197,0.08551,0.02551,0.04575,0.01023,0.05400
40.36267,8,0.63609,0.00491,0.13136,0.00293,0.03731,0.00705,0.01051,0.00173,0.00546,0.54169,0.02499,0.02979,0.00195,0.05392,0.08560,0.06081,0.02020,0.04797,0.01281,0.02282,0.01931,0.06334,0.00120,0.02348,0.55590,0.01197,0.08551,0.02551,0.04575,0.01023,0.05400
40.38400,8,0.65448,0.00340,0.09077,0.00202,0.02575,0.00487,0.00727,0.00119,0.00377,0.37757,0.01783,0.02105,0.00135,0.03730,0.36088,0.04498,0.02020,0.04797,0.01281,0.02282,0.01931,0.06334,0.00120,0.02348,0.55590,0.01197,0.08551,0.02551,0.04575,0.01023,0.05400
40.40533,13,0.67946,0.00236,0.06269,0.00140,0.01777,0.00337,0.00502,0.00082,0.00260,0.26142,0.01260,0.01488,0.00094,0.02577,0.55628,0.03208,0.02020,0.04797,0.01281,0.02282,0.01931,0.06334,0.00120,0.02348,0.55590,0.01197,0.08551,0.02551,0.04575,0.01023,0.05400
40.42667,13,0.67289,0.00163,0.04336,0.00097,0.01226,0.00233,0.00347,0.00057,0.00179,0.18059,0.00916,0.01038,0.00065,0.01778,0.69245,0.02261,0.02020,0.04797,0.01281,0.02282,0.01931,0.06334,0.00120,0.02348,0.55590,0.01197,0.08551,0.02551,0.04575,0.01023,0.05400
40.44800,13,0.67106,0.00113,0.03035,0.00071,0.00846,0.00161,0.00242,0.00039,0.00124,0.12515,0.00802,0.00742,0.00045,0.01232,0.78257,0.01776,0.02509,0.03942,0.01142,0.01242,0.02352,0.05301,0.00301,0.01245,0.33204,0.04058,0.08816,0.01353,0.03685,0.26991,0.03858
40.46933,13,0.67329,0.00078,0.02099,0.00049,0.00584,0.00111,0.00167,0.00027,0.00085,0.08656,0.00890,0.00519,0.00031,0.00852,0.84507,0.01343,0.02839,0.03367,0.01049,0.00542,0.02636,0.04606,0.00423,0.00502,0.18120,0.05986,0.08995,0.00545,0.03084,0.44488,0.02819
40.49067,13,0.67084,0.00054,0.01458,0.00035,0.00403,0.00077,0.00117,0.00019,0.00059,0.06152,0.00641,0.00427,0.00022,0.00588,0.86427,0.03521,0.02982,0.03118,0.01008,0.00239,0.02758,0.04305,0.00475,0.00180,0.11600,0.06820,0.09072,0.00196,0.02825,0.52052,0.02370
40.51200,13,0.68481,0.00038,0.01007,0.00024,0.00278,0.00053,0.00082,0.00013,0.00041,0.04316,0.00450,0.02844,0.00016,0.00406,0.75931,0.14502,0.03035,0.03025,0.00993,0.00127,0.02804,0.04193,0.00495,0.00061,0.09174,0.07130,0.09101,0.00066,0.02729,0.54865,0.02203
40.53333,13,0.67663,0.00028,0.00696,0.00018,0.00193,0.00038,0.00057,0.00009,0.00029,0.03113,0.00350,0.12348,0.00017,0.00284,0.64711,0.18109,0.03046,0.03005,0.00990,0.00102,0.02814,0.04169,0.00499,0.00035,0.08645,0.07197,0.09107,0.00038,0.02707,0.55479,0.02166
40.55466,13,0.66597,0.00021,0.00483,0.00013,0.00135,0.00087,0.00041,0.00010,0.00022,0.02208,0.00361,0.31774,0.00026,0.00204,0.51977,0.12638,0.03057,0.02987,0.00987,0.00080,0.02823,0.04147,0.00503,0.00011,0.08164,0.07259,0.09113,0.00012,0.02688,0.56036,0.02133
40.57600,10,0.66358,0.00015,0.00334,0.00009,0.00094,0.00151,0.00030,0.00022,0.00017,0.01573,0.00259,0.51683,0.00033,0.00158,0.36893,0.08729,0.03060,0.02981,0.00986,0.00072,0.02826,0.04140,0.00505,0.00003,0.08009,0.07279,0.09115,0.00004,0.02682,0.56216,0.02122
40.59733,10,0.65400,0.00010,0.00231,0.00007,0.00079,0.00132,0.00038,0.00062,0.00013,0.01124,0.00188,0.66345,0.00102,0.00133,0.25504,0.06031,0.03061,0.02979,0.00986,0.00070,0.02827,0.04137,0.00505,0.00001,0.07960,0.07285,0.09115,0.00001,0.02680,0.56273,0.02119
40.61867,10,0.64102,0.00008,0.00188,0.00037,0.00100,0.00134,0.00522,0.00260,0.00012,0.00887,0.00131,0.75512,0.00188,0.00243,0.17599,0.04178,0.01623,0.03017,0.01552,0.00037,0.03105,0.03419,0.02499,0.01319,0.08529,0.04855,0.32671,0.02225,0.02233,0.31604,0.01312
40.64000,10,0.63063,0.00013,0.00138,0.00070,0.00072,0.00338,0.01594,0.00257,0.00014,0.00774,0.00092,0.78427,0.00231,0.02948,0.12145,0.02888,0.00654,0.03043,0.01933,0.00015,0.03292,0.02936,0.03843,0.02207,0.08917,0.03217,0.48542,0.03724,0.01932,0.14976,0.00769
40.66133,10,0.61620,0.00020,0.00126,0.00567,0.00144,0.03795,0.14004,0.00396,0.00185,0.07018,0.00066,0.59684,0.00235,0.03376,0.08387,0.02000,0.00235,0.03054,0.02098,0.00005,0.03372,0.02726,0.04425,0.02591,0.09086,0.02509,0.55407,0.04372,0.01802,0.07782,0.00534
40.68267,10,0.60940,0.00015,0.00093,0.00393,0.00100,0.02705,0.37105,0.00274,0.00129,0.08207,0.00045,0.41211,0.00164,0.02393,0.05787,0.01380,0.00079,0.03058,0.02160,0.00002,0.03402,0.02649,0.04641,0.02734,0.09149,0.02245,0.57961,0.04614,0.01753,0.05107,0.00446
40.70400,5,0.60511,0.00011,0.00130,0.00276,0.00102,0.02882,0.49295,0.00196,0.00090,0.11789,0.00034,0.28440,0.00113,0.01677,0.03993,0.00969,0.00026,0.03060,0.02181,0.00001,0.03413,0.02622,0.04715,0.02783,0.09171,0.02155,0.58839,0.04697,0.01737,0.04186,0.00416
40.72533,5,0.59023,0.00027,0.00685,0.00297,0.01082,0.10896,0.47804,0.00286,0.00087,0.14396,0.00040,0.19630,0.00079,0.01176,0.02756,0.00759,0.00008,0.03060,0.02188,0.00000,0.03416,0.02613,0.04740,0.02799,0.09178,0.02125,0.59128,0.04724,0.01731,0.03884,0.00406
40.74667,5,0.57628,0.00314,0.03273,0.00314,0.03665,0.16048,0.41108,0.00368,0.00082,0.17618,0.00077,0.13551,0.00058,0.00856,0.01902,0.00767,0.00789,0.03500,0.02732,0.00738,0.03945,0.28372,0.02622,0.02008,0.07535,0.01543,0.34306,0.03306,0.02737,0.03868,0.01999
40.76800,5,0.55281,0.01204,0.04960,0.00298,0.06913,0.22759,0.31547,0.00841,0.00314,0.18946,0.00103,0.09362,0.00044,0.00651,0.01313,0.00746,0.01318,0.03796,0.03098,0.01235,0.04301,0.45732,0.01192,0.01473,0.06427,0.01155,0.17546,0.02347,0.03415,0.03893,0.03074
40.78933,5,0.51382,0.03807,0.04952,0.00249,0.07257,0.25168,0.30355,0.01003,0.00375,0.18212,0.00087,0.06474,0.00033,0.00505,0.00907,0.00617,0.01458,0.03875,0.03196,0.01367,0.04395,0.50354,0.00811,0.01331,0.06132,0.01052,0.13082,0.02092,0.03595,0.03902,0.03360
40.81067,4,0.46328,0.07354,0.10592,0.00228,0.06727,0.27642,0.25091,0.01109,0.00287,0.14872,0.00073,0.04482,0.00025,0.00368,0.00627,0.00524,0.01600,0.03954,0.03293,0.01500,0.04490,0.54990,0.00428,0.01188,0.05836,0.00948,0.08603,0.01836,0.03776,0.03911,0.03647
40.83200,4,0.42949,0.07722,0.14364,0.00532,0.09965,0.30224,0.20260,0.01355,0.00243,0.10982,0.00071,0.03111,0.00020,0.00269,0.00434,0.00449,0.01650,0.03982,0.03328,0.01547,0.04524,0.56640,0.00292,0.01137,0.05730,0.00911,0.07009,0.01744,0.03841,0.03915,0.03749
40.85333,4,0.40293,0.05342,0.09917,0.00370,0.06905,0.48617,0.14077,0.02610,0.00240,0.07606,0.00051,0.02185,0.00023,0.00895,0.00307,0.00857,0.03620,0.04054,0.02972,0.02226,0.26875,0.32221,0.01341,0.01720,0.04450,0.01909,0.05875,0.01290,0.04810,0.03513,0.03123
40.87467,4,0.41447,0.04061,0.06974,0.00340,0.04828,0.39447,0.10222,0.20315,0.03844,0.05470,0.00087,0.01738,0.00025,0.01433,0.00224,0.00992,0.04941,0.04099,0.02729,0.02678,0.41931,0.15574,0.02064,0.02119,0.03599,0.02585,0.05299,0.00995,0.05456,0.03242,0.02689
40.89600,6,0.64867,0.02802,0.04826,0.00235,0.03340,0.27637,0.11423,0.31207,0.02655,0.03783,0.00097,0.01279,0.00056,0.05813,0.00156,0.04691,0.05512,0.04119,0.02623,0.02873,0.48443,0.08351,0.02378,0.02292,0.03233,0.02878,0.05070,0.00869,0.05734,0.03125,0.02500
40.91733,6,0.78856,0.01934,0.03332,0.00162,0.02305,0.19119,0.10145,0.28208,0.01832,0.02611,0.00082,0.01638,0.15377,0.09825,0.00111,0.03320,0.05724,0.04126,0.02583,0.02946,0.50865,0.05662,0.02495,0.02357,0.03097,0.02987,0.04988,0.00822,0.05838,0.03081,0.02430
40.93867,12,0.87483,0.01335,0.02309,0.00112,0.01595,0.13202,0.07310,0.23446,0.01266,0.01842,0.00111,0.05725,0.15337,0.23479,0.00483,0.02447,0.03057,0.02188,0.01710,0.01583,0.28429,0.03496,0.34071,0.02748,0.03123,0.03521,0.05598,0.00542,0.03962,0.02235,0.03738
40.96000,12,0.86820,0.00922,0.01608,0.00078,0.01116,0.09118,0.05048,0.16348,0.00875,0.02843,0.00160,0.06095,0.12000,0.38598,0.03320,0.01873,0.01235,0.00882,0.01126,0.00656,0.13030,0.02357,0.55324,0.03003,0.03157,0.03868,0.06018,0.00360,0.02686,0.01670,0.04628
40.98133,12,0.80264,0.00636,0.01113,0.00107,0.00837,0.06310,0.03490,0.11283,0.00608,0.24509,0.00138,0.09001,0.09637,0.26947,0.04019,0.01364,0.00445,0.00538,0.01179,0.00848,0.06829,0.04434,0.33823,0.02996,0.04977,0.02349,0.04572,0.02374,0.29721,0.00820,0.04096
41.00267,5,0.66754,0.00441,0.00808,0.00107,0.01429,0.04728,0.21406,0.07790,0.00585,0.20473,0.00117,0.09568,0.06997,0.18772,0.04423,0.02356,0.00150,0.00477,0.01291,0.01099,0.04665,0.05978,0.16559,0.02958,0.06198,0.01280,0.03542,0.03755,0.48105,0.00322,0.03622
41.02400,5,0.54850,0.00305,0.00559,0.00075,0.00991,0.03586,0.45179,0.05381,0.00407,0.14127,0.00082,0.06790,0.04832,0.12956,0.03054,0.01677,0.00049,0.00469,0.01348,0.01220,0.03948,0.06661,0.08791,0.02938,0.06726,0.00812,0.03091,0.04355,0.56075,0.00114,0.03404
41.04533,5,0.45633,0.00212,0.00389,0.00052,0.00709,0.02983,0.61614,0.03719,0.00288,0.09748,0.00057,0.04690,0.03334,0.08940,0.02108,0.01157,0.00802,0.02126,0.02292,0.01398,0.04153,0.30600,0.03921,0.02078,0.06291,0.00800,0.04514,0.03172,0.32410,0.01878,0.03566
41.06667,5,0.44395,0.00151,0.00269,0.00036,0.00490,0.02071,0.73390,0.02570,0.00221,0.06727,0.00043,0.03289,0.02306,0.06179,0.01460,0.00799,0.01108,0.02785,0.02664,0.01461,0.04280,0.40073,0.02506,0.01737,0.06083,0.00826,0.05110,0.02662,0.22467,0.02594,0.03645
41.08800,5,0.41419,0.00154,0.00186,0.00025,0.00339,0.01440,0.80416,0.01798,0.00273,0.04807,0.00103,0.02910,0.01597,0.04296,0.01041,0.00613,0.01461,0.03539,0.03089,0.01530,0.04438,0.50904,0.01037,0.01347,0.05834,0.00865,0.05801,0.02066,0.10933,0.03417,0.03740
41.10933,5,0.36897,0.00170,0.00136,0.00020,0.00254,0.01011,0.82991,0.01258,0.00253,0.03949,0.00278,0.04124,0.01106,0.03011,0.00765,0.00674,0.01600,0.03837,0.03256,0.01557,0.04504,0.55182,0.00497,0.01193,0.05733,0.00883,0.06076,0.01827,0.06332,0.03743,0.03779
41.13066,5,0.32228,0.00362,0.00132,0.00050,0.00228,0.00745,0.80146,0.00875,0.00194,0.08561,0.00282,0.04180,0.00770,0.02098,0.00615,0.00761,0.01650,0.03943,0.03316,0.01566,0.04529,0.56703,0.00313,0.01139,0.05697,0.00890,0.06175,0.01742,0.04687,0.03859,0.03792
41.15200,5,0.48481,0.00293,0.04527,0.00044,0.00208,0.00676,0.68592,0.00609,0.00136,0.12260,0.00820,0.07526,0.00612,0.01554,0.00801,0.01342,0.01667,0.03979,0.03336,0.01569,0.04537,0.57213,0.00253,0.01120,0.05684,0.00892,0.06208,0.01713,0.04133,0.03898,0.03797
41.17333,5,0.62700,0.00205,0.03537,0.00032,0.00147,0.00476,0.55395,0.00424,0.00094,0.14323,0.00661,0.16365,0.00546,0.01305,0.02350,0.04141,0.01672,0.03990,0.03342,0.01570,0.04540,0.57378,0.00234,0.01114,0.05680,0.00893,0.06219,0.01704,0.03954,0.03911,0.03799
41.19467,5,0.65646,0.00144,0.02458,0.00022,0.00102,0.00334,0.38353,0.00293,0.00065,0.16647,0.00723,0.13704,0.00406,0.01046,0.15129,0.10572,0.01674,0.03994,0.03344,0.01570,0.04540,0.57430,0.00228,0.01112,0.05679,0.00893,0.06222,0.01701,0.03898,0.03915,0.03799
41.21600,13,0.68902,0.00101,0.01705,0.00016,0.00071,0.00243,0.26517,0.00203,0.00048,0.20237,0.00775,0.11315,0.00307,0.00775,0.28537,0.09149,0.01674,0.03995,0.03345,0.01570,0.04541,0.57446,0.00226,0.01112,0.05679,0.00893,0.06223,0.01700,0.03880,0.03916,0.03799
41.23733,13,0.70497,0.00071,0.01179,0.00012,0.00050,0.00176,0.18314,0.00142,0.00058,0.23377,0.00690,0.08568,0.00241,0.00600,0.39900,0.06623,0.01675,0.03995,0.03345,0.01570,0.04541,0.57451,0.00226,0.01112,0.05679,0.00893,0.06223,0.01699,0.03875,0.03917,0.03799
41.25867,13,0.65789,0.00051,0.00822,0.00020,0.00055,0.00245,0.12702,0.00177,0.09710,0.27135,0.00536,0.06714,0.00184,0.00493,0.34989,0.06168,0.02326,0.03517,0.02236,0.00865,0.03736,0.32401,0.00357,0.00589,0.06741,0.03898,0.07582,0.00901,0.03313,0.28528,0.03009
41.28000,13,0.54580,0.00038,0.00591,0.00069,0.01380,0.02859,0.10763,0.00229,0.06743,0.22908,0.00422,0.04727,0.00130,0.00361,0.24500,0.24279,0.02765,0.03195,0.01490,0.00390,0.03193,0.15528,0.00445,0.00238,0.07456,0.05921,0.08498,0.00363,0.02935,0.45106,0.02477
41.30133,4,0.45072,0.00036,0.00443,0.00122,0.04963,0.20997,0.10914,0.03052,0.04694,0.16796,0.00326,0.03386,0.00093,0.00281,0.16954,0.16945,0.02955,0.03056,0.01167,0.00184,0.02959,0.08232,0.00484,0.00085,0.07765,0.06796,0.08893,0.00131,0.02771,0.52274,0.02247
41.32267,4,0.36805,0.00078,0.00490,0.00138,0.04590,0.26895,0.23541,0.03014,0.03265,0.11685,0.00230,0.02391,0.00064,0.00199,0.11710,0.11709,0.02999,0.03024,0.01092,0.00137,0.02904,0.06531,0.00493,0.00050,0.07837,0.07000,0.08986,0.00076,0.02733,0.53946,0.02193
41.34400,5,0.30353,0.00744,0.00779,0.00343,0.09512,0.25832,0.31971,0.02152,0.02293,0.08100,0.00162,0.01717,0.00047,0.00141,0.08087,0.08120,0.03679,0.03258,0.01384,0.00762,0.14198,0.04962,0.00973,0.00567,0.06774,0.06215,0.08113,0.00209,0.03436,0.43263,0.02206
41.36533,5,0.29902,0.00791,0.02090,0.00452,0.16581,0.19132,0.26266,0.01488,0.01589,0.09793,0.00152,0.05799,0.00095,0.00205,0.06360,0.09208,0.04874,0.03739,0.02033,0.01990,0.35191,0.04490,0.01850,0.01575,0.04703,0.04470,0.06365,0.00532,0.04794,0.21088,0.02307
41.38667,5,0.29385,0.00952,0.10674,0.00823,0.13108,0.14276,0.28534,0.01036,0.01270,0.08359,0.00113,0.04417,0.00097,0.00213,0.04836,0.11293,0.03518,0.03919,0.02730,0.01944,0.23380,0.29328,0.01195,0.01482,0.04905,0.02573,0.06082,0.01121,0.04529,0.10274,0.03021
41.40800,5,0.28364,0.01092,0.09826,0.00997,0.09684,0.11389,0.34343,0.00730,0.00926,0.06137,0.00114,0.03795,0.00090,0.00158,0.07589,0.13129,0.02438,0.03973,0.03108,0.01742,0.12492,0.46109,0.00631,0.01278,0.05331,0.01540,0.06137,0.01472,0.04160,0.06100,0.03487
41.42933,5,0.26693,0.00923,0.14515,0.01244,0.06925,0.09689,0.27786,0.00521,0.00677,0.04880,0.00261,0.09021,0.00105,0.00145,0.10193,0.13115,0.01953,0.03989,0.03262,0.01636,0.07465,0.53373,0.00374,0.01174,0.05547,0.01121,0.06187,0.01619,0.03980,0.04633,0.03688
41.45066,5,0.25328,0.01591,0.19175,0.01066,0.05442,0.08630,0.22151,0.00405,0.00599,0.04516,0.00554,0.12305,0.00214,0.00193,0.12806,0.10352,0.01769,0.03994,0.03318,0.01593,0.05541,0.56076,0.00276,0.01133,0.05633,0.00969,0.06210,0.01672,0.03910,0.04145,0.03762
41.47200,1,0.45355,0.04225,0.28207,0.00964,0.04128,0.07963,0.17578,0.00331,0.00542,0.04330,0.00595,0.11110,0.00263,0.00247,0.11140,0.08376,0.01706,0.03995,0.03336,0.01578,0.04868,0.57006,0.00242,0.01119,0.05663,0.00918,0.06219,0.01691,0.03885,0.03988,0.03787
41.49333,14,0.58875,0.02919,0.19541,0.00670,0.02850,0.05499,0.12217,0.00228,0.00374,0.03650,0.00539,0.07728,0.00186,0.00196,0.16504,0.26899,0.01684,0.03995,0.03342,0.01573,0.04645,0.57312,0.00231,0.01114,0.05674,0.00901,0.06222,0.01697,0.03877,0.03938,0.03796
41.51467,14,0.62301,0.02032,0.13503,0.00464,0.01988,0.03848,0.08505,0.00158,0.00276,0.04770,0.04995,0.08053,0.00679,0.02556,0.23906,0.24268,0.00920,0.27942,0.03934,0.02798,0.03840,0.31590,0.00121,0.01568,0.06084,0.02540,0.06589,0.01619,0.02907,0.03829,0.03719
41.53600,8,0.66338,0.01403,0.09973,0.00339,0.01461,0.03360,0.06058,0.00120,0.00312,0.28538,0.03702,0.06214,0.00563,0.02119,0.18522,0.17316,0.00474,0.20653,0.02322,0.03668,0.02298,0.13735,0.01526,0.01127,0.06454,0.03683,0.06217,0.02263,0.03684,0.03157,0.28737
41.55733,8,0.66072,0.00971,0.07306,0.00238,0.01039,0.02445,0.20302,0.00083,0.00217,0.33772,0.02591,0.04307,0.00391,0.01469,0.12852,0.12017,0.00297,0.11847,0.01140,0.04054,0.01387,0.05893,0.02491,0.00757,0.06638,0.04187,0.05907,0.02710,0.04365,0.02721,0.45607
41.57867,8,0.64974,0.00675,0.05808,0.00257,0.01207,0.03350,0.28005,0.00077,0.00171,0.36863,0.01908,0.02977,0.00272,0.01203,0.08890,0.08337,0.01088,0.07470,0.01069,0.03264,0.01539,0.05249,0.01488,0.01461,0.29656,0.02837,0.07112,0.02687,0.04544,0.01874,0.28663
41.60000,8,0.62581,0.00485,0.04608,0.00453,0.01685,0.10248,0.29099,0.00174,0.00152,0.36291,0.01397,0.02060,0.00189,0.01128,0.06137,0.05894,0.01414,0.06387,0.01125,0.02923,0.01663,0.05519,0.01021,0.01768,0.38800,0.02266,0.07615,0.02646,0.04566,0.01567,0.20721
41.62133,5,0.60068,0.00387,0.07069,0.00715,0.02118,0.13405,0.32238,0.00262,0.00119,0.30432,0.01069,0.01436,0.00132,0.00949,0.04235,0.05434,0.01790,0.05334,0.01214,0.02526,0.01824,0.05977,0.00466,0.02127,0.49263,0.01603,0.08196,0.02590,0.04576,0.01225,0.11287
41.64267,8,0.58996,0.00382,0.14163,0.00794,0.01875,0.10264,0.25034,0.00267,0.00089,0.28346,0.01273,0.01019,0.00093,0.00942,0.02929,0.12532,0.01940,0.04971,0.01256,0.02367,0.01892,0.06201,0.00241,0.02271,0.53395,0.01338,0.08428,0.02565,0.04577,0.01093,0.07465
41.66400,1,0.58613,0.00293,0.34613,0.00602,0.01344,0.07143,0.17391,0.00187,0.00062,0.25119,0.00960,0.00758,0.00067,0.00736,0.02022,0.08705,0.01831,0.04476,0.02242,0.01976,0.03144,0.30300,0.00210,0.01742,0.31420,0.01101,0.07417,0.02156,0.04246,0.02405,0.05335
41.68533,1,0.58971,0.00455,0.35518,0.00581,0.01437,0.06718,0.13805,0.00193,0.00060,0.31829,0.00739,0.00579,0.00050,0.00553,0.01397,0.06087,0.01902,0.04560,0.01932,0.02066,0.02753,0.22500,0.00166,0.01948,0.39560,0.01116,0.07801,0.02283,0.04353,0.01946,0.05114
41.70667,1,0.57782,0.00393,0.43228,0.00439,0.01143,0.04809,0.09970,0.00137,0.00045,0.33011,0.00662,0.00403,0.00036,0.00405,0.00965,0.04355,0.01050,0.28266,0.03123,0.03080,0.02779,0.11520,0.00082,0.02051,0.25644,0.02662,0.07501,0.01955,0.03182,0.02687,0.04419
41.72800,1,0.57555,0.00562,0.43059,0.00339,0.00942,0.03846,0.07593,0.00106,0.00079,0.37932,0.00941,0.00285,0.00026,0.00325,0.00666,0.03297,0.00462,0.44214,0.03997,0.03741,0.02888,0.05911,0.00032,0.02074,0.14461,0.03696,0.07213,0.01705,0.02368,0.03289,0.03948
41.74933,1,0.57272,0.01200,0.40452,0.00281,0.01199,0.02880,0.05428,0.00085,0.00188,0.40410,0.00887,0.00220,0.00025,0.03434,0.00465,0.02847,0.00207,0.51106,0.04382,0.04024,0.02944,0.03680,0.00011,0.02080,0.09430,0.04143,0.07080,0.01593,0.02014,0.03561,0.03745
41.77067,12,0.57934,0.00914,0.28838,0.00199,0.00859,0.02023,0.03758,0.00063,0.00278,0.29430,0.00619,0.00157,0.00019,0.30505,0.00322,0.02014,0.00111,0.53668,0.04527,0.04129,0.02967,0.02883,0.00004,0.02081,0.07526,0.04309,0.07029,0.01551,0.01881,0.03664,0.03669
41.79200,12,0.59685,0.00656,0.20097,0.00151,0.00596,0.01409,0.02599,0.00054,0.00221,0.21237,0.00433,0.00115,0.00017,0.50428,0.00223,0.01766,0.00078,0.54551,0.04577,0.04165,0.02975,0.02615,0.00001,0.02081,0.06864,0.04366,0.07011,0.01537,0.01836,0.03700,0.03643
41.81333,12,0.61375,0.00492,0.15157,0.00215,0.00417,0.00983,0.01812,0.00053,0.00244,0.19029,0.00758,0.00144,0.00026,0.45558,0.00167,0.14945,0.00038,0.29235,0.03081,0.02820,0.03277,0.04671,0.02037,0.02478,0.06870,0.02578,0.05047,0.03018,0.29416,0.01965,0.03469
41.83467,12,0.62076,0.00379,0.15492,0.00395,0.00290,0.00684,0.01300,0.00042,0.00173,0.20540,0.00828,0.00124,0.00026,0.32727,0.00145,0.26856,0.00015,0.12075,0.02067,0.01909,0.03479,0.06087,0.03410,0.02745,0.06951,0.01367,0.03727,0.04017,0.48004,0.00792,0.03354
41.85600,14,0.58952,0.00367,0.10944,0.03165,0.00338,0.00558,0.00996,0.00074,0.00385,0.20813,0.00643,0.00150,0.00034,0.22998,0.00107,0.38429,0.00009,0.07501,0.01797,0.01666,0.03533,0.06466,0.03775,0.02816,0.06978,0.01045,0.03375,0.04283,0.52953,0.00480,0.03324
41.87733,14,0.57524,0.00952,0.08091,0.03646,0.00359,0.05393,0.01366,0.00186,0.00548,0.27297,0.03551,0.00254,0.00057,0.17191,0.00162,0.30946,0.00003,0.02911,0.01526,0.01422,0.03586,0.06847,0.04141,0.02888,0.07006,0.00721,0.03023,0.04550,0.57916,0.00167,0.03293
41.89867,8,0.56805,0.00817,0.07752,0.02532,0.00266,0.04514,0.01749,0.00148,0.00386,0.41852,0.04820,0.00865,0.00120,0.11994,0.00130,0.22057,0.00048,0.02343,0.01185,0.02022,0.02957,0.05694,0.03998,0.02353,0.06953,0.01509,0.03553,0.04259,0.46861,0.00615,0.15650
41.92000,8,0.56465,0.00631,0.13264,0.01754,0.00199,0.03275,0.01301,0.00104,0.00272,0.48962,0.03383,0.01233,0.00123,0.08426,0.01331,0.15743,0.00134,0.03771,0.00701,0.03265,0.01762,0.03352,0.03534,0.01323,0.06840,0.03143,0.04726,0.03575,0.23702,0.01614,0.38558
41.94133,8,0.62184,0.00446,0.09522,0.01223,0.00154,0.02410,0.00947,0.00074,0.00191,0.47766,0.02371,0.13225,0.00208,0.06391,0.03165,0.11909,0.01031,0.04441,0.00914,0.02957,0.01693,0.04463,0.01872,0.01677,0.29729,0.02431,0.06669,0.03009,0.11847,0.01460,0.25806
41.96267,8,0.67906,0.00314,0.06604,0.00846,0.00109,0.01680,0.00680,0.00053,0.00132,0.39400,0.01664,0.10782,0.00159,0.04481,0.23767,0.09328,0.01623,0.04679,0.01125,0.02575,0.01815,0.05540,0.00818,0.02060,0.45166,0.01722,0.07813,0.02724,0.07110,0.01216,0.14014
41.98400,13,0.71116,0.00217,0.04560,0.00584,0.00075,0.01160,0.00470,0.00037,0.00091,0.27425,0.01162,0.07455,0.00110,0.03095,0.46725,0.06834,0.01877,0.04759,0.01223,0.02391,0.01885,0.06041,0.00369,0.02241,0.51842,0.01391,0.08289,0.02611,0.05415,0.01096,0.08568
42.00533,13,0.71358,0.00150,0.03147,0.00403,0.00052,0.00800,0.00324,0.00026,0.00063,0.18936,0.00810,0.05146,0.00076,0.02136,0.63135,0.04797,0.01972,0.04785,0.01261,0.02320,0.01914,0.06234,0.00204,0.02311,0.54325,0.01263,0.08464,0.02571,0.04844,0.01048,0.06484
42.02666,13,0.70259,0.00104,0.02176,0.00279,0.00036,0.00552,0.00224,0.00018,0.00043,0.13586,0.00581,0.03585,0.00052,0.01474,0.72311,0.04980,0.02494,0.03939,0.01136,0.01255,0.02346,0.05269,0.00328,0.01233,0.32796,0.04080,0.08788,0.01359,0.03769,0.26996,0.04213
42.04800,13,0.72867,0.00072,0.01503,0.00193,0.00025,0.00381,0.00155,0.00012,0.00030,0.10286,0.00411,0.03338,0.00037,0.01017,0.72164,0.10376,0.02834,0.03366,0.01047,0.00546,0.02634,0.04596,0.00431,0.00498,0.17994,0.05993,0.08986,0.00547,0.03110,0.44487,0.02932
42.06933,13,0.74701,0.00051,0.01038,0.00134,0.00018,0.00264,0.00107,0.00008,0.00021,0.07405,0.00475,0.19347,0.00032,0.00704,0.61621,0.08776,0.02980,0.03117,0.01008,0.00240,0.02758,0.04302,0.00478,0.00179,0.11560,0.06822,0.09070,0.00197,0.02833,0.52053,0.02405
42.09067,13,0.72204,0.00035,0.00717,0.00093,0.00013,0.00199,0.00079,0.00006,0.00016,0.07918,0.01629,0.36353,0.00063,0.00489,0.46272,0.06118,0.03034,0.03025,0.00993,0.00127,0.02804,0.04192,0.00496,0.00061,0.09162,0.07130,0.09100,0.00066,0.02731,0.54865,0.02213
42.11200,13,0.70139,0.00024,0.00498,0.00064,0.00009,0.00151,0.00090,0.00005,0.00012,0.31171,0.01262,0.29990,0.00060,0.00341,0.32084,0.04240,0.03053,0.02993,0.00988,0.00088,0.02820,0.04155,0.00502,0.00020,0.08336,0.07237,0.09111,0.00022,0.02696,0.55833,0.02148
42.13333,8,0.68241,0.00017,0.00356,0.00044,0.00008,0.00113,0.00168,0.00003,0.00008,0.52326,0.00872,0.20730,0.00045,0.00243,0.22139,0.02929,0.03057,0.02987,0.00987,0.00080,0.02823,0.04147,0.00503,0.00011,0.08162,0.07259,0.09113,0.00012,0.02689,0.56036,0.02135
42.15467,8,0.68169,0.00012,0.00362,0.00033,0.00096,0.00412,0.01740,0.00005,0.00007,0.64747,0.00602,0.14371,0.00034,0.00276,0.15278,0.02024,0.03060,0.02981,0.00986,0.00072,0.02826,0.04140,0.00505,0.00003,0.08009,0.07279,0.09115,0.00004,0.02682,0.56216,0.02123
42.17600,8,0.66939,0.00011,0.00664,0.00028,0.00477,0.00980,0.02268,0.00010,0.00008,0.71825,0.00418,0.09987,0.00036,0.01306,0.10546,0.01436,0.02821,0.03398,0.01054,0.00580,0.02620,0.04643,0.00416,0.00542,0.18935,0.05882,0.08985,0.00589,0.03117,0.43543,0.02875
42.19733,8,0.62245,0.00019,0.00799,0.00081,0.00779,0.08240,0.03135,0.00092,0.00057,0.70405,0.00289,0.06894,0.00025,0.00914,0.07277,0.00993,0.02377,0.04173,0.01180,0.01523,0.02238,0.05580,0.00252,0.01542,0.39240,0.03287,0.08745,0.01676,0.03925,0.19990,0.04274
42.21867,8,0.52664,0.00030,0.00860,0.07681,0.02309,0.09446,0.14112,0.00540,0.00338,0.53346,0.00200,0.04760,0.00019,0.00650,0.05023,0.00687,0.02155,0.04561,0.01243,0.01996,0.02047,0.06050,0.00170,0.02044,0.49425,0.01985,0.08624,0.02221,0.04330,0.08175,0.04976
42.24000,8,0.43823,0.00112,0.00726,0.25709,0.06853,0.07406,0.13818,0.00426,0.00264,0.36851,0.00138,0.03289,0.00013,0.00455,0.03466,0.00475,0.02067,0.04715,0.01268,0.02183,0.01971,0.06235,0.00137,0.02242,0.53451,0.01470,0.08576,0.02437,0.04490,0.03505,0.05253
42.26133,2,0.36492,0.00194,0.00570,0.45652,0.06915,0.05177,0.10090,0.00301,0.00190,0.25444,0.00104,0.02296,0.00011,0.00332,0.02392,0.00330,0.02035,0.04770,0.01277,0.02249,0.01944,0.06301,0.00125,0.02313,0.54884,0.01287,0.08560,0.02514,0.04547,0.01842,0.05352
42.28267,2,0.36805,0.00155,0.00534,0.57587,0.08143,0.04551,0.07078,0.00216,0.00136,0.17595,0.00198,0.01659,0.00015,0.00251,0.01652,0.00231,0.02025,0.04788,0.01280,0.02272,0.01935,0.06323,0.00122,0.02337,0.55365,0.01226,0.08554,0.02539,0.04566,0.01285,0.05385
42.30400,2,0.34265,0.00125,0.04009,0.40806,0.05716,0.06734,0.26447,0.00213,0.00114,0.12578,0.00157,0.01282,0.00022,0.00464,0.01145,0.00189,0.01374,0.02638,0.29985,0.06714,0.03021,0.04335,0.00105,0.01351,0.30749,0.03546,0.06726,0.02571,0.03238,0.00624,0.03024
42.32533,5,0.31637,0.00097,0.11295,0.28340,0.03957,0.05255,0.28492,0.00153,0.00093,0.19185,0.00114,0.00971,0.00072,0.00924,0.00816,0.00237,0.00936,0.01188,0.49318,0.09703,0.03753,0.02994,0.00094,0.00684,0.14114,0.05116,0.05496,0.02589,0.02341,0.00244,0.01430
42.34666,5,0.29273,0.00087,0.08299,0.19593,0.02744,0.04702,0.47647,0.00137,0.00079,0.14117,0.00107,0.00689,0.00101,0.00911,0.00581,0.00208,0.00747,0.00560,0.57679,0.10995,0.04070,0.02413,0.00090,0.00395,0.06914,0.05796,0.04963,0.02597,0.01953,0.00086,0.00740
42.36800,8,0.53548,0.00062,0.05792,0.13846,0.02061,0.03580,0.33199,0.00130,0.00064,0.33386,0.03684,0.00672,0.00283,0.00985,0.01182,0.01072,0.01162,0.02106,0.33061,0.06708,0.04325,0.28205,0.00153,0.00701,0.05554,0.03567,0.05498,0.02176,0.02813,0.01869,0.02102
42.38933,8,0.63596,0.00048,0.04107,0.09712,0.01465,0.02550,0.22957,0.00124,0.00050,0.35204,0.07389,0.04357,0.00878,0.01326,0.08323,0.01512,0.01340,0.02763,0.22707,0.04916,0.04406,0.38506,0.00179,0.00841,0.05495,0.02634,0.05746,0.02008,0.03181,0.02588,0.02691
42.41067,8,0.64192,0.00036,0.10424,0.06713,0.01018,0.01813,0.15868,0.00090,0.00035,0.26266,0.09436,0.18332,0.01111,0.01403,0.05877,0.01578,0.01627,0.03712,0.10220,0.03003,0.03891,0.38534,0.00183,0.01293,0.17059,0.01624,0.06576,0.02012,0.03771,0.02749,0.03746
42.43200,8,0.65435,0.00035,0.24644,0.04667,0.00715,0.01270,0.11158,0.00063,0.00025,0.30140,0.07178,0.13025,0.00790,0.01016,0.04119,0.01155,0.01857,0.04358,0.04550,0.02480,0.02810,0.21402,0.00150,0.01887,0.38409,0.01323,0.07688,0.02299,0.04242,0.01842,0.04704
42.45333,8,0.63888,0.00255,0.22566,0.03582,0.00820,0.02270,0.07899,0.00074,0.00039,0.42595,0.05713,0.09061,0.00553,0.00715,0.02859,0.00999,0.01961,0.04639,0.02396,0.02336,0.02263,0.12131,0.00131,0.02176,0.49113,0.01234,0.08229,0.02454,0.04454,0.01340,0.05144
42.47467,8,0.62689,0.00316,0.31758,0.06534,0.01099,0.02893,0.05846,0.00121,0.00058,0.34236,0.07112,0.06275,0.00389,0.00498,0.01981,0.00885,0.02000,0.04743,0.01645,0.02297,0.02046,0.08368,0.00124,0.02289,0.53343,0.01208,0.08440,0.02517,0.04534,0.01135,0.05313
42.49600,1,0.60164,0.00605,0.33092,0.08015,0.01320,0.04336,0.04748,0.00160,0.00082,0.32312,0.08129,0.04345,0.00272,0.00348,0.01370,0.00865,0.02013,0.04779,0.01396,0.02286,0.01969,0.07010,0.00121,0.02328,0.54848,0.01200,0.08514,0.02540,0.04562,0.01060,0.05372
42.51733,1,0.57000,0.01276,0.39904,0.06925,0.01142,0.07610,0.04504,0.00269,0.00106,0.26946,0.06236,0.03019,0.00189,0.00248,0.00947,0.00679,0.02018,0.04791,0.01317,0.02283,0.01943,0.06551,0.00120,0.02342,0.55353,0.01198,0.08539,0.02548,0.04571,0.01035,0.05391
42.53867,1,0.51225,0.01955,0.38481,0.06696,0.02296,0.08160,0.04406,0.00329,0.02812,0.26958,0.04333,0.02120,0.00134,0.00185,0.00655,0.00478,0.01100,0.28371,0.02852,0.03175,0.02427,0.04595,0.00064,0.02221,0.32472,0.02699,0.07820,0.02070,0.03277,0.02292,0.04566
42.56000,1,0.42604,0.05361,0.36079,0.11195,0.03645,0.09533,0.04288,0.00444,0.03511,0.20387,0.03002,0.01501,0.00098,0.00155,0.00457,0.00343,0.00481,0.44251,0.03895,0.03777,0.02756,0.03331,0.00026,0.02138,0.17003,0.03710,0.07332,0.01748,0.02404,0.03142,0.04008
42.58133,1,0.36413,0.05031,0.25383,0.21547,0.14931,0.08519,0.03221,0.00359,0.02630,0.14485,0.02084,0.01065,0.00072,0.00112,0.00318,0.00244,0.00213,0.51118,0.04347,0.04037,0.02899,0.02791,0.00009,0.02101,0.10306,0.04148,0.07121,0.01608,0.02026,0.03510,0.03766
42.60266,2,0.33134,0.03603,0.17673,0.30141,0.14670,0.14105,0.02723,0.02176,0.01941,0.10122,0.01507,0.00748,0.00055,0.00130,0.00222,0.00184,0.00113,0.53673,0.04515,0.04133,0.02952,0.02590,0.00003,0.02088,0.07814,0.04310,0.07042,0.01556,0.01885,0.03647,0.03676
42.62400,2,0.28116,0.02773,0.12543,0.44209,0.13433,0.10956,0.02354,0.01666,0.01742,0.07088,0.01976,0.00715,0.00071,0.00147,0.00173,0.00153,0.00079,0.54552,0.04573,0.04167,0.02971,0.02522,0.00001,0.02083,0.06956,0.04366,0.07015,0.01538,0.01837,0.03694,0.03645
42.64533,2,0.35636,0.02017,0.08910,0.32074,0.11867,0.18340,0.16703,0.01282,0.01432,0.04920,0.01382,0.00506,0.00191,0.00140,0.00121,0.00114,0.00340,0.29109,0.31737,0.07719,0.03573,0.02310,0.00041,0.01214,0.04947,0.05223,0.05908,0.02036,0.01784,0.01963,0.02095
42.66667,5,0.35144,0.01645,0.06747,0.22359,0.08265,0.14438,0.34989,0.00993,0.01057,0.03463,0.00961,0.00464,0.03809,0.00600,0.00098,0.00110,0.00445,0.18936,0.42534,0.09130,0.03811,0.02231,0.00058,0.00868,0.04203,0.05560,0.05469,0.02235,0.01766,0.01272,0.01481
42.68800,5,0.31944,0.01744,0.04969,0.15717,0.05806,0.11505,0.48394,0.01094,0.00930,0.02558,0.00715,0.00526,0.04494,0.01244,0.00140,0.00165,0.00567,0.07273,0.54895,0.10744,0.04083,0.02141,0.00076,0.00472,0.03367,0.05945,0.04968,0.02463,0.01747,0.00480,0.00778
42.70933,5,0.27835,0.03006,0.03600,0.11136,0.04310,0.09013,0.49706,0.01371,0.00869,0.02055,0.00684,0.01157,0.10788,0.01753,0.00278,0.00276,0.00853,0.03533,0.46190,0.09045,0.04258,0.14851,0.00115,0.00518,0.03688,0.04881,0.05129,0.02345,0.02231,0.01068,0.01293
42.73067,5,0.49435,0.02293,0.03288,0.07731,0.03115,0.06594,0.45415,0.01074,0.00634,0.02985,0.00625,0.06358,0.16287,0.02944,0.00298,0.00358,0.01311,0.03505,0.22756,0.04944,0.04421,0.38449,0.00177,0.00837,0.04770,0.02681,0.05723,0.01993,0.03140,0.02627,0.02665
42.75200,5,0.68995,0.01592,0.02627,0.05394,0.02183,0.04566,0.33474,0.00785,0.00455,0.09244,0.00785,0.15539,0.13516,0.03213,0.05267,0.01359,0.01538,0.03764,0.10711,0.02848,0.04497,0.50289,0.00207,0.01007,0.05333,0.01569,0.06033,0.01811,0.03596,0.03427,0.03369
42.77333,10,0.73063,0.01099,0.01846,0.03726,0.01509,0.03175,0.23735,0.00544,0.00316,0.08659,0.00553,0.34070,0.10531,0.03736,0.04855,0.01646,0.01627,0.03906,0.05911,0.02015,0.04526,0.54967,0.00219,0.01075,0.05558,0.01128,0.06157,0.01738,0.03777,0.03746,0.03650
42.79467,8,0.69900,0.00759,0.01315,0.02572,0.01042,0.02283,0.16474,0.00376,0.00218,0.30423,0.00387,0.27540,0.07345,0.03054,0.04713,0.01498,0.01659,0.03964,0.04194,0.01718,0.04536,0.56632,0.00223,0.01099,0.05639,0.00971,0.06201,0.01712,0.03841,0.03860,0.03750
42.81600,8,0.75821,0.00525,0.00938,0.01776,0.00722,0.01766,0.11421,0.00260,0.00151,0.42743,0.00292,0.21296,0.05256,0.02223,0.09504,0.01127,0.00883,0.03546,0.03075,0.00880,0.04012,0.31428,0.02351,0.01904,0.07311,0.01490,0.31130,0.03130,0.02855,0.03818,0.02188
42.83733,8,0.81452,0.00363,0.00699,0.01226,0.00501,0.01257,0.07891,0.00180,0.00105,0.53566,0.00240,0.16132,0.03744,0.01569,0.11716,0.00813,0.01305,0.04073,0.02095,0.01422,0.02959,0.15999,0.01608,0.02228,0.30232,0.01429,0.24100,0.03062,0.03521,0.02497,0.03471
42.85867,8,0.78680,0.00256,0.03185,0.00869,0.00405,0.01256,0.05649,0.00134,0.00100,0.63413,0.00518,0.11647,0.02599,0.01118,0.08241,0.00609,0.01717,0.04496,0.01590,0.01920,0.02334,0.09726,0.00762,0.02315,0.45404,0.01301,0.15311,0.02785,0.04131,0.01616,0.04592
42.88000,8,0.76837,0.00183,0.12485,0.00676,0.00499,0.05857,0.04099,0.00105,0.00073,0.58241,0.00804,0.08114,0.01794,0.00778,0.05694,0.00598,0.01908,0.04687,0.01389,0.02149,0.02074,0.07462,0.00358,0.02339,0.51935,0.01236,0.11071,0.02641,0.04412,0.01236,0.05104
42.90133,8,0.73977,0.00130,0.17369,0.00571,0.00794,0.11820,0.03181,0.00122,0.00054,0.53008,0.01015,0.05632,0.01238,0.00558,0.03931,0.00575,0.01982,0.04759,0.01317,0.02237,0.01978,0.06696,0.00202,0.02346,0.54358,0.01211,0.09420,0.02583,0.04519,0.01095,0.05299
42.92266,8,0.71240,0.00103,0.21415,0.00553,0.02510,0.11394,0.02469,0.00102,0.00042,0.51158,0.01583,0.03931,0.00855,0.00486,0.02715,0.00685,0.01998,0.04775,0.01301,0.02256,0.01958,0.06537,0.00167,0.02347,0.54886,0.01205,0.09052,0.02569,0.04543,0.01064,0.05342
42.94400,8,0.68466,0.00091,0.25640,0.00437,0.02092,0.09862,0.01883,0.00083,0.00033,0.51960,0.01626,0.02791,0.00593,0.00484,0.01880,0.00545,0.02013,0.04790,0.01287,0.02274,0.01939,0.06397,0.00135,0.02348,0.55365,0.01199,0.08713,0.02557,0.04565,0.01036,0.05382
42.96533,8,0.65855,0.00150,0.29816,0.00413,0.01763,0.07266,0.01505,0.00102,0.00041,0.52011,0.01920,0.02022,0.00420,0.00469,0.01311,0.00791,0.02018,0.04794,0.01283,0.02279,0.01933,0.06353,0.00124,0.02348,0.55520,0.01198,0.08602,0.02553,0.04572,0.01027,0.05395
42.98667,8,0.61307,0.00581,0.27292,0.02075,0.05568,0.05387,0.01123,0.00089,0.00360,0.49830,0.02627,0.01804,0.00479,0.00589,0.00989,0.01208,0.02019,0.04796,0.01282,0.02281,0.01931,0.06340,0.00121,0.02348,0.55569,0.01197,0.08567,0.02552,0.04574,0.01024,0.05399
43.00800,8,0.54842,0.09016,0.23651,0.03305,0.07781,0.06104,0.01381,0.00108,0.00579,0.38673,0.02484,0.02364,0.00820,0.00780,0.01132,0.01821,0.02020,0.04796,0.01281,0.02282,0.01931,0.06336,0.00120,0.02348,0.55584,0.01197,0.08556,0.02552,0.04575,0.01023,0.05400
43.02933,8,0.45912,0.10188,0.22144,0.03994,0.06658,0.11549,0.03052,0.00173,0.00581,0.32866,0.02354,0.01927,0.00684,0.00635,0.00947,0.02250,0.02020,0.04797,0.01281,0.02282,0.01931,0.06334,0.00120,0.02348,0.55588,0.01197,0.08553,0.02551,0.04575,0.01023,0.05400
43.05067,8,0.37876,0.11846,0.21637,0.04804,0.06121,0.10594,0.03567,0.00174,0.00585,0.33166,0.01789,0.01630,0.00567,0.00485,0.00898,0.02138,0.02020,0.04797,0.01281,0.02282,0.01931,0.06334,0.00120,0.02348,0.55590,0.01197,0.08552,0.02551,0.04575,0.01023,0.05400
43.07200,8,0.36709,0.11907,0.21746,0.04663,0.05020,0.09351,0.05641,0.00147,0.00622,0.34164,0.01374,0.01702,0.00575,0.00390,0.00854,0.01842,0.02020,0.04797,0.01281,0.02282,0.01931,0.06334,0.00120,0.02348,0.55590,0.01197,0.08551,0.02551,0.04575,0.01023,0.05400
43.09333,8,0.43605,0.11181,0.20959,0.03741,0.04259,0.12020,0.10377,0.00223,0.01004,0.26944,0.01275,0.03053,0.02054,0.00523,0.00955,0.01430,0.02020,0.04797,0.01281,0.02282,0.01931,0.06334,0.00120,0.02348,0.55590,0.01197,0.08551,0.02551,0.04575,0.01023,0.05400
43.11467,5,0.43519,0.08895,0.16461,0.02896,0.03188,0.12328,0.26526,0.00413,0.00844,0.18724,0.01272,0.04221,0.01529,0.00538,0.00900,0.01266,0.02020,0.04797,0.01281,0.02282,0.01931,0.06334,0.00120,0.02348,0.55590,0.01197,0.08551,0.02551,0.04575,0.01023,0.05400
43.13600,5,0.44251,0.07241,0.13472,0.02270,0.02334,0.09366,0.35975,0.00417,0.00769,0.14615,0.03695,0.04335,0.01721,0.01511,0.00855,0.01425,0.02020,0.04797,0.01281,0.02282,0.01931,0.06334,0.00120,0.02348,0.55590,0.01197,0.08551,0.02551,0.04575,0.01023,0.05400
43.15733,5,0.40460,0.07650,0.09914,0.01899,0.02006,0.09423,0.29438,0.00570,0.00932,0.10719,0.02839,0.07166,0.02467,0.06705,0.00774,0.07499,0.01858,0.04420,0.02251,0.01948,0.03157,0.30346,0.00169,0.01767,0.32145,0.01054,0.07458,0.02151,0.04245,0.02382,0.04648
43.17867,5,0.36430,0.07289,0.07591,0.02133,0.05067,0.11737,0.26684,0.04560,0.00921,0.07571,0.03268,0.06958,0.02060,0.06089,0.00906,0.07165,0.01748,0.04167,0.02904,0.01723,0.03983,0.46527,0.00203,0.01376,0.16346,0.00958,0.06721,0.01881,0.04023,0.03298,0.04142
43.20000,5,0.33204,0.06552,0.06109,0.02046,0.06412,0.14379,0.30176,0.08402,0.00801,0.05321,0.02426,0.05351,0.01562,0.04632,0.00771,0.05062,0.01719,0.04099,0.03078,0.01663,0.04203,0.50836,0.00212,0.01272,0.12139,0.00933,0.06525,0.01810,0.03964,0.03542,0.04007
43.22133,5,0.32000,0.05458,0.06278,0.02167,0.10983,0.15204,0.26275,0.06117,0.00734,0.03926,0.02331,0.08355,0.02866,0.04713,0.00819,0.03773,0.01690,0.04032,0.03252,0.01602,0.04424,0.55157,0.00221,0.01167,0.07920,0.00907,0.06328,0.01738,0.03904,0.03787,0.03871
43.24266,5,0.30506,0.06469,0.06087,0.02504,0.10911,0.14670,0.25953,0.07231,0.01517,0.02982,0.02891,0.07903,0.02789,0.04755,0.00596,0.02743,0.01680,0.04008,0.03315,0.01581,0.04502,0.56695,0.00224,0.01130,0.06418,0.00898,0.06258,0.01712,0.03883,0.03874,0.03823
43.26400,5,0.29131,0.09627,0.05383,0.03994,0.09783,0.15237,0.26370,0.06174,0.02915,0.02197,0.02599,0.06189,0.02922,0.04086,0.00484,0.02040,0.01676,0.03999,0.03335,0.01574,0.04528,0.57211,0.00225,0.01117,0.05915,0.00895,0.06234,0.01703,0.03876,0.03903,0.03807
43.28533,5,0.28168,0.14408,0.04324,0.04992,0.07265,0.14224,0.23219,0.08992,0.04628,0.01598,0.02240,0.04714,0.03664,0.03644,0.00416,0.01671,0.01675,0.03997,0.03342,0.01572,0.04537,0.57377,0.00225,0.01113,0.05752,0.00894,0.06227,0.01701,0.03874,0.03913,0.03802
43.30667,5,0.27645,0.20858,0.03617,0.05950,0.05443,0.12010,0.22224,0.08079,0.04585,0.01242,0.01902,0.03649,0.05396,0.03187,0.00395,0.01462,0.01675,0.03996,0.03344,0.01571,0.04540,0.57430,0.00225,0.01112,0.05701,0.00893,0.06224,0.01700,0.03873,0.03916,0.03800
43.32800,0,0.26722,0.30713,0.02930,0.05147,0.04447,0.08711,0.19802,0.05963,0.03423,0.01008,0.01624,0.02915,0.08376,0.02890,0.00399,0.01654,0.01675,0.03996,0.03345,0.01571,0.04540,0.57446,0.00225,0.01112,0.05685,0.00893,0.06224,0.01699,0.03873,0.03916,0.03800
43.34933,0,0.25305,0.27176,0.03620,0.05973,0.05084,0.06748,0.17934,0.04337,0.02832,0.00963,0.01829,0.04575,0.12912,0.02670,0.00613,0.02733,0.01675,0.03996,0.03345,0.01570,0.04541,0.57451,0.00225,0.01112,0.05681,0.00893,0.06223,0.01699,0.03873,0.03917,0.03800
43.37067,0,0.23185,0.21518,0.04634,0.07269,0.06700,0.05800,0.14338,0.03330,0.02594,0.00953,0.01868,0.04561,0.20458,0.02620,0.00539,0.02820,0.01675,0.03996,0.03345,0.01570,0.04541,0.57452,0.00225,0.01112,0.05679,0.00893,0.06223,0.01699,0.03873,0.03917,0.03799
43.39200,11,0.20317,0.15199,0.06468,0.07790,0.10001,0.05410,0.11428,0.02834,0.02381,0.00942,0.01469,0.04271,0.26492,0.02433,0.00397,0.02485,0.01675,0.03996,0.03345,0.01570,0.04541,0.57452,0.00225,0.01112,0.05679,0.00893,0.06223,0.01699,0.03873,0.03917,0.03799
43.41333,11,0.17882,0.10691,0.05519,0.07137,0.14634,0.07024,0.09075,0.02623,0.02544,0.01166,0.01054,0.03458,0.30562,0.02350,0.00276,0.01886,0.01675,0.03996,0.03345,0.01570,0.04541,0.57453,0.00225,0.01112,0.05679,0.00893,0.06223,0.01699,0.03873,0.03917,0.03799
43.43467,11,0.16575,0.07440,0.04972,0.06920,0.19967,0.06045,0.06994,0.02447,0.02370,0.01034,0.00745,0.02686,0.34208,0.02595,0.00192,0.01385,0.01300,0.02950,0.02609,0.01076,0.04640,0.34724,0.01226,0.02023,0.06112,0.00747,0.03720,0.27317,0.06997,0.02325,0.02234
43.45600,11,0.15819,0.05273,0.03514,0.07045,0.18732,0.04621,0.05957,0.03079,0.14637,0.00812,0.00518,0.02150,0.30339,0.02215,0.00136,0.00974,0.01151,0.02534,0.02316,0.00879,0.04680,0.25683,0.01624,0.02386,0.06284,0.00689,0.02725,0.37507,0.08240,0.01692,0.01611
43.47733,11,0.39239,0.03652,0.11785,0.04984,0.20001,0.03496,0.04159,0.02136,0.10106,0.13724,0.00445,0.01675,0.21316,0.01597,0.00094,0.00832,0.00980,0.02058,0.01981,0.00654,0.04725,0.15339,0.02079,0.02801,0.06481,0.00622,0.01585,0.49166,0.09662,0.00967,0.00899
43.49866,8,0.56772,0.02521,0.23018,0.03478,0.14104,0.02488,0.02908,0.01477,0.06973,0.24776,0.00344,0.01186,0.14722,0.01110,0.00065,0.00829,0.00913,0.01870,0.01849,0.00566,0.04743,0.11250,0.02259,0.02965,0.06559,0.00596,0.01135,0.53774,0.10224,0.00681,0.00617
43.52000,1,0.67070,0.01740,0.41170,0.02403,0.09744,0.01718,0.02008,0.01019,0.04811,0.22758,0.00240,0.00823,0.10161,0.00770,0.00045,0.00589,0.00889,0.01803,0.01801,0.00534,0.04749,0.09795,0.02323,0.03023,0.06586,0.00586,0.00975,0.55414,0.10424,0.00579,0.00517
43.54133,1,0.66950,0.01220,0.52993,0.01729,0.06816,0.01198,0.01403,0.00704,0.03320,0.21753,0.00170,0.00583,0.07018,0.00611,0.00031,0.00453,0.01418,0.03203,0.01552,0.01352,0.03426,0.08018,0.01295,0.02712,0.29611,0.00872,0.04518,0.30750,0.07697,0.00777,0.02801
43.56267,1,0.64073,0.00917,0.45006,0.01926,0.07855,0.03772,0.03908,0.00533,0.02296,0.25582,0.00175,0.00418,0.04852,0.00738,0.00025,0.01997,0.00857,0.27729,0.02950,0.02800,0.03026,0.05185,0.00538,0.02370,0.22077,0.02568,0.06195,0.13459,0.04539,0.02188,0.03520
43.58400,1,0.59807,0.00639,0.31520,0.01344,0.05669,0.10422,0.24495,0.00655,0.01644,0.17686,0.00122,0.00292,0.03351,0.00551,0.00018,0.01590,0.00393,0.44020,0.03931,0.03641,0.02972,0.03543,0.00196,0.02191,0.13261,0.03663,0.06747,0.05847,0.02858,0.03105,0.03631
43.60533,1,0.58390,0.00473,0.24887,0.01141,0.04455,0.20718,0.20623,0.09206,0.01345,0.12429,0.00190,0.00229,0.02318,0.00557,0.00025,0.01404,0.00183,0.51040,0.04359,0.03991,0.02972,0.02862,0.00067,0.02120,0.09042,0.04132,0.06923,0.02993,0.02179,0.03498,0.03639
43.62667,5,0.61522,0.00328,0.17440,0.00792,0.03113,0.14787,0.42414,0.07109,0.00977,0.08765,0.00149,0.00173,0.01633,0.01294,0.00018,0.01009,0.00104,0.53648,0.04519,0.04119,0.02976,0.02614,0.00022,0.02094,0.07404,0.04305,0.06978,0.02005,0.01935,0.03643,0.03635
43.64800,5,0.77441,0.00228,0.12375,0.00572,0.02178,0.10626,0.43152,0.07145,0.00735,0.09647,0.05608,0.00858,0.01537,0.03703,0.00027,0.01609,0.00076,0.54544,0.04575,0.04162,0.02978,0.02529,0.00007,0.02085,0.06826,0.04365,0.06995,0.01680,0.01853,0.03693,0.03632
43.66933,5,0.77305,0.00158,0.09007,0.00417,0.01526,0.07445,0.33830,0.06654,0.00523,0.08628,0.05434,0.03370,0.01844,0.05102,0.00256,0.15805,0.00824,0.30886,0.04003,0.02949,0.03713,0.28326,0.00108,0.01627,0.06227,0.02740,0.06634,0.01656,0.02793,0.03803,0.03711
43.69067,14,0.73509,0.00129,0.06700,0.01598,0.01136,0.05406,0.24245,0.04632,0.00379,0.06872,0.04650,0.04044,0.01369,0.04005,0.00605,0.34231,0.01331,0.14848,0.03611,0.02127,0.04207,0.45711,0.00178,0.01319,0.05891,0.01638,0.06389,0.01677,0.03436,0.03872,0.03764
43.71200,2,0.68499,0.00099,0.05374,0.28240,0.00907,0.03903,0.16860,0.03209,0.00275,0.05233,0.03339,0.02990,0.00950,0.02804,0.00512,0.25306,0.01551,0.07900,0.03441,0.01771,0.04421,0.53231,0.00208,0.01186,0.05754,0.01161,0.06283,0.01691,0.03716,0.03901,0.03787
43.73333,2,0.61531,0.00109,0.04135,0.48062,0.00804,0.02805,0.11765,0.02226,0.00197,0.03895,0.02324,0.02107,0.00657,0.01956,0.00406,0.18552,0.01264,0.06533,0.02705,0.02310,0.03609,0.42093,0.00888,0.01012,0.05968,0.01874,0.06134,0.01997,0.04007,0.03565,0.16040
43.75467,2,0.54676,0.01064,0.04882,0.49194,0.02397,0.03099,0.16520,0.01661,0.00147,0.02860,0.01631,0.01467,0.00454,0.01357,0.00312,0.12954,0.00785,0.04350,0.15666,0.05099,0.02854,0.20011,0.01436,0.00659,0.05502,0.03688,0.05646,0.02466,0.03770,0.02378,0.25688
43.77600,2,0.49865,0.04350,0.09488,0.44202,0.04982,0.03161,0.14628,0.01221,0.00112,0.03549,0.01279,0.01209,0.00319,0.00984,0.00547,0.09970,0.00674,0.01986,0.41470,0.08827,0.03541,0.08857,0.00758,0.00407,0.04067,0.05146,0.05088,0.02572,0.02670,0.01026,0.12912
43.79733,2,0.48151,0.03083,0.08741,0.37333,0.03510,0.02367,0.14861,0.00847,0.00088,0.03151,0.00925,0.09378,0.00232,0.00695,0.05413,0.09376,0.00648,0.00867,0.54481,0.10640,0.03967,0.04438,0.00352,0.00296,0.03325,0.05802,0.04822,0.02595,0.02092,0.00381,0.05294
43.81866,13,0.60263,0.02128,0.06039,0.25890,0.02425,0.01672,0.10920,0.00585,0.00061,0.02287,0.00642,0.09815,0.00172,0.00484,0.30320,0.06559,0.00642,0.00435,0.59633,0.11348,0.04148,0.02864,0.00181,0.00254,0.03028,0.06050,0.04719,0.02600,0.01860,0.00131,0.02107
43.84000,13,0.83072,0.01472,0.05031,0.17877,0.01706,0.01223,0.10094,0.00436,0.00043,0.03314,0.01939,0.07919,0.00388,0.00571,0.33356,0.14630,0.00641,0.00282,0.61468,0.11598,0.04214,0.02335,0.00119,0.00240,0.02922,0.06136,0.04683,0.02601,0.01777,0.00043,0.00940
43.86133,13,0.92789,0.01017,0.04356,0.12339,0.01195,0.00861,0.07147,0.00307,0.00030,0.04812,0.03207,0.07207,0.01097,0.05404,0.26005,0.25017,0.01778,0.01533,0.33244,0.06208,0.03570,0.03127,0.00294,0.00126,0.05268,0.06686,0.06761,0.01379,0.02192,0.26463,0.01371
43.88267,14,0.96119,0.00728,0.03179,0.08517,0.00843,0.00629,0.05000,0.00216,0.00025,0.04552,0.03948,0.09188,0.01378,0.06390,0.21941,0.33467,0.02544,0.02393,0.14014,0.02547,0.03127,0.03722,0.00419,0.00051,0.06861,0.07046,0.08166,0.00556,0.02482,0.44272,0.01800
43.90400,14,0.90654,0.00511,0.02198,0.05969,0.00596,0.00712,0.03605,0.00530,0.00347,0.03311,0.02931,0.07867,0.00967,0.04545,0.20385,0.45524,0.02876,0.02768,0.05673,0.00960,0.02935,0.03986,0.00474,0.00018,0.07551,0.07201,0.08774,0.00200,0.02608,0.51975,0.02000
43.92533,14,0.77657,0.00375,0.01533,0.04142,0.00441,0.01971,0.18142,0.00594,0.00242,0.02337,0.02099,0.05928,0.00675,0.03275,0.14812,0.43435,0.01656,0.03906,0.02257,0.02346,0.01910,0.02824,0.01735,0.00237,0.07248,0.05936,0.07389,0.01483,0.03678,0.29535,0.27859
43.94667,5,0.63505,0.00285,0.01061,0.02860,0.00314,0.05221,0.39114,0.00468,0.00168,0.01617,0.01461,0.04212,0.00469,0.02293,0.10241,0.30217,0.00794,0.04627,0.00977,0.03473,0.01243,0.02009,0.02578,0.00388,0.06960,0.05065,0.06381,0.02392,0.04384,0.13472,0.45257
43.96800,5,0.51557,0.00472,0.00752,0.01975,0.00262,0.10945,0.50103,0.00461,0.00131,0.01124,0.01013,0.02926,0.00325,0.01587,0.07072,0.20851,0.00417,0.04934,0.00535,0.03982,0.00957,0.01652,0.02942,0.00454,0.06826,0.04686,0.05937,0.02789,0.04687,0.06421,0.52781
43.98933,5,0.43044,0.02176,0.00678,0.01369,0.00433,0.16003,0.54294,0.00632,0.00103,0.00871,0.00702,0.02091,0.00227,0.01111,0.04889,0.14420,0.00667,0.04750,0.01138,0.03480,0.01753,0.14464,0.02354,0.00612,0.06548,0.03773,0.05956,0.02580,0.04531,0.05109,0.42285
44.01067,5,0.40156,0.05121,0.02661,0.01016,0.01322,0.16841,0.53241,0.00682,0.00114,0.01951,0.00629,0.01563,0.00182,0.00888,0.03389,0.10399,0.01211,0.04344,0.02345,0.02442,0.03286,0.38268,0.01189,0.00891,0.06061,0.02163,0.06087,0.02107,0.04178,0.04180,0.21248
44.03200,5,0.45458,0.03814,0.02506,0.00722,0.00943,0.11926,0.63430,0.00482,0.00108,0.01886,0.00518,0.02661,0.00180,0.00629,0.02614,0.07581,0.01497,0.04129,0.02965,0.01902,0.04066,0.50218,0.00591,0.01029,0.05822,0.01370,0.06169,0.01856,0.03990,0.03972,0.10424
44.05333,5,0.51868,0.02712,0.02016,0.00531,0.00677,0.08555,0.70761,0.00351,0.00079,0.01461,0.01850,0.02089,0.00146,0.00447,0.02449,0.05877,0.01613,0.04042,0.03213,0.01686,0.04376,0.54942,0.00353,0.01083,0.05728,0.01058,0.06204,0.01754,0.03914,0.03927,0.06107
44.07467,5,0.60874,0.01925,0.06580,0.00864,0.01029,0.06715,0.64316,0.00264,0.00065,0.02793,0.04667,0.02402,0.00132,0.00388,0.01795,0.06065,0.01654,0.04011,0.03301,0.01609,0.04486,0.56624,0.00268,0.01102,0.05695,0.00948,0.06217,0.01718,0.03886,0.03919,0.04563
44.09600,5,0.71928,0.01352,0.29116,0.00655,0.00808,0.04766,0.44734,0.00187,0.00046,0.05200,0.04470,0.02040,0.00105,0.00322,0.01251,0.04949,0.01668,0.04001,0.03331,0.01583,0.04523,0.57188,0.00239,0.01109,0.05684,0.00911,0.06221,0.01705,0.03877,0.03917,0.04044
44.11733,1,0.78862,0.00935,0.49606,0.00460,0.00599,0.03294,0.30871,0.00129,0.00032,0.04863,0.03151,0.01430,0.00076,0.00238,0.00864,0.03452,0.01673,0.03997,0.03341,0.01574,0.04535,0.57370,0.00230,0.01111,0.05680,0.00899,0.06223,0.01701,0.03874,0.03917,0.03876
44.13867,1,0.78698,0.00647,0.63605,0.00326,0.00490,0.02278,0.21318,0.00089,0.00022,0.04824,0.02186,0.00991,0.00055,0.00173,0.00596,0.02400,0.01674,0.03996,0.03344,0.01572,0.04539,0.57427,0.00227,0.01111,0.05679,0.00895,0.06223,0.01700,0.03873,0.03917,0.03823
44.16000,1,0.77911,0.00453,0.72096,0.00241,0.00461,0.01600,0.14742,0.00062,0.00017,0.05825,0.01533,0.00689,0.00043,0.00134,0.00414,0.01690,0.00917,0.27942,0.03935,0.02798,0.03807,0.31626,0.00120,0.01567,0.06085,0.02538,0.06589,0.01620,0.02906,0.03823,0.03727
44.18133,1,0.76856,0.00320,0.78797,0.00180,0.00364,0.01115,0.10188,0.00043,0.00015,0.05712,0.01101,0.00477,0.00031,0.00112,0.00287,0.01258,0.00407,0.44077,0.04333,0.03624,0.03313,0.14236,0.00048,0.01874,0.06359,0.03645,0.06835,0.01566,0.02254,0.03760,0.03669
44.20267,1,0.75129,0.00365,0.74339,0.01378,0.00591,0.01697,0.07594,0.01925,0.02100,0.04992,0.01451,0.00360,0.00032,0.01278,0.00210,0.01688,0.00186,0.51056,0.04505,0.03982,0.03099,0.06712,0.00017,0.02007,0.06477,0.04124,0.06942,0.01543,0.01972,0.03732,0.03644
44.22400,1,0.74493,0.00418,0.54052,0.01529,0.00670,0.02382,0.05598,0.01496,0.01496,0.06446,0.01105,0.00293,0.00035,0.23018,0.00150,0.01311,0.00104,0.53652,0.04569,0.04115,0.03020,0.03914,0.00006,0.02056,0.06522,0.04302,0.06982,0.01534,0.01867,0.03722,0.03635
44.24533,1,0.72962,0.00786,0.39208,0.01252,0.00599,0.06279,0.05494,0.05221,0.01190,0.09123,0.01364,0.00518,0.00089,0.21572,0.00117,0.07189,0.00076,0.54545,0.04591,0.04161,0.02992,0.02951,0.00002,0.02073,0.06537,0.04364,0.06995,0.01531,0.01831,0.03719,0.03632
44.26667,1,0.69753,0.01205,0.31016,0.00955,0.00456,0.05513,0.05767,0.03661,0.00827,0.23951,0.01308,0.00686,0.00109,0.16676,0.00105,0.07764,0.00070,0.54733,0.04595,0.04170,0.02987,0.02749,0.00001,0.02077,0.06540,0.04377,0.06998,0.01531,0.01824,0.03718,0.03631
44.28800,8,0.64071,0.01538,0.22142,0.00845,0.00504,0.06768,0.08026,0.02857,0.00631,0.32377,0.01351,0.04371,0.00273,0.12181,0.00449,0.05688,0.00065,0.54899,0.04599,0.04179,0.02982,0.02570,0.00000,0.02080,0.06543,0.04388,0.07001,0.01530,0.01817,0.03717,0.03631
44.30933,8,0.61092,0.04324,0.15766,0.00728,0.00419,0.05621,0.10407,0.02050,0.00476,0.25212,0.01350,0.10890,0.00474,0.08678,0.08969,0.04635,0.00063,0.54951,0.04601,0.04181,0.02980,0.02514,0.00000,0.02081,0.06544,0.04392,0.07002,0.01530,0.01815,0.03717,0.03631
44.33067,13,0.72416,0.02997,0.11251,0.00638,0.00294,0.04078,0.07288,0.01416,0.00330,0.18010,0.00948,0.11115,0.00353,0.06006,0.30708,0.04568,0.00982,0.31394,0.03041,0.03289,0.02487,0.04303,0.00056,0.02206,0.29586,0.02891,0.07730,0.02010,0.03111,0.02451,0.04462
44.35200,13,0.88250,0.02110,0.08238,0.00459,0.00264,0.02863,0.05583,0.00984,0.00231,0.13472,0.01123,0.08617,0.00327,0.04293,0.39673,0.11763,0.01602,0.15516,0.01990,0.02688,0.02155,0.05515,0.00094,0.02291,0.45111,0.01880,0.08220,0.02333,0.03985,0.01599,0.05022
44.37333,13,0.94994,0.01460,0.05918,0.00317,0.00191,0.01984,0.03901,0.00680,0.00160,0.09718,0.00843,0.06105,0.00251,0.02997,0.51765,0.13712,0.02359,0.07796,0.01397,0.01388,0.02432,0.05007,0.00292,0.01224,0.29436,0.04304,0.08697,0.01274,0.03472,0.27198,0.03722
44.39466,13,0.94052,0.01012,0.04537,0.00272,0.00135,0.01383,0.02718,0.00471,0.00111,0.07692,0.00657,0.04304,0.00180,0.02098,0.54483,0.19947,0.02788,0.04667,0.01135,0.00591,0.02663,0.04506,0.00420,0.00495,0.16850,0.06069,0.08955,0.00519,0.03013,0.44556,0.02773
44.41600,13,0.88815,0.00715,0.03475,0.19030,0.00102,0.01005,0.01921,0.00331,0.00079,0.05598,0.00631,0.03416,0.00131,0.01458,0.45261,0.16849,0.02965,0.03540,0.01036,0.00255,0.02767,0.04273,0.00474,0.00178,0.11188,0.06846,0.09059,0.00187,0.02802,0.52074,0.02355
44.43733,13,0.85432,0.00552,0.05884,0.22276,0.00156,0.01469,0.09170,0.00232,0.00084,0.07421,0.02012,0.02515,0.00093,0.01029,0.33233,0.13874,0.03029,0.03158,0.01002,0.00132,0.02807,0.04183,0.00495,0.00060,0.09044,0.07138,0.09097,0.00063,0.02721,0.54872,0.02198
44.45867,13,0.83914,0.00393,0.18950,0.17370,0.00290,0.01171,0.09050,0.00162,0.00059,0.14405,0.02148,0.01857,0.00077,0.00819,0.23331,0.09918,0.03051,0.03034,0.00991,0.00089,0.02821,0.04152,0.00502,0.00020,0.08299,0.07239,0.09110,0.00021,0.02693,0.55836,0.02144
44.48000,1,0.84864,0.00276,0.31846,0.12036,0.00245,0.00856,0.07527,0.00112,0.00041,0.19199,0.01918,0.01806,0.00063,0.00657,0.16130,0.07288,0.03058,0.02995,0.00987,0.00075,0.02825,0.04141,0.00504,0.00006,0.08053,0.07272,0.09114,0.00007,0.02684,0.56152,0.02126
44.50133,1,0.84472,0.00192,0.39442,0.08315,0.00223,0.00636,0.07161,0.00078,0.00029,0.23019,0.01499,0.02364,0.00056,0.00579,0.11132,0.05272,0.03061,0.02983,0.00986,0.00071,0.02827,0.04138,0.00505,0.00002,0.07974,0.07283,0.09115,0.00002,0.02681,0.56253,0.02120
44.52267,1,0.84982,0.00137,0.45398,0.05743,0.00352,0.00482,0.06872,0.00055,0.00022,0.25522,0.01391,0.01858,0.00046,0.00446,0.07692,0.03984,0.02371,0.14951,0.01818,0.01017,0.02862,0.03758,0.00389,0.00480,0.07637,0.06619,0.08629,0.00353,0.02481,0.44169,0.02467
44.54400,1,0.83396,0.00138,0.48813,0.03977,0.00955,0.00813,0.08517,0.00041,0.00046,0.25635,0.01043,0.01302,0.00035,0.00330,0.05316,0.03038,0.01092,0.37122,0.03360,0.02771,0.02927,0.03055,0.00173,0.01367,0.07029,0.05386,0.07728,0.01005,0.02111,0.21763,0.03111
44.56533,1,0.82103,0.00303,0.38495,0.02790,0.01225,0.01642,0.20258,0.00054,0.00131,0.26745,0.00817,0.00910,0.00026,0.00240,0.03675,0.02690,0.00451,0.48244,0.04133,0.03650,0.02960,0.02702,0.00065,0.01812,0.06726,0.04768,0.07275,0.01332,0.01926,0.10521,0.03435
44.58667,1,0.79715,0.01082,0.32682,0.01962,0.01400,0.01952,0.31106,0.00064,0.00204,0.22971,0.00676,0.00639,0.00019,0.00184,0.02539,0.02519,0.00197,0.52639,0.04439,0.03998,0.02973,0.02563,0.00023,0.01988,0.06607,0.04523,0.07097,0.01461,0.01853,0.06077,0.03563
44.60800,5,0.76787,0.02756,0.27598,0.01481,0.01693,0.04306,0.35788,0.00161,0.00280,0.20782,0.00646,0.00447,0.00014,0.00190,0.01753,0.02105,0.00107,0.54203,0.04548,0.04122,0.02977,0.02513,0.00007,0.02050,0.06565,0.04436,0.07033,0.01507,0.01827,0.04496,0.03608
44.62933,5,0.72994,0.03326,0.24079,0.01223,0.01765,0.08074,0.32172,0.00321,0.00256,0.24435,0.00663,0.00313,0.00010,0.00344,0.01211,0.01807,0.00077,0.54728,0.04584,0.04163,0.02979,0.02497,0.00002,0.02071,0.06551,0.04407,0.07012,0.01523,0.01818,0.03966,0.03623
44.65067,5,0.68829,0.03768,0.21587,0.01053,0.02785,0.09097,0.28380,0.00460,0.00412,0.28242,0.00888,0.00222,0.00009,0.00494,0.00838,0.01765,0.00824,0.30951,0.04006,0.02950,0.03713,0.28310,0.00107,0.01623,0.06139,0.02753,0.06639,0.01607,0.02782,0.03888,0.03708
44.67200,5,0.64209,0.04615,0.18737,0.00871,0.03061,0.12605,0.28603,0.00545,0.00517,0.27291,0.00693,0.00161,0.00008,0.00391,0.00581,0.01321,0.01331,0.14868,0.03612,0.02127,0.04207,0.45706,0.00178,0.01318,0.05864,0.01643,0.06391,0.01662,0.03433,0.03898,0.03763
44.69333,8,0.60292,0.06036,0.17174,0.00928,0.03605,0.15100,0.21721,0.00632,0.00747,0.30946,0.00886,0.00120,0.00010,0.00369,0.00404,0.01321,0.01551,0.07905,0.03441,0.01771,0.04421,0.53230,0.00208,0.01186,0.05745,0.01163,0.06283,0.01686,0.03715,0.03909,0.03786
44.71466,1,0.59093,0.04265,0.23350,0.02881,0.08957,0.18652,0.15132,0.00494,0.00541,0.22945,0.00673,0.00187,0.00152,0.00362,0.00283,0.01126,0.01633,0.05315,0.03378,0.01638,0.04500,0.56028,0.00220,0.01137,0.05701,0.00984,0.06244,0.01695,0.03819,0.03914,0.03795
44.73600,5,0.63880,0.03371,0.18542,0.02275,0.09023,0.15509,0.21328,0.00521,0.00434,0.20096,0.00829,0.03167,0.01744,0.01157,0.00270,0.01734,0.01823,0.04800,0.02386,0.01927,0.03301,0.32978,0.00174,0.01700,0.29131,0.01065,0.07323,0.02098,0.04185,0.02556,0.04550
44.75733,8,0.63057,0.02887,0.16830,0.01626,0.06570,0.13457,0.15952,0.00492,0.00323,0.22654,0.02123,0.04061,0.01310,0.01226,0.00284,0.10206,0.01022,0.28331,0.03285,0.03030,0.02977,0.15309,0.00085,0.01961,0.21884,0.02643,0.07328,0.01889,0.03123,0.02907,0.04226
44.77867,14,0.58892,0.04675,0.11724,0.01265,0.04615,0.10395,0.11475,0.00369,0.00330,0.17511,0.04625,0.03145,0.00913,0.00880,0.00464,0.27613,0.01210,0.20280,0.03461,0.02497,0.03688,0.33016,0.00139,0.01588,0.12785,0.02045,0.06789,0.01762,0.03316,0.03457,0.03965
44.80000,14,0.58414,0.08694,0.08667,0.01034,0.03210,0.07846,0.20490,0.00258,0.00236,0.12281,0.03508,0.02532,0.00643,0.00621,0.06592,0.23388,0.01438,0.15173,0.02965,0.02354,0.03384,0.29581,0.00144,0.01709,0.21576,0.01739,0.07123,0.01931,0.03653,0.02963,0.04267
44.82133,5,0.82004,0.06051,0.06204,0.00736,0.02226,0.05484,0.29054,0.00184,0.00166,0.08748,0.02746,0.02722,0.00513,0.00735,0.09688,0.24742,0.01357,0.08931,0.01813,0.02739,0.02355,0.16567,0.00831,0.01615,0.28783,0.02152,0.07228,0.02377,0.04246,0.02237,0.16769
44.84267,5,0.92334,0.04182,0.04354,0.00508,0.01537,0.03813,0.26570,0.00134,0.00115,0.06089,0.02018,0.02072,0.00375,0.00677,0.26500,0.21056,0.00737,0.06439,0.00935,0.03584,0.01451,0.07572,0.02113,0.01010,0.17586,0.03417,0.06415,0.02748,0.04615,0.02287,0.39091
44.86400,13,0.91775,0.02888,0.03009,0.00352,0.01060,0.02635,0.18350,0.00092,0.00079,0.04358,0.01616,0.01512,0.00260,0.00470,0.46924,0.16393,0.01099,0.05026,0.01965,0.02743,0.02795,0.29960,0.01385,0.00981,0.10498,0.02390,0.06220,0.02299,0.04308,0.03065,0.25266
44.88533,13,0.90182,0.01998,0.03397,0.00367,0.00732,0.01826,0.13231,0.00064,0.00055,0.04858,0.03027,0.01198,0.00190,0.00467,0.55107,0.13484,0.01432,0.04374,0.02774,0.02058,0.03822,0.46227,0.00715,0.01048,0.07415,0.01518,0.06207,0.01947,0.04054,0.03575,0.12832
44.90667,13,0.86978,0.01386,0.04359,0.00265,0.00505,0.01285,0.13305,0.00044,0.00038,0.21690,0.02971,0.00855,0.00134,0.00423,0.42609,0.10131,0.02237,0.03647,0.02029,0.01043,0.03475,0.28343,0.00537,0.00565,0.07327,0.04126,0.07574,0.00991,0.03378,0.28403,0.06325
44.92800,8,0.84953,0.00957,0.05547,0.00184,0.00350,0.00941,0.09922,0.00031,0.00026,0.41033,0.02506,0.00594,0.00093,0.00328,0.29712,0.07777,0.02735,0.03238,0.01419,0.00450,0.03105,0.14152,0.00507,0.00229,0.07646,0.05999,0.08494,0.00394,0.02957,0.45065,0.03610
44.94933,8,0.82165,0.00661,0.07424,0.00142,0.00342,0.00729,0.07366,0.00022,0.00020,0.52400,0.02098,0.00422,0.00065,0.00263,0.20639,0.07407,0.02945,0.03070,0.01144,0.00204,0.02930,0.07785,0.00504,0.00082,0.07825,0.06822,0.08892,0.00141,0.02778,0.52261,0.02617
44.97066,8,0.79840,0.00460,0.09164,0.00102,0.00386,0.00564,0.06794,0.00015,0.00014,0.47242,0.04328,0.00338,0.00047,0.00188,0.14292,0.16066,0.02533,0.03863,0.01178,0.01154,0.02441,0.06410,0.00323,0.01131,0.30280,0.04269,0.08775,0.01246,0.03603,0.28974,0.03821
44.99200,8,0.77551,0.00325,0.14514,0.00079,0.00604,0.00618,0.05588,0.00011,0.00012,0.45520,0.04449,0.00272,0.00034,0.00141,0.09892,0.17942,0.02230,0.04418,0.01235,0.01824,0.02134,0.06269,0.00202,0.01855,0.45391,0.02448,0.08647,0.02021,0.04181,0.12397,0.04749
45.01333,8,0.73735,0.00307,0.16249,0.00247,0.01953,0.02399,0.04479,0.00017,0.00104,0.43395,0.05417,0.00229,0.00027,0.00130,0.06881,0.18166,0.02096,0.04660,0.01264,0.02117,0.02003,0.06293,0.00149,0.02170,0.51924,0.01649,0.08587,0.02360,0.04433,0.05131,0.05164
45.03467,8,0.72146,0.00328,0.12092,0.00222,0.05661,0.05266,0.04450,0.00023,0.00100,0.32723,0.03821,0.08766,0.02493,0.05963,0.04827,0.13266,0.02046,0.04750,0.01275,0.02226,0.01955,0.06317,0.00130,0.02288,0.54353,0.01350,0.08563,0.02487,0.04527,0.02413,0.05320
45.05600,8,0.76948,0.00237,0.08976,0.00201,0.05817,0.09843,0.14105,0.00042,0.00092,0.23354,0.02677,0.14270,0.03385,0.04329,0.03471,0.09201,0.02035,0.04770,0.01278,0.02250,0.01944,0.06323,0.00125,0.02314,0.54883,0.01284,0.08558,0.02514,0.04548,0.01819,0.05354
45.07733,10,0.76217,0.00192,0.06255,0.00149,0.04193,0.10159,0.19950,0.00044,0.00168,0.16254,0.01860,0.22587,0.05580,0.03295,0.02944,0.06369,0.02025,0.04788,0.01280,0.02272,0.01935,0.06330,0.00122,0.02337,0.55364,0.01225,0.08553,0.02540,0.04566,0.01278,0.05386
45.09867,10,0.75873,0.00137,0.04333,0.00106,0.02907,0.08169,0.15359,0.00033,0.00152,0.11227,0.01292,0.41699,0.04974,0.02307,0.02908,0.04397,0.02021,0.04794,0.01281,0.02279,0.01932,0.06333,0.00120,0.02344,0.55520,0.01206,0.08552,0.02548,0.04573,0.01103,0.05396
45.12000,10,0.75433,0.00097,0.02992,0.00074,0.02008,0.05684,0.10618,0.00024,0.00108,0.07750,0.00899,0.57938,0.05087,0.01618,0.02067,0.03035,0.01072,0.03980,0.01708,0.01209,0.02630,0.04584,0.02295,0.02562,0.33768,0.01629,0.32372,0.03577,0.03237,0.02326,0.03051
45.14133,10,0.74221,0.00067,0.02066,0.00051,0.01386,0.03990,0.07347,0.00022,0.00076,0.05350,0.00629,0.69410,0.04906,0.01152,0.01450,0.02096,0.00432,0.03431,0.01996,0.00487,0.03100,0.03405,0.03761,0.02708,0.19093,0.01917,0.48423,0.04269,0.02337,0.03170,0.01470
45.16267,10,0.71952,0.00049,0.01431,0.00040,0.00962,0.04496,0.05175,0.00224,0.00065,0.03808,0.00459,0.72380,0.07580,0.00843,0.01024,0.01464,0.00155,0.03194,0.02121,0.00175,0.03304,0.02895,0.04395,0.02771,0.12744,0.02041,0.55365,0.04568,0.01947,0.03538,0.00786
45.18400,10,0.69403,0.00036,0.01094,0.00035,0.00673,0.04667,0.05789,0.00235,0.00057,0.29434,0.00319,0.50044,0.05314,0.00585,0.00707,0.01011,0.00052,0.03105,0.02167,0.00059,0.03379,0.02706,0.04631,0.02795,0.10384,0.02088,0.57946,0.04680,0.01803,0.03675,0.00531
45.20533,8,0.66639,0.00026,0.00833,0.00029,0.00470,0.03916,0.08656,0.00178,0.00040,0.45826,0.00224,0.34538,0.03668,0.00407,0.00489,0.00700,0.00017,0.03075,0.02183,0.00019,0.03405,0.02640,0.04712,0.02803,0.09571,0.02103,0.58835,0.04718,0.01753,0.03722,0.00444
45.22667,8,0.62575,0.00024,0.00692,0.00097,0.00490,0.08886,0.10221,0.00767,0.00076,0.51017,0.00162,0.23836,0.02531,0.00376,0.00340,0.00487,0.00005,0.03065,0.02188,0.00006,0.03414,0.02619,0.04739,0.02805,0.09304,0.02109,0.59127,0.04731,0.01736,0.03737,0.00415
45.24800,8,0.63832,0.00025,0.00524,0.00086,0.01875,0.19682,0.21321,0.00658,0.00086,0.35591,0.00204,0.17036,0.01770,0.00473,0.00243,0.00428,0.00951,0.03878,0.01763,0.01074,0.02718,0.04362,0.02571,0.02591,0.31022,0.01681,0.35396,0.03708,0.03068,0.02464,0.02754
45.26933,5,0.70906,0.00022,0.00388,0.00069,0.01779,0.23288,0.31827,0.00473,0.00090,0.24581,0.00172,0.13495,0.02702,0.00622,0.00191,0.00301,0.01589,0.04426,0.01475,0.01795,0.02248,0.05539,0.01108,0.02446,0.45686,0.01392,0.19373,0.03018,0.03968,0.01604,0.04334
45.29066,10,0.72479,0.00032,0.00286,0.00060,0.01297,0.21651,0.24367,0.00341,0.00094,0.16988,0.00124,0.24472,0.09283,0.00566,0.00226,0.00213,0.01865,0.04663,0.01351,0.02107,0.02045,0.06048,0.00475,0.02383,0.52029,0.01267,0.12443,0.02719,0.04357,0.01232,0.05017
45.31200,10,0.74668,0.00024,0.00209,0.00046,0.00917,0.15227,0.16862,0.00239,0.00072,0.11733,0.00088,0.30049,0.23804,0.00416,0.00166,0.00148,0.01805,0.04375,0.02274,0.01889,0.03195,0.30247,0.00289,0.01779,0.30945,0.01078,0.08772,0.02208,0.04172,0.02453,0.04519
45.33333,11,0.72597,0.00018,0.00180,0.00037,0.00648,0.10657,0.11665,0.00167,0.00052,0.08116,0.00071,0.28259,0.39583,0.00306,0.00133,0.00107,0.01378,0.04030,0.02384,0.01419,0.03408,0.27218,0.01299,0.01933,0.22937,0.01291,0.19983,0.02723,0.03578,0.02924,0.03493
45.35467,11,0.68813,0.00016,0.00224,0.00032,0.00450,0.08632,0.08112,0.00119,0.00038,0.05643,0.00069,0.21390,0.54831,0.00224,0.00140,0.00080,0.00610,0.03477,0.02324,0.00621,0.03472,0.14804,0.03205,0.02387,0.14221,0.01737,0.41592,0.03814,0.02542,0.03442,0.01752
45.37600,11,0.63725,0.00027,0.00534,0.00108,0.00314,0.15242,0.05810,0.00087,0.00032,0.03989,0.00086,0.18403,0.55006,0.00161,0.00122,0.00077,0.00431,0.02918,0.02154,0.00351,0.03755,0.08896,0.03615,0.02700,0.10306,0.01616,0.39134,0.16243,0.04059,0.02900,0.00921
45.39733,11,0.59000,0.00062,0.00757,0.01036,0.00320,0.18539,0.09777,0.00296,0.00259,0.03273,0.00175,0.16988,0.48175,0.00119,0.00099,0.00125,0.00656,0.02266,0.01941,0.00420,0.04307,0.08560,0.02974,0.02910,0.08048,0.01057,0.18607,0.38426,0.07609,0.01598,0.00619
45.41867,11,0.54152,0.00085,0.00882,0.01139,0.00319,0.16868,0.28642,0.00400,0.00472,0.04048,0.00143,0.12470,0.34251,0.00096,0.00072,0.00113,0.00790,0.01955,0.01839,0.00478,0.04584,0.08811,0.02598,0.03001,0.07112,0.00763,0.07681,0.49518,0.09419,0.00934,0.00516
45.44000,5,0.50720,0.00080,0.02231,0.01388,0.00292,0.14386,0.37802,0.00552,0.00379,0.09751,0.00192,0.08851,0.23658,0.00103,0.00066,0.00269,0.00846,0.01834,0.01799,0.00503,0.04694,0.08971,0.02441,0.03035,0.06771,0.00645,0.03271,0.53897,0.10139,0.00670,0.00483
45.46133,5,0.47470,0.00087,0.02796,0.01793,0.00442,0.10660,0.47114,0.00576,0.00354,0.12691,0.00270,0.06140,0.16325,0.00150,0.00064,0.00538,0.00867,0.01791,0.01785,0.00513,0.04733,0.09040,0.02383,0.03047,0.06655,0.00603,0.01685,0.55455,0.10396,0.00575,0.00472
45.48267,5,0.44611,0.00229,0.04607,0.02307,0.02503,0.09463,0.43927,0.00670,0.00369,0.15630,0.00850,0.04250,0.11270,0.00938,0.00051,0.02935,0.01249,0.02822,0.02517,0.01011,0.04647,0.31792,0.01364,0.02139,0.06184,0.00735,0.03652,0.30363,0.07358,0.02135,0.02034
45.50400,5,0.44365,0.00163,0.03377,0.01618,0.01901,0.06591,0.57296,0.00466,0.00324,0.11985,0.00800,0.04249,0.07780,0.00705,0.00078,0.02669,0.01503,0.03522,0.03011,0.01345,0.04584,0.47113,0.00683,0.01526,0.05881,0.00829,0.05164,0.13273,0.05281,0.03198,0.03088
45.52533,5,0.47619,0.00118,0.02511,0.01124,0.01323,0.04590,0.49755,0.00330,0.00231,0.19174,0.00658,0.08446,0.05419,0.00706,0.03013,0.02603,0.01613,0.03825,0.03225,0.01489,0.04556,0.53735,0.00390,0.01260,0.05751,0.00870,0.05838,0.05865,0.04380,0.03658,0.03544
45.54667,5,0.49160,0.00087,0.01811,0.00785,0.00913,0.03176,0.34878,0.00229,0.00161,0.31688,0.00743,0.10720,0.03778,0.00522,0.07702,0.02807,0.01654,0.03938,0.03305,0.01543,0.04546,0.56198,0.00281,0.01162,0.05703,0.00885,0.06093,0.03106,0.04044,0.03829,0.03713
45.56800,8,0.47537,0.00125,0.01848,0.00596,0.00631,0.02268,0.24303,0.00159,0.00112,0.42485,0.01093,0.08806,0.02628,0.00418,0.07133,0.07395,0.01668,0.03977,0.03332,0.01562,0.04542,0.57046,0.00243,0.01128,0.05686,0.00891,0.06181,0.02156,0.03928,0.03888,0.03771
45.58933,8,0.45972,0.00094,0.03487,0.00445,0.00457,0.01945,0.17441,0.00112,0.00084,0.45258,0.06002,0.06200,0.01816,0.00323,0.04961,0.11378,0.01671,0.03985,0.03338,0.01565,0.04542,0.57224,0.00236,0.01121,0.05683,0.00892,0.06199,0.01956,0.03904,0.03901,0.03784
45.61066,8,0.44760,0.00092,0.05585,0.00372,0.00412,0.01652,0.12383,0.00080,0.00068,0.39850,0.17660,0.04309,0.01254,0.00230,0.03449,0.12604,0.01753,0.04177,0.02867,0.01733,0.03940,0.45608,0.00204,0.01399,0.17175,0.00963,0.06752,0.01976,0.04044,0.03245,0.04163
45.63200,8,0.42847,0.00099,0.06919,0.00317,0.00903,0.01403,0.08864,0.00057,0.00050,0.32960,0.29230,0.03013,0.00867,0.00166,0.02399,0.12753,0.01901,0.04521,0.01989,0.02037,0.02827,0.23859,0.00157,0.01924,0.38458,0.01093,0.07750,0.02284,0.04337,0.02015,0.04849
45.65333,9,0.40146,0.00148,0.07301,0.00361,0.02132,0.01683,0.06663,0.00046,0.00096,0.31162,0.31818,0.02166,0.00600,0.00132,0.01683,0.14010,0.01975,0.04693,0.01548,0.02190,0.02268,0.12943,0.00134,0.02188,0.49131,0.01158,0.08249,0.02449,0.04485,0.01397,0.05193
45.67467,9,0.39541,0.00569,0.09482,0.01869,0.08701,0.04611,0.04968,0.00078,0.00520,0.24478,0.24959,0.04605,0.00563,0.00315,0.01819,0.12463,0.02004,0.04761,0.01374,0.02250,0.02048,0.08628,0.00125,0.02292,0.53349,0.01183,0.08446,0.02515,0.04544,0.01153,0.05328
45.69600,8,0.43410,0.00428,0.12734,0.03488,0.17646,0.06797,0.03838,0.00091,0.00423,0.18740,0.18300,0.04574,0.02228,0.00284,0.01394,0.09035,0.01758,0.03299,0.01092,0.01685,0.02536,0.05959,0.00748,0.01270,0.28950,0.31848,0.06432,0.03000,0.05804,0.01795,0.03823
45.71733,3,0.44459,0.00319,0.09168,0.02707,0.21088,0.05059,0.02689,0.00079,0.00366,0.13299,0.12695,0.10306,0.14711,0.00225,0.00999,0.06290,0.01588,0.02306,0.00923,0.01298,0.02892,0.04680,0.01169,0.00569,0.12003,0.52506,0.05051,0.03318,0.06647,0.02257,0.02792
45.73867,11,0.43213,0.00230,0.06368,0.01914,0.14825,0.03577,0.01873,0.00067,0.00289,0.09272,0.08779,0.14875,0.32668,0.00194,0.00718,0.04350,0.01772,0.03362,0.01072,0.01715,0.02482,0.05317,0.00724,0.01324,0.30524,0.30778,0.06536,0.02994,0.05770,0.01731,0.03898
45.76000,11,0.43056,0.00164,0.04406,0.01327,0.10243,0.02511,0.01313,0.00051,0.00203,0.06428,0.06063,0.16240,0.47366,0.00154,0.00524,0.03008,0.00968,0.04055,0.02253,0.27445,0.03199,0.03287,0.00723,0.01898,0.19531,0.13339,0.10329,0.02491,0.07278,0.00961,0.02242
45.78133,11,0.42363,0.00115,0.03052,0.00917,0.07070,0.01874,0.00926,0.00042,0.00140,0.04454,0.04216,0.18403,0.56207,0.00113,0.00379,0.02089,0.00806,0.03060,0.02196,0.18481,0.04040,0.05701,0.01499,0.02507,0.11492,0.05298,0.06411,0.27666,0.09037,0.00658,0.01147
45.80267,11,0.41589,0.00083,0.02118,0.00650,0.04882,0.01606,0.01518,0.00375,0.00102,0.03092,0.02947,0.26316,0.54490,0.00090,0.00267,0.01463,0.00832,0.02301,0.01970,0.08267,0.04481,0.07675,0.02011,0.02842,0.08301,0.02200,0.03190,0.44703,0.09956,0.00567,0.00706
45.82400,11,0.40574,0.00071,0.01577,0.00506,0.03395,0.02345,0.21931,0.01868,0.00271,0.05749,0.02053,0.19975,0.38954,0.00104,0.00185,0.01017,0.00858,0.01963,0.01851,0.03396,0.04658,0.08566,0.02231,0.02978,0.07162,0.01112,0.01733,0.52080,0.10325,0.00540,0.00547
45.84533,5,0.39373,0.00053,0.01268,0.00381,0.02347,0.02221,0.33063,0.01710,0.00191,0.15701,0.01423,0.13808,0.26883,0.00120,0.00128,0.00704,0.00870,0.01836,0.01804,0.01508,0.04721,0.08904,0.02313,0.03027,0.06780,0.00750,0.01181,0.54824,0.10457,0.00532,0.00493
45.86666,5,0.37818,0.00044,0.01078,0.00373,0.01684,0.03298,0.40096,0.05275,0.00258,0.17603,0.01011,0.09548,0.18553,0.00598,0.00092,0.00489,0.00873,0.01808,0.01793,0.01088,0.04735,0.08978,0.02331,0.03038,0.06701,0.00676,0.01060,0.55423,0.10485,0.00530,0.00482
45.88800,5,0.42625,0.00033,0.00773,0.00272,0.01221,0.03313,0.50424,0.04330,0.00197,0.12201,0.00937,0.10006,0.12992,0.02499,0.00069,0.00733,0.01059,0.02295,0.02144,0.00945,0.04698,0.20185,0.01857,0.02601,0.06419,0.00682,0.02175,0.43413,0.08980,0.01309,0.01239
45.90933,5,0.47621,0.00025,0.00547,0.00191,0.00921,0.02951,0.51160,0.03262,0.00143,0.08478,0.00927,0.15626,0.11218,0.03342,0.00350,0.00859,0.01400,0.03235,0.02809,0.01267,0.04612,0.40833,0.00954,0.01776,0.06004,0.00795,0.04411,0.20341,0.06152,0.02754,0.02657
45.93067,5,0.47320,0.00028,0.00382,0.00137,0.00686,0.02524,0.39367,0.02259,0.00103,0.05904,0.00657,0.24534,0.20021,0.02486,0.00306,0.00606,0.01571,0.03709,0.03143,0.01452,0.04568,0.51188,0.00500,0.01362,0.05801,0.00856,0.05539,0.08733,0.04732,0.03478,0.03369
45.95200,10,0.46363,0.00022,0.00283,0.00126,0.00487,0.03231,0.27289,0.01563,0.00074,0.04145,0.00539,0.39902,0.19661,0.01788,0.00457,0.00434,0.01639,0.03896,0.03275,0.01529,0.04550,0.55280,0.00321,0.01199,0.05721,0.00880,0.05986,0.04140,0.04171,0.03765,0.03650
45.97333,10,0.44390,0.00023,0.00207,0.00112,0.00351,0.03198,0.19046,0.01089,0.00062,0.02945,0.00847,0.52026,0.17929,0.01329,0.00507,0.00328,0.01663,0.03963,0.03322,0.01556,0.04544,0.56735,0.00257,0.01140,0.05692,0.00889,0.06145,0.02505,0.03971,0.03867,0.03750
45.99467,10,0.42919,0.00037,0.00367,0.00097,0.00251,0.02758,0.13234,0.00755,0.00045,0.02214,0.01235,0.54682,0.21630,0.00985,0.00821,0.00888,0.00884,0.03546,0.02796,0.00828,0.04014,0.31461,0.02361,0.01917,0.07328,0.01464,0.31112,0.03383,0.02897,0.03820,0.02188
46.01600,10,0.40878,0.00102,0.01099,0.00360,0.00188,0.04967,0.10338,0.00556,0.00038,0.02610,0.05626,0.44463,0.25468,0.00807,0.01234,0.02144,0.00357,0.03257,0.02435,0.00334,0.03658,0.14261,0.03787,0.02447,0.08434,0.01850,0.47916,0.04168,0.02197,0.03776,0.01123
46.03733,10,0.37751,0.00137,0.01201,0.01222,0.00197,0.05901,0.27037,0.00462,0.00062,0.02196,0.05003,0.32322,0.21042,0.00587,0.00884,0.01744,0.00128,0.03131,0.02279,0.00120,0.03504,0.06802,0.04404,0.02677,0.08912,0.02017,0.55183,0.04528,0.01897,0.03756,0.00661
46.05867,5,0.35699,0.00159,0.08133,0.01734,0.00198,0.07234,0.22799,0.00399,0.00125,0.14146,0.04308,0.22562,0.14690,0.00423,0.00686,0.02403,0.00043,0.03084,0.02221,0.00041,0.03447,0.04024,0.04634,0.02763,0.09090,0.02080,0.57885,0.04665,0.01785,0.03748,0.00490
46.08000,8,0.34087,0.00141,0.12205,0.01779,0.00210,0.06113,0.21726,0.00396,0.00163,0.25127,0.03351,0.15604,0.10144,0.00324,0.00517,0.02201,0.00014,0.03068,0.02200,0.00013,0.03427,0.03068,0.04713,0.02792,0.09152,0.02101,0.58815,0.04713,0.01747,0.03746,0.00430
46.10133,8,0.33519,0.00144,0.12133,0.02986,0.00477,0.05814,0.25080,0.00637,0.00253,0.27086,0.04421,0.10779,0.07002,0.00280,0.00385,0.02523,0.00791,0.03502,0.02736,0.00742,0.03948,0.28516,0.02613,0.02006,0.07526,0.01536,0.34206,0.03302,0.02742,0.03826,0.02007
46.12267,5,0.37699,0.00121,0.10440,0.02815,0.00336,0.04215,0.28486,0.00450,0.00180,0.21898,0.03120,0.09131,0.04851,0.00353,0.00621,0.12983,0.01182,0.03860,0.02475,0.01197,0.03556,0.26932,0.01748,0.01976,0.18366,0.01380,0.24894,0.02934,0.03301,0.03192,0.03006
46.14400,8,0.42461,0.00084,0.07258,0.01964,0.00233,0.02936,0.19716,0.00312,0.00125,0.39115,0.02171,0.11708,0.03355,0.00288,0.01308,0.09428,0.01685,0.04401,0.01841,0.01835,0.02682,0.16810,0.00740,0.02142,0.38905,0.01250,0.14594,0.02651,0.04057,0.01994,0.04412
46.16533,8,0.42168,0.00059,0.05025,0.01372,0.00161,0.02035,0.13609,0.00215,0.00086,0.55106,0.01504,0.10713,0.02317,0.00210,0.01049,0.06539,0.01821,0.04467,0.01972,0.01956,0.02819,0.22266,0.00360,0.01979,0.37794,0.01142,0.10089,0.02381,0.04227,0.02056,0.04672
46.18666,8,0.40533,0.00052,0.03564,0.01102,0.00120,0.01445,0.09848,0.00150,0.00072,0.67702,0.01059,0.07621,0.01602,0.00155,0.00759,0.04749,0.01915,0.04597,0.01742,0.02094,0.02519,0.17371,0.00211,0.02086,0.44073,0.01145,0.08796,0.02399,0.04381,0.01691,0.04979
46.20800,8,0.38948,0.00039,0.05232,0.00771,0.00186,0.01261,0.06964,0.00104,0.00051,0.74205,0.00780,0.05327,0.01106,0.00116,0.00530,0.03325,0.01978,0.04713,0.01480,0.02204,0.02184,0.11141,0.00152,0.02233,0.50661,0.01173,0.08571,0.02481,0.04496,0.01309,0.05226
46.22933,8,0.37747,0.00029,0.12351,0.00535,0.00288,0.00962,0.06289,0.00073,0.00036,0.71582,0.00573,0.03711,0.00764,0.00090,0.00368,0.02349,0.02005,0.04766,0.01355,0.02254,0.02025,0.08127,0.00130,0.02305,0.53766,0.01188,0.08544,0.02525,0.04546,0.01129,0.05337
46.25067,8,0.36279,0.00028,0.18314,0.00370,0.01012,0.00963,0.05290,0.00050,0.00026,0.68315,0.00428,0.02634,0.00528,0.00070,0.00254,0.01717,0.02015,0.04786,0.01306,0.02272,0.01963,0.06952,0.00123,0.02333,0.54964,0.01194,0.08546,0.02542,0.04565,0.01059,0.05379
46.27200,8,0.34848,0.00042,0.20509,0.00260,0.01910,0.01202,0.04252,0.00037,0.00023,0.67512,0.00388,0.01840,0.00364,0.00065,0.00176,0.01420,0.02018,0.04793,0.01289,0.02279,0.01941,0.06537,0.00121,0.02343,0.55385,0.01196,0.08549,0.02548,0.04572,0.01035,0.05393
46.29333,8,0.33130,0.00086,0.21233,0.00218,0.09948,0.01800,0.03052,0.00037,0.00141,0.60399,0.00302,0.01288,0.00253,0.00118,0.00122,0.01005,0.02019,0.04796,0.01284,0.02281,0.01934,0.06399,0.00120,0.02346,0.55525,0.01197,0.08550,0.02550,0.04574,0.01027,0.05398
46.31467,8,0.34187,0.00193,0.24902,0.00350,0.13365,0.01931,0.02171,0.00034,0.00134,0.51866,0.00224,0.01984,0.00338,0.01639,0.00089,0.00781,0.02020,0.04796,0.01282,0.02282,0.01932,0.06354,0.00120,0.02347,0.55570,0.01197,0.08551,0.02551,0.04575,0.01024,0.05400
46.33600,8,0.38366,0.00154,0.17906,0.00643,0.10600,0.02338,0.03356,0.00207,0.00162,0.46219,0.00304,0.05832,0.07774,0.01926,0.01761,0.00818,0.02020,0.04797,0.01281,0.02282,0.01931,0.06340,0.00120,0.02348,0.55584,0.01197,0.08551,0.02551,0.04575,0.01023,0.05400
46.35733,8,0.40324,0.00131,0.12453,0.00513,0.07820,0.09208,0.02982,0.00170,0.00181,0.39450,0.00355,0.14773,0.07950,0.01662,0.01730,0.00620,0.02020,0.04797,0.01281,0.02282,0.01931,0.06336,0.00120,0.02348,0.55588,0.01197,0.08551,0.02551,0.04575,0.01023,0.05400
46.37867,8,0.41726,0.00100,0.08645,0.00454,0.05546,0.07128,0.02170,0.00133,0.00162,0.27438,0.00323,0.21393,0.23408,0.01322,0.01319,0.00458,0.02020,0.04797,0.01281,0.02282,0.01931,0.06334,0.00120,0.02348,0.55590,0.01197,0.08551,0.02551,0.04575,0.01023,0.05400
46.40000,11,0.40533,0.00081,0.06060,0.00341,0.03853,0.05348,0.01565,0.00108,0.00117,0.19013,0.00245,0.24829,0.35943,0.01023,0.01151,0.00326,0.02020,0.04797,0.01281,0.02282,0.01931,0.06334,0.00120,0.02348,0.55590,0.01197,0.08551,0.02551,0.04575,0.01023,0.05400
46.42133,11,0.39482,0.00068,0.04197,0.00240,0.02665,0.03810,0.01107,0.00086,0.00090,0.13238,0.00195,0.31108,0.41237,0.00862,0.00865,0.00231,0.02020,0.04797,0.01281,0.02282,0.01931,0.06334,0.00120,0.02348,0.55590,0.01197,0.08551,0.02551,0.04575,0.01023,0.05400
46.44267,11,0.39173,0.00054,0.02982,0.00174,0.01845,0.03078,0.00788,0.00066,0.00064,0.09238,0.00211,0.31950,0.48026,0.00621,0.00714,0.00189,0.01757,0.04100,0.01395,0.01876,0.02580,0.06966,0.00634,0.02510,0.44313,0.01055,0.06789,0.14907,0.05944,0.00909,0.04265
46.46400,11,0.38447,0.00053,0.02155,0.00366,0.01314,0.03361,0.08549,0.00384,0.00130,0.06550,0.00175,0.23948,0.51904,0.00445,0.00524,0.00143,0.01270,0.02810,0.01607,0.01124,0.03783,0.08136,0.01587,0.02810,0.23423,0.00793,0.03525,0.37792,0.08480,0.00698,0.02161
46.48533,11,0.37953,0.00039,0.01511,0.00508,0.00949,0.02479,0.34279,0.00574,0.00689,0.04939,0.00125,0.16630,0.36504,0.00312,0.00362,0.00099,0.01025,0.02162,0.01714,0.00747,0.04387,0.08723,0.02065,0.02961,0.12942,0.00661,0.01887,0.49274,0.09753,0.00593,0.01106
46.50666,5,0.37549,0.00028,0.01160,0.00367,0.00658,0.01797,0.51369,0.00411,0.00478,0.06429,0.00087,0.11480,0.25197,0.00220,0.00250,0.00069,0.00929,0.01906,0.01756,0.00597,0.04626,0.08955,0.02254,0.03020,0.08800,0.00609,0.01240,0.53812,0.10255,0.00551,0.00689
46.52800,5,0.36689,0.00022,0.01178,0.00342,0.00711,0.03391,0.56362,0.00399,0.00333,0.11437,0.00071,0.07925,0.17388,0.00206,0.00173,0.00062,0.00894,0.01815,0.01771,0.00544,0.04711,0.09037,0.02321,0.03042,0.07326,0.00591,0.01009,0.55427,0.10434,0.00536,0.00541
46.54933,5,0.38849,0.00016,0.01061,0.00373,0.00733,0.03046,0.66755,0.01123,0.00261,0.08112,0.00265,0.05516,0.12009,0.00549,0.00120,0.00061,0.01257,0.02830,0.02512,0.01021,0.04640,0.31788,0.01344,0.02137,0.06399,0.00731,0.03435,0.30357,0.07371,0.02122,0.02056
46.57067,5,0.46208,0.00012,0.00744,0.00262,0.00571,0.02233,0.75298,0.00805,0.00182,0.05605,0.00205,0.04771,0.08537,0.00609,0.00093,0.00076,0.01506,0.03524,0.03009,0.01348,0.04582,0.47108,0.00677,0.01525,0.05948,0.00828,0.05096,0.13275,0.05285,0.03193,0.03095
46.59200,5,0.50918,0.00019,0.00520,0.00184,0.00461,0.03929,0.68371,0.00562,0.00135,0.03946,0.00147,0.09975,0.10621,0.00767,0.00302,0.00063,0.01614,0.03826,0.03225,0.01490,0.04556,0.53734,0.00388,0.01260,0.05771,0.00870,0.05817,0.05865,0.04381,0.03657,0.03546
46.61333,5,0.55191,0.00016,0.00363,0.00128,0.00343,0.02880,0.47538,0.00389,0.00103,0.02729,0.00102,0.29535,0.14985,0.00564,0.00281,0.00044,0.01654,0.03938,0.03304,0.01543,0.04546,0.56198,0.00280,0.01162,0.05709,0.00885,0.06086,0.03106,0.04044,0.03829,0.03714
46.63467,10,0.54531,0.00012,0.00283,0.00091,0.00242,0.02829,0.32818,0.00286,0.00075,0.01919,0.00086,0.47018,0.13625,0.00434,0.00242,0.00041,0.01668,0.03977,0.03332,0.01562,0.04542,0.57046,0.00243,0.01128,0.05688,0.00891,0.06179,0.02156,0.03928,0.03888,0.03772
46.65600,10,0.52396,0.00010,0.00364,0.00073,0.00214,0.03630,0.26831,0.00455,0.00058,0.01478,0.00226,0.54425,0.11544,0.00349,0.00181,0.00159,0.01671,0.03985,0.03338,0.01566,0.04542,0.57224,0.00235,0.01121,0.05684,0.00892,0.06198,0.01956,0.03904,0.03901,0.03784
46.67733,5,0.48929,0.00039,0.00807,0.00162,0.00358,0.04924,0.42255,0.00681,0.00073,0.01344,0.00266,0.40180,0.08298,0.00259,0.00126,0.00228,0.01288,0.03777,0.03077,0.01207,0.04283,0.44756,0.01270,0.01505,0.06486,0.01173,0.18425,0.02479,0.03389,0.03872,0.03012
46.69867,5,0.46108,0.00035,0.01153,0.00285,0.00290,0.03954,0.58262,0.00517,0.00051,0.01259,0.00187,0.27835,0.05734,0.00188,0.00088,0.00164,0.00575,0.03381,0.02587,0.00539,0.03803,0.21421,0.03198,0.02225,0.07979,0.01693,0.41045,0.03718,0.02468,0.03802,0.01567
46.72000,5,0.43837,0.00030,0.02735,0.00388,0.00435,0.03337,0.60632,0.00368,0.00035,0.08310,0.00153,0.19237,0.03958,0.00185,0.00064,0.00132,0.01003,0.03621,0.02882,0.00941,0.04091,0.35465,0.02039,0.01791,0.07082,0.01381,0.27480,0.02924,0.03014,0.03847,0.02437
46.74133,5,0.48930,0.00023,0.01901,0.00273,0.00361,0.02437,0.69208,0.00256,0.00026,0.05845,0.00142,0.15607,0.02866,0.00701,0.00057,0.00296,0.01392,0.03838,0.03150,0.01305,0.04351,0.48193,0.00989,0.01398,0.06270,0.01099,0.15176,0.02214,0.03511,0.03888,0.03226
46.76266,5,0.52808,0.00018,0.01315,0.00189,0.00276,0.01850,0.73395,0.00198,0.00029,0.04065,0.00100,0.13832,0.03057,0.00753,0.00682,0.00239,0.01571,0.03938,0.03274,0.01473,0.04471,0.54052,0.00506,0.01217,0.05896,0.00969,0.09511,0.01888,0.03740,0.03906,0.03589
46.78400,5,0.55368,0.00025,0.00910,0.00133,0.00199,0.01374,0.52116,0.00140,0.00051,0.02816,0.00073,0.24291,0.16140,0.00588,0.00977,0.00167,0.01639,0.03976,0.03321,0.01537,0.04517,0.56290,0.00321,0.01147,0.05753,0.00919,0.07348,0.01764,0.03827,0.03913,0.03727
46.80533,10,0.58672,0.00018,0.00629,0.00095,0.00139,0.01002,0.35995,0.00097,0.00039,0.01948,0.00053,0.37307,0.21323,0.00420,0.00819,0.00118,0.01663,0.03989,0.03337,0.01560,0.04533,0.57073,0.00257,0.01123,0.05703,0.00902,0.06591,0.01720,0.03858,0.03916,0.03776
46.82667,10,0.57523,0.00013,0.00437,0.00072,0.00097,0.01394,0.24882,0.00071,0.00030,0.01348,0.00041,0.48807,0.21802,0.00314,0.00607,0.00084,0.01671,0.03994,0.03343,0.01567,0.04538,0.57332,0.00235,0.01115,0.05686,0.00896,0.06340,0.01706,0.03868,0.03916,0.03792
46.84800,10,0.55673,0.00010,0.00319,0.00060,0.00069,0.05092,0.17428,0.00108,0.00024,0.01007,0.00089,0.45086,0.29860,0.00251,0.00516,0.00081,0.00887,0.03556,0.02802,0.00832,0.04012,0.31650,0.02355,0.01909,0.07326,0.01466,0.31177,0.03128,0.02864,0.03836,0.02201
46.86933,10,0.54063,0.00013,0.00281,0.00222,0.00081,0.05502,0.27755,0.00564,0.00059,0.00833,0.00268,0.34930,0.28801,0.00208,0.00377,0.00106,0.00357,0.03260,0.02437,0.00335,0.03657,0.14316,0.03785,0.02445,0.08433,0.01851,0.47940,0.04088,0.02186,0.03781,0.01127
46.89067,5,0.52679,0.00037,0.00336,0.00323,0.00084,0.05072,0.44649,0.00634,0.00201,0.01008,0.00246,0.26712,0.20119,0.00212,0.00261,0.00106,0.00129,0.03132,0.02279,0.00121,0.03504,0.06819,0.04403,0.02677,0.08912,0.02018,0.55190,0.04503,0.01893,0.03758,0.00663
46.91200,5,0.51057,0.00029,0.00538,0.00306,0.00073,0.03680,0.58364,0.00466,0.00141,0.03369,0.00175,0.18489,0.13892,0.00204,0.00181,0.00093,0.00043,0.03085,0.02221,0.00041,0.03447,0.04030,0.04634,0.02763,0.09090,0.02080,0.57887,0.04658,0.01784,0.03749,0.00490
46.93333,5,0.49459,0.00025,0.00422,0.00484,0.00253,0.03175,0.67334,0.00664,0.00491,0.04110,0.00176,0.12784,0.09591,0.00294,0.00126,0.00070,0.00410,0.03290,0.02474,0.00385,0.03693,0.16047,0.03642,0.02391,0.08323,0.01813,0.46266,0.03992,0.02254,0.03787,0.01234
46.95467,5,0.55011,0.00018,0.00293,0.00335,0.00186,0.02226,0.66294,0.00492,0.00341,0.02876,0.00180,0.17577,0.07450,0.01526,0.00094,0.00112,0.01108,0.03679,0.02954,0.01039,0.04160,0.38881,0.01758,0.01686,0.06865,0.01306,0.24183,0.02728,0.03147,0.03858,0.02649
46.97600,5,0.57277,0.00021,0.00206,0.00234,0.00182,0.01613,0.58982,0.00345,0.00246,0.02008,0.00127,0.21377,0.13238,0.01216,0.00121,0.00084,0.01460,0.03876,0.03197,0.01370,0.04397,0.50436,0.00804,0.01328,0.06127,0.01049,0.13009,0.02088,0.03598,0.03895,0.03365
46.99733,5,0.60868,0.00022,0.00144,0.00164,0.00140,0.01146,0.41917,0.00240,0.00180,0.01398,0.00089,0.30555,0.22869,0.00891,0.00185,0.00060,0.01600,0.03954,0.03294,0.01501,0.04491,0.55015,0.00427,0.01187,0.05834,0.00947,0.08581,0.01834,0.03777,0.03909,0.03648
47.01867,10,0.61279,0.00017,0.00102,0.00118,0.00100,0.00923,0.28954,0.00166,0.00127,0.00979,0.00066,0.43050,0.24395,0.00641,0.00314,0.00048,0.01650,0.03982,0.03328,0.01547,0.04524,0.56647,0.00292,0.01136,0.05730,0.00911,0.07002,0.01744,0.03841,0.03914,0.03750
47.04000,10,0.61920,0.00013,0.00087,0.00097,0.00074,0.00885,0.19993,0.00118,0.00092,0.00729,0.00062,0.45932,0.31032,0.00474,0.00358,0.00054,0.01667,0.03991,0.03340,0.01563,0.04535,0.57195,0.00247,0.01120,0.05695,0.00899,0.06472,0.01714,0.03863,0.03916,0.03784
47.06133,10,0.60328,0.00010,0.00405,0.00241,0.00102,0.07068,0.13912,0.00166,0.00079,0.00991,0.00097,0.40851,0.35169,0.00337,0.00409,0.00163,0.00886,0.03555,0.02801,0.00830,0.04012,0.31610,0.02358,0.01910,0.07329,0.01467,0.31215,0.03130,0.02862,0.03836,0.02198
47.08266,10,0.57087,0.00015,0.02074,0.02012,0.00531,0.21734,0.13443,0.01106,0.00135,0.00980,0.00117,0.30887,0.26231,0.00239,0.00291,0.00205,0.00357,0.03260,0.02437,0.00335,0.03657,0.14306,0.03786,0.02445,0.08434,0.01851,0.47949,0.04089,0.02186,0.03781,0.01126
47.10400,5,0.52635,0.00020,0.02193,0.02727,0.01414,0.16344,0.35521,0.00852,0.00098,0.00713,0.00086,0.21352,0.18107,0.00205,0.00205,0.00162,0.00128,0.03132,0.02279,0.00120,0.03504,0.06815,0.04404,0.02677,0.08912,0.02018,0.55194,0.04504,0.01893,0.03758,0.00662
47.12533,5,0.49578,0.00059,0.03082,0.05766,0.02053,0.13613,0.45680,0.01050,0.00082,0.00673,0.00076,0.14767,0.12501,0.00188,0.00155,0.00257,0.00043,0.03085,0.02221,0.00041,0.03447,0.04029,0.04634,0.02763,0.09090,0.02080,0.57888,0.04658,0.01784,0.03749,0.00490
47.14667,5,0.49361,0.00066,0.03218,0.04249,0.01744,0.09904,0.58181,0.00786,0.00069,0.01934,0.00128,0.10328,0.08631,0.00165,0.00162,0.00436,0.00801,0.03508,0.02743,0.00751,0.03955,0.28832,0.02587,0.01996,0.07506,0.01529,0.33902,0.03284,0.02754,0.03827,0.02026
47.16800,5,0.58401,0.00057,0.04538,0.03219,0.01209,0.07118,0.54217,0.00559,0.00049,0.08661,0.00318,0.11575,0.05972,0.00278,0.00874,0.01357,0.01321,0.03798,0.03101,0.01239,0.04304,0.45876,0.01181,0.01469,0.06418,0.01150,0.17418,0.02340,0.03420,0.03880,0.03082
47.18933,5,0.64303,0.00044,0.03634,0.02267,0.00835,0.04969,0.37785,0.00387,0.00034,0.27223,0.00304,0.14187,0.04126,0.00424,0.02355,0.01425,0.01460,0.03876,0.03197,0.01369,0.04397,0.50435,0.00805,0.01328,0.06127,0.01049,0.13010,0.02088,0.03598,0.03895,0.03365
47.21067,8,0.62660,0.00045,0.02918,0.01593,0.00578,0.03507,0.26169,0.00269,0.00025,0.46378,0.00223,0.11450,0.02853,0.00453,0.01932,0.01609,0.01600,0.03954,0.03294,0.01501,0.04491,0.55015,0.00427,0.01187,0.05834,0.00947,0.08581,0.01834,0.03777,0.03909,0.03648
47.23200,8,0.60702,0.00049,0.08237,0.01114,0.00480,0.02824,0.18108,0.00186,0.00018,0.55739,0.00177,0.08146,0.01971,0.00335,0.01347,0.01269,0.01650,0.03982,0.03328,0.01547,0.04524,0.56647,0.00292,0.01136,0.05730,0.00911,0.07002,0.01744,0.03841,0.03914,0.03750
47.25333,8,0.59058,0.00053,0.25102,0.00783,0.01037,0.02627,0.12556,0.00130,0.00013,0.48225,0.00149,0.05664,0.01361,0.00244,0.00937,0.01119,0.01829,0.04367,0.02370,0.01897,0.03309,0.33183,0.00197,0.01700,0.29141,0.01042,0.07566,0.02114,0.04193,0.02557,0.04536
47.27467,8,0.56244,0.00288,0.30299,0.00560,0.01611,0.06439,0.08851,0.00098,0.00031,0.43556,0.00360,0.04005,0.00943,0.00183,0.00659,0.02116,0.01944,0.04624,0.01720,0.02128,0.02487,0.17181,0.00149,0.02086,0.44926,0.01134,0.08131,0.02374,0.04422,0.01641,0.05053
47.29600,8,0.51472,0.01122,0.30270,0.00514,0.04124,0.11774,0.06447,0.00108,0.00731,0.38717,0.00285,0.02793,0.00652,0.00134,0.00469,0.01862,0.01993,0.04735,0.01439,0.02227,0.02131,0.10238,0.00130,0.02254,0.51756,0.01174,0.08396,0.02487,0.04520,0.01245,0.05276
47.31733,8,0.48184,0.03478,0.26385,0.00783,0.03550,0.10477,0.13321,0.00277,0.02582,0.34024,0.00211,0.02238,0.00489,0.00128,0.00606,0.01451,0.02011,0.04776,0.01334,0.02263,0.01998,0.07652,0.00123,0.02316,0.54297,0.01189,0.08498,0.02530,0.04557,0.01098,0.05358
47.33867,8,0.48867,0.02758,0.19154,0.00616,0.02683,0.08644,0.22402,0.00221,0.01849,0.32588,0.02164,0.03224,0.00528,0.00681,0.00606,0.01882,0.02017,0.04790,0.01298,0.02276,0.01952,0.06761,0.00121,0.02338,0.55171,0.01194,0.08534,0.02544,0.04569,0.01047,0.05387
47.36000,5,0.52890,0.01960,0.13282,0.00556,0.02001,0.06102,0.25244,0.00178,0.01314,0.22933,0.01752,0.14842,0.06413,0.01359,0.00517,0.01548,0.02019,0.04794,0.01286,0.02280,0.01937,0.06469,0.00120,0.02345,0.55458,0.01196,0.08546,0.02549,0.04573,0.01031,0.05396
47.38133,11,0.58616,0.01400,0.09255,0.00682,0.01679,0.04390,0.20115,0.00272,0.01087,0.16249,0.01555,0.13526,0.26705,0.01070,0.00657,0.01357,0.02020,0.04796,0.01283,0.02281,0.01933,0.06376,0.00120,0.02347,0.55549,0.01197,0.08549,0.02551,0.04575,0.01025,0.05399
47.40267,11,0.61352,0.00991,0.06394,0.00483,0.01219,0.03064,0.14126,0.00214,0.00812,0.11786,0.01464,0.16065,0.39102,0.00929,0.02173,0.01178,0.01858,0.04420,0.02251,0.01948,0.03157,0.30362,0.00169,0.01767,0.32129,0.01054,0.07457,0.02151,0.04245,0.02383,0.04648
47.42400,11,0.58713,0.00706,0.04619,0.00831,0.01047,0.11926,0.12286,0.01697,0.02085,0.10770,0.01093,0.15641,0.33785,0.00733,0.01593,0.01187,0.01374,0.03121,0.02168,0.01228,0.04083,0.23806,0.01203,0.02287,0.16773,0.00812,0.04218,0.27496,0.07147,0.01707,0.02576
47.44533,4,0.53670,0.00516,0.03523,0.05890,0.01509,0.25291,0.08627,0.02272,0.05012,0.08982,0.00794,0.11271,0.23828,0.00524,0.01131,0.00831,0.01074,0.02307,0.01954,0.00798,0.04507,0.15489,0.01892,0.02732,0.10236,0.00672,0.02213,0.44638,0.09156,0.01030,0.01302
47.46667,4,0.48807,0.00367,0.04285,0.09411,0.01366,0.28985,0.14594,0.02516,0.03499,0.08338,0.00559,0.07813,0.16449,0.00447,0.00794,0.00578,0.00996,0.02094,0.01888,0.00686,0.04608,0.13044,0.02074,0.02856,0.08721,0.00636,0.01690,0.49204,0.09694,0.00837,0.00971
47.48800,5,0.45906,0.00256,0.03248,0.06729,0.01015,0.20750,0.39422,0.01825,0.02419,0.05801,0.00407,0.05398,0.11351,0.00424,0.00548,0.00405,0.02059,0.02425,0.01999,0.01144,0.15606,0.09390,0.02304,0.02831,0.06476,0.01167,0.02103,0.41025,0.09168,0.01220,0.01084
47.50933,5,0.59978,0.00177,0.02246,0.04652,0.00720,0.14435,0.55388,0.01264,0.01669,0.04010,0.00401,0.05367,0.07974,0.00938,0.00380,0.00379,0.04144,0.03356,0.02307,0.02155,0.35826,0.06410,0.02454,0.02594,0.04477,0.02204,0.03646,0.19024,0.07386,0.02227,0.01789
47.53067,5,0.69210,0.00123,0.01551,0.03210,0.00499,0.10077,0.64933,0.00881,0.01182,0.02768,0.00288,0.07379,0.05784,0.00703,0.00332,0.00290,0.03242,0.03773,0.02833,0.02006,0.23622,0.30040,0.01424,0.01868,0.04805,0.01716,0.05051,0.08139,0.05512,0.03146,0.02823
47.55200,5,0.69678,0.00087,0.01071,0.02216,0.00345,0.06985,0.58830,0.00609,0.00912,0.01912,0.00220,0.19689,0.04810,0.00522,0.01587,0.00203,0.02342,0.03922,0.03144,0.01763,0.12575,0.46357,0.00711,0.01412,0.05294,0.01243,0.05778,0.03915,0.04502,0.03624,0.03418
47.57333,10,0.66034,0.00062,0.00740,0.01533,0.00240,0.04894,0.40890,0.00423,0.00658,0.01326,0.00178,0.42599,0.04388,0.00441,0.01488,0.00141,0.01921,0.03972,0.03274,0.01643,0.07491,0.53455,0.00400,0.01219,0.05534,0.01022,0.06068,0.02427,0.04093,0.03815,0.03665
47.59467,5,0.57290,0.00050,0.00551,0.01765,0.00764,0.17293,0.38176,0.00456,0.03071,0.00954,0.00169,0.32029,0.03227,0.00311,0.01086,0.00098,0.01759,0.03988,0.03321,0.01596,0.05549,0.56102,0.00285,0.01148,0.05629,0.00937,0.06172,0.01931,0.03946,0.03883,0.03754
47.61600,5,0.47322,0.00055,0.00578,0.01412,0.00593,0.22124,0.45758,0.00396,0.02167,0.00691,0.00155,0.22754,0.02277,0.00217,0.00755,0.00069,0.00916,0.03554,0.02795,0.00841,0.04343,0.31252,0.02370,0.01919,0.07307,0.01480,0.31121,0.03198,0.02889,0.03825,0.02189
47.63733,5,0.39373,0.00223,0.00756,0.01085,0.00469,0.20404,0.55542,0.00387,0.01644,0.00487,0.00195,0.16397,0.01674,0.00154,0.00537,0.00048,0.01153,0.03699,0.02977,0.01076,0.04290,0.39958,0.01664,0.01652,0.06782,0.01283,0.23003,0.02683,0.03202,0.03859,0.02720
47.65866,5,0.33762,0.00661,0.00669,0.01396,0.00715,0.20565,0.51418,0.02002,0.05927,0.00464,0.00566,0.13768,0.01258,0.00124,0.00428,0.00040,0.01448,0.03867,0.03186,0.01356,0.04420,0.49905,0.00847,0.01345,0.06156,0.01061,0.13480,0.02122,0.03582,0.03892,0.03333
47.68000,5,0.29756,0.02695,0.00500,0.01541,0.00504,0.15221,0.37921,0.03449,0.06435,0.00407,0.01186,0.28659,0.00917,0.00132,0.00389,0.00044,0.01590,0.03948,0.03286,0.01491,0.04494,0.54649,0.00456,0.01198,0.05856,0.00956,0.08922,0.01856,0.03764,0.03908,0.03626
47.70133,10,0.27076,0.05425,0.00409,0.01505,0.00357,0.11300,0.26508,0.16513,0.05381,0.00382,0.01570,0.29022,0.00852,0.00181,0.00479,0.00116,0.01646,0.03979,0.03325,0.01543,0.04524,0.56488,0.00305,0.01141,0.05740,0.00915,0.07152,0.01753,0.03835,0.03914,0.03740
47.72267,6,0.24763,0.06966,0.00320,0.01277,0.00267,0.08228,0.18658,0.34988,0.04717,0.00385,0.01331,0.20794,0.01014,0.00509,0.00362,0.00186,0.01658,0.03986,0.03333,0.01555,0.04531,0.56897,0.00271,0.01129,0.05714,0.00906,0.06758,0.01730,0.03851,0.03915,0.03765
47.74400,6,0.23170,0.07064,0.00310,0.01193,0.00310,0.06077,0.13445,0.47658,0.04568,0.00296,0.00983,0.14516,0.02054,0.00986,0.00261,0.00280,0.01284,0.03777,0.03076,0.01204,0.04279,0.44645,0.01282,0.01507,0.06496,0.01178,0.18609,0.02409,0.03372,0.03877,0.03006
47.76533,6,0.22117,0.08368,0.00409,0.01726,0.00550,0.04840,0.10677,0.46955,0.04145,0.00236,0.00714,0.10307,0.08027,0.02450,0.00204,0.00393,0.00573,0.02676,0.02250,0.00544,0.03608,0.21161,0.18151,0.02311,0.06601,0.02152,0.28913,0.02661,0.02484,0.03238,0.02677
47.78667,6,0.20947,0.08561,0.00496,0.01972,0.00908,0.04081,0.08483,0.45534,0.04260,0.00205,0.00517,0.07605,0.13226,0.03542,0.00158,0.00455,0.00216,0.01171,0.01382,0.00221,0.03008,0.09061,0.46803,0.02829,0.04790,0.03260,0.17636,0.01390,0.02067,0.02154,0.04012
47.80800,6,0.19980,0.07731,0.00568,0.01735,0.01230,0.03407,0.07013,0.43077,0.04264,0.00191,0.00381,0.05927,0.19489,0.04342,0.00123,0.00522,0.00075,0.00438,0.00973,0.00095,0.02732,0.04234,0.61068,0.03051,0.03802,0.03788,0.10782,0.00683,0.01906,0.01615,0.04758
47.82933,6,0.18887,0.06538,0.00582,0.01441,0.01420,0.02745,0.06522,0.37522,0.03296,0.00196,0.00302,0.04941,0.29409,0.04233,0.00106,0.00749,0.00025,0.00151,0.00815,0.00051,0.02627,0.02507,0.66691,0.03133,0.03400,0.03993,0.07897,0.00394,0.01850,0.01402,0.05064
47.85067,11,0.17521,0.07066,0.00677,0.01311,0.01678,0.02405,0.05891,0.33415,0.02882,0.00244,0.00278,0.04097,0.34849,0.03938,0.00100,0.01170,0.00008,0.00050,0.00759,0.00036,0.02591,0.01926,0.68690,0.03161,0.03255,0.04065,0.06839,0.00290,0.01831,0.01326,0.05175
47.87200,11,0.16249,0.05845,0.01113,0.01994,0.01817,0.02100,0.05590,0.31863,0.02348,0.00288,0.00557,0.03849,0.37144,0.03298,0.00098,0.02096,0.00002,0.00016,0.00741,0.00031,0.02578,0.01738,0.69359,0.03170,0.03206,0.04089,0.06477,0.00254,0.01825,0.01301,0.05213
47.89333,11,0.15033,0.04378,0.00874,0.01545,0.01414,0.01573,0.04620,0.23582,0.01679,0.00291,0.00519,0.03168,0.51635,0.03092,0.00072,0.01559,0.00413,0.00837,0.01226,0.00259,0.03599,0.05168,0.37946,0.03115,0.04796,0.02443,0.03817,0.26547,0.05911,0.00935,0.02987
47.91467,11,0.12974,0.03201,0.00700,0.01114,0.01382,0.01423,0.03883,0.17163,0.01253,0.00617,0.00391,0.02679,0.59676,0.05359,0.00051,0.01110,0.00690,0.01394,0.01556,0.00414,0.04287,0.07499,0.16708,0.03078,0.05872,0.01332,0.02068,0.44262,0.08664,0.00692,0.01484
47.93600,11,0.11126,0.02314,0.00564,0.00783,0.01527,0.01131,0.03055,0.12098,0.00901,0.00662,0.00285,0.02085,0.67344,0.06433,0.00036,0.00782,0.00810,0.01635,0.01698,0.00481,0.04585,0.08510,0.07517,0.03061,0.06338,0.00852,0.01316,0.51922,0.09854,0.00587,0.00833
47.95733,11,0.09596,0.01653,0.00417,0.00543,0.01161,0.00816,0.02357,0.08430,0.00631,0.00565,0.00205,0.01620,0.71189,0.09841,0.00025,0.00546,0.00855,0.01725,0.01751,0.00506,0.04696,0.08886,0.04098,0.03055,0.06512,0.00673,0.01038,0.54771,0.10297,0.00548,0.00591
47.97866,11,0.25046,0.01150,0.00595,0.00376,0.01166,0.00621,0.02041,0.05930,0.00438,0.03325,0.00155,0.01211,0.54691,0.27883,0.00018,0.00398,0.00870,0.01756,0.01769,0.00514,0.04734,0.09016,0.02920,0.03053,0.06571,0.00611,0.00942,0.55752,0.10449,0.00535,0.00508
48.00000,12,0.39931,0.00793,0.00422,0.00259,0.00806,0.00431,0.01410,0.04093,0.00302,0.02888,0.00107,0.00836,0.37741,0.49610,0.00012,0.00290,0.00873,0.01762,0.01773,0.00516,0.04742,0.09043,0.02673,0.03053,0.06584,0.00598,0.00922,0.55958,0.10481,0.00532,0.00490
48.02133,12,0.50307,0.00548,0.00293,0.00179,0.00556,0.00298,0.00977,0.02824,0.00208,0.04499,0.00074,0.00577,0.26048,0.61907,0.00008,0.01003,0.00876,0.01768,0.01777,0.00518,0.04749,0.09067,0.02454,0.03052,0.06595,0.00587,0.00904,0.56140,0.10510,0.00530,0.00475
48.04267,12,0.61196,0.00378,0.00203,0.00123,0.00384,0.00206,0.00676,0.01949,0.00144,0.03277,0.00051,0.00398,0.17980,0.71050,0.00006,0.03174,0.00675,0.01470,0.01686,0.00696,0.04490,0.08608,0.02841,0.03023,0.06696,0.00576,0.01345,0.44335,0.22036,0.00407,0.01116
48.06400,12,0.75724,0.00261,0.00141,0.00089,0.00265,0.00146,0.00466,0.01345,0.00099,0.02282,0.00036,0.00275,0.12406,0.63418,0.00004,0.18766,0.00301,0.00917,0.01518,0.01027,0.04005,0.07745,0.03665,0.02969,0.06877,0.00560,0.02170,0.22380,0.43371,0.00182,0.02313
48.08533,12,0.89659,0.00180,0.00098,0.00062,0.00183,0.00108,0.00322,0.00929,0.00068,0.01584,0.00027,0.00191,0.08561,0.44621,0.00129,0.42936,0.00114,0.00639,0.01433,0.01192,0.03762,0.07312,0.04082,0.02942,0.06967,0.00553,0.02585,0.11361,0.54075,0.00068,0.02914
48.10667,14,0.94088,0.00124,0.00073,0.00045,0.00126,0.00079,0.00223,0.00641,0.00047,0.01113,0.00035,0.00134,0.05907,0.30822,0.00531,0.60100,0.00039,0.00529,0.01400,0.01258,0.03666,0.07141,0.04248,0.02931,0.07003,0.00550,0.02749,0.07006,0.58305,0.00024,0.03151
48.12800,14,0.90072,0.00086,0.00141,0.00051,0.00087,0.00074,0.00187,0.00443,0.00033,0.00953,0.00364,0.00122,0.04076,0.21414,0.01040,0.70928,0.00013,0.00490,0.01388,0.01281,0.03632,0.07080,0.04307,0.02927,0.07016,0.00549,0.02807,0.05456,0.59811,0.00008,0.03236
48.14933,14,0.79483,0.00082,0.00632,0.00061,0.00062,0.00070,0.00766,0.00307,0.00023,0.00803,0.01743,0.00167,0.02820,0.14794,0.00820,0.76850,0.00100,0.02654,0.00886,0.02690,0.02297,0.04429,0.03768,0.01783,0.06891,0.02392,0.04165,0.04148,0.34153,0.01144,0.28501
48.17067,14,0.71356,0.00101,0.06256,0.00115,0.00044,0.00101,0.05652,0.00213,0.00016,0.00612,0.01896,0.00147,0.01949,0.10223,0.00602,0.72072,0.00161,0.04116,0.00549,0.03636,0.01401,0.02651,0.03397,0.01012,0.06806,0.03634,0.05073,0.03449,0.16687,0.01912,0.45516
48.19200,14,0.73162,0.00070,0.04325,0.00081,0.00031,0.00071,0.03930,0.00147,0.00011,0.00437,0.01349,0.00108,0.01379,0.07058,0.00422,0.80581,0.00188,0.04749,0.00403,0.04045,0.01014,0.01882,0.03236,0.00679,0.06769,0.04171,0.05465,0.03166,0.09115,0.02244,0.52873
48.21333,14,0.74668,0.00055,0.03049,0.00058,0.00023,0.00052,0.02898,0.00103,0.00008,0.00381,0.02297,0.00445,0.00984,0.26858,0.00293,0.62495,0.00198,0.04985,0.00349,0.04197,0.00871,0.01597,0.03176,0.00555,0.06755,0.04371,0.05611,0.03065,0.06295,0.02368,0.55609
48.23466,12,0.73662,0.00038,0.02107,0.00042,0.00016,0.00041,0.02032,0.00072,0.00006,0.00267,0.01591,0.00313,0.00694,0.49294,0.00203,0.43283,0.00202,0.05066,0.00330,0.04250,0.00821,0.01498,0.03156,0.00512,0.06750,0.04439,0.05661,0.03030,0.05323,0.02410,0.56551
48.25600,12,0.71720,0.00027,0.01459,0.00035,0.00013,0.00032,0.01443,0.00065,0.00010,0.00190,0.01098,0.00223,0.00489,0.64853,0.00141,0.29922,0.00202,0.05083,0.00327,0.04261,0.00811,0.01478,0.03151,0.00503,0.06749,0.04454,0.05671,0.03023,0.05120,0.02419,0.56749
48.27733,12,0.67874,0.00019,0.01215,0.00314,0.00044,0.00032,0.01007,0.00049,0.00050,0.00192,0.00759,0.00164,0.00341,0.74985,0.00098,0.20731,0.00156,0.04031,0.00567,0.03584,0.01450,0.02748,0.03422,0.01055,0.06811,0.03563,0.05025,0.03403,0.17760,0.01867,0.44556
48.29867,12,0.62979,0.00018,0.00854,0.00271,0.00133,0.00056,0.00754,0.00035,0.00057,0.02072,0.00975,0.00151,0.00237,0.67766,0.00091,0.26531,0.00070,0.02060,0.01018,0.02315,0.02649,0.05130,0.03928,0.02091,0.06928,0.01894,0.03813,0.04117,0.41452,0.00834,0.21703
48.32000,14,0.57772,0.00019,0.00601,0.00193,0.00105,0.00092,0.00526,0.00025,0.00045,0.01455,0.00695,0.00111,0.00165,0.46988,0.00140,0.48840,0.00026,0.01070,0.01245,0.01678,0.03251,0.06326,0.04182,0.02611,0.06987,0.01056,0.03204,0.04475,0.53350,0.00314,0.10225
48.34133,14,0.60702,0.00013,0.00416,0.00133,0.00072,0.00064,0.00367,0.00017,0.00031,0.01012,0.00518,0.00078,0.00115,0.32426,0.00175,0.64561,0.00009,0.00679,0.01334,0.01427,0.03489,0.06798,0.04282,0.02816,0.07010,0.00725,0.02964,0.04617,0.58053,0.00109,0.05688
48.36267,14,0.67983,0.00009,0.00292,0.00092,0.00050,0.00044,0.00258,0.00012,0.00022,0.00729,0.00384,0.00150,0.00146,0.22409,0.00137,0.75266,0.00099,0.02717,0.00868,0.02738,0.02249,0.04336,0.03759,0.01746,0.06889,0.02450,0.04217,0.03879,0.33559,0.01178,0.29316
48.38400,14,0.71781,0.00006,0.00202,0.00064,0.00034,0.00031,0.00182,0.00008,0.00015,0.00506,0.00273,0.00110,0.00118,0.45784,0.00095,0.52572,0.00161,0.04136,0.00543,0.03652,0.01386,0.02621,0.03395,0.01000,0.06805,0.03652,0.05089,0.03365,0.16496,0.01923,0.45776
48.40533,12,0.71909,0.00005,0.00141,0.00044,0.00024,0.00022,0.00131,0.00006,0.00010,0.00356,0.00191,0.00079,0.00145,0.62487,0.00066,0.36294,0.00188,0.04756,0.00401,0.04050,0.01010,0.01873,0.03236,0.00675,0.06769,0.04177,0.05470,0.03141,0.09054,0.02247,0.52954
48.42667,12,0.69709,0.00004,0.00167,0.00037,0.00036,0.00030,0.00206,0.00016,0.00014,0.00539,0.00137,0.00068,0.00124,0.73510,0.00047,0.25068,0.00198,0.04987,0.00349,0.04199,0.00869,0.01594,0.03176,0.00553,0.06755,0.04372,0.05612,0.03057,0.06276,0.02369,0.55634
48.44800,12,0.66189,0.00006,0.00138,0.00027,0.00035,0.00026,0.00185,0.00016,0.00011,0.00406,0.00337,0.00054,0.00090,0.64409,0.00042,0.34217,0.00106,0.02889,0.00829,0.02849,0.02144,0.04128,0.03715,0.01655,0.06879,0.02596,0.04323,0.03816,0.31484,0.01269,0.31318
48.46933,14,0.65202,0.00005,0.00096,0.00019,0.00025,0.00018,0.00128,0.00011,0.00008,0.00281,0.00248,0.00038,0.00063,0.44520,0.00035,0.54504,0.00043,0.01449,0.01158,0.01922,0.03020,0.05868,0.04085,0.02412,0.06964,0.01377,0.03437,0.04338,0.48798,0.00513,0.14616
48.49067,14,0.68769,0.00004,0.00069,0.00013,0.00017,0.00013,0.00108,0.00008,0.00005,0.00219,0.00174,0.00058,0.00049,0.30765,0.00029,0.68469,0.00015,0.00823,0.01301,0.01519,0.03401,0.06624,0.04245,0.02740,0.07001,0.00847,0.03052,0.04565,0.56319,0.00185,0.07361
48.51200,14,0.72627,0.00005,0.00051,0.00009,0.00012,0.00014,0.00193,0.00005,0.00005,0.00250,0.00153,0.04914,0.02867,0.28822,0.00035,0.62666,0.00101,0.02766,0.00857,0.02770,0.02219,0.04276,0.03746,0.01720,0.06886,0.02492,0.04247,0.03861,0.32963,0.01204,0.29891
48.53333,14,0.72999,0.00005,0.00037,0.00006,0.00009,0.00017,0.00212,0.00004,0.00005,0.00263,0.00133,0.06738,0.08302,0.38120,0.00031,0.46120,0.00136,0.03582,0.00670,0.03295,0.01724,0.03292,0.03537,0.01292,0.06838,0.03182,0.04748,0.03566,0.23165,0.01632,0.39343
48.55466,12,0.72709,0.00004,0.00737,0.00007,0.00010,0.00083,0.02147,0.00003,0.00004,0.20419,0.00094,0.04700,0.05834,0.33958,0.00022,0.31978,0.00178,0.04527,0.00454,0.03903,0.01149,0.02150,0.03294,0.00795,0.06782,0.03983,0.05329,0.03223,0.11806,0.02127,0.50300
48.57600,12,0.71256,0.00006,0.03627,0.00036,0.00009,0.00393,0.11754,0.00005,0.00004,0.20630,0.00164,0.03254,0.04111,0.28601,0.00026,0.27381,0.00195,0.04904,0.00368,0.04145,0.00920,0.01694,0.03198,0.00597,0.06760,0.04302,0.05561,0.03087,0.07277,0.02325,0.54669
48.59733,14,0.70262,0.00010,0.03391,0.00029,0.00009,0.00567,0.11248,0.00004,0.00004,0.19419,0.00177,0.02247,0.02839,0.19875,0.00027,0.40153,0.00105,0.02861,0.00835,0.02831,0.02162,0.04162,0.03722,0.01670,0.06881,0.02572,0.04305,0.03827,0.31826,0.01254,0.30988
48.61867,14,0.72593,0.00011,0.03069,0.00023,0.00038,0.00410,0.07905,0.00003,0.00003,0.13891,0.00207,0.01585,0.01972,0.13767,0.00033,0.57082,0.00043,0.01440,0.01160,0.01916,0.03026,0.05879,0.04087,0.02417,0.06965,0.01369,0.03431,0.04341,0.48907,0.00508,0.14511
48.64000,14,0.75476,0.00014,0.02298,0.00016,0.00039,0.00288,0.05679,0.00002,0.00003,0.09784,0.00186,0.08734,0.03477,0.23111,0.00029,0.46340,0.00111,0.02997,0.00804,0.02918,0.02079,0.03998,0.03687,0.01599,0.06873,0.02688,0.04389,0.03777,0.30191,0.01325,0.32565
48.66133,12,0.76722,0.00024,0.01664,0.00012,0.00032,0.00215,0.03989,0.00003,0.00013,0.07239,0.00219,0.10057,0.06860,0.35955,0.00027,0.33691,0.00165,0.04233,0.00521,0.03713,0.01328,0.02505,0.03370,0.00950,0.06799,0.03734,0.05149,0.03330,0.15341,0.01973,0.46890
48.68267,12,0.76185,0.00019,0.01528,0.00010,0.00027,0.00191,0.02794,0.00003,0.00012,0.08192,0.00178,0.07422,0.05582,0.49775,0.00022,0.24247,0.00189,0.04787,0.00394,0.04070,0.00991,0.01835,0.03227,0.00658,0.06767,0.04203,0.05490,0.03129,0.08676,0.02264,0.53320
48.70400,12,0.75198,0.00015,0.01166,0.00012,0.00021,0.00387,0.02075,0.00003,0.00010,0.05803,0.00152,0.05150,0.03882,0.45079,0.00030,0.36214,0.00103,0.02819,0.00845,0.02804,0.02187,0.04212,0.03733,0.01692,0.06883,0.02537,0.04280,0.03842,0.32324,0.01232,0.30507
48.72533,14,0.75201,0.00013,0.00809,0.00009,0.00015,0.00288,0.01436,0.00002,0.00007,0.04086,0.00112,0.03569,0.02683,0.31184,0.00060,0.55727,0.00042,0.01426,0.01163,0.01907,0.03034,0.05896,0.04091,0.02424,0.06966,0.01357,0.03423,0.04346,0.49074,0.00501,0.14350
48.74667,14,0.77342,0.00010,0.00564,0.00007,0.00010,0.00200,0.01031,0.00002,0.00005,0.03677,0.00247,0.02560,0.01892,0.21595,0.00272,0.67928,0.00015,0.00816,0.01303,0.01515,0.03405,0.06633,0.04247,0.02744,0.07002,0.00841,0.03048,0.04567,0.56407,0.00181,0.07276
48.76800,14,0.78771,0.00010,0.00402,0.00006,0.00007,0.00147,0.01035,0.00001,0.00006,0.03524,0.03278,0.08569,0.02885,0.20993,0.00263,0.58874,0.00101,0.02764,0.00857,0.02769,0.02220,0.04279,0.03747,0.01721,0.06886,0.02491,0.04246,0.03862,0.32988,0.01203,0.29868
48.78933,14,0.79796,0.00010,0.00316,0.00007,0.00007,0.00109,0.01175,0.00001,0.00008,0.02798,0.03093,0.10115,0.06947,0.31455,0.00219,0.43740,0.00136,0.03580,0.00670,0.03294,0.01724,0.03293,0.03537,0.01292,0.06838,0.03182,0.04748,0.03566,0.23178,0.01631,0.39330
48.81067,12,0.79782,0.00010,0.01069,0.00008,0.00015,0.00144,0.01180,0.00001,0.00006,0.06032,0.02263,0.07246,0.06254,0.43568,0.00176,0.32025,0.00178,0.04526,0.00454,0.03903,0.01149,0.02150,0.03294,0.00795,0.06782,0.03983,0.05329,0.03224,0.11809,0.02127,0.50297
48.83200,12,0.81098,0.00024,0.02151,0.00069,0.00023,0.00262,0.01237,0.00002,0.00006,0.06091,0.02723,0.06509,0.04964,0.38038,0.00419,0.37484,0.00195,0.04904,0.00368,0.04145,0.00920,0.01695,0.03198,0.00597,0.06760,0.04302,0.05561,0.03087,0.07278,0.02325,0.54668
48.85333,14,0.82572,0.00023,0.01543,0.00098,0.00018,0.00342,0.00995,0.00001,0.00005,0.05345,0.02767,0.06367,0.03459,0.26655,0.02211,0.50171,0.00105,0.02861,0.00835,0.02831,0.02161,0.04162,0.03722,0.01670,0.06881,0.02573,0.04306,0.03827,0.31821,0.01254,0.30993
48.87466,14,0.83180,0.00021,0.01778,0.00077,0.00014,0.00240,0.01282,0.00002,0.00004,0.08049,0.02091,0.04928,0.02682,0.19115,0.03466,0.56253,0.00043,0.01440,0.01160,0.01916,0.03026,0.05879,0.04087,0.02416,0.06965,0.01369,0.03432,0.04341,0.48904,0.00508,0.14514
48.89600,14,0.84519,0.00028,0.01464,0.00056,0.00024,0.00176,0.01629,0.00003,0.00013,0.07538,0.01599,0.05646,0.04667,0.31155,0.03619,0.42385,0.00111,0.02997,0.00804,0.02919,0.02079,0.03997,0.03687,0.01598,0.06873,0.02688,0.04389,0.03777,0.30187,0.01325,0.32569
48.91733,12,0.84084,0.00032,0.01632,0.00040,0.00045,0.00139,0.01285,0.00003,0.00024,0.13032,0.01193,0.05442,0.05877,0.36582,0.02597,0.32076,0.00165,0.04233,0.00521,0.03714,0.01327,0.02505,0.03370,0.00949,0.06799,0.03734,0.05149,0.03330,0.15336,0.01973,0.46894
48.93867,12,0.83446,0.00043,0.05141,0.00033,0.00084,0.00134,0.02284,0.00002,0.00028,0.24083,0.01165,0.04561,0.04454,0.28259,0.02240,0.27489,0.00189,0.04787,0.00394,0.04070,0.00990,0.01835,0.03227,0.00658,0.06767,0.04203,0.05490,0.03129,0.08674,0.02264,0.53321
48.96000,8,0.82366,0.00051,0.04474,0.00047,0.00075,0.00151,0.03489,0.00002,0.00031,0.29330,0.01336,0.04878,0.03151,0.20055,0.04070,0.28860,0.00103,0.02820,0.00844,0.02804,0.02187,0.04212,0.03733,0.01692,0.06883,0.02537,0.04280,0.03842,0.32321,0.01232,0.30510
48.98133,8,0.81527,0.00049,0.03483,0.00040,0.00065,0.00174,0.03202,0.00002,0.00027,0.38592,0.01326,0.03865,0.02194,0.14073,0.07111,0.25796,0.00042,0.01426,0.01163,0.01908,0.03034,0.05896,0.04090,0.02424,0.06965,0.01357,0.03423,0.04346,0.49070,0.00501,0.14354
49.00267,8,0.80218,0.00049,0.03425,0.00034,0.00049,0.00133,0.02355,0.00001,0.00021,0.43049,0.01215,0.03466,0.01537,0.09808,0.09786,0.25071,0.00964,0.02847,0.01256,0.01979,0.02614,0.06297,0.02267,0.02473,0.29813,0.01145,0.05732,0.03562,0.30116,0.00661,0.08274
49.02400,8,0.79612,0.00069,0.02473,0.00030,0.00131,0.00105,0.02085,0.00006,0.00028,0.32683,0.01344,0.05453,0.05408,0.19602,0.08029,0.22554,0.01593,0.03989,0.01276,0.02146,0.02220,0.06346,0.00991,0.02410,0.45201,0.01157,0.07401,0.02967,0.15138,0.00866,0.06300
49.04533,8,0.79134,0.00089,0.02210,0.00024,0.00146,0.00083,0.01835,0.00009,0.00029,0.27669,0.01032,0.05999,0.08973,0.26389,0.05762,0.19752,0.01866,0.04502,0.01280,0.02230,0.02037,0.06343,0.00434,0.02372,0.51856,0.01179,0.08135,0.02702,0.08421,0.00964,0.05677
49.06667,8,0.78625,0.00097,0.02595,0.00024,0.00158,0.00065,0.03274,0.00007,0.00036,0.26114,0.02173,0.09798,0.08227,0.21892,0.04216,0.21324,0.01930,0.04624,0.01281,0.02251,0.01993,0.06340,0.00304,0.02363,0.53408,0.01186,0.08308,0.02640,0.06833,0.00988,0.05553
49.08800,14,0.77329,0.00103,0.02401,0.00031,0.00121,0.00053,0.03058,0.00005,0.00028,0.22222,0.03967,0.08429,0.05794,0.15478,0.03603,0.34708,0.01990,0.04739,0.01281,0.02272,0.01951,0.06336,0.00180,0.02353,0.54870,0.01193,0.08471,0.02581,0.05325,0.01011,0.05446
49.10933,14,0.76545,0.00128,0.02748,0.00029,0.00096,0.00045,0.02977,0.00004,0.00025,0.28500,0.06382,0.06539,0.04095,0.10803,0.05409,0.32222,0.02010,0.04778,0.01281,0.02279,0.01937,0.06335,0.00139,0.02350,0.55360,0.01196,0.08525,0.02561,0.04816,0.01019,0.05414
49.13066,14,0.75846,0.00266,0.04086,0.00023,0.00123,0.00067,0.03545,0.00007,0.00068,0.26071,0.07931,0.07731,0.03856,0.09795,0.04256,0.32174,0.01164,0.04936,0.00830,0.03217,0.01400,0.04040,0.01547,0.01476,0.32572,0.02735,0.07196,0.02772,0.04783,0.01683,0.29647
49.15200,14,0.75495,0.00317,0.05749,0.00030,0.00150,0.00094,0.04156,0.00023,0.00084,0.20689,0.10078,0.08495,0.05251,0.13335,0.03405,0.28144,0.00591,0.05037,0.00527,0.03849,0.01040,0.02495,0.02501,0.00888,0.17162,0.03772,0.06295,0.02916,0.04820,0.02129,0.45978
49.17333,8,0.74365,0.00386,0.11078,0.00034,0.00230,0.00156,0.03907,0.00019,0.00141,0.27606,0.07965,0.06763,0.04676,0.12060,0.02504,0.22475,0.00343,0.05081,0.00395,0.04122,0.00885,0.01826,0.02914,0.00634,0.10493,0.04221,0.05904,0.02979,0.04842,0.02322,0.53040
49.19467,8,0.73599,0.00429,0.10115,0.00059,0.00228,0.00142,0.05887,0.00013,0.00125,0.36045,0.07758,0.05024,0.03274,0.08479,0.02632,0.19789,0.00250,0.05097,0.00346,0.04223,0.00827,0.01578,0.03068,0.00540,0.08012,0.04387,0.05759,0.03002,0.04852,0.02394,0.55665
49.21600,8,0.72910,0.00355,0.08317,0.00087,0.00175,0.00136,0.05366,0.00010,0.00102,0.45841,0.07154,0.03954,0.02275,0.05900,0.02866,0.17462,0.01072,0.04957,0.00780,0.03322,0.01339,0.03785,0.01699,0.01379,0.30098,0.02906,0.07055,0.02793,0.04723,0.01758,0.32333
49.23733,8,0.72452,0.00277,0.07132,0.00067,0.00159,0.00120,0.04452,0.00009,0.00117,0.44639,0.06569,0.03116,0.01625,0.04215,0.02289,0.25215,0.01636,0.04862,0.01078,0.02703,0.01691,0.05303,0.00759,0.01956,0.45279,0.01888,0.07946,0.02649,0.04635,0.01320,0.16294
49.25867,8,0.71259,0.00238,0.05801,0.00057,0.00203,0.00094,0.03886,0.00011,0.00130,0.39285,0.05079,0.04291,0.01530,0.07728,0.01734,0.29933,0.01882,0.04820,0.01208,0.02434,0.01844,0.05963,0.00350,0.02207,0.51878,0.01446,0.08333,0.02587,0.04597,0.01130,0.09323
49.28000,8,0.69638,0.00231,0.04768,0.00045,0.00273,0.00093,0.03233,0.00012,0.00155,0.30872,0.03557,0.06307,0.03614,0.21616,0.01250,0.23974,0.01973,0.04805,0.01256,0.02333,0.01901,0.06208,0.00197,0.02300,0.54336,0.01281,0.08478,0.02563,0.04583,0.01059,0.06726
49.30133,12,0.68417,0.00340,0.04532,0.00086,0.00480,0.00135,0.03945,0.00022,0.00213,0.24309,0.02584,0.09277,0.04823,0.25620,0.01148,0.22487,0.02005,0.04799,0.01273,0.02299,0.01921,0.06293,0.00145,0.02332,0.55183,0.01224,0.08527,0.02555,0.04578,0.01035,0.05830
49.32267,14,0.66500,0.00326,0.03690,0.00116,0.00386,0.00228,0.04482,0.00018,0.00181,0.20209,0.02374,0.14154,0.03461,0.20150,0.07281,0.22944,0.02011,0.04798,0.01276,0.02291,0.01925,0.06311,0.00134,0.02339,0.55361,0.01212,0.08538,0.02554,0.04577,0.01030,0.05643
49.34400,8,0.65056,0.00246,0.03373,0.00641,0.00277,0.00265,0.04504,0.00013,0.00148,0.28436,0.05028,0.13060,0.02418,0.14166,0.06620,0.20806,0.01552,0.03801,0.01303,0.02057,0.02317,0.06492,0.01095,0.02478,0.44335,0.01052,0.07231,0.03045,0.17465,0.00790,0.04987
49.36533,14,0.64239,0.00178,0.02813,0.00617,0.00206,0.00206,0.03568,0.00011,0.00105,0.21744,0.21903,0.09140,0.01715,0.09827,0.05214,0.22754,0.00739,0.03023,0.01103,0.02320,0.02387,0.05513,0.02616,0.02166,0.23611,0.01676,0.05453,0.03571,0.28511,0.00912,0.16400
49.38667,8,0.63966,0.00154,0.03104,0.00856,0.00273,0.00209,0.02698,0.00009,0.00091,0.24361,0.17890,0.15228,0.01457,0.09818,0.03998,0.19853,0.01248,0.03929,0.01123,0.02443,0.02079,0.05574,0.01587,0.02124,0.36069,0.01671,0.06793,0.03096,0.16600,0.01067,0.14597
49.40800,10,0.63352,0.00110,0.02361,0.00633,0.00197,0.00151,0.01891,0.00007,0.00064,0.18887,0.15468,0.32285,0.01329,0.09526,0.03078,0.14012,0.00843,0.04602,0.00758,0.03303,0.01445,0.03689,0.02153,0.01368,0.24420,0.02957,0.06480,0.02989,0.09462,0.01717,0.33817
49.42933,10,0.62276,0.00086,0.04596,0.00592,0.00148,0.00166,0.01492,0.00005,0.00046,0.19190,0.11972,0.39182,0.01172,0.07892,0.03119,0.10342,0.01326,0.04774,0.00950,0.02947,0.01586,0.04654,0.01301,0.01718,0.37110,0.02319,0.07380,0.02777,0.06357,0.01483,0.23318
49.45066,8,0.61484,0.00070,0.05747,0.00568,0.00131,0.00167,0.03371,0.00003,0.00033,0.31538,0.09232,0.29748,0.00821,0.05479,0.03363,0.09726,0.00782,0.03983,0.01567,0.01495,0.02478,0.03869,0.02785,0.02294,0.26073,0.02105,0.31886,0.03668,0.03845,0.02499,0.10670
49.47200,8,0.60976,0.00064,0.04931,0.00428,0.00130,0.00204,0.02977,0.00003,0.00025,0.45808,0.07034,0.21101,0.00570,0.03808,0.03469,0.09447,0.00326,0.03434,0.01944,0.00593,0.03043,0.03141,0.03940,0.02609,0.16277,0.02092,0.48246,0.04302,0.02535,0.03236,0.04280
49.49333,8,0.59892,0.00089,0.04240,0.00329,0.00216,0.00313,0.02306,0.00004,0.00041,0.48516,0.06647,0.16549,0.00469,0.03345,0.06369,0.10565,0.01068,0.04011,0.01676,0.01284,0.02585,0.04555,0.02280,0.02522,0.33589,0.01672,0.31479,0.03553,0.03348,0.02282,0.04097
49.51467,8,0.58941,0.00103,0.03759,0.00335,0.00176,0.00345,0.01844,0.00003,0.00045,0.45235,0.08382,0.15432,0.00356,0.02470,0.07965,0.13550,0.01629,0.04471,0.01446,0.01866,0.02203,0.05605,0.01009,0.02423,0.46563,0.01388,0.18052,0.02965,0.04060,0.01542,0.04777
49.53600,8,0.58460,0.00109,0.02911,0.00322,0.00125,0.00253,0.01309,0.00003,0.00036,0.45392,0.12966,0.13377,0.00271,0.01783,0.07505,0.13638,0.01878,0.04678,0.01341,0.02130,0.02030,0.06070,0.00443,0.02376,0.52316,0.01266,0.12014,0.02702,0.04386,0.01212,0.05159
49.55733,8,0.58340,0.00117,0.02492,0.00448,0.00094,0.00181,0.01056,0.00002,0.00031,0.36866,0.15701,0.11612,0.00239,0.01315,0.18089,0.11757,0.01972,0.04756,0.01302,0.02230,0.01964,0.06244,0.00229,0.02357,0.54479,0.01220,0.09730,0.02603,0.04511,0.01087,0.05315
49.57867,8,0.57861,0.00247,0.02996,0.00509,0.00121,0.00222,0.01449,0.00004,0.00175,0.48805,0.11496,0.08333,0.00179,0.00933,0.16261,0.08271,0.02004,0.04783,0.01288,0.02265,0.01942,0.06305,0.00155,0.02351,0.55229,0.01204,0.08935,0.02568,0.04554,0.01044,0.05372
49.60000,8,0.56345,0.00309,0.02450,0.00472,0.01010,0.01085,0.01488,0.00011,0.00160,0.61113,0.08011,0.05804,0.00135,0.00660,0.11558,0.05735,0.02011,0.04789,0.01285,0.02272,0.01937,0.06317,0.00140,0.02350,0.55386,0.01201,0.08768,0.02561,0.04563,0.01035,0.05384
49.62133,8,0.56110,0.00230,0.01847,0.00368,0.26187,0.02355,0.01226,0.00011,0.00278,0.45244,0.05702,0.04039,0.00096,0.00462,0.07982,0.03973,0.02017,0.04794,0.01282,0.02279,0.01932,0.06329,0.00126,0.02348,0.55527,0.01198,0.08619,0.02554,0.04572,0.01027,0.05395
49.64267,8,0.55627,0.00173,0.01380,0.00290,0.31358,0.03792,0.00898,0.00011,0.00199,0.32368,0.03998,0.16557,0.00098,0.00397,0.05587,0.02894,0.02019,0.04796,0.01281,0.02281,0.01931,0.06332,0.00122,0.02348,0.55571,0.01197,0.08572,0.02552,0.04574,0.01024,0.05399
49.66400,8,0.56456,0.00161,0.01226,0.00279,0.21802,0.04374,0.00667,0.00012,0.00141,0.26734,0.04365,0.18759,0.00128,0.00423,0.10391,0.10539,0.02020,0.04796,0.01281,0.02282,0.01931,0.06333,0.00120,0.02348,0.55584,0.01197,0.08557,0.02552,0.04575,0.01023,0.05400
49.68533,8,0.58856,0.00155,0.01336,0.00489,0.15166,0.03439,0.00521,0.00017,0.00123,0.29684,0.06129,0.14100,0.00205,0.00608,0.12083,0.15944,0.02020,0.04797,0.01281,0.02282,0.01931,0.06334,0.00120,0.02348,0.55589,0.01197,0.08553,0.02552,0.04575,0.01023,0.05400
49.70667,8,0.59530,0.00159,0.01091,0.00421,0.10568,0.02664,0.00445,0.00013,0.00220,0.41592,0.05030,0.13111,0.00334,0.00609,0.12464,0.11279,0.02020,0.04797,0.01281,0.02282,0.01931,0.06334,0.00120,0.02348,0.55590,0.01197,0.08552,0.02551,0.04575,0.01023,0.05400
49.72800,8,0.58283,0.00387,0.01069,0.00730,0.07464,0.02732,0.01790,0.00019,0.00286,0.52867,0.04315,0.09882,0.00265,0.00527,0.09731,0.07937,0.02020,0.04797,0.01281,0.02282,0.01931,0.06334,0.00120,0.02348,0.55590,0.01197,0.08551,0.02551,0.04575,0.01023,0.05400
49.74933,8,0.57566,0.00290,0.00920,0.00554,0.05211,0.02047,0.02037,0.00019,0.00201,0.65914,0.03089,0.06862,0.00190,0.00383,0.06769,0.05515,0.02020,0.04797,0.01281,0.02282,0.01931,0.06334,0.00120,0.02348,0.55590,0.01197,0.08551,0.02551,0.04575,0.01023,0.05400
49.77067,8,0.60549,0.00218,0.00765,0.00477,0.04776,0.01507,0.01511,0.00015,0.00141,0.73823,0.02355,0.05187,0.00138,0.00336,0.04700,0.04051,0.02020,0.04797,0.01281,0.02282,0.01931,0.06334,0.00120,0.02348,0.55590,0.01197,0.08551,0.02551,0.04575,0.01023,0.05400
49.79200,8,0.68693,0.00184,0.00712,0.00377,0.03951,0.01357,0.03001,0.00019,0.00113,0.71815,0.01925,0.08410,0.00286,0.01027,0.03306,0.03516,0.02020,0.04797,0.01281,0.02282,0.01931,0.06334,0.00120,0.02348,0.55590,0.01197,0.08551,0.02551,0.04575,0.01023,0.05400
49.81333,8,0.69430,0.00138,0.00514,0.00296,0.03823,0.01124,0.02290,0.00019,0.00129,0.54024,0.01516,0.22072,0.01594,0.05970,0.02796,0.03697,0.02020,0.04797,0.01281,0.02282,0.01931,0.06334,0.00120,0.02348,0.55590,0.01197,0.08551,0.02551,0.04575,0.01023,0.05400
49.83467,8,0.67109,0.00128,0.00611,0.00627,0.03017,0.00967,0.01644,0.00058,0.00263,0.38716,0.03702,0.28718,0.02115,0.10487,0.04830,0.04116,0.02020,0.04797,0.01281,0.02282,0.01931,0.06334,0.00120,0.02348,0.55590,0.01197,0.08551,0.02551,0.04575,0.01023,0.05400
49.85600,8,0.63980,0.00140,0.00535,0.20708,0.02703,0.01220,0.01260,0.00154,0.00815,0.27719,0.02752,0.25557,0.01526,0.07829,0.03957,0.03124,0.02020,0.04797,0.01281,0.02282,0.01931,0.06334,0.00120,0.02348,0.55590,0.01197,0.08551,0.02551,0.04575,0.01023,0.05400
49.87733,2,0.61806,0.00110,0.00497,0.37393,0.02576,0.04759,0.01126,0.00185,0.00648,0.21470,0.02043,0.17732,0.01058,0.05457,0.02739,0.02205,0.02020,0.04797,0.01281,0.02282,0.01931,0.06334,0.00120,0.02348,0.55590,0.01197,0.08551,0.02551,0.04575,0.01023,0.05400
49.89867,2,0.63432,0.00110,0.00461,0.39734,0.01861,0.03706,0.00848,0.00140,0.00478,0.21009,0.02250,0.15484,0.00742,0.03814,0.02660,0.06701,0.02020,0.04797,0.01281,0.02282,0.01931,0.06334,0.00120,0.02348,0.55590,0.01197,0.08551,0.02551,0.04575,0.01023,0.05400
49.92000,2,0.68819,0.00078,0.00370,0.40584,0.01312,0.02658,0.00620,0.00110,0.00337,0.20062,0.04965,0.13803,0.00534,0.02658,0.05829,0.06079,0.01372,0.02642,0.29975,0.06715,0.03019,0.04339,0.00105,0.01355,0.30829,0.03536,0.06726,0.02575,0.03241,0.00543,0.03030
49.94133,2,0.68360,0.00057,0.00324,0.33396,0.00932,0.01853,0.00460,0.00083,0.00239,0.16716,0.05854,0.19222,0.00420,0.01920,0.13631,0.04893,0.00936,0.01189,0.49314,0.09703,0.03753,0.02995,0.00094,0.00685,0.14139,0.05113,0.05496,0.02590,0.02342,0.00219,0.01432
49.96267,13,0.68222,0.00043,0.00305,0.23114,0.00653,0.01293,0.00372,0.00058,0.00167,0.12833,0.04140,0.17637,0.00336,0.01405,0.34029,0.03615,0.00747,0.00561,0.57679,0.10996,0.04070,0.02413,0.00090,0.00396,0.06920,0.05795,0.04963,0.02597,0.01954,0.00079,0.00740
49.98400,13,0.67334,0.00032,0.00562,0.16045,0.00454,0.00907,0.01064,0.00043,0.00116,0.11793,0.04741,0.13404,0.00344,0.00980,0.46941,0.02575,0.00677,0.00327,0.60789,0.11476,0.04188,0.02197,0.00088,0.00288,0.04236,0.06049,0.04766,0.02600,0.01809,0.00027,0.00483
50.00533,13,0.66266,0.00030,0.00634,0.11215,0.00318,0.00635,0.00855,0.00031,0.00081,0.12360,0.08397,0.10287,0.00310,0.00686,0.52252,0.01909,0.01789,0.01548,0.33027,0.06169,0.03561,0.03085,0.00284,0.00141,0.05694,0.06657,0.06788,0.01379,0.02203,0.26450,0.01224
50.02666,13,0.64343,0.00025,0.00558,0.07772,0.00223,0.00450,0.01486,0.00022,0.00060,0.20770,0.09197,0.07394,0.00225,0.00524,0.49953,0.01341,0.02548,0.02398,0.13946,0.02535,0.03125,0.03710,0.00416,0.00055,0.06995,0.07037,0.08175,0.00556,0.02485,0.44266,0.01754
50.04800,8,0.63208,0.00021,0.00494,0.05372,0.00159,0.00342,0.04311,0.00017,0.00047,0.38852,0.08465,0.05198,0.00159,0.00394,0.35235,0.00933,0.02877,0.02769,0.05653,0.00957,0.02935,0.03982,0.00473,0.00020,0.07592,0.07198,0.08777,0.00200,0.02609,0.51973,0.01986
50.06933,8,0.62160,0.00016,0.00767,0.03716,0.00123,0.00263,0.13955,0.00013,0.00037,0.41712,0.10241,0.03708,0.00111,0.00307,0.24372,0.00657,0.02999,0.02907,0.02562,0.00369,0.02864,0.04084,0.00494,0.00007,0.07820,0.07258,0.09001,0.00067,0.02656,0.54838,0.02073
50.09067,8,0.61755,0.00013,0.00714,0.02572,0.00100,0.00204,0.15208,0.00009,0.00029,0.38537,0.20933,0.03079,0.00102,0.01101,0.16883,0.00515,0.02552,0.03809,0.01636,0.01206,0.02418,0.05152,0.00321,0.01105,0.30284,0.04417,0.08813,0.01220,0.03562,0.29860,0.03645
50.11200,9,0.61211,0.00012,0.00544,0.01779,0.00089,0.00146,0.20793,0.00007,0.00023,0.27629,0.28490,0.06125,0.00555,0.01480,0.11682,0.00648,0.02236,0.04401,0.01379,0.01840,0.02126,0.05859,0.00201,0.01847,0.45390,0.02496,0.08660,0.02013,0.04168,0.12691,0.04694
50.13333,9,0.61457,0.00020,0.00538,0.01233,0.00090,0.00104,0.25055,0.00006,0.00019,0.21591,0.28613,0.10651,0.00867,0.01621,0.08677,0.00917,0.02151,0.04557,0.01333,0.02013,0.02049,0.06046,0.00169,0.02044,0.49413,0.01984,0.08618,0.02225,0.04328,0.08097,0.04973
50.15467,9,0.61374,0.00037,0.01123,0.00907,0.00099,0.00151,0.20983,0.00013,0.00048,0.19025,0.24151,0.11525,0.01019,0.02524,0.17147,0.01248,0.01940,0.03986,0.01188,0.01901,0.02249,0.05679,0.00444,0.01723,0.40753,0.16495,0.07553,0.02663,0.05097,0.03838,0.04490
50.17600,8,0.60947,0.00093,0.01731,0.00934,0.03112,0.00432,0.15893,0.00027,0.00053,0.22778,0.17263,0.14858,0.00908,0.02294,0.14535,0.05091,0.01676,0.02693,0.00978,0.01432,0.02737,0.04718,0.01001,0.00833,0.18679,0.44138,0.05645,0.03157,0.06280,0.02854,0.03179
50.19733,8,0.62409,0.00088,0.01417,0.00722,0.03697,0.01325,0.11497,0.00075,0.00060,0.21098,0.14622,0.14462,0.02174,0.04899,0.14690,0.09174,0.01549,0.02035,0.00875,0.01186,0.02986,0.04225,0.01283,0.00374,0.07368,0.58035,0.04691,0.03392,0.06863,0.02634,0.02505
50.21867,13,0.62042,0.00072,0.01048,0.00540,0.02629,0.00980,0.08807,0.00053,0.00047,0.18511,0.10769,0.13676,0.01741,0.04065,0.26373,0.10689,0.01756,0.03259,0.01055,0.01673,0.02518,0.05161,0.00767,0.01250,0.28765,0.32874,0.06399,0.03023,0.05853,0.01857,0.03790
50.24000,13,0.59100,0.00081,0.00978,0.01603,0.01939,0.00780,0.10087,0.00047,0.00089,0.14384,0.07630,0.11683,0.01257,0.03126,0.37197,0.09118,0.01912,0.04167,0.01188,0.02033,0.02171,0.05853,0.00385,0.01898,0.44601,0.14181,0.07669,0.02745,0.05099,0.01357,0.04741
50.26133,13,0.52752,0.00122,0.00742,0.01257,0.01453,0.00952,0.28550,0.00058,0.00132,0.11157,0.05315,0.08606,0.00897,0.02247,0.30290,0.08223,0.02470,0.03714,0.01109,0.01152,0.02439,0.05128,0.00397,0.01082,0.29228,0.08764,0.08496,0.01423,0.03875,0.27104,0.03619
50.28267,5,0.47484,0.00181,0.00733,0.00916,0.01083,0.00954,0.49254,0.00071,0.00097,0.07836,0.03682,0.05964,0.00622,0.01567,0.21332,0.05707,0.02826,0.03289,0.01037,0.00512,0.02665,0.04547,0.00455,0.00447,0.16775,0.07582,0.08886,0.00569,0.03149,0.44523,0.02738
50.30400,5,0.47138,0.00130,0.00547,0.00639,0.00784,0.00693,0.64309,0.00051,0.00073,0.05582,0.02711,0.04215,0.00437,0.01096,0.14761,0.03973,0.02977,0.03093,0.01005,0.00229,0.02768,0.04286,0.00486,0.00162,0.11161,0.07339,0.09037,0.00204,0.02846,0.52064,0.02343
50.32533,5,0.61223,0.00090,0.00397,0.00442,0.00594,0.00497,0.72897,0.00036,0.00066,0.04005,0.01927,0.04631,0.00337,0.01007,0.10214,0.02860,0.02382,0.03495,0.02101,0.00829,0.03612,0.29235,0.00367,0.00577,0.07974,0.04290,0.07731,0.00867,0.03296,0.30260,0.02984
50.34666,5,0.65354,0.00064,0.00302,0.00312,0.00436,0.00443,0.57984,0.00028,0.00073,0.03794,0.01530,0.12027,0.00549,0.03702,0.08328,0.10427,0.01962,0.03791,0.02843,0.01267,0.04168,0.46072,0.00283,0.00892,0.06519,0.02260,0.06833,0.01358,0.03636,0.14650,0.03465
50.36800,5,0.67303,0.00048,0.00295,0.00235,0.00304,0.00904,0.40271,0.00037,0.00071,0.04350,0.01482,0.16327,0.00517,0.04348,0.07127,0.23683,0.01778,0.03922,0.03164,0.01461,0.04407,0.53361,0.00246,0.01032,0.05966,0.01384,0.06443,0.01576,0.03787,0.07796,0.03678
50.38933,14,0.66152,0.00041,0.00387,0.00219,0.00215,0.00696,0.28129,0.00032,0.00063,0.06226,0.01894,0.11660,0.00398,0.03167,0.06120,0.40755,0.01735,0.03952,0.03240,0.01506,0.04463,0.55061,0.00238,0.01065,0.05843,0.01180,0.06352,0.01627,0.03822,0.06188,0.03728
50.41067,14,0.65516,0.00055,0.00481,0.00197,0.00152,0.00508,0.19627,0.00023,0.00050,0.05333,0.01613,0.08535,0.00291,0.02348,0.05557,0.55229,0.01695,0.03981,0.03310,0.01549,0.04515,0.56663,0.00229,0.01096,0.05731,0.00988,0.06266,0.01675,0.03856,0.04668,0.03776
50.43200,14,0.64230,0.00046,0.00448,0.00151,0.00105,0.00352,0.13612,0.00016,0.00035,0.03953,0.01558,0.06005,0.00204,0.01662,0.12513,0.59338,0.01342,0.04246,0.02638,0.02186,0.03671,0.44306,0.00899,0.00964,0.05941,0.01748,0.06113,0.01994,0.04094,0.03815,0.16043
50.45333,14,0.63864,0.00036,0.00372,0.00150,0.00073,0.00245,0.09513,0.00012,0.00026,0.02821,0.05993,0.04395,0.00215,0.01769,0.24416,0.49963,0.00710,0.04723,0.01356,0.03344,0.02080,0.20598,0.02144,0.00703,0.06386,0.03253,0.05874,0.02560,0.04517,0.03016,0.38735
50.47467,14,0.62566,0.00033,0.00319,0.00140,0.00056,0.00178,0.06989,0.00009,0.00020,0.02765,0.15581,0.03795,0.00165,0.01379,0.32526,0.36043,0.00394,0.04961,0.00712,0.03924,0.01281,0.08677,0.02768,0.00571,0.06611,0.04012,0.05756,0.02843,0.04729,0.02646,0.50114
50.49600,13,0.62252,0.00044,0.00622,0.00235,0.00063,0.00132,0.05521,0.00007,0.00018,0.02948,0.24650,0.03638,0.00175,0.01024,0.32372,0.28552,0.00270,0.05055,0.00457,0.04153,0.00965,0.03959,0.03015,0.00519,0.06700,0.04312,0.05709,0.02955,0.04813,0.02504,0.54613
50.51733,9,0.60924,0.00088,0.01609,0.01103,0.00072,0.00166,0.05047,0.00009,0.00039,0.04693,0.38514,0.03085,0.00153,0.00752,0.23741,0.20931,0.00225,0.05088,0.00366,0.04235,0.00853,0.02279,0.03103,0.00501,0.06732,0.04419,0.05693,0.02994,0.04842,0.02455,0.56214
50.53867,9,0.60799,0.00077,0.01509,0.01233,0.00085,0.00151,0.03838,0.00007,0.00056,0.03846,0.55034,0.02180,0.00112,0.00535,0.16586,0.14752,0.01553,0.04100,0.00648,0.02286,0.01769,0.02977,0.01891,0.00263,0.07302,0.05778,0.07299,0.01592,0.03829,0.27748,0.30963
50.56000,9,0.60558,0.00138,0.01831,0.01436,0.00436,0.00574,0.03200,0.00025,0.00249,0.04984,0.62699,0.01787,0.00132,0.00626,0.11514,0.10370,0.01707,0.02800,0.00767,0.01417,0.02545,0.03545,0.01511,0.00150,0.04169,0.34475,0.06034,0.02301,0.05273,0.19552,0.13754
50.58133,9,0.59819,0.00245,0.02311,0.01203,0.00504,0.01154,0.05367,0.00031,0.00192,0.17162,0.46462,0.07233,0.00225,0.00666,0.09303,0.07943,0.01594,0.02085,0.00801,0.01150,0.02917,0.03788,0.01452,0.00111,0.01967,0.53585,0.04920,0.03007,0.06411,0.09921,0.06291
50.60266,9,0.58802,0.00214,0.01729,0.00850,0.00401,0.00853,0.03856,0.00024,0.00149,0.15241,0.33542,0.25328,0.01016,0.03744,0.07459,0.05595,0.01521,0.01793,0.00810,0.01069,0.03062,0.03878,0.01449,0.00099,0.01004,0.61830,0.04410,0.03337,0.06922,0.05307,0.03510
50.62400,9,0.57165,0.00159,0.02798,0.02158,0.00482,0.00758,0.04200,0.00018,0.00137,0.16771,0.23269,0.21579,0.00854,0.02789,0.18856,0.05172,0.01490,0.01687,0.00813,0.01045,0.03113,0.03909,0.01451,0.00095,0.00644,0.64892,0.04215,0.03464,0.07114,0.03516,0.02552
50.64533,8,0.54367,0.00155,0.04018,0.11978,0.01170,0.01223,0.03133,0.00020,0.00132,0.22221,0.16185,0.16931,0.00604,0.01986,0.16196,0.04048,0.01479,0.01651,0.00814,0.01037,0.03130,0.03919,0.01452,0.00094,0.00520,0.65945,0.04147,0.03509,0.07181,0.02884,0.02237
50.66667,8,0.52404,0.00139,0.10762,0.09348,0.01727,0.01655,0.02571,0.00017,0.00101,0.33953,0.11688,0.11846,0.00420,0.01386,0.11330,0.03058,0.01476,0.01644,0.00814,0.01036,0.03133,0.03921,0.01453,0.00094,0.00494,0.66166,0.04133,0.03518,0.07195,0.02750,0.02173
50.68800,8,0.51497,0.00140,0.13542,0.06517,0.02071,0.02001,0.06413,0.00027,0.00075,0.40285,0.08361,0.08454,0.00304,0.01381,0.07832,0.02596,0.01600,0.02365,0.00921,0.01322,0.02858,0.04478,0.01146,0.00613,0.13165,0.51336,0.05142,0.03301,0.06600,0.02273,0.02879
50.70933,8,0.52504,0.00153,0.10120,0.04587,0.02168,0.01697,0.05346,0.00028,0.00076,0.41748,0.06308,0.12244,0.01232,0.05513,0.05449,0.03331,0.01832,0.03712,0.01121,0.01854,0.02345,0.05506,0.00578,0.01574,0.36661,0.23578,0.07029,0.02887,0.05480,0.01573,0.04272
50.73067,8,0.53640,0.00127,0.07009,0.03227,0.01602,0.01386,0.04106,0.00031,0.00075,0.30945,0.04828,0.21101,0.03708,0.15480,0.03870,0.02505,0.01949,0.04387,0.01220,0.02121,0.02087,0.06022,0.00292,0.02056,0.48454,0.09637,0.07977,0.02678,0.04916,0.01229,0.04974
50.75200,10,0.52835,0.00207,0.05007,0.03656,0.01197,0.01616,0.04596,0.00078,0.00145,0.24460,0.03918,0.24488,0.02695,0.12965,0.03861,0.11111,0.01995,0.04655,0.01260,0.02226,0.01985,0.06226,0.00180,0.02247,0.53115,0.04125,0.08352,0.02595,0.04694,0.01094,0.05253
50.77333,14,0.53981,0.00434,0.03534,0.02838,0.00854,0.02012,0.03987,0.00073,0.00116,0.17274,0.02952,0.18200,0.01891,0.09212,0.03502,0.33119,0.02012,0.04750,0.01274,0.02264,0.01948,0.06298,0.00139,0.02314,0.54773,0.02164,0.08485,0.02566,0.04614,0.01046,0.05352
50.79467,14,0.57707,0.00383,0.02469,0.01966,0.00594,0.01482,0.02772,0.00053,0.00081,0.12110,0.02064,0.12693,0.01310,0.06392,0.02647,0.52985,0.01068,0.03966,0.01706,0.01204,0.02635,0.04572,0.02302,0.02553,0.33526,0.01935,0.32354,0.03583,0.03250,0.02309,0.03036
50.81600,14,0.57115,0.00276,0.01706,0.01357,0.00410,0.01024,0.01938,0.00037,0.00056,0.08378,0.01506,0.08775,0.00922,0.04513,0.02054,0.67048,0.00526,0.04387,0.01118,0.02494,0.01871,0.02858,0.03009,0.01618,0.17877,0.03121,0.23251,0.03462,0.03810,0.02548,0.28050
50.83733,14,0.56389,0.00256,0.01290,0.00948,0.00284,0.00738,0.01429,0.00028,0.00045,0.06408,0.02589,0.06493,0.00888,0.04234,0.02569,0.71801,0.00315,0.04800,0.00651,0.03536,0.01244,0.01984,0.03134,0.00950,0.10809,0.03927,0.13238,0.03215,0.04408,0.02503,0.45286
50.85867,14,0.62356,0.00189,0.00930,0.00671,0.00197,0.00524,0.01064,0.00020,0.00044,0.05119,0.02657,0.07006,0.00856,0.05306,0.01995,0.73421,0.00240,0.04992,0.00441,0.04005,0.00960,0.01636,0.03149,0.00657,0.08131,0.04276,0.08486,0.03090,0.04691,0.02461,0.52784
50.88000,14,0.62641,0.00138,0.00744,0.00524,0.00139,0.00381,0.00779,0.00015,0.00043,0.04509,0.07196,0.06556,0.00720,0.04415,0.01762,0.72080,0.00215,0.05066,0.00362,0.04183,0.00853,0.01512,0.03149,0.00548,0.07199,0.04406,0.06648,0.03040,0.04800,0.02442,0.55577
50.90133,14,0.63760,0.00156,0.00643,0.00667,0.00229,0.00537,0.00615,0.00022,0.02491,0.06734,0.09057,0.07518,0.00561,0.03959,0.01581,0.65230,0.00207,0.05092,0.00335,0.04245,0.00815,0.01471,0.03147,0.00510,0.06891,0.04451,0.06001,0.03023,0.04838,0.02434,0.56540
50.92266,14,0.65451,0.00120,0.02371,0.00724,0.00207,0.00543,0.00612,0.00045,0.01873,0.14462,0.12753,0.06685,0.00483,0.03498,0.01203,0.54419,0.00205,0.05098,0.00329,0.04258,0.00808,0.01462,0.03147,0.00502,0.06828,0.04460,0.05864,0.03019,0.04847,0.02433,0.56742
50.94400,14,0.71779,0.00162,0.01925,0.00655,0.00676,0.01567,0.00985,0.00096,0.01660,0.18853,0.18019,0.06914,0.00396,0.05266,0.00915,0.41911,0.00204,0.05103,0.00324,0.04269,0.00801,0.01455,0.03146,0.00495,0.06772,0.04468,0.05741,0.03016,0.04854,0.02431,0.56922
50.96533,14,0.74903,0.00127,0.01347,0.00461,0.00610,0.01241,0.00947,0.00073,0.01225,0.25648,0.14643,0.06649,0.00312,0.05179,0.00989,0.40550,0.00204,0.05104,0.00322,0.04273,0.00798,0.01452,0.03146,0.00492,0.06755,0.04471,0.05702,0.03015,0.04856,0.02431,0.56978
50.98667,14,0.72991,0.00094,0.00938,0.00332,0.00512,0.00963,0.00706,0.00052,0.00867,0.30747,0.10352,0.07894,0.00295,0.06593,0.01029,0.38626,0.00203,0.05105,0.00322,0.04274,0.00798,0.01452,0.03146,0.00492,0.06750,0.04472,0.05690,0.03014,0.04857,0.02431,0.56995
51.00800,14,0.69802,0.00072,0.00656,0.00255,0.00406,0.00708,0.00509,0.00037,0.00626,0.25165,0.07309,0.09021,0.00299,0.06437,0.00987,0.47512,0.00203,0.05105,0.00322,0.04275,0.00797,0.01451,0.03146,0.00492,0.06748,0.04472,0.05686,0.03014,0.04857,0.02431,0.57001
51.02933,14,0.67776,0.00060,0.00545,0.00286,0.00347,0.00547,0.00509,0.00033,0.00506,0.19889,0.05308,0.07420,0.00310,0.05529,0.01168,0.57544,0.00203,0.05105,0.00322,0.04275,0.00797,0.01451,0.03146,0.00491,0.06748,0.04472,0.05685,0.03014,0.04857,0.02431,0.57002
51.05067,14,0.66117,0.00044,0.00445,0.00210,0.00283,0.00475,0.00539,0.00053,0.00394,0.15018,0.03757,0.05201,0.00239,0.04199,0.00895,0.68247,0.00203,0.05105,0.00322,0.04275,0.00797,0.01451,0.03146,0.00491,0.06748,0.04472,0.05685,0.03014,0.04857,0.02431,0.57003
51.07200,14,0.63910,0.00037,0.00833,0.00181,0.00210,0.00573,0.00645,0.00093,0.00323,0.15368,0.02785,0.03727,0.00188,0.03091,0.00686,0.71261,0.00203,0.05105,0.00322,0.04275,0.00797,0.01451,0.03146,0.00491,0.06748,0.04472,0.05685,0.03014,0.04857,0.02431,0.57003
51.09333,14,0.61408,0.00032,0.01359,0.00329,0.00182,0.00564,0.00696,0.00175,0.00295,0.13408,0.02107,0.02801,0.00172,0.02541,0.00494,0.74845,0.00203,0.05105,0.00322,0.04275,0.00797,0.01451,0.03146,0.00491,0.06748,0.04472,0.05685,0.03014,0.04857,0.02431,0.57003
51.11467,14,0.60360,0.00098,0.02076,0.01782,0.04121,0.00756,0.00980,0.00128,0.00230,0.19160,0.01739,0.03855,0.00358,0.03419,0.00480,0.60818,0.00203,0.05105,0.00322,0.04275,0.00797,0.01451,0.03146,0.00491,0.06748,0.04472,0.05685,0.03014,0.04857,0.02431,0.57003
51.13600,14,0.60226,0.00186,0.01567,0.01418,0.03779,0.00556,0.00923,0.00100,0.00167,0.14652,0.01362,0.10481,0.08702,0.12921,0.00371,0.42815,0.00203,0.05105,0.00322,0.04275,0.00797,0.01451,0.03146,0.00491,0.06748,0.04472,0.05685,0.03014,0.04857,0.02431,0.57003
51.15733,14,0.62311,0.00252,0.01126,0.01821,0.04188,0.00492,0.01043,0.00154,0.00156,0.10563,0.01219,0.16256,0.13786,0.18817,0.00275,0.29851,0.00203,0.05105,0.00322,0.04275,0.00797,0.01451,0.03146,0.00491,0.06748,0.04472,0.05685,0.03014,0.04857,0.02431,0.57003
51.17867,10,0.61259,0.00273,0.00796,0.01283,0.03256,0.01852,0.00750,0.00128,0.00145,0.07894,0.01324,0.24516,0.16987,0.19699,0.00238,0.20860,0.00203,0.05105,0.00322,0.04275,0.00797,0.01451,0.03146,0.00491,0.06748,0.04472,0.05685,0.03014,0.04857,0.02431,0.57003
51.20000,10,0.60677,0.00217,0.00805,0.01080,0.02277,0.15839,0.00522,0.00091,0.00107,0.06015,0.01486,0.29371,0.12057,0.14494,0.00978,0.14660,0.00203,0.05105,0.00322,0.04275,0.00797,0.01451,0.03146,0.00491,0.06748,0.04472,0.05685,0.03014,0.04857,0.02431,0.57003
51.22133,4,0.58957,0.00224,0.00689,0.01584,0.01583,0.25105,0.00371,0.00064,0.00084,0.08659,0.01465,0.22311,0.08378,0.10101,0.03583,0.15801,0.00157,0.04634,0.00752,0.03290,0.01401,0.01718,0.03515,0.01025,0.07308,0.03929,0.18023,0.03411,0.04137,0.02733,0.43968
51.24266,14,0.56182,0.00196,0.01012,0.01902,0.01140,0.17493,0.00459,0.00045,0.00059,0.15337,0.01831,0.15765,0.05833,0.07040,0.03174,0.28712,0.00070,0.03762,0.01549,0.01467,0.02518,0.02212,0.04200,0.02012,0.08346,0.02922,0.40869,0.04145,0.02803,0.03293,0.19832
51.26400,10,0.54117,0.00163,0.00758,0.01319,0.00857,0.12089,0.00379,0.00032,0.00085,0.12736,0.01722,0.25351,0.05209,0.16859,0.02266,0.20175,0.02765,0.03827,0.02124,0.01954,0.25942,0.03249,0.03512,0.02311,0.05976,0.02854,0.26816,0.02664,0.04088,0.03252,0.08665
51.28533,12,0.49995,0.00141,0.00541,0.00914,0.00654,0.08614,0.00335,0.00027,0.00097,0.09169,0.01288,0.18661,0.04178,0.39845,0.01583,0.13954,0.01951,0.04451,0.01347,0.03144,0.17480,0.02546,0.03230,0.01483,0.05981,0.03621,0.14498,0.02603,0.04656,0.02851,0.30159
51.30667,12,0.54860,0.00126,0.00485,0.00698,0.00944,0.06753,0.00632,0.00036,0.00244,0.08383,0.01085,0.16321,0.04481,0.48682,0.01172,0.09959,0.00866,0.03884,0.01623,0.01824,0.09215,0.02456,0.03919,0.01983,0.07532,0.03021,0.34077,0.03627,0.03335,0.03215,0.19424
51.32800,12,0.51606,0.00127,0.00453,0.00639,0.01204,0.06625,0.00596,0.00038,0.00561,0.07494,0.01055,0.15926,0.05627,0.51595,0.01027,0.07033,0.00326,0.02187,0.01565,0.01364,0.05618,0.04617,0.04217,0.02513,0.07509,0.01759,0.22400,0.04271,0.30022,0.01764,0.09867
51.34933,12,0.48593,0.00105,0.00827,0.03608,0.01394,0.11846,0.00462,0.00040,0.00478,0.12960,0.00813,0.14720,0.05274,0.41736,0.00845,0.04892,0.00113,0.01150,0.01463,0.01293,0.04289,0.06070,0.04302,0.02772,0.07248,0.01022,0.11135,0.04543,0.48221,0.00719,0.05661
51.37067,12,0.49322,0.00228,0.00906,0.05354,0.01993,0.11189,0.00569,0.00104,0.02027,0.22238,0.00684,0.11944,0.04076,0.31223,0.03814,0.03653,0.00037,0.00712,0.01413,0.01287,0.03833,0.06698,0.04326,0.02872,0.07109,0.00716,0.05894,0.04642,0.56115,0.00260,0.04085
51.39200,8,0.45634,0.00483,0.00806,0.04107,0.02548,0.09698,0.00482,0.00142,0.03562,0.31384,0.01304,0.09552,0.04047,0.26125,0.03011,0.02748,0.00012,0.00552,0.01393,0.01290,0.03684,0.06931,0.04333,0.02908,0.07052,0.00605,0.03884,0.04676,0.59053,0.00088,0.03540
51.41333,12,0.43879,0.00448,0.00589,0.02923,0.02277,0.07188,0.00425,0.00165,0.03663,0.26467,0.02187,0.09859,0.05040,0.34205,0.02222,0.02343,0.00004,0.00497,0.01385,0.01292,0.03636,0.07011,0.04335,0.02920,0.07032,0.00567,0.03179,0.04687,0.60066,0.00029,0.03360
51.43467,12,0.44003,0.00434,0.00459,0.02198,0.01633,0.05201,0.00381,0.00143,0.02729,0.22768,0.02525,0.09950,0.07482,0.40179,0.02058,0.01861,0.00950,0.02511,0.01336,0.01757,0.02830,0.06701,0.02355,0.02652,0.29845,0.00859,0.05630,0.03685,0.34098,0.00490,0.04301
51.45600,12,0.44075,0.00391,0.00341,0.01555,0.01176,0.04382,0.00324,0.00104,0.01955,0.21474,0.01967,0.11251,0.05948,0.33635,0.13915,0.01581,0.00862,0.02320,0.01340,0.01714,0.02900,0.06738,0.02538,0.02678,0.27734,0.00828,0.05334,0.03779,0.36597,0.00441,0.04197
51.47733,8,0.42329,0.00285,0.00348,0.01305,0.00885,0.03164,0.00239,0.00074,0.01376,0.43462,0.01395,0.09030,0.04152,0.23418,0.09706,0.01159,0.00432,0.01397,0.01361,0.01504,0.03256,0.06895,0.03434,0.02802,0.17410,0.00688,0.04077,0.04234,0.48555,0.00220,0.03736
51.49866,8,0.39581,0.00222,0.05718,0.19747,0.01198,0.04116,0.00380,0.00096,0.00963,0.31934,0.01004,0.07816,0.02911,0.16229,0.06786,0.00880,0.00171,0.00837,0.01373,0.01376,0.03473,0.06989,0.03979,0.02877,0.11128,0.00604,0.03325,0.04511,0.55813,0.00087,0.03458
51.52000,2,0.36380,0.00396,0.19408,0.23159,0.02010,0.05566,0.00615,0.00232,0.00674,0.22812,0.00733,0.05695,0.02012,0.11211,0.04735,0.00743,0.01009,0.02633,0.01332,0.01787,0.02773,0.06692,0.02229,0.02637,0.31294,0.00873,0.05694,0.03622,0.32575,0.00511,0.04339
51.54133,1,0.35632,0.00732,0.31837,0.18280,0.06351,0.07554,0.00692,0.00328,0.00480,0.16155,0.00560,0.03990,0.01389,0.07740,0.03276,0.00635,0.01609,0.03916,0.01302,0.02081,0.02274,0.06480,0.00978,0.02466,0.45698,0.01065,0.07388,0.02987,0.15976,0.00815,0.04968
51.56267,1,0.35438,0.00565,0.29972,0.13516,0.20944,0.05461,0.00524,0.00247,0.00370,0.15368,0.00657,0.02938,0.00975,0.05386,0.02265,0.00813,0.01223,0.02322,0.29993,0.06644,0.03143,0.04391,0.00415,0.01397,0.27246,0.03490,0.06305,0.02732,0.07360,0.00467,0.02872
51.58400,8,0.34464,0.00562,0.22538,0.09417,0.18126,0.03868,0.00420,0.00197,0.00311,0.30821,0.00775,0.04921,0.00707,0.04532,0.01575,0.01231,0.00614,0.26810,0.22181,0.06138,0.03199,0.03201,0.00158,0.01568,0.14651,0.04259,0.06451,0.02140,0.03773,0.01939,0.02918
51.60533,8,0.35830,0.00465,0.16387,0.06536,0.13020,0.02684,0.00310,0.00149,0.00257,0.42406,0.00769,0.09122,0.00590,0.04874,0.01120,0.01310,0.00276,0.43585,0.12257,0.05061,0.03086,0.02735,0.00055,0.01853,0.09416,0.04387,0.06755,0.01772,0.02468,0.02993,0.03301
51.62667,8,0.35766,0.00336,0.11533,0.04532,0.09379,0.01906,0.00244,0.00123,0.00203,0.45139,0.01265,0.11836,0.00573,0.07709,0.01286,0.03936,0.01057,0.27306,0.05898,0.03622,0.02528,0.04376,0.00075,0.02121,0.30540,0.02898,0.07636,0.02096,0.03322,0.02190,0.04335
51.64800,8,0.35623,0.00249,0.08412,0.03296,0.06873,0.01579,0.00396,0.00129,0.00153,0.48798,0.01448,0.12761,0.01043,0.06771,0.01595,0.06497,0.01626,0.14137,0.02976,0.02804,0.02169,0.05538,0.00100,0.02261,0.45416,0.01884,0.08188,0.02362,0.04051,0.01510,0.04978
51.66933,8,0.35003,0.00177,0.05900,0.02345,0.04833,0.01216,0.00585,0.00100,0.00109,0.37900,0.02929,0.23515,0.03582,0.10100,0.01486,0.05224,0.01878,0.08203,0.01860,0.02466,0.02016,0.06046,0.00112,0.02318,0.51919,0.01444,0.08421,0.02482,0.04383,0.01201,0.05250
51.69067,8,0.32915,0.00152,0.04111,0.01655,0.03389,0.02172,0.00485,0.00133,0.00090,0.26494,0.03954,0.23585,0.06046,0.20807,0.01523,0.05403,0.01972,0.05956,0.01470,0.02344,0.01959,0.06237,0.00117,0.02338,0.54348,0.01280,0.08508,0.02528,0.04510,0.01084,0.05350
51.71200,10,0.32029,0.00163,0.03691,0.01397,0.02373,0.02827,0.00520,0.00123,0.00145,0.19118,0.06199,0.24753,0.12612,0.20339,0.01893,0.03846,0.02004,0.05175,0.01341,0.02302,0.01940,0.06302,0.00119,0.02345,0.55187,0.01224,0.08537,0.02544,0.04554,0.01043,0.05384
51.73333,12,0.31524,0.00253,0.06631,0.01716,0.01662,0.02959,0.00482,0.00103,0.00340,0.14511,0.09259,0.20341,0.13747,0.21291,0.03180,0.03526,0.02011,0.05010,0.01314,0.02293,0.01936,0.06316,0.00119,0.02346,0.55363,0.01212,0.08543,0.02547,0.04563,0.01034,0.05391
51.75467,11,0.30985,0.00498,0.05373,0.01735,0.01179,0.03323,0.01159,0.00123,0.00417,0.11470,0.14416,0.17891,0.18705,0.17925,0.03131,0.02654,0.01552,0.04464,0.01501,0.01760,0.02275,0.05471,0.01186,0.02453,0.44833,0.01412,0.20225,0.03053,0.03916,0.01653,0.04247
51.77600,9,0.30834,0.00962,0.04537,0.01485,0.00850,0.02584,0.02342,0.00398,0.01446,0.08272,0.27064,0.15291,0.15019,0.15121,0.02543,0.02086,0.00693,0.03081,0.01695,0.01082,0.02953,0.04909,0.03065,0.02676,0.24595,0.01439,0.28859,0.03976,0.16250,0.01949,0.02779
51.79733,8,0.29680,0.01188,0.09557,0.01151,0.00619,0.03675,0.03094,0.00288,0.01072,0.21074,0.20246,0.11423,0.11005,0.12211,0.01801,0.01597,0.00673,0.02201,0.01729,0.00781,0.03889,0.06960,0.02948,0.02885,0.13564,0.00983,0.14731,0.28636,0.17222,0.01182,0.01617
51.81866,8,0.28060,0.02440,0.07872,0.01112,0.00492,0.10392,0.07801,0.00383,0.00854,0.26223,0.14643,0.08577,0.07896,0.08921,0.01254,0.01140,0.01060,0.01844,0.01305,0.00861,0.03659,0.05815,0.02200,0.01599,0.06166,0.31681,0.07847,0.20365,0.12174,0.01740,0.01683
51.84000,8,0.27511,0.08136,0.05855,0.01057,0.00367,0.13701,0.05537,0.00276,0.00627,0.24337,0.10498,0.09210,0.05826,0.06832,0.04770,0.02971,0.01565,0.03191,0.01232,0.01545,0.02798,0.05857,0.01122,0.01763,0.28483,0.21776,0.07441,0.10344,0.07926,0.01496,0.03460
51.86133,10,0.27611,0.05776,0.04167,0.00742,0.00257,0.11418,0.03882,0.00191,0.00433,0.18462,0.07284,0.18928,0.04094,0.04968,0.16522,0.02877,0.01844,0.04144,0.01253,0.01987,0.02273,0.06114,0.00510,0.02086,0.44540,0.10102,0.08002,0.05464,0.05832,0.01226,0.04622
51.88267,13,0.28380,0.04075,0.03113,0.00554,0.00183,0.08665,0.02799,0.00133,0.00300,0.14207,0.05155,0.16837,0.03020,0.03743,0.32494,0.04719,0.01958,0.04561,0.01269,0.02177,0.02052,0.06250,0.00257,0.02249,0.51595,0.04509,0.08335,0.03557,0.05010,0.01098,0.05121
51.90400,8,0.31370,0.02845,0.02159,0.00394,0.00196,0.06069,0.02683,0.00156,0.00809,0.28456,0.05656,0.15194,0.03132,0.04312,0.24549,0.03392,0.01050,0.03901,0.01704,0.01174,0.02670,0.04554,0.02342,0.02529,0.32432,0.02767,0.32301,0.03909,0.03381,0.02328,0.02958
51.92533,8,0.30509,0.01973,0.01495,0.00276,0.00226,0.04360,0.01874,0.00109,0.00565,0.49958,0.03928,0.10579,0.02283,0.03043,0.16982,0.02350,0.01863,0.03367,0.01429,0.00509,0.02836,0.04113,0.01781,0.01379,0.18074,0.04722,0.24842,0.02150,0.02829,0.27861,0.02245
51.94667,8,0.27473,0.01410,0.01046,0.00473,0.06023,0.06219,0.01359,0.00143,0.00507,0.55585,0.02723,0.07353,0.01593,0.02216,0.11723,0.01627,0.02071,0.03975,0.01312,0.01265,0.02422,0.05125,0.00880,0.01664,0.34012,0.03369,0.15665,0.02076,0.03600,0.18896,0.03667
51.96800,8,0.26491,0.02863,0.00891,0.00636,0.06220,0.15991,0.01194,0.00179,0.00816,0.52137,0.01905,0.05186,0.01123,0.01620,0.08108,0.01129,0.02059,0.04457,0.01287,0.01862,0.02130,0.05842,0.00410,0.02049,0.46660,0.02114,0.11208,0.02323,0.04175,0.08730,0.04693
51.98933,8,0.28987,0.02009,0.00876,0.00635,0.08327,0.11963,0.03356,0.00134,0.00581,0.37420,0.02733,0.16884,0.02168,0.06099,0.05792,0.01023,0.02047,0.04589,0.01283,0.02026,0.02052,0.06035,0.00292,0.02163,0.50141,0.01760,0.10123,0.02407,0.04332,0.05779,0.04971
52.01067,8,0.32878,0.01472,0.01000,0.01251,0.12224,0.08451,0.02646,0.00102,0.00412,0.27122,0.07145,0.20262,0.02602,0.09998,0.04039,0.01274,0.02031,0.04724,0.01281,0.02192,0.01973,0.06230,0.00178,0.02282,0.53682,0.01396,0.09079,0.02498,0.04490,0.02713,0.05251
52.03200,10,0.32178,0.01091,0.00848,0.02275,0.10067,0.05896,0.01902,0.00087,0.00307,0.19285,0.05250,0.31462,0.05359,0.12264,0.02812,0.01095,0.02024,0.04772,0.01281,0.02252,0.01944,0.06299,0.00139,0.02326,0.54956,0.01263,0.08722,0.02533,0.04547,0.01590,0.05351
52.05333,10,0.31007,0.00817,0.00612,0.01760,0.07101,0.04394,0.01561,0.00189,0.00271,0.13856,0.03831,0.35755,0.10569,0.16525,0.01958,0.00801,0.02021,0.04789,0.01281,0.02272,0.01935,0.06323,0.00126,0.02341,0.55387,0.01218,0.08605,0.02545,0.04566,0.01206,0.05385
52.07467,10,0.30876,0.00659,0.00930,0.01307,0.04954,0.03641,0.01242,0.00159,0.00205,0.10095,0.02794,0.27855,0.15497,0.21598,0.05793,0.03272,0.01072,0.03979,0.01708,0.01207,0.02630,0.04581,0.02297,0.02561,0.33729,0.01633,0.32385,0.03576,0.03236,0.02359,0.03048
52.09600,10,0.31903,0.00473,0.02283,0.01061,0.03436,0.02661,0.00880,0.00114,0.00224,0.07779,0.01965,0.22826,0.18283,0.19412,0.08470,0.10130,0.00432,0.03431,0.01996,0.00487,0.03100,0.03404,0.03761,0.02708,0.19082,0.01918,0.48426,0.04269,0.02336,0.03180,0.01469
52.11733,11,0.32479,0.00364,0.02112,0.01050,0.02453,0.04236,0.00632,0.00090,0.01162,0.08006,0.01473,0.19869,0.28546,0.15141,0.07730,0.07134,0.00155,0.03194,0.02121,0.00175,0.03304,0.02895,0.04395,0.02771,0.12742,0.02042,0.55366,0.04568,0.01947,0.03541,0.00786
52.13866,11,0.31453,0.00327,0.01720,0.01484,0.01879,0.04600,0.00875,0.00130,0.05383,0.11728,0.01403,0.19379,0.27084,0.12161,0.06814,0.05034,0.00052,0.03105,0.02167,0.00059,0.03379,0.02705,0.04631,0.02795,0.10383,0.02088,0.57946,0.04680,0.01802,0.03675,0.00531
52.16000,8,0.31250,0.00315,0.02203,0.02388,0.01609,0.04048,0.01927,0.00110,0.04727,0.23193,0.01357,0.19926,0.19794,0.09045,0.05724,0.03632,0.00429,0.02469,0.01989,0.00263,0.04032,0.05679,0.03586,0.02918,0.08358,0.01385,0.31415,0.28906,0.05884,0.02211,0.00475
52.18133,8,0.31114,0.00351,0.05764,0.03538,0.01166,0.03473,0.01839,0.00082,0.03374,0.29110,0.01328,0.16648,0.13792,0.06383,0.06460,0.06691,0.00695,0.02051,0.01864,0.00414,0.04463,0.07705,0.02855,0.02998,0.07275,0.00906,0.13238,0.45211,0.08650,0.01209,0.00467
52.20267,8,0.30901,0.00345,0.04297,0.03834,0.00869,0.02572,0.02080,0.00060,0.02392,0.30603,0.01524,0.12221,0.09541,0.04437,0.14999,0.10226,0.01348,0.03292,0.01576,0.01309,0.03323,0.07295,0.01485,0.02702,0.29846,0.00987,0.08935,0.27056,0.07056,0.01006,0.02783
52.22400,8,0.30880,0.00555,0.03491,0.02981,0.00680,0.02024,0.01758,0.00052,0.01783,0.40743,0.01892,0.09313,0.06699,0.03160,0.14733,0.10137,0.01753,0.04184,0.01398,0.01892,0.02499,0.06754,0.00658,0.02492,0.45197,0.01105,0.08416,0.12688,0.05619,0.01000,0.04345
52.24533,8,0.30450,0.00781,0.02971,0.02088,0.00516,0.01451,0.01578,0.00042,0.01294,0.42698,0.01599,0.07585,0.08334,0.06469,0.10548,0.12045,0.01925,0.04575,0.01323,0.02142,0.02136,0.06491,0.00311,0.02400,0.51851,0.01162,0.08450,0.06242,0.04959,0.01012,0.05021
52.26667,8,0.32390,0.00567,0.02110,0.01443,0.00364,0.01005,0.01130,0.00030,0.00901,0.31231,0.01138,0.08672,0.14361,0.21131,0.07419,0.08496,0.01965,0.04667,0.01305,0.02200,0.02051,0.06427,0.00231,0.02378,0.53404,0.01176,0.08482,0.04718,0.04801,0.01016,0.05179
52.28800,11,0.33218,0.00393,0.01463,0.00997,0.00253,0.00696,0.00811,0.00021,0.00622,0.21962,0.00804,0.08936,0.34703,0.17316,0.05139,0.05884,0.02002,0.04754,0.01289,0.02255,0.01970,0.06365,0.00156,0.02358,0.54868,0.01190,0.08523,0.03271,0.04651,0.01020,0.05327
52.30933,11,0.34201,0.00273,0.01045,0.00689,0.00175,0.00483,0.00809,0.00017,0.00430,0.16311,0.00562,0.06763,0.50322,0.14489,0.03549,0.04081,0.02014,0.04783,0.01283,0.02273,0.01943,0.06344,0.00131,0.02351,0.55360,0.01195,0.08541,0.02782,0.04599,0.01022,0.05377
52.33067,11,0.36408,0.00192,0.00764,0.00476,0.00122,0.00336,0.01162,0.00015,0.00298,0.12329,0.00414,0.04903,0.63026,0.10677,0.02464,0.02823,0.01481,0.03371,0.01515,0.01451,0.03260,0.07626,0.01173,0.02680,0.32503,0.00907,0.04951,0.27838,0.07377,0.00790,0.03076
52.35200,11,0.37231,0.00169,0.01342,0.00356,0.00088,0.00263,0.22888,0.00040,0.00238,0.12654,0.00363,0.03491,0.46521,0.07909,0.01721,0.01957,0.01121,0.02416,0.01672,0.00894,0.04151,0.08493,0.01878,0.02902,0.17045,0.00713,0.02530,0.44777,0.09254,0.00634,0.01519
52.37333,5,0.40217,0.00185,0.01371,0.00276,0.00080,0.00216,0.37774,0.00153,0.00642,0.14567,0.00347,0.02481,0.33018,0.06332,0.01193,0.01363,0.00965,0.02002,0.01740,0.00653,0.04536,0.08867,0.02183,0.02998,0.10356,0.00629,0.01484,0.52107,0.10067,0.00566,0.00846
52.39466,5,0.40095,0.00154,0.00984,0.00195,0.00061,0.00200,0.31704,0.00124,0.00461,0.12413,0.00250,0.01985,0.24222,0.25394,0.00825,0.01029,0.00907,0.01849,0.01765,0.00564,0.04680,0.09007,0.02297,0.03034,0.07868,0.00598,0.01094,0.54833,0.10369,0.00541,0.00595
52.41600,12,0.35802,0.00159,0.00680,0.00136,0.00049,0.00177,0.22433,0.00088,0.00320,0.08642,0.00180,0.01405,0.17996,0.46449,0.00571,0.00715,0.01261,0.02841,0.02510,0.01027,0.04629,0.31775,0.01336,0.02135,0.06578,0.00733,0.03462,0.30164,0.07349,0.02124,0.02074
52.43733,12,0.31286,0.00242,0.00470,0.00095,0.00062,0.00133,0.16608,0.00061,0.00222,0.05968,0.00143,0.01035,0.12800,0.61266,0.00397,0.00499,0.01507,0.03528,0.03009,0.01350,0.04579,0.47105,0.00675,0.01524,0.06005,0.00828,0.05105,0.13212,0.05278,0.03194,0.03100
52.45867,12,0.27914,0.00531,0.00334,0.00129,0.00160,0.00158,0.32755,0.01458,0.00746,0.04252,0.00224,0.00799,0.11067,0.46734,0.00298,0.00354,0.00827,0.02171,0.02302,0.01361,0.04120,0.30050,0.02319,0.02112,0.06421,0.00708,0.04228,0.07251,0.31013,0.01816,0.03302
52.48000,12,0.26245,0.01721,0.00252,0.00222,0.00120,0.00120,0.24521,0.02306,0.00623,0.04800,0.01627,0.00613,0.23983,0.38006,0.00805,0.00280,0.00337,0.01167,0.01761,0.01325,0.03818,0.16564,0.03512,0.02588,0.06771,0.00614,0.03423,0.05453,0.48613,0.00749,0.03304
52.50133,12,0.25015,0.03543,0.00176,0.00170,0.00084,0.00086,0.17024,0.19111,0.00543,0.03582,0.01821,0.00519,0.25114,0.27073,0.00950,0.00202,0.00122,0.00723,0.01520,0.01305,0.03688,0.10514,0.04038,0.02802,0.06930,0.00572,0.03052,0.04917,0.56255,0.00272,0.03290
52.52267,11,0.24574,0.15653,0.00152,0.00285,0.00075,0.00141,0.12020,0.18693,0.00863,0.03245,0.02561,0.00981,0.23019,0.20254,0.01777,0.00280,0.00071,0.00618,0.01463,0.01300,0.03657,0.09083,0.04161,0.02853,0.06968,0.00563,0.02963,0.04814,0.58039,0.00160,0.03285
52.54400,0,0.24416,0.23508,0.00483,0.00496,0.00978,0.01335,0.10173,0.14970,0.00975,0.02943,0.05068,0.01063,0.20057,0.15196,0.01399,0.01357,0.00024,0.00520,0.01409,0.01295,0.03629,0.07726,0.04278,0.02901,0.07004,0.00553,0.02878,0.04728,0.59722,0.00053,0.03280
52.56533,0,0.23739,0.29134,0.00676,0.01745,0.01874,0.01492,0.09492,0.11331,0.01438,0.02254,0.04764,0.01605,0.18436,0.11598,0.01308,0.02853,0.00210,0.00786,0.01482,0.01115,0.03881,0.07733,0.03861,0.02947,0.06919,0.00558,0.02403,0.16568,0.48767,0.00139,0.02631
52.58667,0,0.22824,0.29600,0.00728,0.03974,0.02161,0.01764,0.07725,0.14515,0.04822,0.01705,0.03495,0.01788,0.14466,0.08538,0.01325,0.03393,0.00365,0.01013,0.01549,0.00974,0.04086,0.07970,0.03512,0.02975,0.06846,0.00563,0.02041,0.25944,0.39821,0.00225,0.02119
52.60800,0,0.21553,0.25906,0.01456,0.04542,0.03373,0.03072,0.07084,0.16616,0.05002,0.01545,0.03118,0.03418,0.12555,0.06498,0.01381,0.04434,0.00407,0.01074,0.01567,0.00935,0.04141,0.08035,0.03417,0.02982,0.06826,0.00564,0.01943,0.28480,0.37401,0.00248,0.01981
52.62933,0,0.20415,0.21911,0.02089,0.04096,0.04423,0.03199,0.07946,0.16903,0.04330,0.01563,0.02839,0.05524,0.13013,0.05130,0.01349,0.05684,0.00418,0.01091,0.01572,0.00925,0.04156,0.08052,0.03392,0.02984,0.06821,0.00565,0.01917,0.29166,0.36746,0.00254,0.01943
52.65067,0,0.20055,0.19281,0.02562,0.04550,0.04624,0.03307,0.07383,0.18107,0.03794,0.01498,0.02942,0.07698,0.11956,0.03943,0.01617,0.06738,0.00421,0.01095,0.01573,0.00922,0.04160,0.08057,0.03385,0.02985,0.06819,0.00565,0.01910,0.29351,0.36569,0.00256,0.01933
52.67200,6,0.20035,0.15536,0.03236,0.05719,0.05034,0.03051,0.07485,0.16534,0.03468,0.01537,0.03033,0.08972,0.11111,0.03021,0.02371,0.09891,0.00422,0.01096,0.01573,0.00922,0.04161,0.08058,0.03383,0.02985,0.06819,0.00565,0.01908,0.29402,0.36521,0.00256,0.01930
52.69333,6,0.19148,0.14441,0.03259,0.06904,0.05228,0.02757,0.06917,0.19204,0.03710,0.01354,0.02594,0.09572,0.10507,0.02468,0.02472,0.08613,0.07573,0.01088,0.01462,0.00998,0.03839,0.07548,0.03153,0.02793,0.06259,0.00518,0.01760,0.27284,0.33669,0.00235,0.01822
52.71466,6,0.16575,0.14432,0.03479,0.08485,0.06163,0.02525,0.06133,0.16333,0.04025,0.01337,0.02115,0.11065,0.11846,0.02252,0.02832,0.06978,0.05610,0.00575,0.01094,0.00559,0.03172,0.04664,0.34356,0.02929,0.04689,0.02191,0.03862,0.14102,0.18071,0.00726,0.03400
52.73600,11,0.14041,0.12974,0.04034,0.09269,0.07571,0.02197,0.05356,0.12003,0.04156,0.01540,0.01885,0.12428,0.15676,0.02111,0.03154,0.05646,0.02481,0.00231,0.00875,0.00245,0.02804,0.02851,0.55433,0.03069,0.03772,0.03329,0.05315,0.05760,0.08283,0.01061,0.04489
52.75733,10,0.14040,0.09856,0.03763,0.07619,0.07190,0.01801,0.04690,0.08704,0.03234,0.01886,0.01491,0.20418,0.20131,0.01890,0.02964,0.04364,0.00932,0.00083,0.00783,0.00107,0.02654,0.02081,0.64551,0.03135,0.03392,0.03822,0.05948,0.02211,0.04130,0.01207,0.04964
52.77867,10,0.30619,0.06801,0.02604,0.05258,0.04965,0.01243,0.03270,0.06006,0.02231,0.01313,0.01030,0.37620,0.21248,0.01310,0.02083,0.03017,0.00735,0.00860,0.01241,0.00285,0.03624,0.05285,0.36318,0.03103,0.04858,0.02353,0.03643,0.27203,0.06685,0.00904,0.02903
52.80000,10,0.35785,0.04694,0.02156,0.03651,0.03427,0.00872,0.02259,0.04145,0.01540,0.02387,0.00721,0.53294,0.15760,0.00908,0.01537,0.02651,0.00560,0.01476,0.01524,0.00246,0.03712,0.05121,0.25029,0.03030,0.06061,0.02088,0.16123,0.25526,0.05953,0.01514,0.02036
52.82133,10,0.40617,0.03239,0.16299,0.02819,0.02366,0.00703,0.01559,0.02860,0.01063,0.09137,0.00511,0.44983,0.10903,0.00627,0.01061,0.01871,0.00248,0.02394,0.01917,0.00119,0.03599,0.03895,0.12324,0.02904,0.07865,0.02024,0.39903,0.15286,0.03763,0.02734,0.01024
52.84267,1,0.45351,0.02235,0.39438,0.01977,0.01653,0.00513,0.01077,0.01973,0.00733,0.08689,0.00383,0.31253,0.07527,0.00435,0.00733,0.01381,0.00093,0.02816,0.02091,0.00047,0.03494,0.03121,0.07365,0.02843,0.08698,0.02066,0.51944,0.08923,0.02520,0.03361,0.00619
52.86400,1,0.46025,0.01569,0.44439,0.01380,0.01838,0.00360,0.03856,0.01362,0.00507,0.07100,0.00294,0.24985,0.06834,0.03932,0.00512,0.01032,0.00032,0.02977,0.02157,0.00016,0.03446,0.02792,0.05611,0.02819,0.09016,0.02093,0.56718,0.06230,0.02008,0.03611,0.00474
52.88533,1,0.45340,0.01090,0.32008,0.01063,0.30355,0.00255,0.02695,0.00941,0.00354,0.05206,0.00205,0.17288,0.04718,0.02734,0.00354,0.00733,0.00040,0.27416,0.03312,0.01970,0.03221,0.02614,0.02794,0.02470,0.07888,0.03176,0.33876,0.03732,0.01862,0.03687,0.01941
52.90667,3,0.45467,0.00753,0.22118,0.00734,0.50936,0.00179,0.01877,0.00649,0.00246,0.03695,0.00143,0.12754,0.03259,0.01904,0.00245,0.00508,0.00053,0.43868,0.04083,0.03290,0.03076,0.02534,0.01101,0.02238,0.07091,0.03903,0.17904,0.02377,0.01826,0.03709,0.02948
52.92800,3,0.43995,0.00529,0.16153,0.00525,0.58534,0.00166,0.01398,0.00449,0.00175,0.04624,0.00184,0.12926,0.02281,0.01490,0.00177,0.00388,0.00059,0.50982,0.04415,0.03862,0.03014,0.02504,0.00391,0.02137,0.06741,0.04217,0.10934,0.01827,0.01817,0.03715,0.03385
52.94933,3,0.44065,0.00367,0.11212,0.00366,0.41259,0.00130,0.00973,0.00310,0.00121,0.03697,0.00148,0.37829,0.01578,0.01075,0.00605,0.00331,0.00032,0.29904,0.04037,0.28585,0.03539,0.01683,0.00540,0.02200,0.03964,0.02721,0.11672,0.01865,0.05320,0.02095,0.01842
52.97066,10,0.43091,0.00265,0.07814,0.00262,0.28818,0.00098,0.00738,0.00214,0.00085,0.02966,0.01162,0.50104,0.01124,0.00926,0.05128,0.00296,0.00013,0.14835,0.03742,0.45169,0.03901,0.01133,0.00727,0.02254,0.02137,0.01675,0.13024,0.01957,0.07681,0.01004,0.00749
52.99200,10,0.42753,0.00237,0.06468,0.00233,0.21409,0.00133,0.01285,0.00154,0.00152,0.14020,0.08186,0.37755,0.00962,0.01149,0.06921,0.00936,0.00005,0.08225,0.03610,0.52331,0.04058,0.00895,0.00818,0.02279,0.01351,0.01219,0.13701,0.02004,0.08702,0.00532,0.00270
53.01333,8,0.42061,0.00251,0.04870,0.00312,0.16603,0.00287,0.02553,0.00145,0.00478,0.30365,0.07975,0.27351,0.00709,0.01044,0.06205,0.00852,0.00002,0.05082,0.02929,0.28521,0.03774,0.01675,0.02675,0.02530,0.04945,0.01589,0.35180,0.03293,0.05536,0.01990,0.00280
53.03467,8,0.41789,0.00321,0.04138,0.00299,0.18636,0.00575,0.02334,0.00104,0.00412,0.37740,0.06108,0.21422,0.00612,0.01677,0.04849,0.00772,0.00001,0.03776,0.02486,0.11601,0.03564,0.02229,0.03916,0.02695,0.07462,0.01894,0.49567,0.04155,0.03278,0.03030,0.00346
53.05600,10,0.42214,0.00295,0.03189,0.00217,0.13172,0.00458,0.01846,0.00073,0.00298,0.29956,0.04798,0.31817,0.01759,0.04687,0.06761,0.00675,0.00465,0.03876,0.02160,0.07570,0.03164,0.03236,0.03179,0.02634,0.18826,0.01768,0.41713,0.03881,0.03326,0.02684,0.01518
53.07733,10,0.41862,0.00246,0.02760,0.00181,0.09186,0.00594,0.01438,0.00053,0.00219,0.22779,0.03828,0.46500,0.01718,0.04300,0.05553,0.00647,0.01327,0.04337,0.01655,0.03951,0.02472,0.04975,0.01534,0.02482,0.39297,0.01464,0.23923,0.03179,0.03926,0.01806,0.03672
53.09867,10,0.40981,0.00207,0.02315,0.00154,0.06514,0.00976,0.03709,0.00059,0.00331,0.18028,0.04064,0.51703,0.01384,0.04627,0.05088,0.00842,0.01294,0.04216,0.01628,0.02273,0.02476,0.04968,0.01727,0.02505,0.38782,0.01510,0.26114,0.03297,0.03660,0.01952,0.03599
53.12000,10,0.40466,0.00235,0.01680,0.00117,0.04582,0.01261,0.03017,0.00060,0.00471,0.31160,0.03766,0.43348,0.01193,0.04068,0.04314,0.00729,0.00603,0.03592,0.01926,0.00941,0.02977,0.03712,0.03350,0.02667,0.22996,0.01833,0.43910,0.04071,0.02613,0.02916,0.01892
53.14133,10,0.42273,0.00202,0.01208,0.00092,0.03518,0.01528,0.04053,0.00044,0.00334,0.30635,0.02620,0.34500,0.04925,0.12628,0.03126,0.00586,0.00232,0.03264,0.02089,0.00343,0.03248,0.03033,0.04214,0.02753,0.14489,0.02005,0.53381,0.04482,0.02066,0.03427,0.00974
53.16267,10,0.44471,0.00159,0.00846,0.00067,0.02485,0.01101,0.03249,0.00031,0.00237,0.23921,0.01820,0.27471,0.08777,0.26554,0.02755,0.00526,0.00081,0.03131,0.02155,0.00117,0.03358,0.02758,0.04563,0.02788,0.11042,0.02074,0.57203,0.04647,0.01846,0.03634,0.00603
53.18400,12,0.42820,0.00131,0.00787,0.00790,0.01808,0.01389,0.02301,0.00027,0.00434,0.21801,0.01481,0.24416,0.07370,0.30836,0.03275,0.03153,0.00027,0.03084,0.02179,0.00038,0.03398,0.02658,0.04688,0.02800,0.09799,0.02099,0.58578,0.04707,0.01768,0.03708,0.00469
53.20533,8,0.43830,0.00122,0.02102,0.01435,0.03158,0.01966,0.01806,0.00058,0.00344,0.27466,0.01497,0.18361,0.05462,0.22778,0.03547,0.09898,0.00009,0.03068,0.02187,0.00012,0.03411,0.02625,0.04731,0.02805,0.09380,0.02107,0.59042,0.04727,0.01741,0.03733,0.00423
53.22667,10,0.43380,0.00246,0.01859,0.01975,0.03151,0.02093,0.01875,0.00071,0.00262,0.20167,0.01506,0.28760,0.04528,0.21570,0.02853,0.09083,0.00003,0.01846,0.01810,0.00611,0.03508,0.04700,0.04550,0.02862,0.08229,0.01376,0.32691,0.04713,0.29361,0.01982,0.01759
53.24800,10,0.42586,0.00306,0.01521,0.02159,0.04526,0.01840,0.02445,0.00066,0.00203,0.14795,0.01849,0.30065,0.04564,0.20729,0.02804,0.12130,0.00950,0.03057,0.01507,0.01482,0.02781,0.05766,0.02442,0.02629,0.30320,0.01187,0.17561,0.03695,0.21681,0.01280,0.03662
53.26933,10,0.42424,0.00345,0.01131,0.01739,0.04179,0.01496,0.02660,0.00055,0.00164,0.10707,0.02588,0.34497,0.05608,0.19435,0.03541,0.11855,0.00640,0.03256,0.01792,0.00899,0.02974,0.04396,0.03228,0.02678,0.23579,0.01608,0.35485,0.04039,0.10679,0.02370,0.02378
53.29066,10,0.40403,0.00450,0.07332,0.03350,0.02960,0.01234,0.01878,0.00044,0.00135,0.10596,0.03052,0.34160,0.05051,0.17910,0.03043,0.08807,0.00277,0.03166,0.02025,0.00378,0.03224,0.03345,0.04096,0.02750,0.15424,0.01906,0.49448,0.04435,0.05111,0.03181,0.01232
53.31200,10,0.38594,0.00539,0.12202,0.15217,0.02175,0.00975,0.01544,0.00045,0.00119,0.10403,0.03187,0.28397,0.03648,0.12879,0.02283,0.06386,0.00103,0.03103,0.02130,0.00139,0.03346,0.02876,0.04508,0.02785,0.11505,0.02037,0.55692,0.04624,0.02904,0.03540,0.00707
53.33333,10,0.38098,0.01193,0.16290,0.15860,0.01899,0.01694,0.01173,0.00081,0.00107,0.14490,0.04953,0.20589,0.02574,0.09005,0.01776,0.08317,0.00061,0.03087,0.02155,0.00082,0.03375,0.02766,0.04607,0.02794,0.10556,0.02068,0.57166,0.04670,0.02408,0.03625,0.00581
53.35467,1,0.37840,0.01671,0.16614,0.13628,0.01922,0.01462,0.01304,0.00071,0.00143,0.13274,0.10788,0.16445,0.02025,0.08667,0.01481,0.10504,0.00020,0.03070,0.02179,0.00027,0.03403,0.02661,0.04703,0.02802,0.09642,0.02097,0.58565,0.04714,0.01949,0.03705,0.00462
53.37600,8,0.36439,0.01542,0.13713,0.10221,0.01471,0.01595,0.01087,0.00082,0.00152,0.21793,0.08384,0.17939,0.02259,0.10815,0.01153,0.07793,0.00007,0.03063,0.02187,0.00009,0.03413,0.02626,0.04735,0.02805,0.09330,0.02107,0.59038,0.04729,0.01798,0.03732,0.00421
53.39733,8,0.34828,0.01288,0.11325,0.07269,0.01338,0.01891,0.00876,0.00089,0.00137,0.41656,0.05838,0.12642,0.01587,0.07754,0.00818,0.05491,0.00031,0.27453,0.03322,0.01968,0.03210,0.02558,0.02514,0.02465,0.07989,0.03182,0.34637,0.03228,0.01790,0.03728,0.01925
53.41867,8,0.33731,0.01064,0.09470,0.05043,0.01344,0.01836,0.00737,0.00069,0.00103,0.56191,0.04344,0.08763,0.01099,0.05378,0.00570,0.03990,0.00969,0.20309,0.02526,0.02397,0.02580,0.04322,0.01070,0.02361,0.30164,0.02404,0.18874,0.02694,0.03100,0.02456,0.03774
53.44000,8,0.32383,0.01845,0.07637,0.03642,0.01372,0.01581,0.01512,0.00051,0.00102,0.58780,0.03785,0.10119,0.01274,0.04830,0.00505,0.02964,0.01597,0.11534,0.01805,0.02367,0.02188,0.05522,0.00459,0.02347,0.45313,0.01705,0.12229,0.02579,0.03980,0.01601,0.04775
53.46133,8,0.32282,0.01889,0.05754,0.02576,0.01076,0.01523,0.01341,0.00049,0.00272,0.51241,0.04710,0.11781,0.01234,0.07026,0.00551,0.08978,0.01868,0.07306,0.01474,0.02320,0.02022,0.06042,0.00234,0.02346,0.51891,0.01383,0.09785,0.02556,0.04361,0.01231,0.05181
53.48267,8,0.32503,0.01366,0.04048,0.01837,0.00887,0.01272,0.01004,0.00048,0.01178,0.45844,0.03692,0.15730,0.01537,0.13923,0.00538,0.07098,0.01969,0.05662,0.01347,0.02296,0.01961,0.06235,0.00157,0.02347,0.54341,0.01261,0.08950,0.02552,0.04503,0.01093,0.05327
53.50400,8,0.33673,0.00951,0.02809,0.01291,0.00716,0.00998,0.00711,0.00039,0.00906,0.36009,0.03211,0.23132,0.01834,0.21452,0.00611,0.05328,0.02003,0.05081,0.01302,0.02287,0.01940,0.06302,0.00131,0.02348,0.55185,0.01218,0.08676,0.02551,0.04552,0.01046,0.05377
53.52533,8,0.32506,0.00697,0.04826,0.01622,0.00667,0.02169,0.00536,0.00093,0.00705,0.37957,0.02350,0.24371,0.01853,0.17830,0.00445,0.03880,0.02015,0.04887,0.01288,0.02284,0.01934,0.06324,0.00123,0.02348,0.55463,0.01204,0.08590,0.02551,0.04568,0.01030,0.05393
53.54667,8,0.34256,0.00503,0.05345,0.01620,0.02824,0.13585,0.01066,0.00131,0.00537,0.39150,0.01654,0.16909,0.01287,0.12374,0.00310,0.02705,0.02018,0.04825,0.01283,0.02283,0.01931,0.06331,0.00121,0.02348,0.55551,0.01199,0.08563,0.02551,0.04573,0.01025,0.05398
53.56800,8,0.33754,0.00389,0.06103,0.01246,0.02403,0.14715,0.01060,0.00155,0.00388,0.46709,0.01325,0.12226,0.00917,0.10084,0.00223,0.02056,0.02019,0.04805,0.01282,0.02282,0.01931,0.06333,0.00120,0.02348,0.55578,0.01198,0.08555,0.02551,0.04575,0.01024,0.05400
53.58933,8,0.34612,0.00275,0.04333,0.00891,0.02135,0.10819,0.00752,0.00139,0.00279,0.58188,0.02056,0.09785,0.00663,0.07507,0.00164,0.02013,0.02020,0.04801,0.01281,0.02282,0.01931,0.06333,0.00120,0.02348,0.55584,0.01197,0.08553,0.02551,0.04575,0.01023,0.05400
53.61066,8,0.34491,0.00195,0.03048,0.00630,0.01565,0.08027,0.00532,0.00144,0.00203,0.60420,0.04652,0.10908,0.00511,0.06605,0.00128,0.02434,0.02020,0.04798,0.01281,0.02282,0.01931,0.06334,0.00120,0.02348,0.55588,0.01197,0.08552,0.02551,0.04575,0.01023,0.05400
53.63200,8,0.36720,0.00149,0.02219,0.00463,0.01282,0.06272,0.00481,0.00173,0.00157,0.53057,0.07593,0.13964,0.00533,0.08485,0.00734,0.04438,0.02020,0.04797,0.01281,0.02282,0.01931,0.06334,0.00120,0.02348,0.55590,0.01197,0.08551,0.02551,0.04575,0.01023,0.05400
53.65333,8,0.35621,0.00113,0.01631,0.00397,0.01182,0.04766,0.00620,0.00161,0.00125,0.53753,0.08897,0.12115,0.01317,0.08331,0.01295,0.05298,0.02020,0.04797,0.01281,0.02282,0.01931,0.06334,0.00120,0.02348,0.55590,0.01197,0.08551,0.02551,0.04575,0.01023,0.05400
53.67467,8,0.34618,0.00103,0.01281,0.00441,0.01013,0.03380,0.00719,0.00141,0.00091,0.42253,0.07062,0.15839,0.07697,0.12386,0.03146,0.04448,0.02020,0.04797,0.01281,0.02282,0.01931,0.06334,0.00120,0.02348,0.55590,0.01197,0.08551,0.02551,0.04575,0.01023,0.05400
53.69600,8,0.33258,0.00115,0.01625,0.00838,0.00736,0.02588,0.00604,0.00138,0.00074,0.29555,0.06755,0.13233,0.19851,0.17488,0.02462,0.03937,0.02020,0.04797,0.01281,0.02282,0.01931,0.06334,0.00120,0.02348,0.55590,0.01197,0.08551,0.02551,0.04575,0.01023,0.05400
53.71733,8,0.31905,0.00138,0.08945,0.02748,0.00534,0.02664,0.00566,0.00157,0.00171,0.24208,0.05529,0.11665,0.17373,0.20365,0.02101,0.02836,0.02020,0.04797,0.01281,0.02282,0.01931,0.06334,0.00120,0.02348,0.55590,0.01197,0.08551,0.02551,0.04575,0.01023,0.05400
53.73867,12,0.31367,0.00129,0.09901,0.02473,0.00388,0.02233,0.00563,0.00115,0.00175,0.17166,0.08681,0.10505,0.18948,0.20628,0.05097,0.02997,0.02020,0.04797,0.01281,0.02282,0.01931,0.06334,0.00120,0.02348,0.55590,0.01197,0.08551,0.02551,0.04575,0.01023,0.05400
53.76000,11,0.31068,0.00275,0.08600,0.02707,0.00298,0.02420,0.01072,0.00118,0.00237,0.13363,0.14611,0.09796,0.21364,0.18028,0.04858,0.02253,0.02020,0.04797,0.01281,0.02282,0.01931,0.06334,0.00120,0.02348,0.55590,0.01197,0.08551,0.02551,0.04575,0.01023,0.05400
53.78133,9,0.30908,0.00720,0.07018,0.02163,0.00238,0.01966,0.02185,0.00449,0.01324,0.09612,0.26311,0.10399,0.16818,0.15247,0.03740,0.01811,0.01071,0.02765,0.01328,0.01817,0.02722,0.06670,0.02100,0.02619,0.32779,0.00892,0.05867,0.03557,0.30866,0.00543,0.04403
53.80267,9,0.29140,0.01053,0.12431,0.01610,0.00197,0.03295,0.02916,0.00323,0.00988,0.19502,0.20411,0.08392,0.12179,0.12626,0.02652,0.01426,0.00844,0.02006,0.01546,0.01140,0.03789,0.07849,0.02504,0.02861,0.17206,0.00703,0.03146,0.28437,0.25089,0.00467,0.02411
53.82400,8,0.27698,0.05742,0.08845,0.01246,0.00166,0.16789,0.02332,0.00231,0.00710,0.21910,0.14541,0.06250,0.08936,0.09224,0.01959,0.01118,0.01125,0.01761,0.01233,0.01002,0.03621,0.06168,0.02031,0.01591,0.07538,0.31569,0.03262,0.20288,0.15361,0.01456,0.01995
53.84533,13,0.27493,0.04295,0.06313,0.00879,0.00117,0.15128,0.01668,0.00161,0.00491,0.15997,0.10064,0.09429,0.06183,0.06536,0.21407,0.01335,0.01331,0.01676,0.00987,0.01009,0.03352,0.04850,0.01689,0.00701,0.03064,0.52390,0.03724,0.10774,0.10313,0.02124,0.02016
53.86666,13,0.27828,0.02983,0.04453,0.00613,0.00082,0.10973,0.01205,0.00111,0.00339,0.12296,0.06960,0.11919,0.04350,0.04758,0.37684,0.01272,0.01512,0.02386,0.01027,0.01304,0.02993,0.05044,0.01289,0.00981,0.14688,0.42909,0.04891,0.07778,0.08451,0.01944,0.02802
53.88800,13,0.30062,0.02136,0.03257,0.00450,0.00070,0.07837,0.00899,0.00080,0.00241,0.15230,0.05413,0.13854,0.03549,0.03727,0.40206,0.03049,0.02042,0.03300,0.01090,0.01337,0.02599,0.05198,0.00716,0.01161,0.26203,0.22047,0.07069,0.03892,0.05670,0.14189,0.03488
53.90933,13,0.30496,0.01507,0.02258,0.00322,0.00118,0.05497,0.01372,0.00120,0.00768,0.29162,0.05833,0.13136,0.03497,0.04300,0.29870,0.02240,0.02623,0.03195,0.01039,0.00665,0.02692,0.04645,0.00562,0.00557,0.17330,0.12668,0.08317,0.01537,0.03875,0.37486,0.02809
53.93067,8,0.29695,0.01049,0.01564,0.00226,0.00173,0.03966,0.00970,0.00084,0.00536,0.50445,0.04051,0.09159,0.02535,0.03035,0.20654,0.01555,0.02899,0.03072,0.01007,0.00299,0.02771,0.04334,0.00520,0.00216,0.11683,0.09118,0.08833,0.00547,0.03108,0.49202,0.02391
53.95200,8,0.26376,0.00773,0.01093,0.00439,0.05986,0.05947,0.00735,0.00125,0.00487,0.55921,0.02808,0.06373,0.01767,0.02210,0.14257,0.01078,0.03006,0.03013,0.00993,0.00150,0.02807,0.04206,0.00509,0.00076,0.09277,0.07884,0.09021,0.00183,0.02824,0.53836,0.02215
53.97333,8,0.26924,0.02423,0.00923,0.00613,0.06195,0.15804,0.00763,0.00167,0.00803,0.52369,0.01964,0.04510,0.01243,0.01616,0.09856,0.00751,0.02554,0.03845,0.01127,0.01136,0.02399,0.05192,0.00325,0.01129,0.30778,0.04615,0.08820,0.01258,0.03617,0.29515,0.03693
53.99467,8,0.28222,0.01692,0.00746,0.00619,0.06101,0.10944,0.00683,0.00118,0.00558,0.37026,0.03283,0.25854,0.01621,0.03260,0.06854,0.00641,0.02237,0.04412,0.01219,0.01818,0.02120,0.05872,0.00202,0.01854,0.45554,0.02557,0.08662,0.02025,0.04185,0.12574,0.04710
54.01600,8,0.32663,0.01215,0.00866,0.02474,0.13170,0.08092,0.00650,0.00098,0.00387,0.32869,0.03176,0.22390,0.03922,0.05340,0.04746,0.00607,0.02098,0.04658,0.01259,0.02115,0.01999,0.06167,0.00149,0.02170,0.51975,0.01683,0.08592,0.02361,0.04434,0.05189,0.05151
54.03733,8,0.31952,0.00913,0.00803,0.04656,0.12395,0.05745,0.00965,0.00121,0.00291,0.23760,0.02567,0.21570,0.14468,0.07918,0.03303,0.00527,0.02046,0.04750,0.01273,0.02226,0.01954,0.06278,0.00130,0.02288,0.54369,0.01360,0.08565,0.02487,0.04527,0.02432,0.05316
54.05867,10,0.30847,0.00709,0.00596,0.03293,0.08583,0.04493,0.00921,0.00191,0.00234,0.17230,0.02015,0.26289,0.16870,0.15824,0.02316,0.00437,0.02029,0.04781,0.01278,0.02264,0.01938,0.06316,0.00123,0.02328,0.55194,0.01250,0.08556,0.02530,0.04560,0.01480,0.05373
54.08000,10,0.31436,0.00584,0.00919,0.02365,0.05977,0.03709,0.00801,0.00160,0.00179,0.12423,0.01540,0.21323,0.19845,0.21115,0.06040,0.03021,0.02023,0.04792,0.01280,0.02276,0.01933,0.06328,0.00121,0.02342,0.55465,0.01214,0.08553,0.02545,0.04570,0.01167,0.05392
54.10133,11,0.31558,0.00421,0.02275,0.01791,0.04142,0.02708,0.00575,0.00115,0.00206,0.09386,0.01101,0.18319,0.21283,0.19079,0.08640,0.09957,0.01072,0.03979,0.01708,0.01208,0.02630,0.04582,0.02296,0.02562,0.33749,0.01632,0.32375,0.03576,0.03236,0.02346,0.03049
54.12267,11,0.32157,0.00328,0.02107,0.01553,0.02940,0.04268,0.00422,0.00091,0.01150,0.09114,0.00877,0.16759,0.30616,0.14911,0.07848,0.07015,0.00694,0.03656,0.01878,0.00782,0.02908,0.03887,0.03161,0.02648,0.25092,0.01800,0.41852,0.03985,0.02705,0.02835,0.02116
54.14400,11,0.31201,0.00423,0.01593,0.01296,0.02297,0.03678,0.01000,0.00208,0.12663,0.08225,0.01081,0.19702,0.25708,0.10996,0.06166,0.04963,0.00464,0.02988,0.01978,0.00414,0.03533,0.04580,0.03600,0.02803,0.14589,0.01642,0.39264,0.16302,0.04121,0.02659,0.01064
54.16533,11,0.32037,0.00455,0.02269,0.03984,0.01881,0.03793,0.01137,0.00153,0.09002,0.13751,0.01456,0.16631,0.18133,0.07845,0.12255,0.07254,0.00667,0.02291,0.01879,0.00443,0.04227,0.07024,0.02969,0.02947,0.09569,0.01066,0.18661,0.38444,0.07631,0.01513,0.00669
