time,viseme,voice,teacher_sil,teacher_PP,teacher_FF,teacher_TH,teacher_DD,teacher_kk,teacher_CH,teacher_SS,teacher_nn,teacher_RR,teacher_aa,teacher_E,teacher_I,teacher_O,teacher_U,avr_sil,avr_PP,avr_FF,avr_TH,avr_DD,avr_kk,avr_CH,avr_SS,avr_nn,avr_RR,avr_aa,avr_E,avr_I,avr_O,avr_U
0.00000,0,0.01949,1.00000,0.00000,0.00000,0.00000,0.00000,0.00000,0.00000,0.00000,0.00000,0.00000,0.00000,0.00000,0.00000,0.00000,0.00000,1.00000,0.00000,0.00000,0.00000,0.00000,0.00000,0.00000,0.00000,0.00000,0.00000,0.00000,0.00000,0.00000,0.00000,0.00000
0.02133,0,0.01538,1.00000,0.00000,0.00000,0.00000,0.00000,0.00000,0.00000,0.00000,0.00000,0.00000,0.00000,0.00000,0.00000,0.00000,0.00000,1.00000,0.00000,0.00000,0.00000,0.00000,0.00000,0.00000,0.00000,0.00000,0.00000,0.00000,0.00000,0.00000,0.00000,0.00000
0.04267,0,0.01213,1.00000,0.00000,0.00000,0.00000,0.00000,0.00000,0.00000,0.00000,0.00000,0.00000,0.00000,0.00000,0.00000,0.00000,0.00000,1.00000,0.00000,0.00000,0.00000,0.00000,0.00000,0.00000,0.00000,0.00000,0.00000,0.00000,0.00000,0.00000,0.00000,0.00000
0.06400,0,0.03533,1.00000,0.00000,0.00000,0.00000,0.00000,0.00000,0.00000,0.00000,0.00000,0.00000,0.00000,0.00000,0.00000,0.00000,0.00000,1.00000,0.00000,0.00000,0.00000,0.00000,0.00000,0.00000,0.00000,0.00000,0.00000,0.00000,0.00000,0.00000,0.00000,0.00000
0.08533,0,0.02787,1.00000,0.00000,0.00000,0.00000,0.00000,0.00000,0.00000,0.00000,0.00000,0.00000,0.00000,0.00000,0.00000,0.00000,0.00000,1.00000,0.00000,0.00000,0.00000,0.00000,0.00000,0.00000,0.00000,0.00000,0.00000,0.00000,0.00000,0.00000,0.00000,0.00000
0.10667,0,0.02199,1.00000,0.00000,0.00000,0.00000,0.00000,0.00000,0.00000,0.00000,0.00000,0.00000,0.00000,0.00000,0.00000,0.00000,0.00000,1.00000,0.00000,0.00000,0.00000,0.00000,0.00000,0.00000,0.00000,0.00000,0.00000,0.00000,0.00000,0.00000,0.00000,0.00000
0.12800,0,0.01735,1.00000,0.00000,0.00000,0.00000,0.00000,0.00000,0.00000,0.00000,0.00000,0.00000,0.00000,0.00000,0.00000,0.00000,0.00000,1.00000,0.00000,0.00000,0.00000,0.00000,0.00000,0.00000,0.00000,0.00000,0.00000,0.00000,0.00000,0.00000,0.00000,0.00000
0.14933,0,0.01369,1.00000,0.00000,0.00000,0.00000,0.00000,0.00000,0.00000,0.00000,0.00000,0.00000,0.00000,0.00000,0.00000,0.00000,0.00000,1.00000,0.00000,0.00000,0.00000,0.00000,0.00000,0.00000,0.00000,0.00000,0.00000,0.00000,0.00000,0.00000,0.00000,0.00000
0.17067,0,0.01080,1.00000,0.00000,0.00000,0.00000,0.00000,0.00000,0.00000,0.00000,0.00000,0.00000,0.00000,0.00000,0.00000,0.00000,0.00000,1.00000,0.00000,0.00000,0.00000,0.00000,0.00000,0.00000,0.00000,0.00000,0.00000,0.00000,0.00000,0.00000,0.00000,0.00000
0.19200,0,0.00852,1.00000,0.00000,0.00000,0.00000,0.00000,0.00000,0.00000,0.00000,0.00000,0.00000,0.00000,0.00000,0.00000,0.00000,0.00000,1.00000,0.00000,0.00000,0.00000,0.00000,0.00000,0.00000,0.00000,0.00000,0.00000,0.00000,0.00000,0.00000,0.00000,0.00000
0.21333,0,0.00672,1.00000,0.00000,0.00000,0.00000,0.00000,0.00000,0.00000,0.00000,0.00000,0.00000,0.00000,0.00000,0.00000,0.00000,0.00000,1.00000,0.00000,0.00000,0.00000,0.00000,0.00000,0.00000,0.00000,0.00000,0.00000,0.00000,0.00000,0.00000,0.00000,0.00000
0.23467,0,0.00530,1.00000,0.00000,0.00000,0.00000,0.00000,0.00000,0.00000,0.00000,0.00000,0.00000,0.00000,0.00000,0.00000,0.00000,0.00000,1.00000,0.00000,0.00000,0.00000,0.00000,0.00000,0.00000,0.00000,0.00000,0.00000,0.00000,0.00000,0.00000,0.00000,0.00000
0.25600,0,0.00418,1.00000,0.00000,0.00000,0.00000,0.00000,0.00000,0.00000,0.00000,0.00000,0.00000,0.00000,0.00000,0.00000,0.00000,0.00000,1.00000,0.00000,0.00000,0.00000,0.00000,0.00000,0.00000,0.00000,0.00000,0.00000,0.00000,0.00000,0.00000,0.00000,0.00000
0.27733,0,0.00330,1.00000,0.00000,0.00000,0.00000,0.00000,0.00000,0.00000,0.00000,0.00000,0.00000,0.00000,0.00000,0.00000,0.00000,0.00000,1.00000,0.00000,0.00000,0.00000,0.00000,0.00000,0.00000,0.00000,0.00000,0.00000,0.00000,0.00000,0.00000,0.00000,0.00000
0.29867,0,0.00260,1.00000,0.00000,0.00000,0.00000,0.00000,0.00000,0.00000,0.00000,0.00000,0.00000,0.00000,0.00000,0.00000,0.00000,0.00000,1.00000,0.00000,0.00000,0.00000,0.00000,0.00000,0.00000,0.00000,0.00000,0.00000,0.00000,0.00000,0.00000,0.00000,0.00000
0.32000,0,0.00205,1.00000,0.00000,0.00000,0.00000,0.00000,0.00000,0.00000,0.00000,0.00000,0.00000,0.00000,0.00000,0.00000,0.00000,0.00000,1.00000,0.00000,0.00000,0.00000,0.00000,0.00000,0.00000,0.00000,0.00000,0.00000,0.00000,0.00000,0.00000,0.00000,0.00000
0.34133,0,0.00162,1.00000,0.00000,0.00000,0.00000,0.00000,0.00000,0.00000,0.00000,0.00000,0.00000,0.00000,0.00000,0.00000,0.00000,0.00000,1.00000,0.00000,0.00000,0.00000,0.00000,0.00000,0.00000,0.00000,0.00000,0.00000,0.00000,0.00000,0.00000,0.00000,0.00000
0.36267,0,0.00128,1.00000,0.00000,0.00000,0.00000,0.00000,0.00000,0.00000,0.00000,0.00000,0.00000,0.00000,0.00000,0.00000,0.00000,0.00000,1.00000,0.00000,0.00000,0.00000,0.00000,0.00000,0.00000,0.00000,0.00000,0.00000,0.00000,0.00000,0.00000,0.00000,0.00000
0.38400,0,0.00101,1.00000,0.00000,0.00000,0.00000,0.00000,0.00000,0.00000,0.00000,0.00000,0.00000,0.00000,0.00000,0.00000,0.00000,0.00000,1.00000,0.00000,0.00000,0.00000,0.00000,0.00000,0.00000,0.00000,0.00000,0.00000,0.00000,0.00000,0.00000,0.00000,0.00000
0.40533,0,0.00080,1.00000,0.00000,0.00000,0.00000,0.00000,0.00000,0.00000,0.00000,0.00000,0.00000,0.00000,0.00000,0.00000,0.00000,0.00000,1.00000,0.00000,0.00000,0.00000,0.00000,0.00000,0.00000,0.00000,0.00000,0.00000,0.00000,0.00000,0.00000,0.00000,0.00000
0.42667,0,0.00063,1.00000,0.00000,0.00000,0.00000,0.00000,0.00000,0.00000,0.00000,0.00000,0.00000,0.00000,0.00000,0.00000,0.00000,0.00000,1.00000,0.00000,0.00000,0.00000,0.00000,0.00000,0.00000,0.00000,0.00000,0.00000,0.00000,0.00000,0.00000,0.00000,0.00000
0.44800,0,0.00050,1.00000,0.00000,0.00000,0.00000,0.00000,0.00000,0.00000,0.00000,0.00000,0.00000,0.00000,0.00000,0.00000,0.00000,0.00000,1.00000,0.00000,0.00000,0.00000,0.00000,0.00000,0.00000,0.00000,0.00000,0.00000,0.00000,0.00000,0.00000,0.00000,0.00000
0.46933,0,0.00039,1.00000,0.00000,0.00000,0.00000,0.00000,0.00000,0.00000,0.00000,0.00000,0.00000,0.00000,0.00000,0.00000,0.00000,0.00000,1.00000,0.00000,0.00000,0.00000,0.00000,0.00000,0.00000,0.00000,0.00000,0.00000,0.00000,0.00000,0.00000,0.00000,0.00000
0.49067,0,0.00031,1.00000,0.00000,0.00000,0.00000,0.00000,0.00000,0.00000,0.00000,0.00000,0.00000,0.00000,0.00000,0.00000,0.00000,0.00000,1.00000,0.00000,0.00000,0.00000,0.00000,0.00000,0.00000,0.00000,0.00000,0.00000,0.00000,0.00000,0.00000,0.00000,0.00000
0.51200,0,0.00024,1.00000,0.00000,0.00000,0.00000,0.00000,0.00000,0.00000,0.00000,0.00000,0.00000,0.00000,0.00000,0.00000,0.00000,0.00000,1.00000,0.00000,0.00000,0.00000,0.00000,0.00000,0.00000,0.00000,0.00000,0.00000,0.00000,0.00000,0.00000,0.00000,0.00000
0.53333,0,0.00457,1.00000,0.00000,0.00000,0.00000,0.00000,0.00000,0.00000,0.00000,0.00000,0.00000,0.00000,0.00000,0.00000,0.00000,0.00000,1.00000,0.00000,0.00000,0.00000,0.00000,0.00000,0.00000,0.00000,0.00000,0.00000,0.00000,0.00000,0.00000,0.00000,0.00000
0.55467,0,0.01503,1.00000,0.00000,0.00000,0.00000,0.00000,0.00000,0.00000,0.00000,0.00000,0.00000,0.00000,0.00000,0.00000,0.00000,0.00000,1.00000,0.00000,0.00000,0.00000,0.00000,0.00000,0.00000,0.00000,0.00000,0.00000,0.00000,0.00000,0.00000,0.00000,0.00000
0.57600,0,0.01500,1.00000,0.00000,0.00000,0.00000,0.00000,0.00000,0.00000,0.00000,0.00000,0.00000,0.00000,0.00000,0.00000,0.00000,0.00000,1.00000,0.00000,0.00000,0.00000,0.00000,0.00000,0.00000,0.00000,0.00000,0.00000,0.00000,0.00000,0.00000,0.00000,0.00000
0.59733,0,0.02177,1.00000,0.00000,0.00000,0.00000,0.00000,0.00000,0.00000,0.00000,0.00000,0.00000,0.00000,0.00000,0.00000,0.00000,0.00000,1.00000,0.00000,0.00000,0.00000,0.00000,0.00000,0.00000,0.00000,0.00000,0.00000,0.00000,0.00000,0.00000,0.00000,0.00000
0.61867,0,0.05876,1.00000,0.00000,0.00000,0.00000,0.00000,0.00000,0.00000,0.00000,0.00000,0.00000,0.00000,0.00000,0.00000,0.00000,0.00000,1.00000,0.00000,0.00000,0.00000,0.00000,0.00000,0.00000,0.00000,0.00000,0.00000,0.00000,0.00000,0.00000,0.00000,0.00000
0.64000,0,0.06413,1.00000,0.00000,0.00000,0.00000,0.00000,0.00000,0.00000,0.00000,0.00000,0.00000,0.00000,0.00000,0.00000,0.00000,0.00000,1.00000,0.00000,0.00000,0.00000,0.00000,0.00000,0.00000,0.00000,0.00000,0.00000,0.00000,0.00000,0.00000,0.00000,0.00000
0.66133,0,0.06633,1.00000,0.00000,0.00000,0.00000,0.00000,0.00000,0.00000,0.00000,0.00000,0.00000,0.00000,0.00000,0.00000,0.00000,0.00000,1.00000,0.00000,0.00000,0.00000,0.00000,0.00000,0.00000,0.00000,0.00000,0.00000,0.00000,0.00000,0.00000,0.00000,0.00000
0.68267,0,0.11639,0.43076,0.02634,0.03574,0.05444,0.03049,0.03666,0.06498,0.01779,0.01200,0.00635,0.01342,0.02928,0.20934,0.00610,0.02632,1.00000,0.00000,0.00000,0.00000,0.00000,0.00000,0.00000,0.00000,0.00000,0.00000,0.00000,0.00000,0.00000,0.00000,0.00000
0.70400,0,0.15702,0.29965,0.02391,0.09724,0.08039,0.02728,0.10879,0.05976,0.07188,0.00877,0.00459,0.01133,0.02491,0.15718,0.00484,0.01949,1.00000,0.00000,0.00000,0.00000,0.00000,0.00000,0.00000,0.00000,0.00000,0.00000,0.00000,0.00000,0.00000,0.00000,0.00000
0.72533,2,0.15104,0.20961,0.02156,0.22264,0.11946,0.05042,0.08650,0.04980,0.06085,0.00737,0.00792,0.01276,0.02008,0.11087,0.00536,0.01480,1.00000,0.00000,0.00000,0.00000,0.00000,0.00000,0.00000,0.00000,0.00000,0.00000,0.00000,0.00000,0.00000,0.00000,0.00000
0.74667,2,0.13969,0.16509,0.02416,0.22848,0.09320,0.06795,0.10777,0.07532,0.05292,0.01177,0.03441,0.01572,0.01846,0.08341,0.00562,0.01571,0.52018,0.00000,0.22471,0.00000,0.06473,0.00000,0.00000,0.00000,0.00000,0.05234,0.07423,0.00000,0.06381,0.00000,0.00000
0.76800,0,0.12764,0.28209,0.02264,0.18303,0.07585,0.06070,0.10119,0.06569,0.04593,0.01620,0.02728,0.01315,0.01639,0.06112,0.00557,0.02318,0.14075,0.00000,0.43019,0.00000,0.10113,0.00000,0.00000,0.00000,0.00000,0.09541,0.11995,0.00000,0.11258,0.00000,0.00000
0.78933,0,0.11633,0.46606,0.01737,0.13313,0.05579,0.04492,0.07570,0.04757,0.03421,0.01265,0.01945,0.01046,0.01411,0.04335,0.00471,0.02052,0.07321,0.00000,0.47562,0.00000,0.10169,0.00000,0.00000,0.00000,0.00000,0.10439,0.12342,0.00000,0.12168,0.00000,0.00000
0.81067,0,0.10600,1.00000,0.00000,0.00000,0.00000,0.00000,0.00000,0.00000,0.00000,0.00000,0.00000,0.00000,0.00000,0.00000,0.00000,0.00000,0.39021,0.00000,0.31294,0.00000,0.06691,0.00000,0.00000,0.00000,0.00000,0.06868,0.08121,0.00000,0.08006,0.00000,0.00000
0.83200,0,0.09811,1.00000,0.00000,0.00000,0.00000,0.00000,0.00000,0.00000,0.00000,0.00000,0.00000,0.00000,0.00000,0.00000,0.00000,0.00000,0.59859,0.00000,0.20600,0.00000,0.04404,0.00000,0.00000,0.00000,0.00000,0.04521,0.05346,0.00000,0.05270,0.00000,0.00000
0.85333,0,0.09519,1.00000,0.00000,0.00000,0.00000,0.00000,0.00000,0.00000,0.00000,0.00000,0.00000,0.00000,0.00000,0.00000,0.00000,0.00000,0.82267,0.00000,0.09100,0.00000,0.01946,0.00000,0.00000,0.00000,0.00000,0.01997,0.02362,0.00000,0.02328,0.00000,0.00000
0.87467,0,0.09339,1.00000,0.00000,0.00000,0.00000,0.00000,0.00000,0.00000,0.00000,0.00000,0.00000,0.00000,0.00000,0.00000,0.00000,0.00000,0.94765,0.00000,0.02687,0.00000,0.00574,0.00000,0.00000,0.00000,0.00000,0.00590,0.00697,0.00000,0.00687,0.00000,0.00000
0.89600,0,0.09511,1.00000,0.00000,0.00000,0.00000,0.00000,0.00000,0.00000,0.00000,0.00000,0.00000,0.00000,0.00000,0.00000,0.00000,0.00000,0.98583,0.00000,0.00727,0.00000,0.00155,0.00000,0.00000,0.00000,0.00000,0.00160,0.00189,0.00000,0.00186,0.00000,0.00000
0.91733,0,0.10127,1.00000,0.00000,0.00000,0.00000,0.00000,0.00000,0.00000,0.00000,0.00000,0.00000,0.00000,0.00000,0.00000,0.00000,0.00000,0.99617,0.00000,0.00197,0.00000,0.00042,0.00000,0.00000,0.00000,0.00000,0.00043,0.00051,0.00000,0.00050,0.00000,0.00000
0.93867,0,0.10052,1.00000,0.00000,0.00000,0.00000,0.00000,0.00000,0.00000,0.00000,0.00000,0.00000,0.00000,0.00000,0.00000,0.00000,0.00000,0.99896,0.00000,0.00053,0.00000,0.00011,0.00000,0.00000,0.00000,0.00000,0.00012,0.00014,0.00000,0.00014,0.00000,0.00000
0.96000,0,0.09752,1.00000,0.00000,0.00000,0.00000,0.00000,0.00000,0.00000,0.00000,0.00000,0.00000,0.00000,0.00000,0.00000,0.00000,0.00000,0.99972,0.00000,0.00014,0.00000,0.00003,0.00000,0.00000,0.00000,0.00000,0.00003,0.00004,0.00000,0.00004,0.00000,0.00000
0.98133,0,0.09441,1.00000,0.00000,0.00000,0.00000,0.00000,0.00000,0.00000,0.00000,0.00000,0.00000,0.00000,0.00000,0.00000,0.00000,0.00000,0.99992,0.00000,0.00004,0.00000,0.00001,0.00000,0.00000,0.00000,0.00000,0.00001,0.00001,0.00000,0.00001,0.00000,0.00000
1.00267,0,0.09173,1.00000,0.00000,0.00000,0.00000,0.00000,0.00000,0.00000,0.00000,0.00000,0.00000,0.00000,0.00000,0.00000,0.00000,0.00000,0.99998,0.00000,0.00001,0.00000,0.00000,0.00000,0.00000,0.00000,0.00000,0.00000,0.00000,0.00000,0.00000,0.00000,0.00000
1.02400,0,0.08642,1.00000,0.00000,0.00000,0.00000,0.00000,0.00000,0.00000,0.00000,0.00000,0.00000,0.00000,0.00000,0.00000,0.00000,0.00000,0.99999,0.00000,0.00000,0.00000,0.00000,0.00000,0.00000,0.00000,0.00000,0.00000,0.00000,0.00000,0.00000,0.00000,0.00000
1.04533,0,0.08025,1.00000,0.00000,0.00000,0.00000,0.00000,0.00000,0.00000,0.00000,0.00000,0.00000,0.00000,0.00000,0.00000,0.00000,0.00000,1.00000,0.00000,0.00000,0.00000,0.00000,0.00000,0.00000,0.00000,0.00000,0.00000,0.00000,0.00000,0.00000,0.00000,0.00000
1.06667,0,0.07308,1.00000,0.00000,0.00000,0.00000,0.00000,0.00000,0.00000,0.00000,0.00000,0.00000,0.00000,0.00000,0.00000,0.00000,0.00000,1.00000,0.00000,0.00000,0.00000,0.00000,0.00000,0.00000,0.00000,0.00000,0.00000,0.00000,0.00000,0.00000,0.00000,0.00000
1.08800,0,0.06968,1.00000,0.00000,0.00000,0.00000,0.00000,0.00000,0.00000,0.00000,0.00000,0.00000,0.00000,0.00000,0.00000,0.00000,0.00000,1.00000,0.00000,0.00000,0.00000,0.00000,0.00000,0.00000,0.00000,0.00000,0.00000,0.00000,0.00000,0.00000,0.00000,0.00000
1.10933,0,0.06879,0.46933,0.03721,0.01484,0.06423,0.00993,0.05675,0.02149,0.02433,0.01333,0.00553,0.01611,0.15570,0.05816,0.00580,0.04727,1.00000,0.00000,0.00000,0.00000,0.00000,0.00000,0.00000,0.00000,0.00000,0.00000,0.00000,0.00000,0.00000,0.00000,0.00000
1.13067,0,0.06026,0.39094,0.03900,0.01674,0.06464,0.01034,0.06601,0.02330,0.02225,0.01271,0.00675,0.01607,0.21026,0.06944,0.00506,0.04648,1.00000,0.00000,0.00000,0.00000,0.00000,0.00000,0.00000,0.00000,0.00000,0.00000,0.00000,0.00000,0.00000,0.00000,0.00000
1.15200,0,0.05117,0.38308,0.03916,0.01691,0.07052,0.01084,0.06970,0.02265,0.02284,0.01274,0.00635,0.01409,0.20972,0.07551,0.00436,0.04154,1.00000,0.00000,0.00000,0.00000,0.00000,0.00000,0.00000,0.00000,0.00000,0.00000,0.00000,0.00000,0.00000,0.00000,0.00000
1.17333,0,0.04584,0.37314,0.03998,0.01600,0.07016,0.01151,0.06940,0.02268,0.02301,0.01429,0.00585,0.01295,0.20855,0.09204,0.00377,0.03667,1.00000,0.00000,0.00000,0.00000,0.00000,0.00000,0.00000,0.00000,0.00000,0.00000,0.00000,0.00000,0.00000,0.00000,0.00000
1.19467,0,0.06134,0.26966,0.02989,0.06329,0.09349,0.01546,0.06396,0.02032,0.14803,0.01141,0.00431,0.01100,0.16777,0.07216,0.00274,0.02651,1.00000,0.00000,0.00000,0.00000,0.00000,0.00000,0.00000,0.00000,0.00000,0.00000,0.00000,0.00000,0.00000,0.00000,0.00000
1.21600,3,0.24706,0.18727,0.02374,0.07686,0.29659,0.01120,0.04592,0.01411,0.10866,0.00872,0.00387,0.02577,0.12065,0.05534,0.00193,0.01938,1.00000,0.00000,0.00000,0.00000,0.00000,0.00000,0.00000,0.00000,0.00000,0.00000,0.00000,0.00000,0.00000,0.00000,0.00000
1.23733,3,0.55839,0.12923,0.01670,0.05490,0.38324,0.00790,0.03367,0.00976,0.07510,0.00637,0.00510,0.08788,0.08624,0.08668,0.00148,0.01575,0.58833,0.00000,0.00000,0.19927,0.07718,0.00000,0.00000,0.00000,0.07643,0.00000,0.05880,0.00000,0.00000,0.00000,0.00000
1.25867,10,0.55548,0.08917,0.01153,0.03814,0.26576,0.00549,0.02324,0.00673,0.05182,0.00442,0.01298,0.33318,0.06015,0.08492,0.00119,0.01128,0.25155,0.00000,0.00000,0.36624,0.13220,0.00000,0.00000,0.00000,0.12603,0.00000,0.12399,0.00000,0.00000,0.00000,0.00000
1.28000,10,0.51846,0.06154,0.00797,0.08565,0.18342,0.00379,0.01605,0.00465,0.03576,0.00306,0.00951,0.47417,0.04153,0.06423,0.00083,0.00783,0.09776,0.00000,0.00000,0.20740,0.13952,0.00000,0.00000,0.00000,0.13468,0.00000,0.29443,0.06156,0.00000,0.06465,0.00000
1.30133,2,0.50535,0.04251,0.00551,0.34766,0.12663,0.00262,0.01121,0.00321,0.02468,0.00212,0.00698,0.34752,0.02867,0.04470,0.00057,0.00541,0.02645,0.00000,0.00000,0.05612,0.12743,0.00000,0.00000,0.00000,0.13840,0.00000,0.43423,0.10275,0.00000,0.11462,0.00000
1.32267,2,0.59016,0.02941,0.00385,0.48030,0.08744,0.00181,0.00852,0.00222,0.01703,0.00149,0.06045,0.25080,0.02065,0.03102,0.00078,0.00423,0.01376,0.00000,0.00000,0.02919,0.12254,0.00000,0.00000,0.00000,0.14035,0.00000,0.46406,0.10726,0.00000,0.12284,0.00000
1.34400,2,0.63239,0.02029,0.00270,0.34237,0.06034,0.00125,0.00602,0.00153,0.01175,0.00108,0.29346,0.18141,0.03313,0.03647,0.00354,0.00465,0.00372,0.00000,0.35400,0.00790,0.12525,0.00000,0.00000,0.00000,0.03798,0.08013,0.23274,0.02902,0.09602,0.03324,0.00000
1.36533,9,0.61826,0.01404,0.01687,0.24335,0.04207,0.00093,0.00875,0.00110,0.00818,0.00775,0.35154,0.17703,0.04348,0.07315,0.00775,0.00400,0.00101,0.00000,0.47562,0.00214,0.11066,0.00000,0.00000,0.00000,0.01028,0.10439,0.15740,0.00785,0.12168,0.00899,0.00000
1.38667,9,0.59631,0.00971,0.02947,0.16945,0.05960,0.00094,0.01476,0.00085,0.01309,0.06323,0.38589,0.13943,0.03204,0.07172,0.00655,0.00329,0.00027,0.00000,0.26125,0.00058,0.12601,0.00000,0.00000,0.00000,0.06242,0.26825,0.15367,0.00212,0.12300,0.00243,0.00000
1.40800,9,0.57043,0.00674,0.04342,0.12108,0.14867,0.00095,0.01570,0.00067,0.00973,0.20879,0.26815,0.09658,0.02222,0.05019,0.00464,0.00247,0.00007,0.00000,0.07069,0.00016,0.14648,0.00000,0.00000,0.00000,0.10230,0.40457,0.15332,0.00057,0.12117,0.00066,0.00000
1.42933,8,0.53768,0.00492,0.03628,0.08618,0.13175,0.00511,0.07990,0.00115,0.01017,0.33613,0.18535,0.06712,0.01537,0.03503,0.00351,0.00202,0.00002,0.00000,0.01913,0.00004,0.15599,0.00000,0.00000,0.00000,0.10928,0.44758,0.14405,0.00016,0.12357,0.00018,0.00000
1.45067,8,0.50996,0.00574,0.02915,0.06084,0.09869,0.06784,0.13764,0.03926,0.01236,0.32621,0.12929,0.04701,0.01068,0.02960,0.00248,0.00323,0.00001,0.00000,0.00518,0.00001,0.13755,0.00000,0.00000,0.00000,0.27203,0.23691,0.15788,0.05940,0.13099,0.00005,0.00000
1.47200,5,0.53074,0.00397,0.02015,0.04201,0.06847,0.04821,0.37132,0.02821,0.00857,0.22568,0.08966,0.03437,0.00757,0.04720,0.00172,0.00290,0.00000,0.00000,0.00140,0.00000,0.11791,0.00000,0.00000,0.00000,0.44625,0.06410,0.15135,0.09386,0.12511,0.00001,0.00000
1.49333,5,0.56225,0.00274,0.01394,0.02903,0.04728,0.03353,0.40933,0.03641,0.00592,0.15612,0.06201,0.02924,0.06438,0.10587,0.00124,0.00296,0.00000,0.00000,0.00038,0.00000,0.12573,0.22296,0.00000,0.00000,0.30896,0.01735,0.13792,0.04988,0.13683,0.00000,0.00000
1.51467,5,0.55885,0.00190,0.00971,0.02010,0.03263,0.02387,0.28266,0.02519,0.00409,0.12962,0.04293,0.15790,0.07838,0.18781,0.00089,0.00232,0.00000,0.00000,0.00010,0.00000,0.12097,0.45407,0.00000,0.00000,0.15081,0.00469,0.12568,0.01350,0.13018,0.00000,0.00000
1.53600,8,0.54273,0.00133,0.00758,0.01642,0.02269,0.01770,0.19516,0.01743,0.03871,0.25238,0.02985,0.12621,0.06314,0.20897,0.00064,0.00179,0.00000,0.00000,0.00003,0.00000,0.11114,0.54903,0.00000,0.00000,0.09948,0.00127,0.12013,0.00365,0.11527,0.00000,0.00000
1.55733,7,0.48706,0.00093,0.00533,0.01147,0.01572,0.01483,0.13485,0.01207,0.26246,0.24119,0.02061,0.08901,0.04386,0.14593,0.00044,0.00128,0.00000,0.00000,0.00001,0.00000,0.11072,0.29606,0.00000,0.00000,0.26149,0.00034,0.14802,0.06034,0.12302,0.00000,0.00000
1.57867,7,0.44416,0.00066,0.00372,0.00800,0.01089,0.01498,0.09313,0.00851,0.48461,0.16733,0.01425,0.06157,0.03030,0.10084,0.00031,0.00091,0.00000,0.00000,0.00000,0.00000,0.11057,0.08011,0.00000,0.22762,0.25220,0.00009,0.14754,0.04433,0.13753,0.00000,0.00000
1.60000,7,0.42460,0.00050,0.00258,0.00554,0.00757,0.01782,0.06477,0.00597,0.63591,0.11556,0.00985,0.04253,0.02092,0.06960,0.00023,0.00066,0.00000,0.00000,0.00000,0.00000,0.10830,0.04167,0.00000,0.37501,0.17996,0.00005,0.13661,0.02306,0.13535,0.00000,0.00000
1.62133,7,0.39065,0.00061,0.00244,0.00435,0.00707,0.01832,0.13613,0.00428,0.63306,0.08206,0.00687,0.03424,0.01636,0.05157,0.00183,0.00081,0.00000,0.00000,0.00000,0.00000,0.10466,0.01128,0.00000,0.53817,0.10485,0.00001,0.11516,0.00624,0.11964,0.00000,0.00000
1.64267,7,0.35176,0.00200,0.00233,0.04571,0.00724,0.01692,0.19802,0.00300,0.56590,0.05820,0.00495,0.03790,0.01246,0.04204,0.00172,0.00160,0.00000,0.00000,0.00000,0.00000,0.10576,0.00305,0.00000,0.60524,0.07246,0.00000,0.10332,0.00169,0.10847,0.00000,0.00000
1.66400,7,0.45905,0.00150,0.00240,0.03197,0.00607,0.01192,0.14228,0.00211,0.40512,0.04318,0.00545,0.18147,0.03446,0.05303,0.07768,0.00137,0.00000,0.00000,0.00000,0.00000,0.11147,0.00083,0.00000,0.61763,0.06038,0.00000,0.10204,0.00046,0.10720,0.00000,0.00000
1.68533,7,0.51599,0.00105,0.00219,0.02210,0.00442,0.00826,0.09923,0.00146,0.28020,0.03227,0.00497,0.18296,0.04456,0.07555,0.23900,0.00176,0.00000,0.00000,0.00000,0.00000,0.12001,0.00022,0.00000,0.59661,0.06011,0.00000,0.10850,0.00012,0.11442,0.00000,0.00000
1.70667,13,0.53788,0.00073,0.00217,0.01529,0.00312,0.00578,0.06849,0.00101,0.19336,0.03942,0.00397,0.14056,0.03598,0.05662,0.43183,0.00167,0.00000,0.00000,0.00000,0.00000,0.12917,0.00006,0.00000,0.55803,0.06693,0.00000,0.11893,0.00003,0.12685,0.00000,0.00000
1.72800,13,0.53271,0.00051,0.22989,0.01918,0.00229,0.00407,0.04888,0.00071,0.13348,0.06712,0.00307,0.10441,0.02496,0.03921,0.32014,0.00209,0.00000,0.00000,0.00000,0.00000,0.12342,0.00002,0.00000,0.27916,0.09838,0.00000,0.16443,0.00001,0.06962,0.21093,0.05403
1.74933,1,0.54629,0.00038,0.27232,0.03257,0.00365,0.00530,0.03838,0.00050,0.09217,0.19733,0.00248,0.07386,0.01726,0.02746,0.22767,0.00867,0.00000,0.00000,0.00000,0.00000,0.10570,0.00000,0.00000,0.07553,0.11792,0.00000,0.18190,0.00000,0.01884,0.40958,0.09052
1.77067,8,0.58583,0.00033,0.20812,0.02583,0.01865,0.00509,0.03099,0.00036,0.06361,0.32344,0.00187,0.10353,0.02032,0.03069,0.15865,0.00852,0.00000,0.22292,0.00000,0.00000,0.11542,0.00000,0.00000,0.02044,0.12605,0.00000,0.16634,0.00000,0.06281,0.23683,0.04918
1.79200,8,0.59602,0.00027,0.14478,0.01806,0.01502,0.00414,0.02429,0.00027,0.04389,0.23369,0.00494,0.20413,0.07106,0.11751,0.11121,0.00673,0.00000,0.18953,0.00000,0.00000,0.11428,0.00000,0.00000,0.00553,0.27777,0.00000,0.16523,0.05936,0.11090,0.06408,0.01331
1.81333,10,0.57690,0.00033,0.10056,0.01274,0.01087,0.00652,0.01874,0.00058,0.03056,0.17034,0.00659,0.23373,0.10976,0.21580,0.07726,0.00563,0.00000,0.05128,0.00000,0.00000,0.11162,0.00000,0.00000,0.00150,0.44780,0.00000,0.15334,0.09385,0.11967,0.01734,0.00360
1.83467,10,0.53046,0.00037,0.06940,0.01177,0.01681,0.03184,0.01337,0.00220,0.18316,0.12002,0.00490,0.23158,0.07938,0.17785,0.05343,0.00393,0.00000,0.01388,0.00000,0.00000,0.12519,0.00000,0.00000,0.00040,0.32293,0.00000,0.29442,0.11144,0.06144,0.06934,0.00097
1.85600,7,0.48197,0.00031,0.04789,0.00854,0.01228,0.02851,0.00976,0.00204,0.42431,0.08343,0.00339,0.16136,0.05491,0.12368,0.03687,0.00272,0.00000,0.00722,0.00000,0.00000,0.12641,0.00000,0.00000,0.00021,0.23474,0.00000,0.38238,0.11629,0.03196,0.10029,0.00051
1.87733,7,0.44845,0.00027,0.03308,0.00697,0.00869,0.02497,0.01423,0.02873,0.50717,0.05770,0.00238,0.11143,0.03791,0.13908,0.02544,0.00193,0.00000,0.00195,0.00000,0.00000,0.12053,0.00000,0.00000,0.00006,0.16685,0.00000,0.46406,0.11428,0.00865,0.12350,0.00014
1.89867,7,0.49828,0.00023,0.02289,0.00592,0.01225,0.02542,0.07743,0.02987,0.47351,0.04030,0.00189,0.08864,0.03432,0.16738,0.01765,0.00231,0.00000,0.00053,0.00000,0.00000,0.11093,0.00000,0.00000,0.37503,0.12453,0.00000,0.22077,0.03092,0.10383,0.03342,0.00004
1.92000,7,0.54957,0.00019,0.01589,0.00448,0.01064,0.01839,0.06602,0.02659,0.32898,0.02826,0.00364,0.08660,0.08612,0.29307,0.01230,0.01882,0.00000,0.00014,0.00000,0.00000,0.10537,0.00000,0.00000,0.53818,0.08985,0.00000,0.13793,0.00837,0.11111,0.00904,0.00001
1.94133,12,0.53945,0.00015,0.01198,0.00321,0.00738,0.01351,0.04582,0.01852,0.22709,0.08947,0.00301,0.08319,0.07936,0.38958,0.00854,0.01919,0.00000,0.00004,0.00000,0.00000,0.10595,0.00000,0.00000,0.60524,0.06841,0.00000,0.10949,0.00226,0.10616,0.00245,0.00000
1.96267,8,0.52684,0.00011,0.01243,0.00224,0.00509,0.00944,0.04974,0.01279,0.15670,0.33189,0.00211,0.05901,0.05553,0.28215,0.00590,0.01489,0.00000,0.00001,0.00000,0.00000,0.12990,0.00000,0.00000,0.32080,0.09767,0.00000,0.11659,0.05730,0.27707,0.00066,0.00000
1.98400,8,0.51534,0.00015,0.01667,0.00185,0.00521,0.00750,0.08436,0.00903,0.10823,0.47410,0.00196,0.04076,0.03833,0.19558,0.00408,0.01219,0.00000,0.00000,0.00000,0.00000,0.12384,0.00000,0.00000,0.08680,0.27296,0.00000,0.14515,0.10428,0.26679,0.00018,0.00000
2.00533,8,0.50103,0.00030,0.02707,0.00376,0.01136,0.00926,0.11386,0.00698,0.07480,0.53903,0.00617,0.02825,0.02650,0.13942,0.00284,0.01038,0.00000,0.00000,0.00000,0.00000,0.11420,0.00000,0.00000,0.02349,0.44650,0.00000,0.14791,0.10600,0.16185,0.00005,0.00000
2.02667,8,0.49385,0.00040,0.04588,0.00419,0.04152,0.00672,0.19997,0.00490,0.05170,0.47782,0.01162,0.02011,0.01853,0.10126,0.00201,0.01335,0.00000,0.00000,0.00000,0.00000,0.11436,0.00000,0.00000,0.00636,0.51814,0.00000,0.13468,0.09869,0.12776,0.00001,0.00000
2.04800,8,0.50272,0.00100,0.03401,0.00399,0.10894,0.00489,0.17135,0.00339,0.03576,0.46747,0.00816,0.06675,0.01302,0.06995,0.00182,0.00950,0.00000,0.00000,0.00000,0.00000,0.12144,0.00000,0.00000,0.00172,0.53499,0.00000,0.12738,0.09562,0.11884,0.00000,0.00000
2.06933,8,0.50077,0.00082,0.02359,0.00278,0.07551,0.00339,0.13546,0.00234,0.02473,0.32715,0.00569,0.31789,0.00942,0.04887,0.01567,0.00669,0.00000,0.00000,0.00000,0.00000,0.13264,0.00000,0.00000,0.00047,0.51818,0.00000,0.12904,0.09868,0.12100,0.00000,0.00000
2.09067,5,0.48635,0.00060,0.01656,0.00224,0.05214,0.00241,0.37790,0.00162,0.01709,0.22751,0.00394,0.24169,0.00653,0.03397,0.01118,0.00465,0.00000,0.00000,0.00000,0.00000,0.14515,0.00000,0.00000,0.00013,0.48177,0.00000,0.13752,0.10670,0.12873,0.00000,0.00000
2.11200,5,0.45168,0.00050,0.01147,0.00326,0.03634,0.00170,0.56750,0.00112,0.01182,0.15720,0.00272,0.16745,0.00451,0.02345,0.00776,0.00321,0.00000,0.00000,0.00000,0.00000,0.14438,0.22296,0.00000,0.00003,0.29288,0.00000,0.13807,0.05823,0.14345,0.00000,0.00000
2.13333,5,0.39069,0.00257,0.00806,0.03718,0.08073,0.00458,0.42762,0.00206,0.16520,0.11868,0.00194,0.12396,0.00316,0.01636,0.00566,0.00224,0.00000,0.00000,0.00000,0.00000,0.13513,0.36343,0.00000,0.00002,0.19957,0.00000,0.13146,0.03029,0.14010,0.00000,0.00000
2.15467,7,0.34000,0.00192,0.00557,0.02691,0.05637,0.00361,0.29517,0.00153,0.42111,0.08190,0.00134,0.08564,0.00218,0.01129,0.00391,0.00155,0.00000,0.00000,0.00000,0.00000,0.11830,0.51263,0.00000,0.00000,0.11583,0.00000,0.12184,0.00820,0.12320,0.00000,0.00000
2.17600,7,0.30681,0.00140,0.00386,0.01871,0.03904,0.00371,0.20376,0.00110,0.59876,0.05653,0.00093,0.05914,0.00151,0.00780,0.00270,0.00107,0.00000,0.00000,0.00000,0.00000,0.11147,0.28559,0.00000,0.22762,0.10999,0.00000,0.13044,0.00222,0.13267,0.00000,0.00000
2.19733,7,0.28806,0.00107,0.00268,0.01301,0.02699,0.00683,0.14083,0.00079,0.71804,0.03909,0.00064,0.04096,0.00105,0.00541,0.00187,0.00074,0.00000,0.00000,0.00000,0.00000,0.10626,0.07728,0.00000,0.47292,0.09599,0.00000,0.12043,0.00060,0.12653,0.00000,0.00000
2.21867,7,0.28320,0.00087,0.00186,0.00927,0.01885,0.01201,0.09762,0.00064,0.79575,0.02752,0.00046,0.02860,0.00078,0.00395,0.00131,0.00052,0.00000,0.00000,0.00000,0.00000,0.10463,0.02091,0.00000,0.58034,0.07485,0.00000,0.10658,0.00016,0.11253,0.00000,0.00000
2.24000,7,0.26310,0.00080,0.00134,0.00718,0.01319,0.01345,0.07498,0.00077,0.82558,0.01984,0.00049,0.02996,0.00256,0.00733,0.00211,0.00042,0.00000,0.00000,0.00000,0.00000,0.10815,0.00566,0.00000,0.61673,0.06175,0.00000,0.10116,0.00004,0.10652,0.00000,0.00000
2.26133,7,0.37023,0.00061,0.00094,0.00509,0.00923,0.00998,0.05638,0.00113,0.64956,0.01377,0.00310,0.18630,0.01734,0.00837,0.03778,0.00041,0.00000,0.00000,0.00000,0.00000,0.11552,0.00153,0.00000,0.61024,0.05834,0.00000,0.10444,0.00001,0.10991,0.00000,0.00000
2.28267,7,0.41867,0.00045,0.00066,0.00357,0.00639,0.00694,0.03935,0.00080,0.44863,0.00959,0.00267,0.40474,0.04060,0.00757,0.02774,0.00031,0.00000,0.00000,0.00000,0.00000,0.12466,0.00041,0.00000,0.57860,0.06267,0.00000,0.11345,0.00000,0.12021,0.00000,0.00000
2.30400,10,0.39675,0.00032,0.00058,0.00253,0.00442,0.00808,0.02740,0.00115,0.30962,0.01003,0.00186,0.57934,0.02993,0.00528,0.01923,0.00023,0.00000,0.00000,0.00000,0.00000,0.13326,0.00011,0.00000,0.53666,0.07177,0.00000,0.12436,0.00000,0.13385,0.00000,0.00000
2.32533,10,0.34295,0.00022,0.00041,0.00176,0.00305,0.00935,0.01904,0.05851,0.21364,0.00706,0.00129,0.64783,0.02072,0.00366,0.01330,0.00016,0.00000,0.00000,0.00000,0.00000,0.13805,0.00003,0.00000,0.26854,0.10723,0.00000,0.28674,0.06156,0.07320,0.06465,0.00000
2.34667,10,0.30221,0.00015,0.00028,0.00122,0.00211,0.00680,0.01316,0.34879,0.14741,0.00487,0.00089,0.44820,0.01430,0.00253,0.00918,0.00011,0.00000,0.00000,0.00000,0.00000,0.12703,0.00001,0.00000,0.07266,0.13097,0.00000,0.43215,0.10275,0.01981,0.11462,0.00000
2.36800,6,0.27765,0.00011,0.00020,0.00084,0.00146,0.00520,0.00909,0.55013,0.10172,0.00336,0.00062,0.30926,0.00987,0.00174,0.00633,0.00008,0.00000,0.00000,0.00000,0.00000,0.12008,0.00000,0.00000,0.01966,0.14104,0.00000,0.47905,0.10821,0.00536,0.12659,0.00000
2.38933,6,0.26044,0.00007,0.00014,0.00058,0.00101,0.00584,0.00628,0.68678,0.07021,0.00232,0.00093,0.21339,0.00681,0.00121,0.00437,0.00006,0.00000,0.00000,0.00000,0.00000,0.12056,0.00000,0.00000,0.01023,0.14550,0.00000,0.48504,0.10782,0.00279,0.12806,0.00000
2.41067,6,0.23620,0.00010,0.00029,0.00053,0.00074,0.01454,0.00459,0.75943,0.04849,0.00167,0.01295,0.14756,0.00470,0.00086,0.00305,0.00048,0.00000,0.00000,0.00000,0.00000,0.15419,0.00000,0.34667,0.08699,0.03937,0.00000,0.20574,0.02917,0.10322,0.03465,0.00000
2.43200,6,0.35395,0.00008,0.00064,0.00050,0.00051,0.01127,0.00344,0.54859,0.03347,0.00253,0.28480,0.10712,0.00327,0.00093,0.00225,0.00060,0.00000,0.00000,0.00000,0.00000,0.14456,0.00000,0.47070,0.09908,0.01065,0.00000,0.13701,0.00789,0.12073,0.00938,0.00000
2.45333,9,0.46290,0.00005,0.00045,0.00034,0.00036,0.00779,0.00239,0.37859,0.02309,0.00199,0.48421,0.08684,0.00573,0.00570,0.00167,0.00080,0.00000,0.00000,0.00000,0.00000,0.12792,0.00000,0.52002,0.09605,0.00288,0.00000,0.12787,0.00214,0.12058,0.00254,0.00000
2.47467,9,0.50983,0.00004,0.00032,0.00024,0.00025,0.00541,0.00169,0.26126,0.01594,0.00143,0.37176,0.06961,0.24523,0.02494,0.00127,0.00061,0.00000,0.00000,0.00000,0.00000,0.13473,0.00000,0.27653,0.04864,0.06042,0.21089,0.14853,0.00058,0.11900,0.00069,0.00000
2.49600,9,0.50551,0.00003,0.00047,0.00023,0.00021,0.02472,0.00137,0.18052,0.01110,0.03155,0.25826,0.10310,0.21806,0.16849,0.00105,0.00086,0.00000,0.00000,0.00000,0.00000,0.14884,0.00000,0.07482,0.01316,0.10176,0.38905,0.15193,0.00016,0.12009,0.00019,0.00000
2.51733,12,0.44802,0.00003,0.00040,0.00259,0.00179,0.02943,0.00221,0.12558,0.10261,0.02918,0.17878,0.07543,0.20558,0.24461,0.00081,0.00098,0.00000,0.00000,0.00000,0.00000,0.15663,0.00000,0.02025,0.00356,0.10914,0.44338,0.14367,0.00004,0.12328,0.00005,0.00000
2.53867,7,0.38926,0.00006,0.00036,0.00193,0.00193,0.03381,0.00254,0.08845,0.35187,0.02540,0.12342,0.05227,0.14599,0.17063,0.00056,0.00078,0.00000,0.00000,0.00000,0.00000,0.15681,0.00000,0.00548,0.00096,0.12220,0.23578,0.13461,0.05670,0.28744,0.00001,0.00000
2.56000,7,0.34926,0.00008,0.00027,0.00147,0.00193,0.05207,0.00230,0.06411,0.51810,0.01761,0.08519,0.03639,0.10088,0.11826,0.00039,0.00097,0.00000,0.00000,0.00000,0.00000,0.12955,0.00000,0.00148,0.22788,0.12349,0.06380,0.13269,0.04476,0.27635,0.00000,0.00000
2.58133,7,0.30104,0.00065,0.00082,0.00278,0.00260,0.04101,0.00453,0.04448,0.56082,0.02288,0.06095,0.08688,0.07105,0.09249,0.00161,0.00643,0.00000,0.00000,0.00000,0.00000,0.11115,0.00000,0.00040,0.47299,0.09964,0.01726,0.12104,0.01211,0.16541,0.00000,0.00000
2.60267,7,0.25097,0.10582,0.01755,0.01016,0.00325,0.05398,0.00939,0.03293,0.48054,0.02035,0.04228,0.07979,0.05398,0.07619,0.00866,0.00514,0.00000,0.00000,0.00000,0.00000,0.10595,0.00000,0.00011,0.58036,0.07584,0.00467,0.10675,0.00328,0.12305,0.00000,0.00000
2.62400,7,0.21106,0.16201,0.02657,0.01576,0.00333,0.04243,0.01156,0.02323,0.34009,0.01656,0.03296,0.13596,0.05205,0.05949,0.07359,0.00442,0.00000,0.00000,0.00000,0.00000,0.10851,0.00000,0.00003,0.61673,0.06201,0.00126,0.10120,0.00089,0.10937,0.00000,0.00000
2.64533,7,0.32065,0.11180,0.02160,0.06867,0.00351,0.02996,0.00814,0.01603,0.23471,0.01188,0.02278,0.18204,0.03600,0.04109,0.20846,0.00331,0.00000,0.00000,0.00000,0.00000,0.11562,0.00000,0.00001,0.61025,0.05842,0.00034,0.10445,0.00024,0.11068,0.00000,0.00000
2.66667,13,0.35358,0.07716,0.01559,0.04759,0.00245,0.02102,0.00577,0.01106,0.16196,0.01287,0.01603,0.24304,0.02548,0.02840,0.32851,0.00308,0.00000,0.00000,0.00000,0.00000,0.12006,0.00000,0.00000,0.59661,0.05975,0.00018,0.10846,0.00012,0.11481,0.00000,0.00000
2.68800,10,0.34404,0.05327,0.01316,0.06384,0.00179,0.01545,0.01897,0.00764,0.11176,0.07564,0.01302,0.30178,0.01762,0.01961,0.26749,0.01896,0.00000,0.00000,0.00000,0.00000,0.12918,0.00000,0.00000,0.55803,0.06683,0.00005,0.11892,0.00003,0.12695,0.00000,0.00000
2.70933,8,0.32454,0.03683,0.00945,0.07810,0.00136,0.01091,0.01389,0.00528,0.07713,0.27239,0.01445,0.23433,0.01216,0.01354,0.19041,0.02977,0.00000,0.00000,0.00000,0.00000,0.13008,0.00000,0.00000,0.15099,0.11695,0.00001,0.30356,0.06157,0.03435,0.17438,0.02811
2.73067,8,0.29671,0.02569,0.00667,0.12688,0.00444,0.00769,0.01002,0.00365,0.05326,0.40123,0.01446,0.16288,0.00839,0.00937,0.13215,0.03321,0.00000,0.00000,0.00000,0.00000,0.12159,0.00000,0.00000,0.04086,0.28134,0.00000,0.28667,0.10635,0.07500,0.08059,0.00761
2.75200,8,0.25145,0.02282,0.02048,0.24144,0.03241,0.01356,0.03963,0.00282,0.03710,0.33253,0.01020,0.11311,0.00580,0.00650,0.09685,0.02475,0.00000,0.00000,0.00000,0.00000,0.11359,0.00000,0.00000,0.01105,0.44877,0.00000,0.18620,0.10657,0.10995,0.02180,0.00206
2.77333,5,0.21335,0.01786,0.06845,0.16732,0.02532,0.01934,0.24883,0.00245,0.02564,0.24431,0.00712,0.07834,0.00400,0.00450,0.06938,0.01713,0.00000,0.00000,0.00000,0.00000,0.11419,0.00000,0.00000,0.00299,0.51875,0.00000,0.14504,0.09885,0.11372,0.00590,0.00056
2.79467,5,0.18482,0.01417,0.24566,0.11746,0.02087,0.02163,0.25499,0.00477,0.01809,0.17443,0.00501,0.05461,0.00278,0.00316,0.05003,0.01231,0.00000,0.00000,0.00000,0.00000,0.12675,0.22296,0.00000,0.00081,0.33037,0.00000,0.13392,0.05018,0.13326,0.00160,0.00015
2.81600,1,0.16253,0.01337,0.41895,0.08226,0.01522,0.01956,0.20052,0.00390,0.01272,0.13433,0.00398,0.03941,0.00197,0.00239,0.04127,0.01015,0.00000,0.00000,0.00000,0.00000,0.12125,0.45407,0.00000,0.00022,0.15660,0.00000,0.12460,0.01358,0.12921,0.00043,0.00004
2.83733,5,0.19848,0.01012,0.30268,0.05697,0.01060,0.01377,0.39987,0.00270,0.00883,0.09911,0.00291,0.03056,0.00139,0.00168,0.03676,0.02207,0.00000,0.22293,0.00000,0.00000,0.12359,0.26666,0.00000,0.00006,0.12547,0.00000,0.13645,0.00367,0.12105,0.00012,0.00001
2.85867,5,0.17699,0.01008,0.21343,0.03947,0.00740,0.00993,0.51967,0.00188,0.00618,0.06992,0.00245,0.02275,0.00101,0.00123,0.03523,0.05936,0.00000,0.18953,0.00000,0.00000,0.12780,0.29512,0.00000,0.00002,0.11622,0.00000,0.13540,0.00099,0.13488,0.00003,0.00000
2.88000,5,0.15754,0.01418,0.16568,0.03105,0.00560,0.00824,0.57375,0.00135,0.00473,0.06722,0.00300,0.01767,0.00074,0.00095,0.03284,0.07300,0.00000,0.05128,0.00000,0.00000,0.12153,0.47360,0.00000,0.00000,0.09865,0.00000,0.12500,0.00027,0.12965,0.00001,0.00000
2.90133,5,0.14077,0.01214,0.11701,0.02676,0.00408,0.00638,0.65656,0.00098,0.00389,0.06100,0.00278,0.01310,0.00052,0.00068,0.03249,0.06162,0.00000,0.01388,0.00000,0.00000,0.11129,0.55431,0.00000,0.00000,0.08537,0.00000,0.11995,0.00007,0.11512,0.00000,0.00000
2.92267,5,0.23446,0.00886,0.08124,0.01947,0.00307,0.00534,0.60540,0.00071,0.00275,0.11013,0.00479,0.02829,0.00044,0.00061,0.06464,0.06425,0.00000,0.00722,0.00000,0.00000,0.10812,0.57190,0.00000,0.00000,0.08210,0.00000,0.12050,0.00004,0.11012,0.00000,0.00000
2.94400,5,0.32778,0.00623,0.05626,0.01349,0.00222,0.00374,0.41949,0.00049,0.00191,0.25829,0.00364,0.02447,0.00066,0.00067,0.09458,0.11383,0.00000,0.00195,0.00000,0.00000,0.10677,0.57535,0.00000,0.00000,0.08214,0.00000,0.12699,0.00001,0.10679,0.00000,0.00000
2.96533,13,0.33218,0.00433,0.03892,0.00931,0.00168,0.00360,0.28956,0.00037,0.00143,0.21016,0.01218,0.02411,0.00148,0.00149,0.31441,0.08696,0.00000,0.00053,0.00000,0.00000,0.11118,0.54916,0.00000,0.00000,0.08920,0.00000,0.13850,0.00000,0.11143,0.00000,0.00000
2.98667,13,0.34959,0.00300,0.02690,0.00644,0.00140,0.00610,0.20003,0.00137,0.00229,0.17529,0.03338,0.02080,0.00184,0.00256,0.45606,0.06255,0.00000,0.00014,0.00000,0.00000,0.11389,0.27522,0.00000,0.00000,0.11020,0.00000,0.17526,0.00000,0.06033,0.21093,0.05403
3.00800,13,0.33775,0.00208,0.01921,0.00476,0.00253,0.07419,0.14159,0.00627,0.00273,0.15132,0.03411,0.03190,0.00472,0.02041,0.45698,0.04720,0.00000,0.00004,0.00000,0.00000,0.10312,0.07447,0.00000,0.00000,0.12112,0.00000,0.18483,0.00000,0.01632,0.40958,0.09052
3.02933,13,0.28725,0.00187,0.01378,0.00339,0.00178,0.21249,0.09822,0.01713,0.00189,0.10596,0.03677,0.03230,0.00679,0.03038,0.34857,0.08868,0.00000,0.00001,0.00000,0.00000,0.09640,0.02015,0.00000,0.00000,0.12689,0.00000,0.17400,0.00000,0.00442,0.48278,0.09536
3.05067,4,0.23977,0.02349,0.02280,0.00360,0.00143,0.35313,0.07411,0.03132,0.00142,0.07363,0.03383,0.02848,0.00813,0.03992,0.24212,0.06258,0.00000,0.00000,0.00000,0.00000,0.09812,0.00545,0.00000,0.00000,0.13527,0.00000,0.16121,0.00000,0.00120,0.50464,0.09410
3.07200,4,0.20035,0.04581,0.01962,0.00276,0.00111,0.50278,0.05526,0.02380,0.00129,0.05243,0.02643,0.02126,0.00669,0.02876,0.16790,0.04410,0.00000,0.00000,0.00000,0.00000,0.26806,0.05946,0.00000,0.00000,0.14454,0.00000,0.15526,0.00000,0.06150,0.26254,0.04864
3.09333,4,0.16836,0.13033,0.03912,0.00751,0.00219,0.46810,0.04172,0.01851,0.00221,0.03960,0.04183,0.01805,0.01089,0.02469,0.11985,0.03539,0.00000,0.00000,0.00000,0.00000,0.42786,0.10518,0.00000,0.00000,0.12779,0.00000,0.14604,0.00000,0.10893,0.07104,0.01316
3.11467,4,0.14737,0.15557,0.04572,0.01461,0.00250,0.36979,0.04441,0.01894,0.00265,0.03141,0.04358,0.02353,0.06499,0.04857,0.10124,0.03248,0.00000,0.00000,0.00000,0.00000,0.48330,0.11975,0.00000,0.00000,0.10862,0.00000,0.13983,0.00000,0.12570,0.01922,0.00356
3.13600,13,0.39338,0.10736,0.03165,0.01010,0.00173,0.25521,0.03071,0.01307,0.00183,0.02173,0.03010,0.04781,0.04505,0.03354,0.34751,0.02261,0.00000,0.00000,0.00000,0.00000,0.49127,0.12688,0.00000,0.00000,0.09724,0.00000,0.14055,0.00000,0.13790,0.00520,0.00096
3.15733,13,0.51672,0.07408,0.02185,0.00697,0.00120,0.17613,0.02123,0.00902,0.00126,0.01534,0.02085,0.06243,0.03145,0.02315,0.51939,0.01564,0.00000,0.00000,0.00000,0.00000,0.30626,0.06753,0.00000,0.00000,0.11033,0.00000,0.17425,0.00000,0.07499,0.21235,0.05429
3.17867,13,0.58418,0.05112,0.01510,0.00482,0.00085,0.12157,0.01471,0.00622,0.00087,0.01181,0.01479,0.13423,0.02186,0.01598,0.57521,0.01087,0.00000,0.00000,0.00000,0.00000,0.15517,0.01827,0.00000,0.00000,0.12115,0.00000,0.18456,0.00000,0.02029,0.40996,0.09059
3.20000,13,0.64309,0.03528,0.01049,0.00335,0.00064,0.08437,0.01123,0.00431,0.00060,0.01694,0.06650,0.30287,0.01516,0.01104,0.42926,0.00796,0.00000,0.00000,0.00000,0.00000,0.12585,0.00950,0.00000,0.00000,0.12391,0.00000,0.18011,0.00000,0.01056,0.45549,0.09459
3.22133,13,0.67979,0.02434,0.00725,0.00232,0.00046,0.05909,0.00803,0.00298,0.00042,0.01408,0.28517,0.26827,0.01057,0.00765,0.30368,0.00569,0.00000,0.00000,0.00000,0.00000,0.10354,0.00257,0.00000,0.00000,0.13063,0.00000,0.16740,0.00000,0.00286,0.49812,0.09489
3.24267,9,0.73687,0.01680,0.00503,0.00162,0.00035,0.04081,0.00854,0.00206,0.00029,0.01017,0.49675,0.18956,0.00750,0.00532,0.21045,0.00475,0.00000,0.00000,0.00000,0.00000,0.10390,0.00070,0.00000,0.00000,0.14080,0.00000,0.15561,0.00000,0.00077,0.50472,0.09351
3.26400,9,0.73308,0.01159,0.00351,0.00112,0.00026,0.02822,0.00626,0.00142,0.00020,0.00740,0.64781,0.13411,0.00555,0.00372,0.14539,0.00344,0.00000,0.00000,0.00000,0.00000,0.12855,0.00019,0.00000,0.00000,0.13614,0.21088,0.15883,0.00000,0.05689,0.25998,0.04853
3.28533,9,0.69746,0.00800,0.00253,0.00081,0.00019,0.01951,0.00561,0.00098,0.00014,0.00523,0.75078,0.09550,0.00483,0.00305,0.10036,0.00247,0.00000,0.00000,0.00000,0.00000,0.14717,0.00005,0.00000,0.00000,0.12225,0.38905,0.15472,0.00000,0.10329,0.07034,0.01313
3.30667,9,0.60728,0.00554,0.00178,0.00078,0.00033,0.01424,0.00841,0.00079,0.00014,0.00367,0.82061,0.06636,0.00397,0.00240,0.06926,0.00172,0.00000,0.00000,0.00000,0.00000,0.15617,0.00001,0.00000,0.00000,0.11468,0.44338,0.14443,0.00000,0.11873,0.01903,0.00355
3.32800,9,0.51468,0.00386,0.00126,0.00054,0.00026,0.01151,0.25017,0.00147,0.00010,0.00254,0.62865,0.04594,0.00281,0.00189,0.04780,0.00121,0.00000,0.00000,0.00000,0.00000,0.16308,0.00000,0.00000,0.00000,0.11119,0.45739,0.13578,0.00000,0.12645,0.00515,0.00096
3.34933,5,0.42819,0.00273,0.00092,0.00038,0.00022,0.01027,0.47461,0.00158,0.00007,0.00175,0.43870,0.03170,0.00194,0.00132,0.03298,0.00083,0.00000,0.00000,0.00000,0.00000,0.16951,0.00000,0.00000,0.00000,0.11060,0.45569,0.13015,0.00000,0.13240,0.00139,0.00026
3.37067,5,0.35467,0.00244,0.00079,0.00026,0.00026,0.01109,0.62754,0.00176,0.00006,0.00122,0.30706,0.02191,0.00134,0.00094,0.02276,0.00058,0.00000,0.00000,0.00000,0.00000,0.15559,0.22296,0.00000,0.00000,0.11138,0.23506,0.13032,0.00000,0.14424,0.00038,0.00007
3.39200,5,0.34079,0.00174,0.00055,0.00018,0.00018,0.00771,0.74245,0.00121,0.00004,0.00085,0.21188,0.01526,0.00093,0.00065,0.01591,0.00045,0.00000,0.00000,0.00000,0.00000,0.12905,0.45407,0.00000,0.00000,0.09734,0.06360,0.12362,0.00000,0.13219,0.00010,0.00002
3.41333,5,0.32304,0.00121,0.00038,0.00012,0.00013,0.00532,0.81885,0.00084,0.00004,0.00062,0.14621,0.01122,0.00065,0.00045,0.01326,0.00069,0.00000,0.00000,0.00000,0.00000,0.11333,0.54903,0.00000,0.00000,0.08502,0.01721,0.11958,0.00000,0.11581,0.00003,0.00001
3.43467,5,0.28906,0.00084,0.00027,0.00009,0.00009,0.00368,0.87089,0.00058,0.00007,0.00096,0.10090,0.00846,0.00045,0.00032,0.01087,0.00154,0.00000,0.00000,0.00000,0.00000,0.10718,0.57679,0.00000,0.00000,0.08100,0.00466,0.12284,0.00000,0.10753,0.00001,0.00000
3.45600,5,0.25708,0.00059,0.00032,0.00008,0.00006,0.00256,0.90114,0.00040,0.00005,0.00179,0.06965,0.00625,0.00031,0.00022,0.01007,0.00650,0.00000,0.00000,0.00000,0.00000,0.10705,0.57461,0.00000,0.00000,0.08209,0.00242,0.12694,0.00000,0.10688,0.00000,0.00000
3.47733,5,0.25637,0.00043,0.00062,0.00011,0.00004,0.00180,0.90416,0.00028,0.00004,0.00757,0.04809,0.00585,0.00021,0.00016,0.01557,0.01506,0.00000,0.00000,0.00000,0.00000,0.11125,0.54896,0.00000,0.00000,0.08919,0.00066,0.13848,0.00000,0.11146,0.00000,0.00000
3.49867,5,0.50717,0.00030,0.00050,0.00008,0.00003,0.00125,0.70123,0.00019,0.00003,0.01344,0.03319,0.02590,0.00018,0.00012,0.20606,0.01751,0.00000,0.00000,0.00000,0.00000,0.11940,0.50633,0.00000,0.00000,0.10062,0.00018,0.15196,0.00000,0.12151,0.00000,0.00000
3.52000,5,0.64777,0.00023,0.00040,0.00006,0.00002,0.00086,0.49686,0.00014,0.00002,0.01496,0.02293,0.07260,0.00034,0.00017,0.37639,0.01402,0.00000,0.00000,0.00000,0.00000,0.12909,0.45926,0.00000,0.00000,0.11353,0.00005,0.16415,0.00000,0.13391,0.00000,0.00000
3.54133,13,0.70556,0.00016,0.00033,0.00004,0.00002,0.00060,0.34294,0.00009,0.00002,0.03707,0.01601,0.08993,0.00028,0.00014,0.49916,0.01321,0.00000,0.00000,0.00000,0.00000,0.13791,0.41986,0.00000,0.00000,0.12499,0.00001,0.17181,0.00000,0.14541,0.00000,0.00000
3.56267,13,0.67916,0.00011,0.00027,0.00003,0.00003,0.00066,0.23681,0.00008,0.00016,0.14381,0.01257,0.07096,0.00023,0.00050,0.52445,0.00933,0.00000,0.00000,0.00000,0.00000,0.12743,0.21314,0.00000,0.00000,0.12772,0.00000,0.18928,0.00000,0.07745,0.21094,0.05403
3.58400,13,0.61655,0.00008,0.00024,0.00006,0.00022,0.01241,0.16720,0.02684,0.03903,0.14405,0.01467,0.06041,0.00048,0.00077,0.51071,0.02284,0.00000,0.00000,0.00000,0.00000,0.10678,0.05767,0.00000,0.00000,0.12586,0.00000,0.18862,0.00000,0.02096,0.40958,0.09052
3.60533,13,0.52759,0.00006,0.00027,0.00007,0.00103,0.10890,0.15212,0.15061,0.02808,0.11347,0.01166,0.04295,0.00040,0.00059,0.35853,0.03128,0.00000,0.00000,0.00000,0.00000,0.09739,0.01561,0.00000,0.00000,0.12817,0.00000,0.17503,0.00000,0.00567,0.48278,0.09536
3.62667,6,0.45943,0.00004,0.00019,0.00006,0.00077,0.15211,0.10809,0.33293,0.01991,0.07840,0.00808,0.02971,0.00028,0.00041,0.24740,0.02163,0.00000,0.00000,0.00000,0.00000,0.09839,0.00422,0.00000,0.00000,0.13562,0.00000,0.16149,0.00000,0.00153,0.50464,0.09410
3.64800,6,0.40751,0.00003,0.00014,0.00018,0.00055,0.15273,0.07649,0.48446,0.01849,0.05410,0.00618,0.02050,0.00019,0.00034,0.17071,0.01493,0.00000,0.00000,0.00000,0.00000,0.13774,0.00114,0.21943,0.05760,0.07333,0.00000,0.12899,0.00000,0.07060,0.26253,0.04864
3.66933,6,0.36084,0.00002,0.00011,0.00021,0.00040,0.13063,0.05310,0.61527,0.01440,0.03737,0.00564,0.01415,0.00013,0.00043,0.11779,0.01032,0.00000,0.00000,0.00000,0.00000,0.14885,0.00031,0.42316,0.09516,0.01984,0.00000,0.11240,0.00000,0.11607,0.07104,0.01316
3.69067,6,0.32225,0.00002,0.00016,0.00100,0.00033,0.12853,0.03721,0.68838,0.01044,0.02581,0.00904,0.00977,0.00009,0.00065,0.08128,0.00729,0.00000,0.00000,0.00000,0.00000,0.13555,0.00008,0.50089,0.09785,0.00537,0.00000,0.11625,0.00000,0.12122,0.01922,0.00356
3.71200,6,0.28214,0.00003,0.00020,0.00150,0.00025,0.10121,0.02619,0.56903,0.00726,0.01786,0.20713,0.00690,0.00007,0.00100,0.05611,0.00527,0.00000,0.00000,0.00000,0.00000,0.12004,0.00002,0.53161,0.09341,0.00145,0.00000,0.12753,0.00000,0.11978,0.00520,0.00096
3.73333,9,0.31045,0.00002,0.00020,0.00127,0.00017,0.07116,0.01829,0.40703,0.00503,0.01376,0.42860,0.00943,0.00005,0.00094,0.03882,0.00522,0.00000,0.00000,0.00000,0.00000,0.11338,0.00001,0.53775,0.09108,0.00076,0.00000,0.13430,0.00000,0.11950,0.00271,0.00050
3.75467,9,0.31027,0.00002,0.00019,0.00088,0.00012,0.04928,0.01266,0.28087,0.00347,0.00963,0.54147,0.04299,0.00334,0.02433,0.02689,0.00385,0.00000,0.00000,0.00000,0.00000,0.10316,0.00000,0.53872,0.08771,0.00020,0.00000,0.14825,0.00000,0.12108,0.00073,0.00014
3.77600,9,0.29775,0.00001,0.00050,0.00062,0.00013,0.03469,0.00883,0.19398,0.00240,0.00680,0.65704,0.04414,0.00418,0.02501,0.01867,0.00297,0.00000,0.00000,0.00000,0.00000,0.13864,0.00000,0.14577,0.02373,0.08843,0.32573,0.15792,0.00000,0.11955,0.00020,0.00004
3.79733,9,0.28207,0.00004,0.00043,0.00047,0.00016,0.02405,0.00619,0.13402,0.00169,0.00604,0.72111,0.06324,0.00499,0.02238,0.01294,0.00223,0.00000,0.00000,0.00000,0.00000,0.15179,0.00000,0.03944,0.00642,0.10710,0.42417,0.14942,0.00000,0.12159,0.00005,0.00001
3.81867,9,0.27136,0.00022,0.00069,0.00145,0.00047,0.01676,0.00463,0.09256,0.00123,0.00737,0.77970,0.06147,0.00546,0.01719,0.00899,0.00179,0.00000,0.00000,0.00000,0.00000,0.15962,0.00000,0.01067,0.00174,0.10960,0.45326,0.13970,0.00000,0.12539,0.00001,0.00000
3.84000,9,0.26449,0.00041,0.00083,0.00139,0.00080,0.01173,0.00472,0.06392,0.00093,0.00863,0.83460,0.04788,0.00408,0.01215,0.00625,0.00168,0.00000,0.00000,0.00000,0.00000,0.16631,0.00000,0.00289,0.00047,0.10980,0.45779,0.13258,0.00000,0.13016,0.00000,0.00000
3.86133,9,0.25111,0.00045,0.00058,0.00096,0.00056,0.00810,0.00360,0.04411,0.00077,0.00615,0.88480,0.03320,0.00282,0.00840,0.00432,0.00120,0.00000,0.00000,0.00000,0.00000,0.17257,0.00000,0.00078,0.00013,0.11092,0.45188,0.12837,0.00000,0.13536,0.00000,0.00000
3.88267,9,0.23699,0.00036,0.00040,0.00066,0.00039,0.00559,0.00250,0.03043,0.00054,0.00424,0.92040,0.02294,0.00194,0.00580,0.00298,0.00083,0.00000,0.00000,0.00000,0.00000,0.17817,0.00000,0.00021,0.00003,0.11325,0.44140,0.12640,0.00000,0.14054,0.00000,0.00000
3.90400,9,0.21559,0.00045,0.00027,0.00046,0.00027,0.00386,0.00172,0.02100,0.00037,0.00293,0.94487,0.01583,0.00134,0.00400,0.00206,0.00057,0.00000,0.00000,0.00000,0.00000,0.18264,0.00000,0.00006,0.00001,0.11634,0.42994,0.12576,0.00000,0.14525,0.00000,0.00000
3.92533,9,0.17884,0.00105,0.00019,0.00032,0.00019,0.00266,0.00119,0.01449,0.00026,0.00202,0.96122,0.01093,0.00093,0.00276,0.00142,0.00040,0.00000,0.00000,0.00000,0.00000,0.18545,0.00000,0.00002,0.00000,0.11950,0.42052,0.12545,0.00000,0.14906,0.00000,0.00000
3.94667,9,0.14794,0.00682,0.00013,0.00022,0.00013,0.00184,0.00082,0.01000,0.00018,0.00139,0.96709,0.00755,0.00065,0.00192,0.00098,0.00028,0.00000,0.00000,0.00000,0.00000,0.18586,0.00000,0.00000,0.00000,0.12186,0.41669,0.12471,0.00000,0.15087,0.00000,0.00000
3.96800,9,0.13114,0.04556,0.00009,0.00015,0.00010,0.00129,0.00070,0.00702,0.00024,0.00097,0.92134,0.00532,0.00747,0.00884,0.00068,0.00022,0.00000,0.00000,0.00000,0.00000,0.18528,0.00000,0.00000,0.00000,0.12383,0.41537,0.12377,0.00000,0.15176,0.00000,0.00000
3.98933,9,0.28426,0.03151,0.00007,0.00011,0.00009,0.00089,0.00143,0.00486,0.00018,0.00074,0.63583,0.00370,0.00697,0.31289,0.00047,0.00026,0.00000,0.00000,0.00000,0.00000,0.18487,0.00000,0.00000,0.00000,0.12476,0.41500,0.12327,0.00000,0.15209,0.00000,0.00000
4.01067,12,0.40383,0.02175,0.00006,0.00013,0.00009,0.00063,0.00454,0.00338,0.00014,0.00060,0.43875,0.00258,0.00779,0.51894,0.00032,0.00030,0.00000,0.00000,0.00000,0.00000,0.18449,0.00000,0.00000,0.00000,0.12561,0.41469,0.12282,0.00000,0.15239,0.00000,0.00000
4.03200,12,0.47792,0.01501,0.00005,0.00011,0.00007,0.00050,0.00410,0.00234,0.00010,0.00144,0.30276,0.00183,0.01312,0.65788,0.00023,0.00048,0.00000,0.00000,0.00000,0.00000,0.16953,0.00000,0.00000,0.00000,0.13060,0.21569,0.12597,0.05669,0.30153,0.00000,0.00000
4.05333,12,0.49552,0.01036,0.00021,0.00010,0.00006,0.00517,0.00316,0.00165,0.00010,0.07262,0.20907,0.00148,0.01609,0.67909,0.00016,0.00070,0.00000,0.00000,0.00000,0.00000,0.13980,0.00000,0.00000,0.00000,0.12461,0.05836,0.11107,0.10138,0.46479,0.00000,0.00000
4.07467,12,0.48797,0.00716,0.00044,0.00086,0.00073,0.00519,0.00971,0.00139,0.00014,0.06405,0.14488,0.00142,0.02896,0.73379,0.00012,0.00116,0.00000,0.00000,0.00000,0.00000,0.11954,0.00000,0.00000,0.00000,0.11844,0.01579,0.09532,0.11431,0.53660,0.00000,0.00000
4.09600,12,0.47216,0.00496,0.00031,0.00091,0.00067,0.00884,0.00906,0.08079,0.02517,0.04540,0.10073,0.00128,0.02646,0.69307,0.00009,0.00224,0.00000,0.00000,0.00000,0.00000,0.11038,0.00000,0.00000,0.00000,0.11851,0.00427,0.08789,0.11945,0.55950,0.00000,0.00000
4.11733,12,0.45126,0.00396,0.00032,0.00222,0.00111,0.00963,0.01589,0.06562,0.02109,0.03511,0.07039,0.00154,0.02943,0.74171,0.00008,0.00189,0.00000,0.00000,0.00000,0.00000,0.11029,0.00000,0.00000,0.00000,0.12435,0.00116,0.08899,0.12297,0.55224,0.00000,0.00000
4.13867,12,0.40065,0.00381,0.00030,0.00392,0.00729,0.01285,0.09283,0.05372,0.03571,0.02505,0.04893,0.00174,0.03578,0.67619,0.00007,0.00181,0.00000,0.00000,0.00000,0.00000,0.11629,0.00000,0.00000,0.00000,0.13364,0.00031,0.09640,0.12618,0.52718,0.00000,0.00000
4.16000,12,0.35282,0.00284,0.00022,0.00325,0.00882,0.01581,0.06912,0.04220,0.29701,0.01745,0.03383,0.00129,0.03144,0.47490,0.00006,0.00175,0.00000,0.00000,0.00000,0.00000,0.12511,0.00000,0.00000,0.00000,0.14356,0.00008,0.10723,0.12909,0.49492,0.00000,0.00000
4.18133,7,0.31833,0.00203,0.00016,0.00270,0.01138,0.01244,0.04837,0.03088,0.50472,0.01206,0.02335,0.00090,0.02183,0.32791,0.00004,0.00122,0.00000,0.00000,0.00000,0.00000,0.13343,0.00000,0.00000,0.00000,0.15114,0.00002,0.11844,0.13138,0.46559,0.00000,0.00000
4.20267,7,0.29967,0.00149,0.00011,0.00206,0.00973,0.00920,0.03344,0.02254,0.65406,0.00833,0.01611,0.00064,0.01508,0.22633,0.00003,0.00085,0.00000,0.00000,0.00000,0.00000,0.12388,0.00000,0.00000,0.22763,0.13850,0.00001,0.13204,0.06874,0.30921,0.00000,0.00000
4.22400,7,0.28922,0.00136,0.00009,0.00165,0.00798,0.00769,0.02335,0.01598,0.75721,0.00576,0.01112,0.00053,0.01041,0.15625,0.00002,0.00060,0.00000,0.00000,0.00000,0.00000,0.10962,0.00000,0.00000,0.47292,0.10370,0.00000,0.12086,0.01860,0.17430,0.00000,0.00000
4.24533,7,0.27985,0.00131,0.00007,0.00132,0.00721,0.00634,0.01707,0.01153,0.82712,0.00398,0.00768,0.00049,0.00723,0.10820,0.00002,0.00042,0.00000,0.00000,0.00000,0.00000,0.10553,0.00000,0.00000,0.58034,0.07694,0.00000,0.10670,0.00503,0.12545,0.00000,0.00000
4.26667,7,0.27100,0.00137,0.00009,0.00104,0.00588,0.00612,0.01231,0.00850,0.87568,0.00276,0.00530,0.00042,0.00503,0.07518,0.00002,0.00031,0.00000,0.00000,0.00000,0.00000,0.10627,0.00000,0.00000,0.60524,0.06813,0.00000,0.10273,0.00262,0.11501,0.00000,0.00000
4.28800,7,0.26233,0.00186,0.00010,0.00080,0.00476,0.00568,0.00873,0.00607,0.90974,0.00193,0.00367,0.00039,0.00351,0.05251,0.00002,0.00023,0.00000,0.00000,0.00000,0.00000,0.11160,0.00000,0.00000,0.61763,0.05921,0.00000,0.10188,0.00071,0.10897,0.00000,0.00000
4.30933,7,0.25226,0.00358,0.00010,0.00061,0.00401,0.00643,0.00617,0.00430,0.93129,0.00135,0.00254,0.00036,0.00245,0.03661,0.00002,0.00018,0.00000,0.00000,0.00000,0.00000,0.12005,0.00000,0.00000,0.59661,0.05980,0.00000,0.10846,0.00019,0.11490,0.00000,0.00000
4.33067,7,0.24420,0.00519,0.00009,0.00049,0.00328,0.00629,0.00448,0.00309,0.94639,0.00095,0.00176,0.00038,0.00173,0.02572,0.00002,0.00015,0.00000,0.00000,0.00000,0.00000,0.12918,0.00000,0.00000,0.55803,0.06684,0.00000,0.11892,0.00005,0.12698,0.00000,0.00000
4.35200,7,0.23724,0.00534,0.00008,0.00045,0.00245,0.00558,0.00362,0.00221,0.95814,0.00068,0.00123,0.00038,0.00131,0.01835,0.00002,0.00015,0.00000,0.00000,0.00000,0.00000,0.13662,0.00000,0.00000,0.51625,0.07711,0.00000,0.12925,0.00001,0.14076,0.00000,0.00000
4.37333,7,0.24731,0.00645,0.00007,0.00050,0.00194,0.00627,0.00262,0.00167,0.96457,0.00048,0.00085,0.00038,0.00097,0.01306,0.00002,0.00013,0.00000,0.00000,0.00000,0.00000,0.13999,0.00000,0.00000,0.48524,0.08728,0.00000,0.13532,0.00000,0.15216,0.00000,0.00000
4.39467,7,0.25885,0.00646,0.00006,0.00048,0.00150,0.00607,0.00205,0.00152,0.97037,0.00036,0.00059,0.00032,0.00073,0.00935,0.00002,0.00011,0.00000,0.00000,0.00000,0.00000,0.13975,0.00000,0.00000,0.47313,0.09577,0.00000,0.13441,0.00000,0.15694,0.00000,0.00000
4.41600,7,0.25117,0.00641,0.00005,0.00043,0.00113,0.00504,0.00179,0.00146,0.97523,0.00028,0.00042,0.00030,0.00060,0.00672,0.00002,0.00011,0.00000,0.00000,0.00000,0.00000,0.13849,0.00000,0.00000,0.46824,0.10368,0.00000,0.13076,0.00000,0.15883,0.00000,0.00000
4.43733,7,0.25100,0.00667,0.00004,0.00056,0.00092,0.00481,0.00149,0.00169,0.97762,0.00021,0.00029,0.00029,0.00049,0.00482,0.00002,0.00009,0.00000,0.00000,0.00000,0.00000,0.13727,0.00000,0.00000,0.46576,0.10989,0.00000,0.12731,0.00000,0.15977,0.00000,0.00000
4.45867,7,0.24891,0.00790,0.00004,0.00114,0.00092,0.00558,0.00113,0.00159,0.97723,0.00015,0.00021,0.00024,0.00037,0.00341,0.00002,0.00007,0.00000,0.00000,0.00000,0.00000,0.13691,0.00000,0.00000,0.46504,0.11172,0.00000,0.12628,0.00000,0.16004,0.00000,0.00000
4.48000,7,0.23481,0.00962,0.00005,0.00129,0.00093,0.00541,0.00121,0.00132,0.97651,0.00014,0.00018,0.00030,0.00038,0.00252,0.00003,0.00011,0.00000,0.00000,0.00000,0.00000,0.13681,0.00000,0.00000,0.46485,0.11221,0.00000,0.12600,0.00000,0.16012,0.00000,0.00000
4.50133,7,0.30753,0.00867,0.00012,0.00100,0.00071,0.00389,0.00096,0.00097,0.96340,0.00038,0.00027,0.00879,0.00144,0.00460,0.00430,0.00049,0.00000,0.00000,0.00000,0.00000,0.13679,0.00000,0.00000,0.46480,0.11235,0.00000,0.12593,0.00000,0.16014,0.00000,0.00000
4.52267,7,0.51903,0.00600,0.00008,0.00069,0.00057,0.00270,0.00069,0.00068,0.74574,0.00029,0.00038,0.02645,0.00134,0.00526,0.20856,0.00057,0.00000,0.00000,0.00000,0.00000,0.13678,0.00000,0.00000,0.46479,0.11237,0.00000,0.12592,0.00000,0.16014,0.00000,0.00000
4.54400,7,0.59914,0.00414,0.00006,0.00048,0.00039,0.00186,0.00048,0.00047,0.51456,0.00044,0.00028,0.02147,0.00094,0.00373,0.45025,0.00043,0.00000,0.00000,0.00000,0.00000,0.13678,0.00000,0.00000,0.46478,0.11239,0.00000,0.12591,0.00000,0.16014,0.00000,0.00000
4.56533,13,0.59657,0.00286,0.00007,0.00033,0.00027,0.00129,0.00049,0.00032,0.35505,0.00114,0.00023,0.01517,0.00066,0.00258,0.61921,0.00033,0.00000,0.00000,0.00000,0.00000,0.13678,0.00000,0.00000,0.46478,0.11240,0.00000,0.12590,0.00000,0.16014,0.00000,0.00000
4.58667,13,0.59101,0.00197,0.00022,0.00023,0.00020,0.00091,0.00062,0.00022,0.24498,0.00484,0.00021,0.01086,0.00048,0.00184,0.73213,0.00028,0.00000,0.00000,0.00000,0.00000,0.12525,0.00000,0.00000,0.24177,0.11949,0.00000,0.16523,0.00000,0.08330,0.21093,0.05403
4.60800,13,0.57682,0.00136,0.00019,0.00016,0.00046,0.00076,0.00444,0.00019,0.16905,0.01021,0.00055,0.00892,0.00088,0.00822,0.79316,0.00144,0.00000,0.00000,0.00000,0.00000,0.10619,0.00000,0.00000,0.06542,0.12363,0.00000,0.18212,0.00000,0.02254,0.40958,0.09052
4.62933,13,0.55898,0.00095,0.00050,0.00029,0.00290,0.00122,0.01827,0.00035,0.11666,0.01306,0.00161,0.02493,0.01581,0.16424,0.61030,0.02891,0.00000,0.00000,0.00000,0.00000,0.09723,0.00000,0.00000,0.01770,0.12757,0.00000,0.17327,0.00000,0.00610,0.48278,0.09535
4.65067,13,0.54205,0.00067,0.00043,0.00037,0.01576,0.00191,0.01384,0.00036,0.08179,0.01905,0.00166,0.08602,0.02477,0.30336,0.42875,0.02126,0.00000,0.00000,0.00000,0.00000,0.09834,0.00000,0.00000,0.00479,0.13546,0.00000,0.16102,0.00000,0.00165,0.50464,0.09410
4.67200,12,0.52289,0.00048,0.00034,0.00054,0.01213,0.00176,0.00981,0.00039,0.12874,0.03406,0.00279,0.07668,0.03476,0.37703,0.30551,0.01497,0.00000,0.00000,0.00000,0.00000,0.10737,0.00000,0.00000,0.00130,0.14712,0.00000,0.15069,0.00000,0.00045,0.49978,0.09329
4.69333,8,0.50374,0.00035,0.00043,0.00053,0.00925,0.00276,0.00971,0.00030,0.08917,0.31291,0.00244,0.05414,0.02447,0.26867,0.21289,0.01197,0.00000,0.00000,0.00000,0.00000,0.13290,0.00000,0.00000,0.00035,0.14527,0.00000,0.13835,0.05669,0.22234,0.25544,0.04867
4.71467,8,0.49775,0.00024,0.00037,0.00043,0.00921,0.00251,0.00698,0.00021,0.06154,0.51633,0.00178,0.04182,0.01692,0.18606,0.14699,0.00862,0.00000,0.00000,0.00000,0.00000,0.12465,0.00000,0.00000,0.00009,0.28584,0.00000,0.15104,0.10411,0.25197,0.06911,0.01317
4.73600,8,0.49773,0.00017,0.00036,0.00031,0.00655,0.00190,0.00524,0.00015,0.04249,0.47599,0.00812,0.17008,0.01200,0.14712,0.11209,0.01744,0.00000,0.00000,0.00000,0.00000,0.11442,0.00000,0.00000,0.00003,0.44998,0.00000,0.14950,0.10596,0.15784,0.01870,0.00356
4.75733,10,0.48580,0.00013,0.00143,0.00465,0.00458,0.00167,0.00447,0.00011,0.02933,0.33799,0.01883,0.36360,0.00849,0.11062,0.09083,0.02327,0.00000,0.00000,0.00000,0.00000,0.11442,0.00000,0.00000,0.00001,0.51908,0.00000,0.13511,0.09868,0.12668,0.00506,0.00096
4.77867,10,0.49287,0.00020,0.02422,0.03936,0.00339,0.00277,0.00464,0.00023,0.02037,0.29636,0.06404,0.30751,0.00613,0.08453,0.07769,0.06858,0.00000,0.00000,0.00000,0.00000,0.12797,0.00000,0.00000,0.00000,0.34401,0.00000,0.28720,0.11170,0.06284,0.06602,0.00026
4.80000,12,0.50390,0.00014,0.01756,0.02804,0.00237,0.00192,0.00415,0.00016,0.01406,0.20848,0.04558,0.23779,0.00663,0.30941,0.05476,0.06896,0.00000,0.00000,0.00000,0.00000,0.12785,0.00000,0.00000,0.00000,0.24571,0.00000,0.37863,0.11643,0.03269,0.09856,0.00014
4.82133,12,0.49963,0.00012,0.01306,0.01938,0.00171,0.00149,0.00455,0.00012,0.00971,0.15807,0.03195,0.26942,0.02238,0.35874,0.03788,0.07142,0.00000,0.00000,0.00000,0.00000,0.12092,0.00000,0.00000,0.00000,0.16982,0.00000,0.46304,0.11431,0.00884,0.12303,0.00004
4.84267,8,0.49319,0.00009,0.00973,0.01338,0.00120,0.00129,0.03282,0.00013,0.00671,0.37094,0.02208,0.19147,0.01657,0.25780,0.02614,0.04965,0.00000,0.00000,0.00000,0.00000,0.13671,0.00000,0.00000,0.00000,0.14054,0.00000,0.21204,0.11697,0.36044,0.03329,0.00001
4.86400,8,0.51084,0.00011,0.00686,0.00927,0.00131,0.00669,0.12133,0.00014,0.00464,0.32257,0.01541,0.15666,0.03449,0.26608,0.01807,0.03637,0.00000,0.00000,0.00000,0.00000,0.12258,0.00000,0.00000,0.00000,0.28301,0.00000,0.16798,0.12046,0.29695,0.00901,0.00000
4.88533,12,0.52931,0.00009,0.00476,0.00642,0.00103,0.00497,0.12766,0.00013,0.00321,0.22395,0.01130,0.12957,0.04541,0.39925,0.01247,0.02979,0.00000,0.00000,0.00000,0.00000,0.11386,0.00000,0.00000,0.00000,0.44922,0.00000,0.15409,0.11038,0.17001,0.00244,0.00000
4.90667,12,0.52072,0.00008,0.00340,0.00455,0.00073,0.00498,0.08887,0.00016,0.00224,0.17354,0.00802,0.10673,0.05735,0.51624,0.00863,0.02449,0.00000,0.00000,0.00000,0.00000,0.13241,0.00000,0.00000,0.00000,0.32137,0.00000,0.13723,0.11104,0.29729,0.00066,0.00000
4.92800,12,0.51299,0.00009,0.00387,0.00359,0.00110,0.00852,0.08351,0.00033,0.00192,0.34005,0.00581,0.07692,0.04336,0.40420,0.00600,0.02073,0.00000,0.00000,0.00000,0.00000,0.12975,0.00000,0.00000,0.00000,0.17623,0.00000,0.11411,0.11609,0.46364,0.00018,0.00000
4.94933,8,0.50570,0.00012,0.00657,0.00289,0.00226,0.01181,0.11857,0.00031,0.00136,0.43612,0.00468,0.05740,0.03474,0.29900,0.00418,0.01999,0.00000,0.00000,0.00000,0.00000,0.11682,0.00000,0.00000,0.00000,0.13241,0.00000,0.09614,0.11829,0.53629,0.00005,0.00000
4.97067,8,0.49853,0.00026,0.01003,0.00234,0.00271,0.00839,0.24213,0.00026,0.00095,0.38516,0.00404,0.04608,0.03106,0.24710,0.00312,0.01637,0.00000,0.00000,0.00000,0.00000,0.11290,0.00000,0.00000,0.00000,0.27995,0.00000,0.13257,0.12144,0.35313,0.00001,0.00000
4.99200,5,0.50025,0.00021,0.00928,0.00165,0.00188,0.00584,0.43302,0.00019,0.00066,0.30153,0.00282,0.03205,0.02146,0.17552,0.00216,0.01174,0.00000,0.00000,0.00000,0.00000,0.11124,0.00000,0.00000,0.00000,0.44839,0.00000,0.14450,0.11065,0.18521,0.00000,0.00000
5.01333,5,0.49511,0.00019,0.00703,0.00116,0.00145,0.00411,0.59739,0.00014,0.00046,0.21734,0.00202,0.02213,0.01481,0.12116,0.00149,0.00913,0.00000,0.00000,0.00000,0.00000,0.12392,0.22296,0.00000,0.00000,0.30954,0.00000,0.13607,0.05442,0.15309,0.00000,0.00000
5.03467,5,0.47630,0.00463,0.00572,0.00089,0.00388,0.00367,0.70734,0.00018,0.00042,0.15268,0.00171,0.01534,0.01023,0.08363,0.00103,0.00865,0.00000,0.00000,0.00000,0.00000,0.12048,0.45407,0.00000,0.00000,0.15096,0.00000,0.12518,0.01473,0.13458,0.00000,0.00000
5.05600,5,0.43024,0.00393,0.00491,0.00678,0.01156,0.00960,0.77338,0.00026,0.00061,0.10571,0.00118,0.01059,0.00706,0.05772,0.00071,0.00598,0.00000,0.00000,0.00000,0.00000,0.11542,0.51263,0.00000,0.00000,0.11817,0.00000,0.12156,0.00766,0.12456,0.00000,0.00000
5.07733,5,0.38708,0.00290,0.00370,0.00491,0.00844,0.27412,0.57274,0.00038,0.00213,0.07307,0.00081,0.00738,0.00488,0.03991,0.00049,0.00414,0.00000,0.00000,0.00000,0.00000,0.10797,0.56916,0.00000,0.00000,0.08947,0.00000,0.12052,0.00207,0.11081,0.00000,0.00000
5.09867,4,0.35284,0.00253,0.00275,0.00508,0.00684,0.46541,0.39654,0.00618,0.02067,0.05044,0.00057,0.00796,0.00337,0.02764,0.00035,0.00364,0.00000,0.00000,0.00000,0.00000,0.10673,0.57461,0.00000,0.00000,0.08413,0.00000,0.12700,0.00056,0.10697,0.00000,0.00000
5.12000,4,0.31428,0.00533,0.00216,0.00433,0.00565,0.36819,0.27428,0.00567,0.26411,0.03487,0.00040,0.00999,0.00235,0.01930,0.00025,0.00311,0.00000,0.00000,0.00000,0.00000,0.27141,0.35174,0.00000,0.00000,0.11604,0.00000,0.14313,0.00015,0.11754,0.00000,0.00000
5.14133,4,0.26934,0.01177,0.00171,0.00482,0.00555,0.34548,0.21761,0.00716,0.31335,0.02559,0.00058,0.03414,0.00344,0.01784,0.00030,0.01068,0.00000,0.00000,0.00000,0.00000,0.42876,0.18427,0.00000,0.00000,0.12007,0.00000,0.14276,0.00004,0.12409,0.00000,0.00000
5.16267,4,0.29732,0.01832,0.00152,0.00476,0.01838,0.34618,0.17602,0.00883,0.25659,0.11340,0.00050,0.02995,0.00318,0.01428,0.00027,0.00780,0.00000,0.00000,0.00000,0.00000,0.48355,0.14115,0.00000,0.00000,0.10654,0.00000,0.13895,0.00001,0.12981,0.00000,0.00000
5.18400,4,0.43980,0.01269,0.00108,0.00330,0.05472,0.23949,0.12245,0.00610,0.17709,0.23186,0.00053,0.11889,0.00239,0.01563,0.00096,0.01282,0.00000,0.00000,0.00000,0.00000,0.49134,0.13267,0.00000,0.00000,0.09668,0.00000,0.14031,0.00000,0.13901,0.00000,0.00000
5.20533,10,0.43501,0.00882,0.00085,0.00339,0.03974,0.16595,0.08465,0.00421,0.12220,0.16437,0.00054,0.30903,0.00377,0.02677,0.00153,0.06419,0.00000,0.00000,0.00000,0.00000,0.47361,0.13429,0.00000,0.00000,0.09409,0.00000,0.14706,0.00000,0.15095,0.00000,0.00000
5.22667,10,0.38027,0.00628,0.00401,0.03333,0.03280,0.11970,0.08837,0.00292,0.08436,0.11369,0.00159,0.39596,0.00280,0.02104,0.00228,0.09088,0.00000,0.00000,0.00000,0.00000,0.30581,0.07100,0.00000,0.00000,0.11665,0.00000,0.29850,0.06157,0.08183,0.06465,0.00000
5.24800,5,0.32081,0.00446,0.02640,0.02445,0.02369,0.08453,0.32661,0.00204,0.05824,0.07859,0.00116,0.28142,0.00193,0.01461,0.00173,0.07012,0.00000,0.00000,0.00000,0.00000,0.17242,0.01921,0.00000,0.00000,0.13352,0.00000,0.43533,0.10275,0.02214,0.11462,0.00000
5.26933,5,0.26772,0.00356,0.06483,0.01726,0.01767,0.05921,0.48448,0.00144,0.04020,0.05425,0.00081,0.19489,0.00134,0.01011,0.00125,0.04869,0.00000,0.00000,0.00000,0.00000,0.14174,0.22816,0.00000,0.00000,0.12526,0.00000,0.30524,0.05579,0.07991,0.06390,0.00000
5.29067,5,0.22084,0.00728,0.16634,0.01229,0.01482,0.04568,0.50878,0.00107,0.02780,0.03753,0.00057,0.13500,0.00093,0.00699,0.00111,0.03381,0.00000,0.00000,0.00000,0.00000,0.12530,0.45548,0.00000,0.00000,0.10110,0.00000,0.17095,0.01510,0.11478,0.01729,0.00000
5.31200,1,0.31063,0.00533,0.40656,0.00862,0.01921,0.03348,0.35542,0.00074,0.01920,0.02651,0.00041,0.09384,0.00065,0.00483,0.00084,0.02436,0.00000,0.00000,0.00000,0.00000,0.11231,0.54941,0.00000,0.00000,0.08603,0.00000,0.13238,0.00408,0.11110,0.00468,0.00000
5.33333,1,0.43562,0.00368,0.54725,0.00665,0.01344,0.02311,0.24527,0.00051,0.01326,0.01851,0.00091,0.10374,0.00184,0.00344,0.00133,0.01706,0.00000,0.00000,0.00000,0.00000,0.10865,0.56935,0.00000,0.00000,0.08245,0.00000,0.12696,0.00212,0.10802,0.00243,0.00000
5.35467,1,0.45827,0.00258,0.42754,0.00463,0.00928,0.01597,0.16947,0.00036,0.00917,0.01288,0.00165,0.27066,0.05995,0.00299,0.00108,0.01179,0.00000,0.36437,0.00000,0.00000,0.11722,0.15405,0.00000,0.00000,0.10997,0.00000,0.13968,0.00057,0.11348,0.00066,0.00000
5.37600,1,0.43825,0.00199,0.29948,0.00332,0.00650,0.01253,0.17452,0.00069,0.00681,0.01459,0.00238,0.28197,0.18185,0.00404,0.00089,0.00843,0.00000,0.51654,0.00000,0.00000,0.09960,0.04168,0.00000,0.00000,0.10050,0.00000,0.13183,0.00016,0.10951,0.00018,0.00000
5.39733,5,0.38221,0.00141,0.20680,0.00230,0.00449,0.01035,0.41640,0.00082,0.00474,0.01015,0.00192,0.19955,0.13121,0.00323,0.00064,0.00598,0.00000,0.57589,0.00000,0.00000,0.08379,0.01128,0.00000,0.00000,0.08906,0.00000,0.12941,0.00004,0.11047,0.00005,0.00000
5.41867,5,0.37827,0.00109,0.14272,0.00160,0.00313,0.01278,0.59020,0.00109,0.00337,0.00703,0.00139,0.13805,0.09065,0.00226,0.00045,0.00420,0.00000,0.30410,0.00000,0.00000,0.10676,0.22602,0.00000,0.00000,0.09801,0.00000,0.13210,0.00001,0.13298,0.00001,0.00000
5.44000,5,0.41190,0.00101,0.09860,0.00113,0.00237,0.02202,0.43337,0.00088,0.00237,0.00593,0.00201,0.32298,0.09080,0.01249,0.00078,0.00326,0.00000,0.08229,0.00000,0.00000,0.11584,0.45490,0.00000,0.00000,0.09373,0.00000,0.12410,0.00000,0.12914,0.00000,0.00000
5.46133,10,0.39685,0.00074,0.08645,0.00171,0.00165,0.02205,0.30067,0.00062,0.00168,0.00624,0.00172,0.48165,0.06870,0.02194,0.00184,0.00232,0.00000,0.02227,0.00000,0.00000,0.10975,0.54925,0.00000,0.00000,0.08404,0.00000,0.11971,0.00000,0.11498,0.00000,0.00000
5.48267,10,0.36768,0.00059,0.23708,0.02033,0.00118,0.02860,0.20758,0.00046,0.00117,0.00769,0.00151,0.42540,0.04766,0.01756,0.00145,0.00175,0.00000,0.00602,0.00000,0.00000,0.12281,0.29611,0.00000,0.00000,0.10947,0.00000,0.28213,0.06157,0.05724,0.06465,0.00000
5.50400,1,0.39851,0.00053,0.37188,0.05624,0.03003,0.02153,0.14612,0.00037,0.00089,0.00804,0.00336,0.30939,0.03315,0.01538,0.00130,0.00177,0.00000,0.00163,0.00000,0.00000,0.12291,0.08012,0.00000,0.00000,0.13157,0.00000,0.43090,0.10275,0.01549,0.11462,0.00000
5.52533,10,0.40783,0.00041,0.26159,0.04054,0.02180,0.01565,0.10103,0.00027,0.00068,0.01518,0.00477,0.43252,0.02579,0.07419,0.00425,0.00135,0.00000,0.22338,0.00000,0.00000,0.12586,0.02168,0.00000,0.00000,0.13364,0.00000,0.31386,0.05579,0.06191,0.06389,0.00000
5.54667,10,0.43070,0.00028,0.27481,0.02967,0.01526,0.01352,0.06989,0.00019,0.00049,0.13724,0.00345,0.37525,0.01831,0.05649,0.00298,0.00215,0.00000,0.18965,0.00000,0.00000,0.12958,0.00587,0.00000,0.00000,0.13198,0.00000,0.33937,0.07666,0.04496,0.08194,0.00000
5.56800,1,0.43181,0.00020,0.38834,0.02112,0.01286,0.01069,0.04848,0.00013,0.00035,0.19610,0.00260,0.26344,0.01266,0.03921,0.00210,0.00172,0.00000,0.05132,0.00000,0.00000,0.12474,0.00159,0.00000,0.00000,0.13766,0.00000,0.44639,0.10684,0.01216,0.11930,0.00000
5.58933,1,0.45367,0.00020,0.48871,0.01498,0.02477,0.00958,0.03383,0.00010,0.00034,0.19887,0.00383,0.18206,0.00875,0.02712,0.00147,0.00539,0.00000,0.02669,0.00000,0.00000,0.12115,0.00083,0.00000,0.00000,0.13997,0.00000,0.47038,0.10938,0.00633,0.12527,0.00000
5.61067,1,0.48917,0.00017,0.58714,0.01037,0.01712,0.00663,0.02358,0.00007,0.00023,0.14506,0.00266,0.14178,0.00606,0.01887,0.03412,0.00613,0.00000,0.37159,0.00000,0.00000,0.12060,0.00022,0.00000,0.00000,0.12554,0.00000,0.23260,0.02960,0.08596,0.03390,0.00000
5.63200,1,0.50767,0.00013,0.40944,0.00716,0.01181,0.00458,0.01634,0.00005,0.00016,0.11014,0.00189,0.11097,0.00425,0.01309,0.30523,0.00477,0.00000,0.51849,0.00000,0.00000,0.10052,0.00006,0.00000,0.00000,0.10471,0.00000,0.15697,0.00801,0.10207,0.00917,0.00000
5.65333,13,0.50110,0.00015,0.29178,0.00509,0.00817,0.00318,0.01277,0.00003,0.00012,0.09297,0.00200,0.08738,0.00301,0.00921,0.48012,0.00400,0.00000,0.57642,0.00000,0.00000,0.08404,0.00002,0.00000,0.00000,0.09020,0.00000,0.13622,0.00217,0.10845,0.00248,0.00000
5.67467,13,0.49036,0.00011,0.26821,0.00360,0.00593,0.00230,0.03364,0.00002,0.00009,0.28039,0.00182,0.06067,0.00208,0.00636,0.33164,0.00315,0.00000,0.30424,0.00000,0.00000,0.09511,0.00000,0.00000,0.00000,0.10577,0.00000,0.17013,0.00059,0.05851,0.21161,0.05403
5.69600,1,0.48080,0.00009,0.33752,0.00249,0.01209,0.00188,0.04422,0.00002,0.00007,0.32054,0.00148,0.04218,0.00144,0.00440,0.22903,0.00256,0.00000,0.08233,0.00000,0.00000,0.09804,0.00000,0.00000,0.00000,0.11992,0.00000,0.18344,0.00016,0.01583,0.40976,0.09052
5.71733,1,0.47555,0.00013,0.36474,0.00173,0.02029,0.00132,0.03145,0.00001,0.00007,0.24765,0.00165,0.15835,0.00301,0.00612,0.16091,0.00258,0.00000,0.24520,0.00000,0.00000,0.11334,0.00000,0.00000,0.00000,0.12659,0.00000,0.16676,0.00004,0.06199,0.23688,0.04918
5.73867,10,0.47255,0.00010,0.26306,0.00122,0.01409,0.00091,0.02177,0.00001,0.00005,0.17619,0.00155,0.37791,0.00882,0.01833,0.11294,0.00304,0.00000,0.46247,0.00000,0.00000,0.10730,0.00000,0.00000,0.00000,0.11235,0.00000,0.14323,0.00001,0.09724,0.06410,0.01331
5.76000,10,0.46118,0.00008,0.18217,0.00093,0.00974,0.00148,0.01542,0.00009,0.00004,0.31649,0.00187,0.35478,0.00921,0.02525,0.07919,0.00325,0.00000,0.27033,0.00000,0.00000,0.11831,0.00000,0.00000,0.00000,0.12095,0.00000,0.29008,0.06157,0.05317,0.08199,0.00360
5.78133,8,0.44802,0.00008,0.12598,0.00066,0.00674,0.00186,0.01165,0.00014,0.00004,0.52419,0.00149,0.24596,0.00639,0.01785,0.05468,0.00229,0.00000,0.07314,0.00000,0.00000,0.12169,0.00000,0.00000,0.00000,0.13468,0.00000,0.43306,0.10275,0.01438,0.11932,0.00097
5.80267,8,0.43371,0.00054,0.09349,0.00078,0.00518,0.00643,0.02148,0.00023,0.00004,0.60447,0.01521,0.17520,0.00475,0.01387,0.03836,0.01999,0.00000,0.01979,0.00000,0.00000,0.11671,0.00000,0.00000,0.00000,0.28697,0.00000,0.32636,0.11515,0.06960,0.06517,0.00026
5.82400,8,0.42980,0.00051,0.06462,0.00064,0.00359,0.00473,0.01513,0.00016,0.00003,0.42308,0.01345,0.12096,0.00328,0.00960,0.02684,0.31337,0.00000,0.00536,0.00000,0.00000,0.11227,0.00000,0.00000,0.00000,0.45029,0.00000,0.19694,0.10894,0.10849,0.01763,0.00007
5.84533,14,0.45961,0.00036,0.04461,0.00045,0.00248,0.00328,0.01154,0.00011,0.00002,0.29214,0.00938,0.09134,0.02976,0.01914,0.01865,0.47675,0.00000,0.00145,0.00000,0.00000,0.11384,0.00000,0.00000,0.00000,0.51916,0.00000,0.14794,0.09949,0.11333,0.00477,0.00002
5.86667,14,0.44671,0.00030,0.03080,0.00032,0.00189,0.00237,0.00867,0.00008,0.00082,0.20368,0.00675,0.17384,0.02914,0.19560,0.01309,0.33267,0.00000,0.00075,0.00000,0.00000,0.11694,0.00000,0.00000,0.00000,0.53235,0.00000,0.13680,0.09680,0.11386,0.00248,0.00001
5.88800,14,0.41890,0.00043,0.02197,0.00161,0.19888,0.01537,0.00623,0.00021,0.00216,0.15162,0.00765,0.13004,0.02611,0.19348,0.00920,0.23505,0.00000,0.00020,0.00000,0.00000,0.12380,0.00000,0.00000,0.00000,0.23582,0.00000,0.12032,0.02619,0.15050,0.00067,0.34251
5.90933,3,0.39044,0.00046,0.01618,0.00477,0.41479,0.02812,0.00486,0.00039,0.00378,0.10995,0.00589,0.09025,0.01816,0.13368,0.00637,0.16234,0.00000,0.00006,0.00000,0.00000,0.12049,0.00000,0.00000,0.00000,0.15452,0.00000,0.11075,0.00709,0.14371,0.00018,0.46321
5.93067,3,0.41872,0.00033,0.01142,0.00346,0.57063,0.01997,0.01919,0.00027,0.00262,0.07834,0.00412,0.06461,0.01269,0.09584,0.00440,0.11211,0.06816,0.00001,0.00000,0.19927,0.13928,0.00000,0.00000,0.00000,0.14945,0.00000,0.11533,0.00192,0.07146,0.00005,0.25507
5.95200,3,0.41925,0.00023,0.00790,0.00241,0.56514,0.01381,0.01823,0.00019,0.00181,0.05409,0.00290,0.04492,0.00891,0.19906,0.00303,0.07738,0.11080,0.00000,0.00000,0.36624,0.14900,0.00000,0.00000,0.00000,0.14578,0.00000,0.13928,0.00052,0.01934,0.00001,0.06902
5.97333,12,0.38254,0.00016,0.00545,0.00169,0.39147,0.00962,0.01397,0.00083,0.00135,0.03735,0.00209,0.03296,0.00762,0.43985,0.00209,0.05349,0.11546,0.00000,0.00000,0.41632,0.14629,0.00000,0.00000,0.00000,0.13402,0.00000,0.16387,0.00014,0.00523,0.00000,0.01867
5.99467,12,0.34432,0.00019,0.00377,0.08045,0.27031,0.00668,0.00977,0.18258,0.04084,0.02578,0.00145,0.02278,0.00528,0.31177,0.00145,0.03692,0.06011,0.00000,0.00000,0.22121,0.14857,0.00000,0.00000,0.00000,0.13175,0.00000,0.15292,0.05673,0.22365,0.00000,0.00505
6.01600,6,0.31607,0.00068,0.00261,0.14956,0.18700,0.00476,0.00888,0.26534,0.09903,0.01779,0.00101,0.01573,0.00366,0.21747,0.00101,0.02548,0.01627,0.00000,0.00000,0.05986,0.13412,0.00000,0.00000,0.00000,0.12492,0.00000,0.11836,0.10140,0.44371,0.00000,0.00137
6.03733,6,0.29574,0.00051,0.00180,0.12013,0.12922,0.00350,0.00675,0.42094,0.12242,0.01228,0.00070,0.01086,0.00253,0.15008,0.00070,0.01759,0.00440,0.00000,0.00000,0.01619,0.14983,0.00000,0.21943,0.05760,0.06296,0.00000,0.10319,0.05702,0.32900,0.00000,0.00037
6.05867,6,0.28300,0.00036,0.00124,0.08636,0.08923,0.00255,0.00481,0.53433,0.14663,0.00847,0.00049,0.00752,0.00175,0.10358,0.00048,0.01220,0.00119,0.00000,0.00000,0.00438,0.15212,0.00000,0.42316,0.09516,0.01704,0.00000,0.10542,0.01543,0.18600,0.00000,0.00010
6.08000,6,0.28162,0.00025,0.00090,0.08202,0.06174,0.00217,0.00654,0.55959,0.19324,0.00585,0.00050,0.00541,0.00122,0.07155,0.00034,0.00869,0.00032,0.00000,0.00000,0.00119,0.13643,0.00000,0.50089,0.09785,0.00461,0.00000,0.11436,0.00417,0.14014,0.00000,0.00003
6.10133,6,0.26822,0.00017,0.00070,0.06004,0.04263,0.00321,0.01606,0.64435,0.13836,0.00405,0.02718,0.00387,0.00086,0.04950,0.00036,0.00868,0.00009,0.00000,0.00000,0.00032,0.12027,0.00000,0.53161,0.09341,0.00125,0.00000,0.12702,0.00113,0.12490,0.00000,0.00001
6.12267,6,0.41807,0.00012,0.00049,0.04148,0.02941,0.00223,0.01118,0.48330,0.09553,0.00281,0.01921,0.00292,0.00061,0.03419,0.26712,0.00941,0.00005,0.00000,0.00000,0.00017,0.11351,0.00000,0.53775,0.09108,0.00065,0.00000,0.13404,0.00059,0.12216,0.00000,0.00000
6.14400,13,0.49785,0.00008,0.00033,0.02862,0.02029,0.00154,0.00772,0.33348,0.06591,0.00194,0.01331,0.00206,0.00042,0.02359,0.49399,0.00670,0.00001,0.00000,0.00000,0.00005,0.10319,0.00000,0.53872,0.08771,0.00018,0.00000,0.14818,0.00016,0.12180,0.00000,0.00000
6.16533,13,0.51609,0.00006,0.00023,0.01975,0.01400,0.00106,0.00532,0.23010,0.04548,0.00134,0.00980,0.00146,0.00029,0.01628,0.65015,0.00466,0.00000,0.00000,0.00000,0.00001,0.10592,0.00000,0.27843,0.04517,0.06107,0.00000,0.18026,0.00004,0.06413,0.21093,0.05403
6.18667,13,0.51163,0.00004,0.00016,0.01363,0.00966,0.00073,0.00367,0.15877,0.03138,0.00093,0.06377,0.00119,0.00020,0.01123,0.70137,0.00327,0.00000,0.00000,0.00000,0.00000,0.10096,0.00000,0.07534,0.01222,0.10782,0.00000,0.18619,0.00001,0.01735,0.40958,0.09052
6.20800,13,0.50135,0.00003,0.00011,0.00941,0.00667,0.00051,0.00254,0.10955,0.02165,0.00064,0.34085,0.00083,0.00014,0.00775,0.49692,0.00240,0.00000,0.00000,0.00000,0.00000,0.09582,0.00000,0.02039,0.00331,0.12329,0.00000,0.17437,0.00000,0.00470,0.48278,0.09535
6.22933,9,0.48844,0.00002,0.00010,0.00651,0.00461,0.00037,0.00181,0.07559,0.01494,0.00046,0.54340,0.00059,0.00012,0.00538,0.34297,0.00313,0.00000,0.00000,0.00000,0.00000,0.09796,0.00000,0.00552,0.00089,0.13430,0.00000,0.16131,0.00000,0.00127,0.50464,0.09410
6.25067,9,0.48258,0.00001,0.00020,0.00477,0.00326,0.00033,0.00176,0.05217,0.01031,0.00039,0.67864,0.00080,0.00027,0.00454,0.23666,0.00588,0.00000,0.00000,0.00000,0.00000,0.12516,0.00000,0.00149,0.00024,0.13261,0.21088,0.16140,0.00000,0.05703,0.26255,0.04864
6.27200,9,0.47679,0.00001,0.00019,0.00359,0.00253,0.00039,0.00202,0.03603,0.00712,0.00039,0.76030,0.00516,0.00149,0.01258,0.16336,0.00487,0.00000,0.00000,0.00000,0.00000,0.14625,0.00000,0.00040,0.00007,0.12129,0.38905,0.15541,0.00000,0.10332,0.07104,0.01316
6.29333,9,0.47581,0.00001,0.00014,0.00271,0.00227,0.00439,0.00209,0.02532,0.00494,0.00048,0.79975,0.01594,0.00492,0.02075,0.11283,0.00347,0.00000,0.00000,0.00000,0.00000,0.15593,0.00000,0.00011,0.00002,0.11442,0.44338,0.14462,0.00000,0.11874,0.01922,0.00356
6.31467,9,0.44852,0.00001,0.00012,0.00234,0.00185,0.01738,0.00390,0.02743,0.01215,0.00064,0.72926,0.02902,0.00544,0.08984,0.07807,0.00255,0.00000,0.00000,0.00000,0.00000,0.16301,0.00000,0.00003,0.00000,0.11112,0.45739,0.13583,0.00000,0.12645,0.00520,0.00096
6.33600,9,0.40046,0.00002,0.00011,0.00164,0.00140,0.13402,0.00438,0.06770,0.00856,0.00066,0.54261,0.04297,0.00451,0.13562,0.05390,0.00190,0.00000,0.00000,0.00000,0.00000,0.16949,0.00000,0.00001,0.00000,0.11059,0.45569,0.13016,0.00000,0.13240,0.00141,0.00026
6.35733,9,0.35140,0.00029,0.00013,0.00125,0.00150,0.24039,0.00691,0.14559,0.00625,0.00071,0.38631,0.03734,0.00343,0.13120,0.03721,0.00149,0.00000,0.00000,0.00000,0.00000,0.17547,0.00000,0.00000,0.00000,0.11206,0.44696,0.12716,0.00000,0.13789,0.00038,0.00007
6.37867,4,0.29369,0.01735,0.00052,0.00133,0.00154,0.33604,0.03028,0.16519,0.00563,0.00088,0.26885,0.02822,0.00306,0.11358,0.02605,0.00149,0.00000,0.00000,0.00000,0.00000,0.18058,0.00000,0.00000,0.00000,0.11477,0.43560,0.12598,0.00000,0.14295,0.00010,0.00002
6.40000,4,0.24516,0.03790,0.00193,0.00114,0.00327,0.47743,0.04285,0.11822,0.00553,0.00117,0.18561,0.01997,0.00259,0.08315,0.01808,0.00117,0.00000,0.00000,0.00000,0.00000,0.18264,0.00000,0.00000,0.00000,0.11635,0.42994,0.12576,0.00000,0.14523,0.00005,0.00001
6.42133,4,0.21730,0.02851,0.00175,0.00097,0.00907,0.61623,0.03406,0.08734,0.00601,0.00095,0.12809,0.01406,0.00203,0.05757,0.01250,0.00086,0.00000,0.00000,0.00000,0.00000,0.38942,0.08844,0.00000,0.00000,0.13132,0.11633,0.14286,0.00000,0.13161,0.00001,0.00000
6.44267,4,0.18987,0.03198,0.00132,0.05202,0.00708,0.62770,0.02545,0.06240,0.04152,0.00068,0.08841,0.01016,0.00145,0.04039,0.00881,0.00063,0.00000,0.00000,0.00000,0.00000,0.46961,0.11399,0.00000,0.00000,0.11570,0.03148,0.13994,0.00000,0.12929,0.00000,0.00000
6.46400,4,0.16982,0.04548,0.00135,0.04434,0.00700,0.59835,0.01902,0.04403,0.05437,0.00382,0.09553,0.03988,0.00139,0.02876,0.00767,0.00901,0.00000,0.00000,0.00000,0.00000,0.49308,0.12362,0.00000,0.00000,0.10134,0.00852,0.13875,0.00000,0.13469,0.00000,0.00000
6.48533,4,0.14559,0.14265,0.02312,0.03689,0.00721,0.52272,0.01514,0.03139,0.04161,0.00462,0.07672,0.03864,0.00205,0.02118,0.00695,0.02909,0.00000,0.00000,0.00000,0.00000,0.48520,0.12980,0.00000,0.00000,0.09466,0.00230,0.14308,0.00000,0.14495,0.00000,0.00000
6.50667,4,0.12151,0.17160,0.05703,0.03120,0.00601,0.46961,0.02593,0.02233,0.02990,0.00354,0.05727,0.03646,0.00272,0.01569,0.01171,0.05901,0.00000,0.00000,0.00000,0.00000,0.45924,0.13568,0.00000,0.00000,0.09525,0.00062,0.15184,0.00000,0.15736,0.00000,0.00000
6.52800,4,0.09871,0.18360,0.07305,0.02323,0.00486,0.47196,0.04028,0.01594,0.02254,0.00259,0.04135,0.02807,0.00293,0.01247,0.01512,0.06200,0.00000,0.00000,0.00000,0.00000,0.42526,0.14184,0.00000,0.00000,0.10082,0.00017,0.16263,0.00000,0.16929,0.00000,0.00000
6.54933,4,0.07902,0.17401,0.15839,0.01794,0.00428,0.42673,0.04294,0.01201,0.01696,0.00195,0.03087,0.02248,0.00274,0.01023,0.01977,0.05868,0.00000,0.00000,0.00000,0.00000,0.39239,0.14821,0.00000,0.00000,0.10858,0.00005,0.17266,0.00000,0.17810,0.00000,0.00000
6.57067,4,0.06234,0.19407,0.15540,0.01430,0.00559,0.42791,0.03727,0.00916,0.01418,0.00171,0.02268,0.02075,0.00313,0.00984,0.02070,0.06331,0.00000,0.00000,0.00000,0.00000,0.36956,0.15453,0.00000,0.00000,0.11562,0.00001,0.17910,0.00000,0.18117,0.00000,0.00000
6.59200,4,0.05325,0.22219,0.13887,0.01425,0.00932,0.39814,0.03391,0.00832,0.01324,0.00368,0.01912,0.02205,0.00535,0.01063,0.02643,0.07450,0.00000,0.00000,0.00000,0.00000,0.36509,0.15900,0.00000,0.00000,0.11950,0.00000,0.17984,0.00000,0.17657,0.00000,0.00000
6.61333,4,0.16013,0.19816,0.12523,0.01918,0.01776,0.29374,0.03186,0.00619,0.01083,0.01247,0.03032,0.03153,0.00831,0.01127,0.04326,0.15987,0.00000,0.00000,0.00000,0.00000,0.36824,0.16244,0.00000,0.00000,0.12204,0.00000,0.17833,0.00000,0.16895,0.00000,0.00000
6.63467,14,0.40072,0.13674,0.08645,0.01326,0.01226,0.20268,0.02201,0.00427,0.00748,0.00876,0.02986,0.02317,0.00631,0.00778,0.15602,0.28294,0.00000,0.00000,0.00000,0.00000,0.37225,0.16499,0.00000,0.00000,0.12380,0.00000,0.17668,0.00000,0.16228,0.00000,0.00000
6.65600,14,0.50102,0.09436,0.05968,0.00915,0.00848,0.13986,0.01520,0.00295,0.00516,0.00607,0.11181,0.01809,0.01070,0.00563,0.20867,0.30419,0.00000,0.00000,0.00000,0.00000,0.37304,0.16548,0.00000,0.00000,0.12414,0.00000,0.17636,0.00000,0.16098,0.00000,0.00000
6.67733,9,0.50976,0.06511,0.04122,0.00633,0.00593,0.09694,0.01054,0.00204,0.00357,0.00456,0.35919,0.01479,0.01914,0.00494,0.15003,0.21566,0.00000,0.00000,0.00000,0.00000,0.19309,0.04477,0.00000,0.00000,0.12536,0.00000,0.13102,0.00000,0.16324,0.00000,0.34251
6.69867,9,0.47211,0.04497,0.02851,0.00451,0.00440,0.06839,0.01222,0.00150,0.00270,0.00380,0.54452,0.01156,0.01502,0.00454,0.10415,0.14920,0.00000,0.00000,0.00000,0.00000,0.15453,0.01212,0.00000,0.00000,0.12460,0.21089,0.14293,0.00000,0.13765,0.00000,0.21727
6.72000,9,0.40137,0.03111,0.01976,0.00311,0.00308,0.05490,0.26770,0.00251,0.00187,0.00265,0.41157,0.00849,0.01088,0.00515,0.07207,0.10515,0.00000,0.00000,0.00000,0.00000,0.15420,0.00328,0.00000,0.00000,0.11913,0.38905,0.15042,0.00000,0.12514,0.00000,0.05879
6.74133,5,0.33524,0.02148,0.01364,0.00215,0.00220,0.03943,0.49239,0.00200,0.00129,0.00183,0.28428,0.00588,0.00752,0.00359,0.04973,0.07259,0.00000,0.00000,0.00000,0.00000,0.15808,0.00089,0.00000,0.00000,0.11384,0.44338,0.14326,0.00000,0.12464,0.00000,0.01591
6.76267,5,0.32242,0.01484,0.00942,0.00148,0.00153,0.02796,0.64880,0.00140,0.00091,0.00127,0.19616,0.00413,0.00519,0.00248,0.03433,0.05009,0.00000,0.00000,0.00000,0.00000,0.14942,0.22319,0.00000,0.00000,0.11187,0.23579,0.13593,0.00000,0.13950,0.00000,0.00430
6.78400,5,0.30346,0.01136,0.00675,0.00103,0.00107,0.01951,0.59198,0.00097,0.00065,0.00254,0.14710,0.13108,0.00372,0.00234,0.03524,0.04467,0.00000,0.00000,0.00000,0.00000,0.12738,0.45414,0.00000,0.00000,0.09748,0.06380,0.12514,0.00000,0.13090,0.00000,0.00116
6.80533,5,0.29765,0.00829,0.00764,0.00124,0.00097,0.01366,0.43359,0.00068,0.00047,0.00471,0.12602,0.30583,0.00375,0.00593,0.04200,0.04524,0.00000,0.00000,0.00000,0.00000,0.11288,0.54905,0.00000,0.00000,0.08505,0.01726,0.11999,0.00000,0.11546,0.00000,0.00032
6.82667,10,0.25903,0.00649,0.00989,0.16094,0.00643,0.01111,0.30733,0.00048,0.00040,0.00646,0.08966,0.32471,0.00287,0.00909,0.03004,0.03409,0.00000,0.00000,0.00000,0.00000,0.10706,0.57679,0.00000,0.00000,0.08101,0.00467,0.12295,0.00000,0.10743,0.00000,0.00009
6.84800,2,0.22482,0.00481,0.00706,0.41369,0.00528,0.00785,0.21217,0.00034,0.00031,0.00460,0.06375,0.22729,0.00201,0.00648,0.02081,0.02357,0.00000,0.00000,0.00000,0.00000,0.12264,0.29889,0.00000,0.00000,0.10983,0.00126,0.28557,0.06157,0.05557,0.06465,0.00002
6.86933,2,0.18926,0.00984,0.00819,0.50020,0.00768,0.02548,0.18232,0.00147,0.00043,0.00520,0.06182,0.15888,0.00156,0.00476,0.01536,0.01682,0.00000,0.00000,0.22469,0.00000,0.12980,0.08088,0.00000,0.00000,0.06445,0.05268,0.27075,0.04700,0.07884,0.05090,0.00001
6.89067,2,0.19793,0.00984,0.00724,0.35531,0.00654,0.24618,0.18466,0.00319,0.00036,0.00694,0.04274,0.10987,0.00125,0.00343,0.01074,0.01172,0.00000,0.00000,0.43019,0.00000,0.11873,0.02188,0.00000,0.00000,0.01744,0.09550,0.17312,0.01272,0.11664,0.01377,0.00000
6.91200,4,0.18932,0.00683,0.00505,0.24521,0.00457,0.47029,0.13398,0.00222,0.00026,0.00479,0.02951,0.07816,0.00091,0.00265,0.00742,0.00814,0.00000,0.00000,0.50223,0.00000,0.10355,0.00592,0.00000,0.00000,0.00472,0.11030,0.13753,0.00344,0.12859,0.00373,0.00000
6.93333,4,0.25407,0.00481,0.00404,0.17006,0.00328,0.56956,0.11713,0.00157,0.00019,0.00332,0.02043,0.06675,0.00826,0.00655,0.00512,0.01893,0.00000,0.00000,0.51658,0.00000,0.09744,0.00308,0.00000,0.00000,0.00245,0.11473,0.12933,0.00179,0.13266,0.00194,0.00000
6.95467,4,0.37334,0.00332,0.00280,0.11734,0.00226,0.39663,0.08502,0.00111,0.00013,0.00231,0.01414,0.04764,0.02501,0.21459,0.00354,0.08415,0.00000,0.00000,0.13978,0.00000,0.36636,0.08927,0.00000,0.00000,0.10050,0.03104,0.14383,0.00048,0.12821,0.00052,0.00000
6.97600,4,0.41328,0.00230,0.12547,0.08104,0.00158,0.27374,0.06580,0.00077,0.00009,0.06707,0.01023,0.04312,0.01817,0.21665,0.00246,0.09151,0.00000,0.00000,0.03782,0.00000,0.46337,0.11421,0.00000,0.00000,0.10736,0.00840,0.14020,0.00013,0.12837,0.00014,0.00000
6.99733,1,0.43855,0.00161,0.20034,0.05607,0.00111,0.18903,0.06289,0.00054,0.00006,0.16646,0.02316,0.03022,0.01272,0.17263,0.00177,0.08140,0.00000,0.00000,0.01023,0.00000,0.49140,0.12368,0.00000,0.00000,0.09908,0.00227,0.13882,0.00004,0.13444,0.00004,0.00000
7.01867,12,0.43452,0.00112,0.16266,0.03878,0.00080,0.13053,0.04597,0.00038,0.00004,0.13524,0.01653,0.02089,0.00889,0.38053,0.00122,0.05642,0.00000,0.22291,0.00277,0.00000,0.31887,0.06600,0.00000,0.00000,0.11231,0.00062,0.14634,0.00001,0.13015,0.00001,0.00000
7.04000,12,0.42646,0.00077,0.11258,0.02678,0.00057,0.09008,0.03200,0.00026,0.00003,0.09452,0.01145,0.01476,0.00624,0.56922,0.00084,0.03988,0.00000,0.18953,0.00075,0.00000,0.18842,0.01786,0.00000,0.00000,0.12427,0.00017,0.13666,0.05669,0.28566,0.00000,0.00000
7.06133,12,0.39475,0.00054,0.07858,0.02033,0.00176,0.06341,0.02753,0.00161,0.01856,0.08334,0.00850,0.02410,0.00532,0.51454,0.00060,0.15128,0.00000,0.05128,0.00020,0.00000,0.14491,0.00483,0.00000,0.00000,0.12290,0.00005,0.11396,0.10139,0.46049,0.00000,0.00000
7.08267,12,0.35807,0.00037,0.05423,0.01428,0.00130,0.04511,0.01911,0.27498,0.03015,0.05797,0.00596,0.01743,0.00373,0.36453,0.00042,0.11044,0.00000,0.01388,0.00005,0.00000,0.12092,0.00131,0.00000,0.00000,0.11797,0.00001,0.09610,0.11431,0.53544,0.00000,0.00000
7.10400,6,0.34076,0.00026,0.03742,0.01003,0.00100,0.03184,0.01322,0.49136,0.02802,0.04001,0.00412,0.01203,0.00257,0.25162,0.00029,0.07621,0.00000,0.00375,0.00001,0.00000,0.11075,0.00035,0.00000,0.00000,0.11838,0.00000,0.08810,0.11945,0.55918,0.00000,0.00000
7.12533,6,0.32743,0.00019,0.02586,0.00701,0.00120,0.02313,0.00967,0.64391,0.02186,0.02761,0.00287,0.00830,0.00178,0.17382,0.00020,0.05261,0.00000,0.00102,0.00000,0.00000,0.14165,0.00010,0.21941,0.05759,0.06282,0.00000,0.09354,0.06309,0.36078,0.00000,0.00000
7.14667,6,0.30721,0.00013,0.01785,0.00561,0.00123,0.01675,0.00703,0.74967,0.01707,0.01907,0.00200,0.00576,0.00123,0.11999,0.00014,0.03649,0.00000,0.00027,0.00000,0.00000,0.14991,0.00003,0.42316,0.09516,0.01700,0.00000,0.10281,0.01707,0.19459,0.00000,0.00000
7.16800,6,0.27929,0.00010,0.01239,0.00518,0.00108,0.01463,0.00572,0.78265,0.01350,0.01320,0.00604,0.00492,0.00088,0.08316,0.00011,0.05642,0.00000,0.00007,0.00000,0.00000,0.13584,0.00001,0.50089,0.09785,0.00460,0.00000,0.11365,0.00462,0.14247,0.00000,0.00000
7.18933,6,0.42299,0.00007,0.00859,0.00364,0.00075,0.01015,0.00399,0.66004,0.00945,0.00912,0.01056,0.00746,0.00137,0.05914,0.00184,0.21382,0.00000,0.00004,0.00000,0.00000,0.12770,0.00000,0.52002,0.09585,0.00239,0.00000,0.12000,0.00240,0.13160,0.00000,0.00000
7.21067,6,0.41745,0.00005,0.00593,0.00251,0.00052,0.00721,0.00276,0.45567,0.00652,0.00643,0.00816,0.00817,0.00108,0.04116,0.00128,0.45257,0.00000,0.00001,0.00000,0.00000,0.11342,0.00000,0.53775,0.09108,0.00065,0.00000,0.13394,0.00065,0.12249,0.00000,0.00000
7.23200,14,0.39492,0.00005,0.00428,0.00186,0.00037,0.02261,0.01338,0.31556,0.00461,0.04833,0.01196,0.04671,0.00315,0.06178,0.00098,0.46438,0.00000,0.00000,0.00000,0.00000,0.10317,0.00000,0.53872,0.08771,0.00018,0.00000,0.14816,0.00018,0.12189,0.00000,0.00000
7.25333,14,0.35997,0.00015,0.00305,0.00175,0.00095,0.10049,0.09369,0.24387,0.02552,0.04603,0.04112,0.03498,0.00757,0.05327,0.00117,0.34639,0.00000,0.00000,0.00000,0.00000,0.11426,0.00000,0.27841,0.04517,0.06098,0.00000,0.13718,0.00005,0.14739,0.00000,0.21656
7.27467,6,0.32060,0.00020,0.00215,0.00183,0.00075,0.09693,0.07160,0.39526,0.05710,0.03281,0.03342,0.02485,0.00561,0.03724,0.00085,0.23938,0.00000,0.00000,0.00000,0.00000,0.11980,0.00000,0.07534,0.01222,0.10743,0.00000,0.11714,0.00001,0.15036,0.00000,0.41770
7.29600,6,0.29898,0.00015,0.00151,0.00204,0.00055,0.07282,0.05475,0.56736,0.04152,0.02273,0.02308,0.01718,0.00388,0.02668,0.00058,0.16518,0.00000,0.00000,0.00000,0.00000,0.14667,0.00000,0.23982,0.06091,0.06011,0.00000,0.10626,0.00000,0.14529,0.00000,0.24094
7.31733,6,0.27569,0.00013,0.00109,0.00213,0.00040,0.05628,0.03902,0.68548,0.03180,0.01652,0.01609,0.01314,0.00270,0.02068,0.00041,0.11412,0.00000,0.00000,0.00000,0.00000,0.15127,0.00000,0.42868,0.09605,0.01626,0.00000,0.10625,0.00000,0.13629,0.00000,0.06520
7.33867,6,0.36042,0.00031,0.00262,0.00165,0.00033,0.03994,0.02818,0.59301,0.02217,0.03468,0.01533,0.14979,0.00250,0.01881,0.00049,0.09017,0.00000,0.00000,0.00000,0.00000,0.13620,0.00000,0.50238,0.09810,0.00440,0.00000,0.11458,0.00000,0.12669,0.00000,0.01764
7.36000,6,0.43660,0.00028,0.00201,0.00115,0.00024,0.02777,0.02126,0.41991,0.01531,0.24934,0.01192,0.15294,0.00426,0.01478,0.00317,0.07568,0.00000,0.00000,0.00000,0.00000,0.12021,0.00000,0.53201,0.09348,0.00119,0.00000,0.12708,0.00000,0.12126,0.00000,0.00477
7.38133,8,0.46324,0.00019,0.00143,0.00079,0.00017,0.01920,0.01472,0.28978,0.01056,0.45675,0.00917,0.12357,0.00333,0.01177,0.00252,0.05606,0.00000,0.00000,0.00000,0.00000,0.10780,0.00000,0.53992,0.08916,0.00032,0.00000,0.14119,0.00000,0.12032,0.00000,0.00129
7.40267,8,0.45535,0.00013,0.00125,0.00058,0.00032,0.01360,0.01058,0.20001,0.00733,0.61709,0.00643,0.08842,0.00240,0.00823,0.00292,0.04069,0.00000,0.00000,0.00000,0.00000,0.10819,0.00000,0.28025,0.04563,0.21506,0.00000,0.16237,0.05936,0.12879,0.00000,0.00035
7.42400,8,0.40861,0.00022,0.00100,0.00055,0.00047,0.01105,0.00784,0.13822,0.07574,0.66050,0.00459,0.06200,0.00169,0.00586,0.00212,0.02815,0.00000,0.00000,0.00000,0.00000,0.10997,0.00000,0.07583,0.01235,0.43083,0.00000,0.15257,0.09385,0.12451,0.00000,0.00009
7.44533,8,0.36115,0.00035,0.00074,0.00065,0.00131,0.01162,0.00647,0.09942,0.31525,0.49190,0.00320,0.04289,0.00118,0.00408,0.00147,0.01948,0.00000,0.00000,0.00000,0.00000,0.11321,0.00000,0.02052,0.00334,0.51390,0.00000,0.13594,0.09541,0.11766,0.00000,0.00003
7.46667,7,0.31174,0.00077,0.00064,0.00831,0.00192,0.01233,0.02024,0.07009,0.48329,0.34051,0.00304,0.02970,0.00085,0.00362,0.00110,0.02358,0.00000,0.00000,0.00000,0.00000,0.11662,0.00000,0.01067,0.00174,0.52961,0.00000,0.13055,0.09468,0.11612,0.00000,0.00001
7.48800,7,0.27510,0.00125,0.00615,0.01288,0.00165,0.01582,0.06890,0.04874,0.36984,0.23501,0.00278,0.02058,0.00059,0.00254,0.00113,0.21214,0.00000,0.00000,0.00000,0.00000,0.12654,0.00000,0.00289,0.00047,0.52924,0.00000,0.12735,0.09597,0.11755,0.00000,0.00000
7.50933,14,0.37247,0.00087,0.00427,0.00904,0.00115,0.01095,0.04826,0.03363,0.25527,0.16223,0.00203,0.01430,0.00043,0.00177,0.00253,0.45328,0.00000,0.00000,0.00000,0.00000,0.11256,0.00000,0.00078,0.37513,0.22259,0.00000,0.12966,0.02597,0.13330,0.00000,0.00000
7.53067,14,0.36358,0.00067,0.00318,0.00629,0.00080,0.00817,0.03487,0.02321,0.17615,0.17028,0.00201,0.02350,0.00338,0.01521,0.00851,0.52377,0.00000,0.00000,0.00000,0.00000,0.11875,0.00000,0.00021,0.24605,0.14241,0.00000,0.11983,0.00703,0.14918,0.00000,0.21654
7.55200,14,0.32552,0.00186,0.00848,0.00793,0.01678,0.01153,0.02662,0.01639,0.12197,0.28946,0.00541,0.03651,0.00367,0.07062,0.01311,0.36966,0.00000,0.00000,0.00000,0.00000,0.12102,0.00000,0.00006,0.06657,0.12947,0.00000,0.11244,0.00190,0.15084,0.00000,0.41770
7.57333,14,0.27734,0.00154,0.00954,0.02602,0.25277,0.01571,0.03122,0.01689,0.08432,0.21467,0.00536,0.02544,0.00256,0.04957,0.00919,0.25520,0.00000,0.00000,0.00000,0.00000,0.11906,0.00000,0.00002,0.01801,0.12607,0.00000,0.10809,0.00051,0.13787,0.00000,0.49037
7.59467,2,0.23642,0.00299,0.01653,0.26010,0.21620,0.01233,0.03011,0.01177,0.05827,0.14896,0.00416,0.01799,0.00178,0.03423,0.00670,0.17787,0.00000,0.00000,0.00000,0.00000,0.12018,0.00000,0.00000,0.00487,0.12709,0.00000,0.10915,0.00014,0.12659,0.00000,0.51198
7.61600,2,0.26998,0.00288,0.01388,0.33629,0.16121,0.00873,0.02848,0.00816,0.04022,0.10589,0.03499,0.01564,0.00133,0.02382,0.03846,0.18003,0.00000,0.00000,0.22472,0.00000,0.12830,0.00000,0.00000,0.00132,0.06688,0.05235,0.13227,0.00004,0.12767,0.00000,0.26646
7.63733,2,0.37008,0.00200,0.01032,0.38042,0.11245,0.00603,0.02008,0.00563,0.02779,0.07527,0.05941,0.07269,0.00758,0.01892,0.03922,0.16220,0.00000,0.00000,0.43019,0.00000,0.11833,0.00000,0.00000,0.00036,0.01810,0.09541,0.13565,0.00001,0.12985,0.00000,0.07210
7.65867,2,0.36198,0.00140,0.00774,0.26598,0.07775,0.00417,0.01492,0.00389,0.01919,0.05225,0.17866,0.20449,0.00667,0.02133,0.02865,0.11293,0.00000,0.00000,0.50223,0.00000,0.10344,0.00000,0.00000,0.00010,0.00490,0.11028,0.12739,0.00000,0.13216,0.00000,0.01951
7.68000,10,0.32084,0.00099,0.00615,0.26555,0.05396,0.00291,0.01126,0.00268,0.01326,0.03622,0.13648,0.34596,0.00471,0.02141,0.02025,0.07820,0.00000,0.00000,0.52242,0.00000,0.09270,0.00000,0.00000,0.00003,0.00133,0.11852,0.12201,0.00000,0.13772,0.00000,0.00528
7.70133,10,0.27842,0.00150,0.04948,0.30530,0.03856,0.00218,0.05270,0.00189,0.00916,0.02501,0.09502,0.33274,0.00328,0.01494,0.01425,0.05399,0.00000,0.00000,0.27155,0.00000,0.11350,0.00000,0.00000,0.00001,0.06748,0.06350,0.28263,0.06156,0.07369,0.06465,0.00143
7.72267,5,0.24710,0.00137,0.03690,0.21435,0.02667,0.00156,0.33866,0.00131,0.00633,0.01726,0.06557,0.23032,0.00226,0.01031,0.00987,0.03726,0.00000,0.00000,0.14126,0.00000,0.12033,0.00000,0.00000,0.00000,0.10187,0.03303,0.37625,0.09035,0.03833,0.09784,0.00074
7.74400,5,0.24174,0.00100,0.02624,0.14849,0.01843,0.00115,0.53408,0.00090,0.00437,0.01192,0.04526,0.16655,0.00157,0.00713,0.00717,0.02573,0.00000,0.00000,0.03822,0.00000,0.11888,0.00000,0.00000,0.00000,0.13090,0.00894,0.46240,0.10726,0.01037,0.12284,0.00020
7.76533,5,0.33777,0.00073,0.03327,0.10274,0.01273,0.00080,0.46921,0.00065,0.00302,0.00840,0.06262,0.24912,0.00900,0.01741,0.01025,0.02003,0.00000,0.00000,0.01034,0.00000,0.12644,0.36342,0.00000,0.00000,0.11051,0.00242,0.21782,0.02902,0.10674,0.03324,0.00005
7.78667,5,0.37866,0.00052,0.17183,0.07091,0.00879,0.00062,0.32418,0.00045,0.00208,0.06658,0.04503,0.18962,0.01583,0.07299,0.00726,0.02332,0.00000,0.00000,0.00280,0.00000,0.11595,0.51263,0.00000,0.00000,0.09173,0.00065,0.14521,0.00785,0.11417,0.00899,0.00001
7.80800,8,0.39623,0.00037,0.12408,0.04902,0.00612,0.00930,0.24565,0.00033,0.00145,0.30745,0.03130,0.13812,0.01156,0.05395,0.00512,0.01620,0.00000,0.00000,0.00076,0.00000,0.10812,0.56916,0.00000,0.00000,0.08231,0.00018,0.12692,0.00212,0.10800,0.00243,0.00000
7.82933,8,0.36926,0.00054,0.09037,0.03506,0.00454,0.01233,0.17887,0.00026,0.00102,0.27029,0.02863,0.17342,0.01112,0.17312,0.00414,0.01628,0.00000,0.00000,0.00020,0.00000,0.10998,0.30005,0.00000,0.00000,0.25720,0.00005,0.15098,0.05993,0.12096,0.00066,0.00000
7.85067,5,0.31753,0.00052,0.06506,0.02661,0.00327,0.02137,0.28138,0.00034,0.00072,0.18999,0.02037,0.22604,0.01038,0.13707,0.00370,0.01317,0.00000,0.00000,0.00006,0.00000,0.11045,0.08118,0.00000,0.00000,0.44224,0.00001,0.14949,0.09400,0.12239,0.00018,0.00000
7.87200,5,0.26538,0.00088,0.05759,0.02102,0.00240,0.02777,0.47230,0.00045,0.00051,0.13145,0.01410,0.15765,0.00720,0.09479,0.00261,0.00927,0.00000,0.00000,0.00002,0.00000,0.12371,0.24493,0.00000,0.00000,0.30787,0.00000,0.13741,0.04992,0.13610,0.00005,0.00000
7.89333,5,0.22384,0.00162,0.05373,0.01502,0.00232,0.02122,0.61660,0.00045,0.00038,0.09071,0.00976,0.10917,0.00498,0.06544,0.00184,0.00676,0.00000,0.00000,0.00000,0.00000,0.12043,0.46002,0.00000,0.00000,0.15051,0.00000,0.12554,0.01351,0.12998,0.00001,0.00000
7.91467,5,0.23838,0.00114,0.03710,0.01036,0.00160,0.01468,0.73337,0.00031,0.00028,0.06300,0.00677,0.07614,0.00344,0.04517,0.00154,0.00510,0.00000,0.00000,0.00000,0.00000,0.11099,0.55064,0.00000,0.00000,0.09940,0.00000,0.12009,0.00365,0.11521,0.00000,0.00000
7.93600,5,0.44177,0.00079,0.02571,0.00715,0.00112,0.01016,0.65570,0.00022,0.00020,0.14832,0.00512,0.10128,0.00240,0.03170,0.00440,0.00573,0.00000,0.00000,0.00000,0.00000,0.10655,0.57722,0.00000,0.00000,0.08489,0.00000,0.12298,0.00099,0.10736,0.00000,0.00000
7.95733,5,0.54563,0.00054,0.01779,0.00493,0.00077,0.00702,0.48986,0.00015,0.00015,0.34585,0.00384,0.07373,0.00168,0.02192,0.01488,0.01688,0.00000,0.00000,0.00000,0.00000,0.10834,0.56485,0.00000,0.00000,0.08598,0.00000,0.13231,0.00027,0.10826,0.00000,0.00000
7.97867,8,0.52789,0.00038,0.01229,0.00341,0.00054,0.00514,0.33897,0.00011,0.00011,0.37979,0.00296,0.06239,0.00136,0.03202,0.03729,0.12325,0.00000,0.00000,0.00000,0.00000,0.11494,0.52900,0.00000,0.00000,0.09483,0.00000,0.14519,0.00007,0.11598,0.00000,0.00000
8.00000,8,0.45627,0.00028,0.02395,0.00269,0.00047,0.00643,0.24076,0.00010,0.00011,0.31441,0.00236,0.04767,0.00147,0.13785,0.02969,0.19176,0.00000,0.00000,0.00000,0.00000,0.11938,0.50635,0.00000,0.00000,0.10077,0.00000,0.15196,0.00004,0.12150,0.00000,0.00000
8.02133,8,0.38074,0.00030,0.08789,0.12345,0.00576,0.01645,0.21882,0.00025,0.00022,0.23322,0.00214,0.03686,0.00246,0.11036,0.02094,0.14087,0.00000,0.00000,0.00000,0.00000,0.11385,0.13701,0.00000,0.00000,0.37475,0.00000,0.16151,0.08472,0.12816,0.00000,0.00000
8.04267,5,0.45308,0.00044,0.11526,0.09650,0.01000,0.02770,0.31007,0.00031,0.00069,0.20046,0.00253,0.03700,0.00267,0.08129,0.01472,0.10036,0.00000,0.00000,0.00000,0.00000,0.11222,0.03707,0.00000,0.00000,0.49031,0.00000,0.14388,0.09588,0.12064,0.00000,0.00000
8.06400,12,0.50345,0.00053,0.09853,0.07000,0.00768,0.01946,0.21524,0.00026,0.00053,0.14010,0.00182,0.03633,0.00511,0.32465,0.01017,0.06959,0.00000,0.00000,0.00000,0.00000,0.12503,0.23301,0.00000,0.00000,0.32287,0.00000,0.13433,0.04963,0.13513,0.00000,0.00000
8.08533,12,0.46358,0.00038,0.06878,0.04907,0.00719,0.02643,0.19475,0.00039,0.00454,0.10235,0.00164,0.04511,0.00607,0.43294,0.00715,0.05323,0.00000,0.00000,0.00000,0.00000,0.13866,0.19177,0.00000,0.00000,0.17711,0.00000,0.12949,0.07012,0.29285,0.00000,0.00000
8.10667,12,0.40330,0.00034,0.04768,0.03635,0.02168,0.02794,0.14268,0.00107,0.19297,0.07131,0.00115,0.03431,0.00546,0.37512,0.00495,0.03700,0.00000,0.00000,0.00000,0.00000,0.13144,0.05189,0.00000,0.00000,0.13719,0.00000,0.11202,0.10502,0.46244,0.00000,0.00000
8.12800,7,0.36461,0.00053,0.03294,0.02533,0.02113,0.04892,0.10139,0.00098,0.40144,0.04935,0.00079,0.02411,0.00382,0.26027,0.00344,0.02556,0.00000,0.00000,0.00000,0.00000,0.11728,0.01404,0.00000,0.00000,0.12184,0.00000,0.09558,0.11529,0.53597,0.00000,0.00000
8.14933,7,0.33609,0.00045,0.02277,0.01770,0.01675,0.21928,0.11101,0.00076,0.33669,0.03411,0.00057,0.03198,0.00438,0.18179,0.00330,0.01846,0.00000,0.00000,0.00000,0.00000,0.11146,0.00380,0.00000,0.22761,0.12098,0.00000,0.11507,0.06128,0.35982,0.00000,0.00000
8.17067,4,0.42141,0.00032,0.01576,0.01227,0.01200,0.32247,0.12524,0.00060,0.23304,0.02367,0.00221,0.08845,0.02034,0.12569,0.00513,0.01284,0.00000,0.00000,0.00000,0.00000,0.10626,0.00103,0.00000,0.47291,0.09896,0.00000,0.11627,0.01658,0.18799,0.00000,0.00000
8.19200,10,0.43662,0.00022,0.01096,0.00858,0.00859,0.22698,0.09399,0.00053,0.16084,0.01666,0.00207,0.33931,0.02926,0.08698,0.00596,0.00906,0.00000,0.00000,0.00000,0.00000,0.26955,0.05827,0.00000,0.27994,0.11624,0.00000,0.13183,0.00449,0.13969,0.00000,0.00000
8.21333,10,0.45741,0.00016,0.12796,0.00604,0.00594,0.15673,0.06795,0.00038,0.11099,0.14698,0.00186,0.27943,0.02331,0.06096,0.00448,0.00683,0.00000,0.00000,0.00000,0.00000,0.25859,0.04608,0.00000,0.07574,0.13121,0.00000,0.29169,0.06278,0.06926,0.06465,0.00000
8.23467,1,0.45921,0.00019,0.29092,0.00718,0.00590,0.11615,0.04799,0.00029,0.07663,0.19009,0.00321,0.19297,0.01608,0.04207,0.00311,0.00723,0.00000,0.00000,0.00000,0.00000,0.15965,0.01247,0.00000,0.02050,0.13746,0.00000,0.43348,0.10308,0.01874,0.11462,0.00000
8.25600,1,0.45875,0.00056,0.23156,0.00989,0.00906,0.09004,0.05063,0.00024,0.05294,0.23058,0.02146,0.21528,0.01863,0.04319,0.01104,0.01490,0.00000,0.00000,0.00000,0.00000,0.13931,0.00649,0.00000,0.01066,0.13987,0.00000,0.46367,0.10743,0.00975,0.12284,0.00000
8.27733,14,0.44503,0.00083,0.16091,0.00713,0.00631,0.06342,0.03662,0.00017,0.03655,0.17756,0.01748,0.19020,0.01297,0.03063,0.00848,0.25073,0.00000,0.36437,0.00000,0.00000,0.12551,0.00176,0.00000,0.00288,0.12551,0.00000,0.23078,0.02907,0.08689,0.03324,0.00000
8.29867,14,0.43081,0.00064,0.11106,0.00499,0.00436,0.04388,0.02530,0.00012,0.02523,0.12266,0.01287,0.13353,0.00895,0.02115,0.00602,0.47925,0.00000,0.23743,0.00000,0.00000,0.12143,0.00047,0.00000,0.00078,0.12058,0.00000,0.15197,0.00786,0.13393,0.00899,0.21655
8.32000,14,0.41786,0.00045,0.07665,0.00346,0.00301,0.03030,0.01753,0.00008,0.01741,0.08496,0.00900,0.09254,0.00620,0.01467,0.00448,0.63926,0.00000,0.06425,0.00000,0.00000,0.12174,0.00013,0.00000,0.00021,0.12356,0.00000,0.12114,0.00213,0.14672,0.00243,0.41769
8.34133,14,0.41112,0.00034,0.05292,0.00239,0.00209,0.02096,0.01330,0.00006,0.01208,0.06117,0.00889,0.12311,0.00612,0.08936,0.00324,0.60397,0.00000,0.01738,0.00000,0.00000,0.11926,0.00003,0.00000,0.00006,0.12447,0.00000,0.11044,0.00058,0.13675,0.00066,0.49037
8.36267,14,0.39543,0.00024,0.03651,0.00166,0.00176,0.01448,0.00920,0.00004,0.04287,0.04304,0.00618,0.33892,0.00428,0.08139,0.00228,0.41716,0.00000,0.00470,0.00000,0.00000,0.12023,0.00001,0.00000,0.00002,0.12666,0.00000,0.10978,0.00016,0.12628,0.00018,0.51198
8.38400,7,0.35496,0.00017,0.02520,0.00117,0.00416,0.01010,0.00636,0.00004,0.33311,0.02991,0.00427,0.23689,0.00295,0.05622,0.00158,0.28788,0.00000,0.00127,0.00000,0.00000,0.12510,0.00000,0.00000,0.00000,0.13038,0.00000,0.11519,0.00004,0.12011,0.00005,0.50785
8.40533,7,0.32117,0.00012,0.01739,0.00106,0.00568,0.00727,0.00452,0.00006,0.53595,0.02086,0.00295,0.16355,0.00204,0.03880,0.00110,0.19865,0.00000,0.00034,0.00000,0.00000,0.11986,0.00000,0.00000,0.22762,0.12785,0.00000,0.13007,0.00001,0.13422,0.00001,0.26000
8.42667,7,0.30754,0.00019,0.01202,0.00403,0.00432,0.00517,0.01773,0.00023,0.65390,0.01529,0.00207,0.11373,0.00157,0.02693,0.00520,0.13761,0.00000,0.00009,0.00000,0.00000,0.10853,0.00000,0.00000,0.47293,0.10082,0.00000,0.12033,0.00000,0.12695,0.00000,0.07035
8.44800,7,0.41896,0.00021,0.00844,0.00289,0.00329,0.00358,0.02910,0.00018,0.55840,0.01077,0.00184,0.16098,0.00148,0.01904,0.10468,0.09513,0.00000,0.00003,0.00000,0.00000,0.10524,0.00000,0.00000,0.58034,0.07616,0.00000,0.10656,0.00000,0.11264,0.00000,0.01904
8.46933,7,0.49142,0.00018,0.00595,0.00214,0.00239,0.00253,0.02220,0.00013,0.42044,0.00765,0.00153,0.31809,0.00159,0.01321,0.13626,0.06571,0.00000,0.00001,0.00000,0.00000,0.10832,0.00000,0.00000,0.61672,0.06210,0.00000,0.10115,0.00000,0.10655,0.00000,0.00515
8.49067,10,0.48975,0.00015,0.00661,0.00158,0.00178,0.00177,0.01560,0.00009,0.29033,0.05382,0.00153,0.43170,0.00516,0.01028,0.13362,0.04599,0.00000,0.00000,0.00000,0.00000,0.11557,0.00000,0.00000,0.61024,0.05844,0.00000,0.10443,0.00000,0.10992,0.00000,0.00139
8.51200,8,0.48548,0.00012,0.00538,0.00153,0.00301,0.00140,0.01081,0.00007,0.20455,0.33436,0.00137,0.30151,0.00363,0.00712,0.09327,0.03188,0.00000,0.00000,0.00000,0.00000,0.12942,0.00000,0.00000,0.31036,0.09821,0.00000,0.27591,0.06156,0.05952,0.06465,0.00038
8.53333,8,0.51376,0.00012,0.00432,0.00127,0.02843,0.00290,0.00807,0.00010,0.14139,0.50448,0.00156,0.21154,0.00257,0.00514,0.06557,0.02253,0.00000,0.00000,0.00000,0.00000,0.12861,0.00000,0.00000,0.16144,0.11785,0.00000,0.37276,0.09035,0.03096,0.09784,0.00020
8.55467,8,0.54388,0.00009,0.00300,0.00091,0.02279,0.00203,0.00588,0.00010,0.09757,0.36946,0.00135,0.14789,0.00840,0.27844,0.04525,0.01686,0.00000,0.00000,0.00000,0.00000,0.11635,0.00000,0.00000,0.04368,0.37937,0.00000,0.22125,0.10916,0.10366,0.02648,0.00005
8.57600,12,0.56736,0.00006,0.00207,0.00063,0.01585,0.00140,0.00411,0.00007,0.06732,0.25653,0.00097,0.10227,0.00990,0.49587,0.03123,0.01172,0.00000,0.00000,0.00000,0.00000,0.11290,0.00000,0.00000,0.01182,0.49156,0.00000,0.16004,0.10249,0.11401,0.00716,0.00001
8.59733,12,0.59247,0.00005,0.00144,0.00044,0.01099,0.00098,0.00320,0.00006,0.04645,0.17713,0.00103,0.07100,0.00727,0.65001,0.02161,0.00834,0.00000,0.00000,0.00000,0.00000,0.13299,0.00000,0.00000,0.00320,0.33484,0.00000,0.13728,0.10811,0.28164,0.00194,0.00000
8.61867,12,0.62483,0.00004,0.00158,0.00032,0.00762,0.00078,0.00612,0.00007,0.03208,0.12282,0.00185,0.18650,0.01560,0.59998,0.01630,0.00834,0.00000,0.00000,0.00000,0.00000,0.12991,0.00000,0.00000,0.00087,0.17987,0.00000,0.11413,0.11530,0.45940,0.00052,0.00000
8.64000,12,0.61855,0.00003,0.00136,0.00024,0.00530,0.00057,0.00814,0.00008,0.02215,0.08527,0.01124,0.31199,0.06583,0.46900,0.01250,0.00630,0.00000,0.00000,0.00000,0.00000,0.11687,0.00000,0.00000,0.00023,0.13339,0.00000,0.09615,0.11807,0.53515,0.00014,0.00000
8.66133,12,0.57311,0.00005,0.00112,0.00369,0.00393,0.00427,0.00692,0.00009,0.01599,0.08039,0.01687,0.35075,0.14594,0.35658,0.00876,0.00465,0.00000,0.00000,0.00000,0.00000,0.10965,0.00000,0.00000,0.00006,0.12255,0.00000,0.08812,0.12047,0.55910,0.00004,0.00000
8.68267,10,0.49108,0.00071,0.00145,0.02192,0.01473,0.01907,0.04542,0.00116,0.01151,0.05595,0.01814,0.44204,0.10546,0.25283,0.00610,0.00349,0.00000,0.00000,0.00000,0.00000,0.11009,0.00000,0.00000,0.00002,0.12544,0.00000,0.08905,0.12324,0.55214,0.00001,0.00000
8.70400,10,0.43850,0.00060,0.00124,0.07031,0.01116,0.11919,0.05045,0.11544,0.02070,0.03862,0.01267,0.30558,0.07283,0.17455,0.00422,0.00243,0.00000,0.00000,0.00000,0.00000,0.12557,0.00000,0.00000,0.00000,0.13438,0.00000,0.26742,0.12645,0.28152,0.06466,0.00000
8.72533,10,0.37949,0.00094,0.00093,0.05078,0.00784,0.20720,0.04111,0.18202,0.01574,0.02680,0.07478,0.21177,0.05028,0.12159,0.00385,0.00436,0.00000,0.00000,0.00000,0.00000,0.12365,0.00000,0.00000,0.00000,0.13832,0.00000,0.42693,0.12031,0.07617,0.11463,0.00000
8.74667,9,0.35620,0.00167,0.00118,0.03868,0.00550,0.17755,0.03645,0.15664,0.01143,0.01935,0.19925,0.14857,0.03477,0.08470,0.00336,0.08088,0.00000,0.00000,0.00000,0.00000,0.11917,0.00000,0.00000,0.00000,0.14303,0.00000,0.47764,0.11296,0.02061,0.12660,0.00000
8.76800,9,0.47249,0.00116,0.00085,0.02671,0.00380,0.12254,0.02755,0.10820,0.00789,0.01339,0.42483,0.10719,0.02445,0.07006,0.00239,0.05899,0.00000,0.00000,0.00000,0.00000,0.13466,0.00000,0.00000,0.00000,0.13586,0.21089,0.33235,0.05737,0.06226,0.06661,0.00000
8.78933,9,0.45955,0.00080,0.00730,0.01844,0.00262,0.08458,0.01913,0.07466,0.00545,0.00952,0.30969,0.12730,0.01711,0.07686,0.00167,0.24487,0.00000,0.00000,0.00000,0.00000,0.14322,0.00000,0.00000,0.00000,0.12802,0.32573,0.24885,0.02984,0.08969,0.03465,0.00000
8.81067,14,0.44937,0.00056,0.19154,0.01576,0.00197,0.05849,0.01342,0.05152,0.00376,0.00707,0.21414,0.10100,0.01185,0.05881,0.00116,0.26895,0.00000,0.00000,0.00000,0.00000,0.15303,0.00000,0.00000,0.00000,0.11782,0.42417,0.17402,0.00807,0.11351,0.00937,0.00000
8.83200,1,0.49554,0.00039,0.43569,0.01285,0.00142,0.04044,0.00955,0.03555,0.00260,0.00601,0.14818,0.07004,0.00820,0.04086,0.00080,0.18741,0.00000,0.00000,0.00000,0.00000,0.14393,0.00000,0.00000,0.00000,0.12057,0.23065,0.13840,0.00218,0.14520,0.00254,0.21654
8.85333,1,0.54429,0.00033,0.41062,0.01288,0.00105,0.02792,0.04466,0.02454,0.00179,0.00594,0.10308,0.16440,0.01382,0.05323,0.00057,0.13517,0.00000,0.22293,0.00000,0.00000,0.13332,0.00000,0.00000,0.00000,0.12635,0.06241,0.13882,0.00059,0.13674,0.00069,0.17816
8.87467,1,0.54208,0.00023,0.28355,0.00904,0.00074,0.01931,0.03148,0.01694,0.00124,0.00522,0.07183,0.17271,0.02007,0.26834,0.00041,0.09888,0.00000,0.45644,0.00000,0.00000,0.11270,0.00000,0.00000,0.00000,0.11229,0.01689,0.13567,0.00016,0.11746,0.00019,0.04820
8.89600,12,0.50890,0.00017,0.19663,0.01819,0.00787,0.01944,0.02670,0.01368,0.00547,0.08296,0.04980,0.14852,0.01678,0.34366,0.00037,0.06974,0.00000,0.55443,0.00000,0.00000,0.09186,0.00000,0.00000,0.00000,0.09579,0.00457,0.12942,0.00004,0.11080,0.00005,0.01304
8.91733,12,0.45055,0.00040,0.13624,0.02303,0.01623,0.24496,0.01964,0.01704,0.00406,0.07096,0.03465,0.11000,0.01192,0.26104,0.00028,0.04956,0.00000,0.29956,0.00000,0.00000,0.11745,0.00000,0.00000,0.00000,0.11192,0.00124,0.12943,0.05670,0.28015,0.00001,0.00353
8.93867,4,0.38298,0.00084,0.09823,0.02203,0.02531,0.44246,0.01595,0.01650,0.00317,0.04991,0.02403,0.07692,0.00847,0.18169,0.00020,0.03430,0.00000,0.08105,0.00000,0.00000,0.12570,0.00000,0.00000,0.00000,0.11956,0.00033,0.11200,0.10139,0.45901,0.00000,0.00095
8.96000,4,0.35079,0.00063,0.06785,0.01524,0.01808,0.60931,0.01117,0.01367,0.00480,0.03447,0.01658,0.05312,0.00586,0.12539,0.00014,0.02368,0.00000,0.02193,0.00000,0.00000,0.27793,0.05798,0.00000,0.00000,0.13281,0.00009,0.12781,0.05703,0.32415,0.00000,0.00026
8.98133,4,0.30965,0.00045,0.04682,0.01053,0.01256,0.72480,0.00787,0.00944,0.00353,0.02379,0.01144,0.04100,0.00404,0.08662,0.00012,0.01699,0.00000,0.00593,0.00000,0.00000,0.43053,0.10478,0.00000,0.00000,0.12461,0.00002,0.13861,0.01543,0.18000,0.00000,0.00007
9.00267,4,0.26027,0.00352,0.03267,0.00763,0.00924,0.71750,0.00637,0.00674,0.00348,0.01830,0.00794,0.08735,0.00304,0.06304,0.00052,0.03266,0.00000,0.00161,0.00000,0.00000,0.48403,0.11965,0.00000,0.00000,0.10776,0.00001,0.13783,0.00418,0.14493,0.00000,0.00002
9.02400,4,0.21841,0.07951,0.02257,0.00677,0.18110,0.52279,0.00454,0.00474,0.00258,0.01464,0.00559,0.07524,0.00233,0.04381,0.00046,0.03335,0.00000,0.00043,0.00000,0.00000,0.49147,0.12685,0.00000,0.00000,0.09701,0.00000,0.14001,0.00113,0.14310,0.00000,0.00001
9.04533,3,0.21098,0.05513,0.01559,0.00485,0.40293,0.36299,0.00321,0.00327,0.00181,0.01545,0.00394,0.07493,0.00172,0.03037,0.00036,0.02346,0.00000,0.00012,0.00000,0.00000,0.47365,0.13271,0.00000,0.00000,0.09418,0.00000,0.14698,0.00031,0.15206,0.00000,0.00000
9.06667,3,0.27022,0.03823,0.01085,0.00373,0.32608,0.25271,0.00235,0.00227,0.00126,0.13583,0.00324,0.18396,0.00131,0.02117,0.00047,0.01652,0.00000,0.00006,0.00000,0.00000,0.45915,0.13568,0.00000,0.00000,0.09525,0.00000,0.15181,0.00016,0.15789,0.00000,0.00000
9.08800,8,0.37282,0.02639,0.00756,0.00286,0.23361,0.17442,0.00165,0.00157,0.00088,0.32794,0.00244,0.19263,0.00094,0.01499,0.00039,0.01176,0.09862,0.00002,0.00000,0.30718,0.23902,0.03671,0.00000,0.00000,0.13748,0.00000,0.13822,0.00004,0.04272,0.00000,0.00000
9.10933,8,0.42154,0.01821,0.00526,0.00204,0.16182,0.12035,0.00115,0.00108,0.00061,0.52583,0.00189,0.13495,0.00469,0.01306,0.00030,0.00878,0.05764,0.00000,0.00000,0.19052,0.15690,0.00993,0.00000,0.00000,0.28749,0.00000,0.16090,0.05936,0.07726,0.00000,0.00000
9.13067,8,0.46965,0.01257,0.00384,0.00146,0.11192,0.08305,0.00080,0.00075,0.00042,0.57680,0.00148,0.10248,0.08411,0.01352,0.00055,0.00623,0.01560,0.00000,0.00000,0.05155,0.12315,0.00269,0.00000,0.00000,0.45043,0.00000,0.15217,0.09385,0.11057,0.00000,0.00000
9.15200,8,0.47166,0.00868,0.00294,0.00102,0.07730,0.05733,0.00209,0.00054,0.00029,0.40818,0.00107,0.07897,0.29607,0.06027,0.00093,0.00433,0.00422,0.00000,0.00000,0.01395,0.11678,0.00073,0.00000,0.00000,0.51920,0.00000,0.13583,0.09541,0.11389,0.00000,0.00000
9.17333,11,0.47711,0.00600,0.00304,0.00072,0.05338,0.04032,0.00475,0.00041,0.00022,0.29346,0.00084,0.05694,0.45452,0.08136,0.00078,0.00328,0.00114,0.00000,0.00000,0.00377,0.12210,0.00020,0.00000,0.00000,0.53528,0.00000,0.12769,0.09473,0.11508,0.00000,0.00000
9.19467,8,0.47053,0.00417,0.04903,0.00055,0.03690,0.02811,0.07470,0.00029,0.00016,0.36902,0.00082,0.03981,0.32014,0.06675,0.00063,0.00893,0.00031,0.00000,0.00000,0.00102,0.12718,0.00005,0.00000,0.00000,0.33359,0.00000,0.13851,0.26285,0.13648,0.00000,0.00000
9.21600,8,0.46774,0.00290,0.05074,0.00064,0.02600,0.02083,0.10507,0.00021,0.00017,0.31469,0.00568,0.02756,0.22196,0.04881,0.00065,0.17410,0.00008,0.00000,0.00000,0.00028,0.11900,0.00001,0.00000,0.00000,0.33629,0.00000,0.15779,0.24865,0.13790,0.00000,0.00000
9.23733,14,0.45649,0.00235,0.05844,0.00137,0.01999,0.03650,0.10646,0.00029,0.00019,0.25854,0.01096,0.01927,0.15335,0.03478,0.00111,0.29640,0.00002,0.00000,0.00000,0.00007,0.11289,0.00000,0.00000,0.00000,0.46364,0.00000,0.15133,0.14506,0.12698,0.00000,0.00000
9.25867,14,0.43154,0.00253,0.06779,0.01110,0.02061,0.09781,0.14314,0.00180,0.00043,0.21466,0.01701,0.01354,0.10585,0.02444,0.00098,0.27831,0.00001,0.00000,0.00000,0.00002,0.12100,0.00000,0.00000,0.00000,0.32101,0.00000,0.13102,0.06373,0.14665,0.00000,0.21655
9.28000,14,0.39819,0.00419,0.10884,0.02664,0.02301,0.11177,0.17496,0.00255,0.00086,0.15679,0.02043,0.00949,0.07305,0.01701,0.00073,0.26967,0.00000,0.00000,0.00000,0.00001,0.12163,0.00000,0.00000,0.00000,0.17780,0.00000,0.11547,0.01725,0.15016,0.00000,0.41769
9.30133,14,0.44190,0.00297,0.08951,0.02088,0.01648,0.07781,0.12340,0.00179,0.00061,0.11312,0.02154,0.00672,0.05044,0.01183,0.00055,0.46235,0.00000,0.00000,0.00000,0.00000,0.11922,0.00000,0.00000,0.00000,0.13915,0.00000,0.10891,0.00467,0.13769,0.00000,0.49037
9.32267,14,0.55792,0.00207,0.06710,0.01967,0.01145,0.05378,0.08586,0.00132,0.00048,0.08151,0.15309,0.00786,0.04005,0.00852,0.00132,0.46591,0.00000,0.00000,0.00000,0.00000,0.11921,0.00000,0.00000,0.00000,0.13299,0.00000,0.10837,0.00243,0.13158,0.00000,0.50542
9.34400,9,0.63663,0.00143,0.04736,0.01488,0.00792,0.03713,0.05927,0.00092,0.00034,0.05654,0.36315,0.02998,0.04964,0.00625,0.00098,0.32423,0.00000,0.00000,0.00000,0.00000,0.12223,0.00000,0.00000,0.00000,0.13042,0.00000,0.11168,0.00066,0.12273,0.00000,0.51228
9.36533,9,0.65845,0.00099,0.03276,0.01041,0.00549,0.02566,0.04095,0.00065,0.00024,0.03912,0.32969,0.08461,0.19974,0.00474,0.00089,0.22407,0.00000,0.00000,0.00000,0.00000,0.13726,0.00000,0.00000,0.00000,0.12802,0.21089,0.14029,0.00018,0.11920,0.00000,0.26417
9.38667,11,0.65785,0.00069,0.02263,0.00722,0.00385,0.01777,0.02832,0.00045,0.00017,0.02722,0.24056,0.09496,0.39716,0.00342,0.00095,0.15464,0.00000,0.00000,0.00000,0.00000,0.14953,0.00000,0.00000,0.00000,0.12005,0.38905,0.14970,0.00005,0.12014,0.00000,0.07147
9.40800,11,0.65244,0.00048,0.01570,0.00500,0.00279,0.01315,0.01965,0.00035,0.00012,0.01954,0.16931,0.11033,0.53333,0.00269,0.00080,0.10676,0.00000,0.00000,0.00000,0.00000,0.14090,0.00000,0.00000,0.00000,0.11861,0.22064,0.14874,0.21296,0.13882,0.00000,0.01934
9.42933,11,0.62963,0.00039,0.03292,0.01206,0.00313,0.05522,0.01450,0.00078,0.00015,0.01657,0.11958,0.08462,0.57963,0.00200,0.00068,0.07778,0.00000,0.00000,0.00000,0.00000,0.12408,0.00000,0.00000,0.00000,0.12524,0.05970,0.13837,0.41324,0.13414,0.00000,0.00523
9.45067,11,0.59834,0.00042,0.07255,0.10976,0.00355,0.10289,0.01098,0.00117,0.00022,0.01855,0.10226,0.06884,0.41454,0.00157,0.00106,0.09164,0.00000,0.00000,0.00000,0.00000,0.11793,0.00000,0.00000,0.00000,0.13583,0.01615,0.12490,0.48662,0.11715,0.00000,0.00142
9.47200,4,0.53461,0.00045,0.05433,0.08109,0.00610,0.34802,0.00869,0.00392,0.00027,0.01496,0.07322,0.05226,0.29078,0.00164,0.00094,0.06334,0.00000,0.00000,0.00000,0.00000,0.12086,0.00000,0.00000,0.00000,0.14929,0.00437,0.11397,0.50810,0.10302,0.00000,0.00038
9.49333,4,0.51986,0.00031,0.03754,0.05605,0.00467,0.53146,0.00748,0.00297,0.00019,0.01046,0.05994,0.04166,0.20106,0.00177,0.00071,0.04372,0.00000,0.00000,0.00000,0.00000,0.28011,0.05798,0.00000,0.00000,0.15277,0.00118,0.13141,0.26422,0.11221,0.00000,0.00010
9.51467,4,0.50236,0.00022,0.02602,0.03869,0.00326,0.37017,0.00530,0.00207,0.00013,0.00732,0.34027,0.03516,0.13909,0.00161,0.00053,0.03017,0.00000,0.00000,0.00000,0.00000,0.43112,0.10478,0.00000,0.00000,0.13001,0.00032,0.13959,0.07149,0.12265,0.00000,0.00003
9.53600,9,0.47817,0.00015,0.01796,0.02670,0.00227,0.25553,0.00369,0.00143,0.00009,0.00508,0.54248,0.02603,0.09602,0.00135,0.00039,0.02082,0.00000,0.00000,0.00000,0.00000,0.48419,0.11965,0.00000,0.00000,0.10923,0.00009,0.13809,0.01934,0.12942,0.00000,0.00001
9.55733,9,0.43745,0.00011,0.01240,0.01843,0.00159,0.17661,0.00257,0.00100,0.00009,0.00353,0.68278,0.01858,0.06628,0.00134,0.00032,0.01437,0.00000,0.00000,0.00000,0.00000,0.32810,0.06431,0.00000,0.00000,0.11277,0.21090,0.15243,0.00523,0.12626,0.00000,0.00000
9.57867,9,0.37549,0.00019,0.00860,0.01281,0.00114,0.12384,0.00267,0.00070,0.00019,0.00258,0.77311,0.01554,0.04584,0.00241,0.00044,0.00994,0.00000,0.00000,0.00000,0.00000,0.20116,0.01740,0.00000,0.00000,0.11592,0.38905,0.15299,0.00142,0.12206,0.00000,0.00000
9.60000,9,0.31081,0.00585,0.00602,0.00886,0.00081,0.08845,0.00705,0.00052,0.00038,0.00181,0.82804,0.01115,0.03169,0.00211,0.00039,0.00687,0.00000,0.00000,0.00000,0.00000,0.18026,0.00905,0.00000,0.00000,0.11457,0.42417,0.14870,0.00074,0.12251,0.00000,0.00000
9.62133,9,0.25542,0.04959,0.00457,0.00612,0.00059,0.06603,0.00779,0.00042,0.00037,0.00126,0.82568,0.00840,0.02223,0.00181,0.00038,0.00476,0.00000,0.00000,0.00000,0.00000,0.16733,0.00245,0.00000,0.00000,0.11162,0.45326,0.13950,0.00020,0.12564,0.00000,0.00000
9.64267,9,0.21810,0.11746,0.00465,0.00434,0.00072,0.05350,0.01768,0.00107,0.00078,0.00118,0.75652,0.00886,0.02324,0.00565,0.00090,0.00343,0.00000,0.00000,0.00000,0.00000,0.16839,0.00066,0.00000,0.00000,0.11035,0.45779,0.13253,0.00005,0.13023,0.00000,0.00000
9.66400,9,0.18545,0.10061,0.00475,0.00345,0.00078,0.03736,0.01327,0.00115,0.00078,0.00159,0.78365,0.00814,0.03146,0.00978,0.00073,0.00250,0.00000,0.00000,0.00000,0.00000,0.17313,0.00018,0.00000,0.00000,0.11106,0.45188,0.12835,0.00001,0.13538,0.00000,0.00000
9.68533,9,0.16334,0.08722,0.00396,0.00307,0.00067,0.02670,0.01118,0.00113,0.00066,0.00202,0.80847,0.00737,0.03238,0.01244,0.00081,0.00192,0.00000,0.00000,0.00000,0.00000,0.17832,0.00005,0.00000,0.00000,0.11329,0.44140,0.12640,0.00000,0.14054,0.00000,0.00000
9.70667,9,0.14702,0.12330,0.00309,0.00281,0.00058,0.02136,0.01100,0.00170,0.00081,0.00398,0.78106,0.00699,0.02781,0.01130,0.00215,0.00207,0.00000,0.00000,0.00000,0.00000,0.18269,0.00001,0.00000,0.00000,0.11635,0.42994,0.12576,0.00000,0.14525,0.00000,0.00000
9.72800,9,0.13760,0.24031,0.00280,0.00364,0.00205,0.01699,0.04115,0.00438,0.00268,0.00562,0.61139,0.00595,0.04386,0.01258,0.00221,0.00438,0.00000,0.00000,0.00000,0.00000,0.18546,0.00000,0.00000,0.00000,0.11950,0.42052,0.12545,0.00000,0.14906,0.00000,0.00000
9.74933,9,0.13306,0.32882,0.00246,0.00466,0.00355,0.01501,0.06216,0.00707,0.00392,0.00519,0.47621,0.00509,0.06085,0.01614,0.00185,0.00703,0.00000,0.00000,0.00000,0.00000,0.18586,0.00000,0.00000,0.00000,0.12186,0.41669,0.12471,0.00000,0.15087,0.00000,0.00000
9.77067,9,0.13864,0.33550,0.00281,0.00677,0.00688,0.01473,0.10205,0.00746,0.00467,0.00468,0.33603,0.00532,0.13873,0.02322,0.00189,0.00925,0.00000,0.00000,0.00000,0.00000,0.18528,0.00000,0.00000,0.00000,0.12383,0.41537,0.12377,0.00000,0.15176,0.00000,0.00000
9.79200,0,0.13790,0.32717,0.00454,0.00891,0.01046,0.01448,0.09457,0.01055,0.00627,0.00445,0.23317,0.00656,0.22394,0.04129,0.00194,0.01168,0.00000,0.00000,0.00000,0.00000,0.18462,0.00000,0.00000,0.00000,0.12532,0.41480,0.12297,0.00000,0.15229,0.00000,0.00000
9.81333,0,0.13608,0.31070,0.00597,0.00967,0.01363,0.01446,0.09080,0.01029,0.00621,0.00470,0.16151,0.00738,0.28468,0.06445,0.00190,0.01365,0.00000,0.00000,0.00000,0.00000,0.18449,0.00000,0.00000,0.00000,0.12561,0.41469,0.12282,0.00000,0.15239,0.00000,0.00000
9.83467,0,0.13438,0.31156,0.00762,0.00979,0.01717,0.01501,0.09607,0.01138,0.00675,0.00539,0.11251,0.00859,0.29961,0.07632,0.00227,0.01998,0.00000,0.00000,0.00000,0.00000,0.18449,0.00000,0.00000,0.00000,0.12561,0.41469,0.12282,0.00000,0.15239,0.00000,0.00000
9.85600,0,0.13049,0.34736,0.00933,0.00960,0.01992,0.01521,0.10105,0.01359,0.00807,0.00599,0.07856,0.00913,0.27320,0.08357,0.00244,0.02300,0.00000,0.00000,0.00000,0.00000,0.18449,0.00000,0.00000,0.00000,0.12561,0.41469,0.12282,0.00000,0.15239,0.00000,0.00000
9.87733,0,0.12754,0.43992,0.00912,0.00857,0.01898,0.01303,0.09470,0.01332,0.00768,0.00538,0.05507,0.00832,0.22791,0.07303,0.00254,0.02245,0.00000,0.00000,0.00000,0.00000,0.18449,0.00000,0.00000,0.00000,0.12561,0.41469,0.12282,0.00000,0.15239,0.00000,0.00000
9.89867,0,0.12412,1.00000,0.00000,0.00000,0.00000,0.00000,0.00000,0.00000,0.00000,0.00000,0.00000,0.00000,0.00000,0.00000,0.00000,0.00000,0.00000,0.00000,0.00000,0.00000,0.18449,0.00000,0.00000,0.00000,0.12561,0.41469,0.12282,0.00000,0.15239,0.00000,0.00000
9.92000,0,0.11399,1.00000,0.00000,0.00000,0.00000,0.00000,0.00000,0.00000,0.00000,0.00000,0.00000,0.00000,0.00000,0.00000,0.00000,0.00000,0.00000,0.00000,0.00000,0.00000,0.18449,0.00000,0.00000,0.00000,0.12561,0.41469,0.12282,0.00000,0.15239,0.00000,0.00000
9.94133,0,0.10126,1.00000,0.00000,0.00000,0.00000,0.00000,0.00000,0.00000,0.00000,0.00000,0.00000,0.00000,0.00000,0.00000,0.00000,0.00000,0.15259,0.00000,0.00000,0.00000,0.15634,0.00000,0.00000,0.00000,0.10645,0.35141,0.10408,0.00000,0.12914,0.00000,0.00000
9.96267,0,0.08550,0.38485,0.06513,0.01896,0.11468,0.01536,0.09780,0.02210,0.02318,0.01088,0.01572,0.00806,0.12631,0.05477,0.00204,0.04017,0.51093,0.00000,0.00000,0.00000,0.09023,0.00000,0.00000,0.00000,0.06143,0.20281,0.06007,0.00000,0.07453,0.00000,0.00000
9.98400,0,0.07092,0.28541,0.09308,0.02421,0.19049,0.02169,0.09393,0.03147,0.04439,0.01585,0.01159,0.00733,0.10056,0.04279,0.00153,0.03569,0.81218,0.00000,0.00000,0.00000,0.03465,0.00000,0.00000,0.00000,0.02359,0.07789,0.02307,0.00000,0.02862,0.00000,0.00000
10.00533,3,0.06218,0.21007,0.07709,0.04829,0.28269,0.02010,0.08128,0.02547,0.06534,0.01481,0.00855,0.00964,0.09136,0.03241,0.00134,0.03156,0.94851,0.00000,0.00000,0.00000,0.00950,0.00000,0.00000,0.00000,0.00647,0.02135,0.00632,0.00000,0.00785,0.00000,0.00000
10.02667,3,0.09245,0.16984,0.09729,0.05504,0.33251,0.02562,0.06451,0.01945,0.05588,0.02025,0.00844,0.01096,0.07530,0.02425,0.00148,0.03919,0.57439,0.00000,0.00000,0.19927,0.07975,0.00000,0.00000,0.00000,0.07818,0.00578,0.06051,0.00000,0.00212,0.00000,0.00000
10.04800,3,0.33062,0.11769,0.06961,0.03824,0.52726,0.01798,0.04475,0.01342,0.03861,0.01413,0.00593,0.01503,0.05216,0.01680,0.00105,0.02733,0.24777,0.00000,0.00000,0.36624,0.13289,0.00000,0.00000,0.00000,0.12650,0.00156,0.12445,0.00000,0.00057,0.00000,0.00000
10.06933,3,0.58348,0.08121,0.04806,0.02641,0.58452,0.01254,0.03090,0.00926,0.02664,0.00975,0.00983,0.08870,0.03725,0.01519,0.00076,0.01898,0.15252,0.00000,0.00000,0.41632,0.14193,0.00000,0.00000,0.00000,0.12880,0.00042,0.15985,0.00000,0.00016,0.00000,0.00000
10.09067,3,0.56721,0.05603,0.03316,0.01836,0.40469,0.00866,0.02132,0.00639,0.01838,0.00673,0.06563,0.30606,0.02609,0.01478,0.00058,0.01315,0.12628,0.00000,0.00000,0.42892,0.14091,0.00000,0.00000,0.00000,0.12093,0.00011,0.18281,0.00000,0.00004,0.00000,0.00000
10.11200,10,0.50592,0.03867,0.02289,0.06965,0.27924,0.00598,0.01475,0.00441,0.01270,0.00464,0.04713,0.45775,0.01801,0.01468,0.00040,0.00908,0.12380,0.00000,0.00000,0.42715,0.13874,0.00000,0.00000,0.00000,0.11225,0.00003,0.19803,0.00000,0.00001,0.00000,0.00000
10.13333,2,0.44687,0.02670,0.01580,0.34598,0.19268,0.00413,0.01019,0.00304,0.00876,0.00320,0.03332,0.32603,0.01244,0.01116,0.00028,0.00627,0.12678,0.00000,0.00000,0.42354,0.13797,0.00000,0.00000,0.00000,0.10839,0.00002,0.20329,0.00000,0.00001,0.00000,0.00000
10.15467,2,0.40150,0.01842,0.01092,0.54830,0.13295,0.00285,0.00705,0.00210,0.00605,0.00221,0.02334,0.22497,0.00859,0.00771,0.00019,0.00433,0.03431,0.00000,0.00000,0.11461,0.13346,0.00000,0.00000,0.00000,0.13101,0.00000,0.39842,0.09035,0.00000,0.09784,0.00000
10.17600,2,0.53069,0.01271,0.00755,0.42769,0.09174,0.00197,0.00500,0.00145,0.00418,0.00164,0.25609,0.16097,0.00685,0.01501,0.00292,0.00422,0.00928,0.00000,0.35401,0.03101,0.12820,0.00000,0.00000,0.00000,0.03545,0.08014,0.21498,0.02445,0.09602,0.02647,0.00000
10.19733,9,0.67226,0.00877,0.00523,0.29806,0.06330,0.00136,0.00367,0.00100,0.00289,0.00118,0.42424,0.11766,0.00970,0.04923,0.00984,0.00388,0.00251,0.00000,0.47562,0.00839,0.11146,0.00000,0.00000,0.00000,0.00959,0.10439,0.15259,0.00661,0.12168,0.00716,0.00000
10.21867,9,0.71171,0.00605,0.00362,0.20578,0.04368,0.00094,0.00264,0.00070,0.00199,0.00083,0.57155,0.08521,0.01564,0.05089,0.00709,0.00340,0.00068,0.00000,0.26124,0.00227,0.12622,0.00000,0.00000,0.00000,0.06223,0.26825,0.15237,0.00179,0.12300,0.00194,0.00000
10.24000,9,0.70353,0.00418,0.00254,0.14205,0.03015,0.00073,0.00281,0.00049,0.00138,0.00116,0.65385,0.06060,0.01937,0.06963,0.00500,0.00607,0.00018,0.00000,0.07069,0.00061,0.14654,0.00000,0.00000,0.00000,0.10225,0.40457,0.15297,0.00048,0.12117,0.00052,0.00000
10.26133,9,0.67565,0.00290,0.00178,0.09811,0.02120,0.00083,0.00465,0.00042,0.00148,0.00178,0.72121,0.04378,0.01877,0.07434,0.00397,0.00477,0.00005,0.00000,0.01913,0.00017,0.15600,0.00000,0.00000,0.00000,0.10927,0.44758,0.14396,0.00013,0.12357,0.00014,0.00000
10.28267,9,0.63777,0.00214,0.00152,0.06786,0.01542,0.00182,0.00664,0.00070,0.01051,0.00257,0.57124,0.03318,0.03409,0.23837,0.00348,0.01047,0.00001,0.00000,0.00518,0.00004,0.16304,0.00000,0.00000,0.00000,0.10972,0.45852,0.13565,0.00004,0.12776,0.00004,0.00000
10.30400,9,0.58153,0.00149,0.00105,0.04685,0.01120,0.00138,0.00460,0.00087,0.15474,0.00187,0.39474,0.02381,0.02950,0.28189,0.00248,0.04354,0.00000,0.00000,0.00140,0.00001,0.16950,0.00000,0.00000,0.00000,0.11021,0.45599,0.13011,0.00001,0.13275,0.00001,0.00000
10.32533,7,0.50302,0.00106,0.00073,0.03236,0.00840,0.00134,0.00319,0.00069,0.33682,0.00132,0.27239,0.01707,0.02070,0.27105,0.00171,0.03118,0.00000,0.00000,0.00038,0.00000,0.17548,0.00000,0.00000,0.00000,0.11196,0.44705,0.12715,0.00000,0.13798,0.00000,0.00000
10.34667,7,0.44079,0.00077,0.00051,0.02235,0.00588,0.00211,0.00243,0.00074,0.53801,0.00092,0.18796,0.01186,0.01430,0.18932,0.00118,0.02167,0.00000,0.00000,0.00010,0.00000,0.14563,0.00000,0.00000,0.22761,0.11777,0.22964,0.13369,0.00000,0.14556,0.00000,0.00000
10.36800,7,0.39113,0.00080,0.00036,0.01544,0.00489,0.00644,0.00226,0.00073,0.67347,0.00075,0.12971,0.00843,0.00988,0.13092,0.00082,0.01509,0.00000,0.00000,0.00003,0.00000,0.11550,0.00000,0.00000,0.47291,0.09809,0.06214,0.12131,0.00000,0.13002,0.00000,0.00000
10.38933,7,0.34654,0.00115,0.00026,0.01069,0.00526,0.03376,0.00189,0.00085,0.74139,0.00065,0.08951,0.00623,0.00683,0.09052,0.00057,0.01044,0.00000,0.00000,0.00001,0.00000,0.10959,0.00000,0.00000,0.53817,0.08593,0.03232,0.11321,0.00000,0.12077,0.00000,0.00000
10.41067,7,0.30464,0.00584,0.00025,0.00751,0.00967,0.13554,0.00177,0.00164,0.69528,0.00086,0.06177,0.00491,0.00477,0.06256,0.00040,0.00722,0.00000,0.00000,0.00000,0.00000,0.10710,0.00000,0.00000,0.60524,0.06734,0.00875,0.10280,0.00000,0.10877,0.00000,0.00000
10.43200,7,0.27963,0.00807,0.00053,0.00546,0.01638,0.26097,0.00338,0.00162,0.58869,0.01486,0.04263,0.00482,0.00362,0.04363,0.00031,0.00504,0.00000,0.00000,0.00000,0.00000,0.11183,0.00000,0.00000,0.61763,0.05900,0.00237,0.10189,0.00000,0.10729,0.00000,0.00000
10.45333,7,0.25522,0.05638,0.00050,0.00391,0.02912,0.25071,0.00333,0.00125,0.50520,0.01300,0.02948,0.01900,0.03146,0.05240,0.00072,0.00355,0.00000,0.00000,0.00000,0.00000,0.12011,0.00000,0.00000,0.59661,0.05974,0.00064,0.10846,0.00000,0.11444,0.00000,0.00000
10.47467,7,0.21644,0.17873,0.00093,0.00353,0.02068,0.18317,0.00244,0.00120,0.38495,0.01005,0.02195,0.07729,0.04384,0.04120,0.02751,0.00253,0.00000,0.00000,0.00000,0.00000,0.12920,0.00000,0.00000,0.55803,0.06683,0.00017,0.11892,0.00000,0.12685,0.00000,0.00000
10.49600,11,0.29364,0.12337,0.00087,0.00249,0.01428,0.12696,0.00177,0.00084,0.26562,0.00700,0.01517,0.06622,0.28919,0.06542,0.01904,0.00175,0.00000,0.00000,0.00000,0.00000,0.13662,0.00000,0.00000,0.51625,0.07710,0.00005,0.12925,0.00000,0.14073,0.00000,0.00000
10.51733,11,0.48218,0.08513,0.00066,0.00176,0.00988,0.08772,0.00128,0.00060,0.18329,0.00497,0.01049,0.05043,0.43219,0.11723,0.01316,0.00121,0.00000,0.00000,0.00000,0.00000,0.13339,0.00000,0.00000,0.25934,0.10076,0.00001,0.14150,0.21293,0.15207,0.00000,0.00000
10.53867,11,0.50202,0.05874,0.00048,0.00129,0.00682,0.06084,0.00238,0.00043,0.12647,0.02069,0.00730,0.03822,0.46959,0.19681,0.00909,0.00085,0.00000,0.00000,0.00000,0.00000,0.12205,0.00000,0.00000,0.07017,0.12041,0.00000,0.13641,0.41324,0.13772,0.00000,0.00000
10.56000,11,0.46700,0.04058,0.00052,0.00414,0.00483,0.07213,0.15467,0.00890,0.08792,0.02636,0.00510,0.03954,0.37315,0.17528,0.00628,0.00060,0.00000,0.00000,0.00000,0.00000,0.11738,0.00000,0.00000,0.01899,0.13452,0.00000,0.12437,0.48662,0.11812,0.00000,0.00000
10.58133,4,0.45570,0.02805,0.00040,0.00429,0.00338,0.28685,0.14115,0.01174,0.06117,0.04276,0.00353,0.02764,0.26192,0.12237,0.00433,0.00042,0.00000,0.00000,0.00000,0.00000,0.12071,0.00000,0.00000,0.00514,0.14894,0.00000,0.11383,0.50810,0.10329,0.00000,0.00000
10.60267,4,0.51795,0.01941,0.00029,0.00309,0.00258,0.42830,0.12517,0.00815,0.04222,0.03278,0.00257,0.02670,0.18434,0.12078,0.00305,0.00057,0.00000,0.00000,0.00000,0.00000,0.28008,0.05799,0.00000,0.00139,0.15268,0.00000,0.13137,0.26420,0.11229,0.00000,0.00000
10.62400,12,0.53722,0.01340,0.00020,0.00226,0.00180,0.29596,0.08649,0.00563,0.02913,0.02289,0.00183,0.03831,0.15332,0.34487,0.00212,0.00179,0.00000,0.00000,0.00000,0.00000,0.43112,0.10479,0.00000,0.00038,0.12999,0.00000,0.13958,0.07148,0.12267,0.00000,0.00000
10.64533,12,0.51683,0.00925,0.00031,0.00391,0.00138,0.21867,0.06012,0.00439,0.02097,0.03041,0.00260,0.03798,0.10832,0.49182,0.00149,0.00838,0.00000,0.00000,0.00000,0.00000,0.31569,0.05930,0.00000,0.00010,0.12689,0.00000,0.13430,0.07603,0.28769,0.00000,0.00000
10.66667,12,0.47326,0.00638,0.00022,0.00710,0.00100,0.15291,0.04152,0.19619,0.09931,0.02102,0.00231,0.02741,0.07520,0.36098,0.00103,0.00741,0.00000,0.00000,0.00000,0.00000,0.22992,0.03085,0.00000,0.00005,0.12669,0.00000,0.12430,0.09610,0.39208,0.00000,0.00000
10.68800,6,0.43853,0.00440,0.00015,0.00493,0.00069,0.10555,0.02866,0.44357,0.07014,0.01451,0.00160,0.01892,0.05190,0.24916,0.00071,0.00512,0.00000,0.00000,0.00000,0.00000,0.14881,0.00835,0.00000,0.00001,0.12035,0.00000,0.10355,0.11234,0.50659,0.00000,0.00000
10.70933,6,0.40978,0.00304,0.00010,0.00340,0.00048,0.07286,0.01978,0.61567,0.04874,0.01001,0.00110,0.01306,0.03581,0.17192,0.00049,0.00353,0.00000,0.00000,0.00000,0.00000,0.15240,0.00226,0.21943,0.05760,0.06147,0.00000,0.09787,0.06020,0.34878,0.00000,0.00000
10.73067,6,0.37987,0.00210,0.00007,0.00235,0.00033,0.05029,0.01367,0.73455,0.03380,0.00691,0.00076,0.00901,0.02471,0.11867,0.00034,0.00244,0.00000,0.00000,0.00000,0.00000,0.15282,0.00061,0.42316,0.09516,0.01663,0.00000,0.10398,0.01629,0.19135,0.00000,0.00000
10.75200,6,0.35430,0.00145,0.00005,0.00173,0.00024,0.03475,0.00954,0.81620,0.02344,0.00477,0.00053,0.00623,0.01705,0.08211,0.00023,0.00169,0.00000,0.00000,0.00000,0.00000,0.13662,0.00017,0.50089,0.09785,0.00450,0.00000,0.11397,0.00441,0.14159,0.00000,0.00000
10.77333,6,0.32652,0.00100,0.00004,0.00171,0.00017,0.02414,0.00666,0.87211,0.01626,0.00329,0.00040,0.00431,0.01177,0.05678,0.00016,0.00120,0.00000,0.00000,0.00000,0.00000,0.12032,0.00004,0.53161,0.09341,0.00122,0.00000,0.12691,0.00119,0.12529,0.00000,0.00000
10.79467,6,0.33052,0.00070,0.00087,0.00140,0.00013,0.01677,0.00496,0.82254,0.01131,0.00240,0.00382,0.03009,0.00837,0.04519,0.00124,0.05020,0.00000,0.00000,0.00000,0.00000,0.10783,0.00001,0.53981,0.08914,0.00033,0.00000,0.14115,0.00032,0.12141,0.00000,0.00000
10.81600,6,0.38784,0.00049,0.00103,0.00098,0.00009,0.01161,0.00360,0.59111,0.00783,0.00764,0.00449,0.14277,0.00600,0.03595,0.00300,0.18343,0.00000,0.00000,0.00000,0.00000,0.09961,0.00000,0.53525,0.08684,0.00009,0.00000,0.15480,0.00009,0.12332,0.00000,0.00000
10.83733,6,0.40116,0.00035,0.00147,0.00069,0.00008,0.00802,0.00256,0.40825,0.00541,0.17970,0.00550,0.22320,0.00454,0.02794,0.00237,0.12994,0.00000,0.00000,0.00000,0.00000,0.09524,0.00000,0.52370,0.08680,0.00002,0.00000,0.16596,0.00002,0.12825,0.00000,0.00000
10.85867,8,0.41091,0.00025,0.00137,0.00051,0.00009,0.00554,0.00188,0.28171,0.00376,0.41442,0.00464,0.17034,0.00319,0.01939,0.00191,0.09101,0.00000,0.00000,0.00000,0.00000,0.09402,0.00000,0.50984,0.08893,0.00001,0.00000,0.17267,0.00001,0.13453,0.00000,0.00000
10.88000,8,0.40947,0.00025,0.00137,0.00044,0.00017,0.00410,0.00141,0.19439,0.00265,0.56569,0.00838,0.12069,0.00226,0.01349,0.00198,0.08275,0.00000,0.00000,0.00000,0.00000,0.10360,0.00000,0.26188,0.04720,0.21495,0.00000,0.17567,0.05935,0.13734,0.00000,0.00000
10.90133,8,0.42962,0.00049,0.00188,0.00052,0.00038,0.00394,0.00223,0.13416,0.00216,0.53643,0.00712,0.14222,0.00221,0.01165,0.00731,0.14730,0.00000,0.00000,0.00000,0.00000,0.10872,0.00000,0.07086,0.01277,0.43081,0.00000,0.15617,0.09385,0.12682,0.00000,0.00000
10.92267,8,0.42852,0.00038,0.00131,0.00038,0.00029,0.00279,0.00256,0.09258,0.00189,0.45364,0.00571,0.28351,0.00243,0.02743,0.00741,0.11768,0.00000,0.00000,0.00000,0.00000,0.11039,0.00000,0.03686,0.00664,0.48293,0.00000,0.14547,0.09588,0.12183,0.00000,0.00000
10.94400,8,0.39174,0.00027,0.00091,0.00066,0.00537,0.00198,0.00177,0.06400,0.28348,0.32314,0.00397,0.20656,0.00169,0.01942,0.00524,0.08154,0.00000,0.00000,0.00000,0.00000,0.11644,0.00000,0.00997,0.00180,0.52961,0.00000,0.13106,0.09468,0.11644,0.00000,0.00000
10.96533,7,0.35278,0.00019,0.00063,0.00049,0.00778,0.00148,0.00130,0.04429,0.50043,0.22334,0.00276,0.14283,0.00117,0.01340,0.00362,0.05628,0.00000,0.00000,0.00000,0.00000,0.12649,0.00000,0.00270,0.00049,0.52924,0.00000,0.12748,0.09597,0.11763,0.00000,0.00000
10.98667,7,0.30266,0.00020,0.00059,0.00255,0.00701,0.07330,0.00128,0.03768,0.57063,0.15474,0.00191,0.09861,0.00081,0.00925,0.00251,0.03891,0.00000,0.00000,0.00000,0.00000,0.12188,0.00000,0.00073,0.22775,0.32823,0.00000,0.13515,0.05121,0.13504,0.00000,0.00000
11.00800,7,0.25567,0.00016,0.00718,0.00777,0.00505,0.33958,0.00107,0.02828,0.39851,0.10746,0.00133,0.06805,0.00056,0.00639,0.00174,0.02687,0.00000,0.00000,0.00000,0.00000,0.10908,0.00000,0.00020,0.47296,0.15503,0.00000,0.12171,0.01385,0.12717,0.00000,0.00000
11.02933,4,0.22663,0.00017,0.02137,0.02817,0.00441,0.49954,0.00118,0.01981,0.27556,0.07551,0.00235,0.04701,0.00039,0.00442,0.00120,0.01891,0.00000,0.00000,0.00000,0.00000,0.10539,0.00000,0.00005,0.58035,0.09083,0.00000,0.10693,0.00375,0.11270,0.00000,0.00000
11.05067,4,0.20764,0.00048,0.04726,0.13172,0.00318,0.36243,0.00346,0.01373,0.19023,0.05296,0.13251,0.03528,0.00038,0.00340,0.00347,0.01950,0.00000,0.00000,0.00000,0.00000,0.27029,0.05799,0.00001,0.31483,0.11051,0.00000,0.12781,0.00101,0.11755,0.00000,0.00000
11.07200,4,0.37883,0.00049,0.03687,0.18386,0.00255,0.25382,0.00701,0.00958,0.13135,0.03842,0.20809,0.03958,0.00059,0.00452,0.05207,0.03122,0.00000,0.00000,0.00000,0.00000,0.42847,0.10479,0.00000,0.08518,0.11858,0.00000,0.13861,0.00027,0.12410,0.00000,0.00000
11.09333,13,0.48418,0.00034,0.02638,0.13287,0.00194,0.17516,0.00521,0.00661,0.09065,0.02960,0.14689,0.04325,0.00346,0.01241,0.29445,0.03078,0.00000,0.00000,0.00000,0.00000,0.48347,0.11965,0.00000,0.02305,0.10613,0.00000,0.13783,0.00007,0.12981,0.00000,0.00000
11.11467,13,0.46344,0.00024,0.02644,0.09656,0.00226,0.12097,0.00423,0.00456,0.06270,0.04836,0.10568,0.08521,0.00284,0.00911,0.40649,0.02433,0.00000,0.00000,0.00000,0.00000,0.30980,0.06430,0.00000,0.00624,0.11331,0.00000,0.17167,0.00002,0.06968,0.21094,0.05403
11.13600,13,0.43365,0.00020,0.23223,0.07663,0.03968,0.08453,0.00391,0.00316,0.04333,0.05135,0.07297,0.06440,0.00204,0.00633,0.30181,0.01743,0.00000,0.00000,0.00000,0.00000,0.15613,0.01740,0.00000,0.00169,0.12196,0.00000,0.18386,0.00001,0.01885,0.40959,0.09052
11.15733,3,0.45243,0.00014,0.19922,0.05413,0.25137,0.05949,0.00505,0.00219,0.02995,0.06984,0.05041,0.04930,0.00144,0.00566,0.20888,0.01294,0.00000,0.00000,0.00000,0.00000,0.11074,0.00471,0.00000,0.00046,0.12711,0.00000,0.17374,0.00000,0.00510,0.48278,0.09536
11.17867,3,0.49873,0.00010,0.14091,0.03830,0.32709,0.04275,0.02266,0.00152,0.02068,0.07783,0.04006,0.09814,0.00176,0.03341,0.14434,0.01044,0.06816,0.00000,0.00000,0.19927,0.13111,0.00127,0.00000,0.00012,0.14444,0.00000,0.14582,0.00000,0.00138,0.25908,0.04935
11.20000,3,0.50691,0.00008,0.09751,0.02712,0.23159,0.02963,0.01599,0.00105,0.01427,0.07636,0.03522,0.10870,0.03460,0.22050,0.09966,0.00771,0.09862,0.00000,0.00000,0.30717,0.14284,0.00066,0.00000,0.00006,0.14708,0.00000,0.14241,0.00000,0.00072,0.13476,0.02567
11.22133,12,0.46805,0.00007,0.06728,0.01892,0.15996,0.02091,0.01179,0.08302,0.08371,0.05273,0.02655,0.08912,0.04068,0.27074,0.06895,0.00555,0.11472,0.00000,0.00000,0.39872,0.14704,0.00018,0.00000,0.00002,0.13945,0.00000,0.15628,0.00000,0.00019,0.03646,0.00695
11.24267,6,0.41698,0.00005,0.04643,0.01307,0.11038,0.01446,0.00815,0.35079,0.07285,0.03638,0.01845,0.06184,0.02826,0.18747,0.04758,0.00384,0.06006,0.00000,0.00000,0.21656,0.14938,0.00005,0.00000,0.00000,0.13470,0.00000,0.14852,0.05669,0.22229,0.00987,0.00188
11.26400,6,0.38000,0.00003,0.03203,0.00902,0.07616,0.01012,0.00572,0.54969,0.05208,0.02511,0.01273,0.04269,0.01950,0.12963,0.03283,0.00265,0.01625,0.00000,0.00000,0.05860,0.15925,0.00001,0.21943,0.05760,0.06801,0.00000,0.11648,0.04476,0.25643,0.00267,0.00051
11.28533,6,0.34739,0.00002,0.02210,0.00624,0.05256,0.00713,0.00410,0.68828,0.03621,0.01734,0.00879,0.02948,0.01346,0.08981,0.02265,0.00183,0.00440,0.00000,0.00000,0.01585,0.15467,0.00000,0.42317,0.09516,0.01840,0.00000,0.10902,0.01211,0.16636,0.00072,0.00014
11.30667,6,0.30439,0.00002,0.01529,0.00432,0.03627,0.00495,0.00571,0.76257,0.02503,0.01208,0.00607,0.03663,0.00944,0.06294,0.01563,0.00307,0.00119,0.00000,0.00000,0.00429,0.13712,0.00000,0.50089,0.09785,0.00498,0.00000,0.11533,0.00328,0.13483,0.00020,0.00004
11.32800,6,0.32877,0.00005,0.01057,0.00298,0.02503,0.00343,0.00479,0.59355,0.01728,0.00872,0.00420,0.24806,0.00707,0.05500,0.01079,0.00849,0.00032,0.00000,0.00000,0.00116,0.12046,0.00000,0.53161,0.09341,0.00135,0.00000,0.12728,0.00089,0.12346,0.00005,0.00001
11.34933,10,0.37066,0.00003,0.00730,0.00206,0.01727,0.00239,0.00331,0.41073,0.01193,0.01888,0.00290,0.45452,0.00556,0.04940,0.00745,0.00626,0.00009,0.00000,0.00000,0.00031,0.10786,0.00000,0.53981,0.08914,0.00036,0.00000,0.14125,0.00024,0.12092,0.00001,0.00000
11.37067,10,0.36962,0.00002,0.00505,0.00142,0.01192,0.00169,0.00232,0.28345,0.00823,0.22343,0.00203,0.40862,0.00450,0.03785,0.00514,0.00435,0.00002,0.00000,0.00000,0.00008,0.12067,0.00000,0.28023,0.04562,0.06722,0.00000,0.29661,0.06163,0.06325,0.06466,0.00000
11.39200,8,0.37546,0.00003,0.00367,0.00102,0.00823,0.00144,0.00180,0.19558,0.00575,0.46248,0.00152,0.28251,0.00313,0.02618,0.00355,0.00312,0.00001,0.00000,0.00000,0.00002,0.12233,0.00000,0.07583,0.01235,0.12014,0.00000,0.43482,0.10277,0.01712,0.11462,0.00000
11.41333,8,0.37381,0.00009,0.00634,0.00082,0.00583,0.00226,0.00148,0.13495,0.00404,0.61601,0.00358,0.19503,0.00217,0.01812,0.00245,0.00684,0.00000,0.00000,0.00000,0.00001,0.11688,0.00000,0.02052,0.00334,0.28304,0.00000,0.32684,0.11515,0.07033,0.06390,0.00000
11.43467,8,0.37367,0.00071,0.00461,0.00062,0.00408,0.00296,0.00198,0.09312,0.00283,0.60583,0.00583,0.23402,0.00299,0.01378,0.01907,0.00758,0.00000,0.00000,0.00000,0.00000,0.11232,0.00000,0.00555,0.00090,0.44923,0.00000,0.19707,0.10895,0.10869,0.01729,0.00000
11.45600,10,0.37038,0.00063,0.00322,0.00050,0.00283,0.00216,0.00143,0.06425,0.00196,0.42576,0.00451,0.44463,0.01193,0.01657,0.01410,0.00551,0.00000,0.00000,0.00000,0.00000,0.11226,0.00000,0.00289,0.00047,0.49251,0.00000,0.16675,0.10373,0.11240,0.00899,0.00000
11.47733,8,0.36822,0.00046,0.01600,0.02538,0.00214,0.00187,0.00107,0.04434,0.00142,0.51987,0.00316,0.33993,0.01545,0.01529,0.00976,0.00387,0.00000,0.00000,0.00000,0.00000,0.11695,0.00000,0.00078,0.00013,0.53220,0.00000,0.13682,0.09680,0.11389,0.00243,0.00000
11.49867,8,0.36391,0.00038,0.03578,0.02941,0.00387,0.00201,0.00085,0.03059,0.00103,0.62743,0.00238,0.23501,0.01089,0.01069,0.00674,0.00294,0.00000,0.00000,0.00000,0.00000,0.12100,0.00000,0.00021,0.00003,0.39388,0.00000,0.23649,0.11757,0.09652,0.03429,0.00000
11.52000,8,0.36114,0.00043,0.07175,0.02167,0.06182,0.00338,0.00129,0.02111,0.00085,0.62778,0.00389,0.16242,0.00755,0.00745,0.00465,0.00395,0.00000,0.00000,0.00000,0.00000,0.11343,0.00000,0.00006,0.00001,0.47922,0.00000,0.17262,0.10960,0.11578,0.00928,0.00000
11.54133,8,0.37025,0.00070,0.11396,0.01753,0.09822,0.00459,0.00966,0.01458,0.00069,0.55787,0.03419,0.12323,0.00619,0.00835,0.00334,0.00691,0.00000,0.00000,0.00000,0.00000,0.11415,0.00000,0.00002,0.00000,0.52699,0.00000,0.14136,0.09967,0.11530,0.00251,0.00000
11.56267,8,0.36664,0.00269,0.13873,0.01747,0.06804,0.00385,0.00772,0.01007,0.00052,0.43813,0.05161,0.11215,0.00482,0.00708,0.00254,0.13457,0.00000,0.00000,0.00000,0.00000,0.12139,0.00000,0.00000,0.00000,0.53739,0.00000,0.12919,0.09589,0.11546,0.00068,0.00000
11.58400,8,0.36471,0.00239,0.10180,0.01232,0.04819,0.00278,0.00695,0.00699,0.00103,0.34902,0.05508,0.08235,0.00358,0.01177,0.00228,0.31348,0.00000,0.00000,0.00000,0.00000,0.13262,0.00000,0.00000,0.00000,0.51882,0.00000,0.12953,0.09876,0.12009,0.00018,0.00000
11.60533,8,0.36389,0.00199,0.07070,0.00950,0.03348,0.00241,0.00536,0.00488,0.11257,0.24336,0.03883,0.20773,0.00355,0.03896,0.00205,0.22465,0.00000,0.00000,0.00000,0.00000,0.14514,0.00000,0.00000,0.00000,0.48195,0.00000,0.13766,0.10672,0.12849,0.00005,0.00000
11.62667,7,0.33783,0.00138,0.04880,0.00693,0.02319,0.00173,0.00370,0.00341,0.38083,0.16794,0.02684,0.14790,0.00247,0.02837,0.00142,0.15510,0.00000,0.00000,0.00000,0.00000,0.15617,0.00000,0.00000,0.00000,0.43801,0.00000,0.14938,0.11766,0.13877,0.00001,0.00000
11.64800,7,0.30440,0.00096,0.03367,0.00488,0.01617,0.00140,0.00259,0.00238,0.57176,0.11591,0.01853,0.10231,0.00171,0.01970,0.00098,0.10703,0.00000,0.00000,0.00000,0.00000,0.13630,0.00000,0.00000,0.22763,0.27574,0.00000,0.14874,0.06426,0.14733,0.00000,0.00000
11.66933,7,0.26420,0.00074,0.02325,0.00338,0.01369,0.00545,0.00184,0.00170,0.69715,0.08004,0.01279,0.07062,0.00119,0.01363,0.00069,0.07385,0.00000,0.00000,0.00000,0.00000,0.11298,0.00000,0.00000,0.47292,0.14083,0.00000,0.12538,0.01739,0.13050,0.00000,0.00000
11.69067,7,0.22684,0.00093,0.01617,0.00293,0.06031,0.17459,0.00199,0.00148,0.56135,0.06074,0.00882,0.04890,0.00086,0.00947,0.00049,0.05097,0.00000,0.00000,0.00000,0.00000,0.10644,0.00000,0.00000,0.58034,0.08699,0.00000,0.10792,0.00470,0.11360,0.00000,0.00000
11.71200,7,0.25719,0.00439,0.01153,0.00270,0.10945,0.30861,0.00189,0.00125,0.41515,0.06160,0.00611,0.03445,0.00072,0.00660,0.00034,0.03521,0.00000,0.00000,0.00000,0.00000,0.10864,0.00000,0.00000,0.61672,0.06503,0.00000,0.10152,0.00127,0.10681,0.00000,0.00000
11.73333,7,0.39750,0.00304,0.00804,0.00195,0.27048,0.21946,0.00152,0.00087,0.28650,0.04802,0.00433,0.11408,0.00509,0.01199,0.00025,0.02439,0.00000,0.00000,0.00000,0.00000,0.11173,0.00000,0.00000,0.61763,0.06063,0.00000,0.10205,0.00066,0.10731,0.00000,0.00000
11.75467,12,0.43688,0.00210,0.00560,0.00140,0.20303,0.15146,0.00150,0.00060,0.19769,0.03806,0.00318,0.09236,0.04784,0.23816,0.00017,0.01685,0.00000,0.00000,0.00000,0.00000,0.12008,0.00000,0.00000,0.59661,0.06018,0.00000,0.10851,0.00018,0.11445,0.00000,0.00000
11.77600,12,0.44204,0.00145,0.00392,0.00097,0.14049,0.10451,0.04469,0.00042,0.13641,0.02668,0.00221,0.06402,0.05315,0.40933,0.00012,0.01165,0.00000,0.00000,0.00000,0.00000,0.13846,0.00000,0.00000,0.30097,0.09791,0.00000,0.12115,0.05674,0.28477,0.00000,0.00000
11.79733,12,0.44903,0.00101,0.00296,0.00067,0.09700,0.07212,0.03826,0.00030,0.09412,0.02261,0.00156,0.04441,0.06675,0.55004,0.00011,0.00808,0.00000,0.00000,0.00000,0.00000,0.13139,0.00000,0.00000,0.08143,0.11576,0.00000,0.10976,0.10140,0.46026,0.00000,0.00000
11.81867,12,0.44720,0.00070,0.01085,0.00048,0.06693,0.04985,0.04382,0.00021,0.06495,0.29108,0.00108,0.03072,0.04910,0.38454,0.00010,0.00558,0.00000,0.00000,0.00000,0.00000,0.11727,0.00000,0.00000,0.02203,0.11604,0.00000,0.09496,0.11431,0.53538,0.00000,0.00000
11.84000,8,0.45015,0.00049,0.01447,0.00035,0.04621,0.03528,0.06555,0.00016,0.04482,0.46737,0.00075,0.02120,0.03389,0.26547,0.00007,0.00392,0.00000,0.00000,0.00000,0.00000,0.10976,0.00000,0.00000,0.00596,0.11786,0.00000,0.08780,0.11946,0.55917,0.00000,0.00000
11.86133,8,0.47013,0.00036,0.01067,0.00025,0.03348,0.02583,0.13693,0.00028,0.03095,0.53431,0.00057,0.01493,0.02351,0.18511,0.00005,0.00277,0.00000,0.00000,0.00000,0.00000,0.11124,0.00000,0.00000,0.00161,0.27764,0.00000,0.13077,0.12244,0.35628,0.00000,0.00000
11.88267,8,0.46912,0.00026,0.00744,0.00018,0.02626,0.01830,0.12005,0.00020,0.02137,0.43913,0.00041,0.02452,0.16336,0.17639,0.00006,0.00208,0.00000,0.00000,0.00000,0.00000,0.11079,0.00000,0.00000,0.00044,0.44777,0.00000,0.14402,0.11092,0.18606,0.00000,0.00000
11.90400,11,0.46878,0.00018,0.00516,0.00012,0.01815,0.01265,0.08297,0.00014,0.01474,0.30354,0.00030,0.02531,0.34766,0.18750,0.00004,0.00154,0.00000,0.00000,0.00000,0.00000,0.11344,0.00000,0.00000,0.00012,0.51848,0.00000,0.13362,0.10003,0.13432,0.00000,0.00000
11.92533,11,0.46057,0.00014,0.00358,0.00010,0.01254,0.00896,0.05923,0.00011,0.01018,0.21077,0.00022,0.01936,0.50749,0.16619,0.00003,0.00110,0.00000,0.00000,0.00000,0.00000,0.12182,0.00000,0.00000,0.00003,0.33463,0.00000,0.13956,0.26344,0.14052,0.00000,0.00000
11.94667,11,0.44833,0.00011,0.00260,0.00015,0.00866,0.00662,0.04440,0.00013,0.00704,0.14626,0.00017,0.01454,0.63517,0.13332,0.00002,0.00081,0.00000,0.00000,0.00000,0.00000,0.11892,0.00000,0.00000,0.00001,0.18369,0.00000,0.13588,0.42691,0.13460,0.00000,0.00000
11.96800,11,0.39288,0.00012,0.00190,0.00015,0.00603,0.01460,0.03846,0.06626,0.00533,0.10111,0.00012,0.01041,0.65007,0.10486,0.00002,0.00058,0.00000,0.00000,0.00000,0.00000,0.11653,0.00000,0.00000,0.00000,0.15164,0.00000,0.12423,0.49032,0.11727,0.00000,0.00000
11.98933,11,0.33980,0.00067,0.00169,0.00033,0.00697,0.15224,0.06096,0.11322,0.00375,0.06987,0.00014,0.00938,0.48665,0.09359,0.00002,0.00052,0.00000,0.00000,0.00000,0.00000,0.11765,0.00000,0.00000,0.00000,0.15052,0.00000,0.11867,0.50367,0.10948,0.00000,0.00000
12.01067,4,0.29690,0.00061,0.00118,0.00075,0.00503,0.39566,0.04664,0.09162,0.00262,0.04821,0.00012,0.00667,0.33586,0.06464,0.00002,0.00037,0.00000,0.00000,0.00000,0.00000,0.12490,0.00000,0.00000,0.00000,0.15884,0.00000,0.10968,0.50844,0.09813,0.00000,0.00000
12.03200,4,0.25340,0.00311,0.00134,0.00317,0.00427,0.37163,0.20704,0.08122,0.00188,0.03339,0.00015,0.00658,0.23689,0.04890,0.00003,0.00038,0.00000,0.00000,0.00000,0.00000,0.28305,0.05799,0.00000,0.00000,0.15725,0.00000,0.12962,0.26167,0.11042,0.00000,0.00000
12.05333,5,0.21667,0.01551,0.00193,0.00941,0.00550,0.29391,0.36308,0.05810,0.00155,0.02351,0.00017,0.00571,0.16475,0.05643,0.00004,0.00041,0.00000,0.00000,0.00000,0.00000,0.43191,0.10478,0.00000,0.00000,0.13123,0.00000,0.13910,0.07081,0.12217,0.00000,0.00000
12.07467,5,0.18113,0.06766,0.00438,0.05940,0.01297,0.29368,0.30185,0.05141,0.00446,0.01784,0.00177,0.01100,0.11503,0.05657,0.00042,0.00156,0.00000,0.00000,0.00000,0.00000,0.30812,0.28226,0.00000,0.00000,0.11562,0.00000,0.13560,0.01916,0.13925,0.00000,0.00000
12.09600,5,0.20039,0.07109,0.05410,0.05326,0.01304,0.23081,0.23703,0.04764,0.00381,0.05700,0.00323,0.09659,0.08306,0.04638,0.00040,0.00257,0.00000,0.00000,0.00000,0.00000,0.17032,0.47012,0.00000,0.00000,0.09849,0.00000,0.12505,0.00518,0.13083,0.00000,0.00000
12.11733,5,0.34084,0.04980,0.06128,0.04253,0.02561,0.16236,0.19278,0.03386,0.00296,0.11721,0.00502,0.11578,0.06774,0.11717,0.00052,0.00539,0.00000,0.00000,0.00000,0.00000,0.12450,0.55337,0.00000,0.00000,0.08533,0.00000,0.11996,0.00140,0.11544,0.00000,0.00000
12.13867,12,0.38422,0.03446,0.09710,0.03034,0.01960,0.11205,0.13617,0.02339,0.00205,0.11907,0.00416,0.13179,0.06121,0.22248,0.00041,0.00572,0.00000,0.00000,0.00000,0.00000,0.11020,0.57796,0.00000,0.00000,0.08109,0.00000,0.12294,0.00038,0.10743,0.00000,0.00000
12.16000,12,0.38329,0.02381,0.07175,0.02102,0.01364,0.07754,0.09927,0.01616,0.00143,0.10903,0.00329,0.12762,0.05846,0.36793,0.00033,0.00873,0.00000,0.00000,0.00000,0.00000,0.13010,0.29920,0.00000,0.00000,0.10791,0.00000,0.12818,0.05680,0.27782,0.00000,0.00000
12.18133,12,0.35893,0.01650,0.06229,0.01485,0.00953,0.05500,0.17706,0.01121,0.00101,0.23788,0.00229,0.09152,0.04106,0.27333,0.00024,0.00624,0.00000,0.00000,0.00000,0.00000,0.12913,0.08096,0.00000,0.00000,0.11847,0.00000,0.11166,0.10141,0.45837,0.00000,0.00000
12.20267,8,0.31566,0.01183,0.05470,0.01559,0.00821,0.11848,0.15303,0.01622,0.00196,0.32041,0.00164,0.06323,0.03068,0.19919,0.00018,0.00464,0.00000,0.00000,0.00000,0.00000,0.11666,0.02191,0.00000,0.00000,0.11678,0.00000,0.09548,0.11432,0.53486,0.00000,0.00000
12.22400,4,0.28181,0.00818,0.03776,0.01109,0.00594,0.35129,0.10582,0.04786,0.00380,0.22115,0.00118,0.04365,0.02119,0.13762,0.00013,0.00335,0.00000,0.00000,0.00000,0.00000,0.11286,0.00593,0.00000,0.00000,0.27571,0.00000,0.13239,0.12036,0.35275,0.00000,0.00000
12.24533,4,0.24779,0.00783,0.02630,0.00940,0.00453,0.43443,0.08909,0.08968,0.00594,0.15434,0.00189,0.03837,0.01628,0.11230,0.00010,0.00952,0.00000,0.00000,0.00000,0.00000,0.27326,0.05959,0.00000,0.00000,0.26850,0.00000,0.14967,0.06057,0.18841,0.00000,0.00000
12.26667,4,0.32026,0.00579,0.01828,0.00652,0.00329,0.32069,0.07251,0.07564,0.00423,0.10728,0.00267,0.12604,0.01311,0.22653,0.00008,0.01733,0.00000,0.00000,0.00000,0.00000,0.37028,0.08928,0.00000,0.00000,0.20241,0.00000,0.14804,0.03151,0.15849,0.00000,0.00000
12.28800,10,0.36965,0.00400,0.01407,0.00455,0.00228,0.22158,0.05034,0.05269,0.00293,0.07536,0.01967,0.27532,0.01566,0.22442,0.00018,0.03696,0.00000,0.00000,0.00000,0.00000,0.46442,0.11421,0.00000,0.00000,0.13494,0.00000,0.14134,0.00853,0.13656,0.00000,0.00000
12.30933,8,0.39662,0.00276,0.01137,0.00314,0.00158,0.15306,0.03976,0.03637,0.00202,0.32481,0.01396,0.21149,0.01132,0.16221,0.00013,0.02601,0.00000,0.00000,0.00000,0.00000,0.31859,0.06230,0.00000,0.00000,0.12835,0.00000,0.29203,0.06387,0.07022,0.06465,0.00000
12.33067,8,0.39418,0.00192,0.00837,0.00217,0.00112,0.10588,0.04454,0.02512,0.00141,0.51481,0.00975,0.14605,0.00784,0.11276,0.00010,0.01817,0.00000,0.00000,0.00000,0.00000,0.17261,0.01686,0.00000,0.00000,0.28441,0.00000,0.28355,0.10697,0.08470,0.05090,0.00000
12.35200,8,0.39045,0.00148,0.00601,0.00156,0.00094,0.07363,0.05308,0.01735,0.00099,0.42068,0.00715,0.22428,0.01796,0.15266,0.00481,0.01743,0.00000,0.00000,0.00000,0.00000,0.12740,0.00456,0.00000,0.00000,0.44959,0.00000,0.18536,0.10673,0.11258,0.01377,0.00000
12.37333,10,0.36998,0.00120,0.00469,0.00441,0.00077,0.05188,0.04034,0.01207,0.00429,0.30531,0.00568,0.37098,0.01994,0.16171,0.00364,0.01310,0.00000,0.00000,0.00000,0.00000,0.11793,0.00123,0.00000,0.00000,0.51897,0.00000,0.14481,0.09889,0.11443,0.00373,0.00000
12.39467,7,0.33745,0.00087,0.00326,0.00828,0.00060,0.03618,0.02796,0.00964,0.29186,0.21082,0.00408,0.26729,0.01388,0.11306,0.00252,0.00970,0.00000,0.00000,0.00000,0.00000,0.12892,0.00033,0.00000,0.00000,0.34400,0.00000,0.28981,0.11176,0.05953,0.06566,0.00000
12.41600,7,0.30786,0.00065,0.00229,0.00995,0.00087,0.02961,0.02470,0.01121,0.49144,0.14551,0.00288,0.18458,0.00958,0.07825,0.00175,0.00673,0.00000,0.00000,0.00000,0.00000,0.11971,0.00009,0.00000,0.22761,0.18667,0.00000,0.26561,0.06058,0.08856,0.05117,0.00000
12.43733,7,0.27950,0.00048,0.00227,0.19115,0.00677,0.02383,0.02333,0.00886,0.44134,0.10041,0.00693,0.12736,0.00661,0.05447,0.00121,0.00499,0.00000,0.00000,0.00000,0.00000,0.10849,0.00002,0.00000,0.47291,0.11673,0.00000,0.15701,0.01639,0.11459,0.01385,0.00000
12.45867,7,0.24086,0.00044,0.00442,0.19352,0.00566,0.02502,0.08899,0.00628,0.31132,0.06931,0.15847,0.08798,0.00457,0.03794,0.00088,0.00518,0.00000,0.00000,0.00000,0.00000,0.10523,0.00001,0.00000,0.58033,0.08047,0.00000,0.11648,0.00444,0.10930,0.00375,0.00000
12.48000,9,0.30093,0.00031,0.00349,0.13596,0.00391,0.01752,0.07308,0.00437,0.21483,0.04783,0.40011,0.06093,0.00326,0.02674,0.00069,0.00698,0.00000,0.00000,0.00000,0.00000,0.10831,0.00000,0.00000,0.61672,0.06327,0.00000,0.10384,0.00120,0.10565,0.00101,0.00000
12.50133,9,0.36969,0.00022,0.00249,0.09424,0.00270,0.01210,0.05519,0.00303,0.14824,0.03300,0.57016,0.04319,0.00855,0.02074,0.00061,0.00554,0.00000,0.00000,0.00000,0.00000,0.13022,0.00000,0.00000,0.32129,0.09069,0.21088,0.13413,0.00032,0.11219,0.00027,0.00000
12.52267,9,0.36715,0.00018,0.00289,0.06567,0.00187,0.00835,0.03848,0.00212,0.10229,0.02307,0.41883,0.07974,0.20255,0.04587,0.00347,0.00462,0.00000,0.00000,0.00000,0.00000,0.14091,0.00000,0.00000,0.16712,0.10453,0.32573,0.14574,0.00017,0.11566,0.00014,0.00000
12.54400,9,0.33443,0.00014,0.00534,0.05650,0.00145,0.01216,0.27214,0.00210,0.07081,0.02396,0.29005,0.06553,0.15475,0.03923,0.00261,0.00322,0.00000,0.00000,0.00000,0.00000,0.15241,0.00000,0.00000,0.04522,0.11146,0.42416,0.14613,0.00005,0.12053,0.00004,0.00000
12.56533,5,0.29410,0.00019,0.00479,0.04692,0.00160,0.01720,0.46840,0.00286,0.05112,0.02292,0.20023,0.04535,0.10710,0.02730,0.00182,0.00223,0.00000,0.00000,0.00000,0.00000,0.15979,0.00000,0.00000,0.01224,0.11078,0.45326,0.13880,0.00001,0.12511,0.00001,0.00000
12.58667,5,0.26033,0.00083,0.00362,0.03385,0.00302,0.05148,0.57657,0.00445,0.03748,0.01719,0.13872,0.03545,0.07428,0.02003,0.00130,0.00174,0.00000,0.00000,0.00000,0.00000,0.15067,0.22295,0.00000,0.00331,0.11094,0.23793,0.13392,0.00000,0.14027,0.00000,0.00000
12.60800,5,0.29766,0.00074,0.00374,0.02393,0.00610,0.05750,0.49057,0.00323,0.02595,0.02709,0.09640,0.17685,0.05561,0.02185,0.00104,0.00942,0.00000,0.00000,0.00000,0.00000,0.12772,0.45406,0.00000,0.00090,0.09723,0.06439,0.12460,0.00000,0.13111,0.00000,0.00000
12.62933,5,0.32671,0.00060,0.00260,0.01657,0.00435,0.03995,0.34028,0.00226,0.01800,0.02326,0.06796,0.32415,0.05001,0.05264,0.00078,0.05659,0.00000,0.00000,0.00000,0.00000,0.11297,0.54902,0.00000,0.00024,0.08499,0.01742,0.11984,0.00000,0.11552,0.00000,0.00000
12.65067,10,0.29856,0.00098,0.00194,0.01181,0.00310,0.03068,0.23766,0.00166,0.06450,0.02032,0.04841,0.41795,0.03873,0.08218,0.00058,0.03950,0.00000,0.00000,0.00000,0.00000,0.10708,0.57679,0.00000,0.00007,0.08099,0.00471,0.12291,0.00000,0.10745,0.00000,0.00000
12.67200,7,0.27012,0.00083,0.00142,0.00853,0.00240,0.02344,0.16497,0.00148,0.33251,0.01487,0.03354,0.30251,0.02688,0.05885,0.00042,0.02734,0.00000,0.00000,0.00000,0.00000,0.12264,0.29891,0.00000,0.00002,0.10982,0.00128,0.28555,0.06156,0.05558,0.06465,0.00000
12.69333,7,0.24607,0.00060,0.00099,0.00605,0.00190,0.01729,0.12924,0.00107,0.52198,0.01029,0.02315,0.20888,0.01859,0.04077,0.00034,0.01887,0.00000,0.00000,0.00000,0.00000,0.11801,0.08089,0.00000,0.22761,0.12330,0.00035,0.26446,0.04700,0.08750,0.05090,0.00000
12.71467,7,0.36381,0.00043,0.00099,0.00439,0.00210,0.01209,0.12420,0.00079,0.40344,0.00728,0.01841,0.19526,0.16420,0.04053,0.01275,0.01313,0.00000,0.00000,0.00000,0.00000,0.10803,0.02189,0.00000,0.47290,0.09959,0.00009,0.15670,0.01272,0.11430,0.01377,0.00000
12.73600,7,0.42299,0.00031,0.00163,0.00314,0.00194,0.00837,0.09267,0.00056,0.27879,0.00564,0.04670,0.26046,0.20017,0.04295,0.04745,0.00921,0.00000,0.00000,0.00000,0.00000,0.10511,0.00592,0.00000,0.58033,0.07583,0.00003,0.11640,0.00344,0.10922,0.00373,0.00000
12.75733,9,0.43018,0.00028,0.00666,0.00274,0.00149,0.00751,0.06677,0.00097,0.19273,0.02301,0.22393,0.21970,0.16976,0.03194,0.04523,0.00727,0.00000,0.00000,0.00000,0.00000,0.10828,0.00160,0.00000,0.61672,0.06201,0.00001,0.10381,0.00093,0.10562,0.00101,0.00000
12.77867,9,0.42899,0.00022,0.00979,0.00822,0.00127,0.00676,0.04874,0.00078,0.13321,0.04385,0.36362,0.17824,0.13158,0.02592,0.04033,0.00748,0.00000,0.00000,0.00000,0.00000,0.13021,0.00043,0.00000,0.32129,0.09035,0.21088,0.13413,0.00025,0.11218,0.00027,0.00000
12.80000,9,0.45183,0.00042,0.00762,0.00663,0.00142,0.01112,0.03483,0.00056,0.09219,0.06155,0.45938,0.13973,0.09366,0.02609,0.05457,0.01022,0.00000,0.00000,0.00000,0.00000,0.14090,0.00023,0.00000,0.16713,0.10435,0.32572,0.14574,0.00013,0.11565,0.00014,0.00000
12.82133,9,0.45023,0.00031,0.00541,0.00490,0.00418,0.01089,0.02478,0.00041,0.06455,0.10850,0.49473,0.12876,0.06574,0.02338,0.05283,0.01062,0.00000,0.00000,0.00000,0.00000,0.15241,0.00006,0.00000,0.04523,0.11141,0.42416,0.14613,0.00004,0.12053,0.00004,0.00000
12.84267,9,0.42674,0.00027,0.00435,0.01053,0.12537,0.01601,0.01801,0.00033,0.04512,0.15023,0.36806,0.14681,0.04761,0.01942,0.03980,0.00808,0.00000,0.00000,0.00000,0.00000,0.15979,0.00002,0.00000,0.01224,0.11077,0.45326,0.13880,0.00001,0.12510,0.00001,0.00000
12.86400,3,0.42637,0.00019,0.00301,0.00760,0.38813,0.01129,0.01273,0.00023,0.03113,0.10979,0.25398,0.10257,0.03285,0.01345,0.02747,0.00559,0.00000,0.00000,0.00000,0.00000,0.16635,0.00000,0.00000,0.00331,0.11012,0.45779,0.13234,0.00000,0.13008,0.00000,0.00000
12.88533,3,0.42519,0.00013,0.00219,0.00536,0.34087,0.00799,0.00910,0.00016,0.02148,0.07910,0.22640,0.24965,0.02285,0.01058,0.02004,0.00409,0.06815,0.00000,0.00000,0.19926,0.16536,0.00000,0.00000,0.00090,0.13383,0.23705,0.12643,0.00000,0.06903,0.00000,0.00000
12.90667,10,0.40865,0.00009,0.00172,0.00409,0.23522,0.00650,0.00636,0.00011,0.01482,0.05460,0.15693,0.47886,0.01578,0.00749,0.01437,0.00305,0.11080,0.00000,0.00000,0.36624,0.15606,0.00000,0.00000,0.00024,0.14156,0.06414,0.14229,0.00000,0.01868,0.00000,0.00000
12.92800,10,0.39578,0.00015,0.16975,0.00633,0.16231,0.00657,0.00443,0.00008,0.01023,0.03893,0.10917,0.43326,0.01090,0.00519,0.00997,0.03273,0.05968,0.00000,0.00000,0.20741,0.14597,0.00000,0.00000,0.00007,0.13888,0.01736,0.29937,0.06156,0.00505,0.06465,0.00000
12.94933,1,0.37927,0.00025,0.36202,0.00683,0.11207,0.00462,0.00313,0.00006,0.00706,0.02751,0.07549,0.29993,0.00753,0.00361,0.00701,0.08291,0.01615,0.00000,0.00000,0.05613,0.12917,0.00000,0.00000,0.00002,0.13953,0.00470,0.43556,0.10275,0.00137,0.11462,0.00000
12.97067,1,0.37438,0.00018,0.43153,0.00550,0.07733,0.00319,0.00262,0.00004,0.00487,0.01903,0.05218,0.20735,0.00522,0.00253,0.00697,0.18146,0.00437,0.22288,0.00000,0.01519,0.12756,0.00000,0.00000,0.00000,0.13579,0.00127,0.31515,0.05580,0.05807,0.06391,0.00000
12.99200,1,0.37244,0.00018,0.35031,0.00405,0.05336,0.00220,0.00221,0.00003,0.00336,0.04503,0.03608,0.16173,0.00421,0.00186,0.09443,0.24096,0.00118,0.45642,0.00000,0.00411,0.11115,0.00000,0.00000,0.00000,0.11484,0.00034,0.18339,0.01510,0.09617,0.01729,0.00000
13.01333,1,0.36375,0.00014,0.24192,0.00286,0.03684,0.00153,0.00157,0.00002,0.00233,0.06209,0.03020,0.22354,0.00401,0.00198,0.21522,0.17573,0.00032,0.55442,0.00000,0.00111,0.09144,0.00000,0.00000,0.00000,0.09648,0.00009,0.14233,0.00409,0.10504,0.00468,0.00000
13.03467,13,0.35459,0.00011,0.16713,0.00241,0.02559,0.00126,0.01833,0.00010,0.00212,0.06452,0.02393,0.15946,0.00284,0.00178,0.40855,0.12187,0.00009,0.58463,0.00000,0.00030,0.07885,0.00000,0.00000,0.00000,0.08604,0.00003,0.13527,0.00111,0.11242,0.00127,0.00000
13.05600,13,0.38304,0.00038,0.11761,0.00476,0.16495,0.01654,0.03886,0.00036,0.00502,0.08130,0.02007,0.16076,0.00308,0.00623,0.29391,0.08617,0.00005,0.58328,0.00000,0.00016,0.07569,0.00000,0.00000,0.00000,0.08383,0.00001,0.13820,0.00058,0.11756,0.00066,0.00000
13.07733,10,0.39195,0.00061,0.08276,0.00698,0.17711,0.01754,0.04827,0.00107,0.00361,0.05834,0.05774,0.21949,0.01426,0.03269,0.21041,0.06912,0.00001,0.15784,0.00000,0.00004,0.09811,0.00000,0.00000,0.00000,0.11449,0.00000,0.18307,0.00016,0.03181,0.33499,0.07946
13.09867,9,0.39247,0.00047,0.05778,0.00647,0.13161,0.01522,0.03474,0.00103,0.00271,0.04056,0.29157,0.18746,0.01243,0.02427,0.14546,0.04821,0.00000,0.04272,0.00000,0.00001,0.11775,0.00000,0.00000,0.00000,0.12934,0.00000,0.31512,0.06160,0.00861,0.27776,0.04709
13.12000,9,0.37953,0.00046,0.04081,0.00685,0.09191,0.01390,0.02449,0.00203,0.00282,0.03001,0.43356,0.17667,0.00949,0.02179,0.10116,0.04403,0.00000,0.01156,0.00000,0.00000,0.13593,0.00000,0.00000,0.00000,0.12936,0.21088,0.28494,0.04701,0.05901,0.10857,0.01274
13.14133,9,0.32495,0.00291,0.08835,0.01066,0.06350,0.02079,0.01807,0.00153,0.00215,0.02175,0.51182,0.12972,0.00682,0.01592,0.07021,0.03582,0.00000,0.00313,0.00000,0.00000,0.14917,0.00000,0.00000,0.00000,0.12042,0.38904,0.18884,0.01272,0.10386,0.02938,0.00345
13.16267,9,0.27314,0.00245,0.33969,0.00786,0.04385,0.02073,0.02057,0.00118,0.00150,0.01504,0.36417,0.09114,0.00492,0.01322,0.04851,0.02516,0.00000,0.00085,0.00000,0.00000,0.15672,0.00000,0.00000,0.00000,0.11419,0.44338,0.15366,0.00344,0.11889,0.00795,0.00093
13.18400,1,0.23790,0.00170,0.53958,0.00564,0.03025,0.01642,0.01523,0.00128,0.00104,0.01038,0.25209,0.06295,0.00340,0.00916,0.03348,0.01739,0.00000,0.00023,0.00000,0.00000,0.16323,0.00000,0.00000,0.00000,0.11105,0.45739,0.13828,0.00093,0.12649,0.00215,0.00025
13.20533,1,0.21404,0.00118,0.64773,0.00444,0.02088,0.01155,0.01064,0.00089,0.00072,0.00723,0.20695,0.04373,0.00236,0.00647,0.02314,0.01211,0.00000,0.22298,0.00000,0.00000,0.14991,0.00000,0.00000,0.00000,0.11996,0.23814,0.14302,0.00025,0.12509,0.00058,0.00007
13.22667,1,0.19342,0.00084,0.54653,0.00315,0.01441,0.00987,0.00750,0.00061,0.00049,0.00588,0.33353,0.03084,0.00166,0.00474,0.02546,0.01447,0.00000,0.45644,0.00000,0.00000,0.11720,0.00000,0.00000,0.00000,0.11056,0.06445,0.13681,0.00007,0.11431,0.00016,0.00002
13.24800,9,0.29998,0.00058,0.37890,0.00219,0.00994,0.00689,0.00520,0.00042,0.00034,0.00413,0.48431,0.02237,0.00130,0.00371,0.05377,0.02595,0.00000,0.55443,0.00000,0.00000,0.09308,0.00000,0.00000,0.00000,0.09532,0.01744,0.12972,0.00002,0.10995,0.00004,0.00001
13.26933,9,0.37644,0.00040,0.26152,0.00151,0.00686,0.00477,0.00360,0.00029,0.00024,0.00291,0.58821,0.05086,0.00206,0.00976,0.04734,0.01967,0.00000,0.29958,0.00000,0.00000,0.11637,0.00000,0.00000,0.00000,0.10625,0.21560,0.14781,0.00000,0.11437,0.00001,0.00000
13.29067,1,0.41289,0.00028,0.43592,0.00105,0.00473,0.00330,0.00250,0.00020,0.00016,0.00238,0.41246,0.06703,0.00161,0.01081,0.03403,0.02352,0.00000,0.08106,0.00000,0.00000,0.14388,0.00000,0.00000,0.00000,0.11416,0.39032,0.15174,0.00000,0.11884,0.00000,0.00000
13.31200,1,0.42410,0.00019,0.59675,0.00073,0.00327,0.00228,0.00173,0.00014,0.00011,0.00181,0.28518,0.05544,0.00118,0.00805,0.02545,0.01769,0.00000,0.24485,0.00000,0.00000,0.14161,0.00000,0.00000,0.00000,0.12159,0.22100,0.15039,0.00000,0.12057,0.00000,0.00000
13.33333,1,0.46002,0.00018,0.64809,0.00075,0.00248,0.00161,0.00400,0.00014,0.00023,0.00341,0.19851,0.07852,0.00393,0.02071,0.02125,0.01617,0.00000,0.37577,0.00000,0.00000,0.12853,0.00000,0.00000,0.00000,0.11841,0.11496,0.14539,0.00000,0.11694,0.00000,0.00000
13.35467,1,0.49689,0.00013,0.45902,0.00159,0.00202,0.00112,0.03204,0.00011,0.00017,0.00280,0.13712,0.06191,0.02313,0.24202,0.01475,0.02208,0.00000,0.51962,0.00000,0.00000,0.10266,0.00000,0.00000,0.00000,0.10279,0.03111,0.13337,0.00000,0.11045,0.00000,0.00000
13.37600,12,0.46193,0.00015,0.31685,0.00296,0.01304,0.00225,0.02701,0.00013,0.00060,0.00857,0.09475,0.08699,0.02218,0.35238,0.01025,0.06191,0.00000,0.57672,0.00000,0.00000,0.08462,0.00000,0.00000,0.00000,0.08968,0.00842,0.12983,0.00000,0.11072,0.00000,0.00000
13.39733,3,0.39788,0.00012,0.21875,0.00792,0.30610,0.00239,0.01873,0.00014,0.00043,0.00596,0.06539,0.06140,0.01547,0.24681,0.00708,0.04332,0.00000,0.30435,0.00000,0.00000,0.11476,0.00000,0.00000,0.00000,0.10979,0.00228,0.13079,0.05669,0.28135,0.00000,0.00000
13.41867,3,0.33303,0.00009,0.15096,0.01370,0.51223,0.00216,0.01298,0.00013,0.00031,0.00411,0.04512,0.04244,0.01068,0.17032,0.00488,0.02989,0.06816,0.08235,0.00000,0.19928,0.14241,0.00000,0.00000,0.00000,0.13770,0.00062,0.12250,0.04475,0.20222,0.00000,0.00000
13.44000,3,0.29001,0.00011,0.10424,0.01586,0.65556,0.00218,0.00903,0.00010,0.00068,0.00284,0.03114,0.02936,0.00737,0.11754,0.00337,0.02063,0.11080,0.02228,0.00000,0.36624,0.14985,0.00000,0.00000,0.00000,0.14261,0.00017,0.14122,0.01211,0.05472,0.00000,0.00000
13.46133,3,0.38877,0.00033,0.07196,0.01700,0.71166,0.00165,0.01774,0.00007,0.00048,0.00201,0.02158,0.03273,0.00554,0.10066,0.00233,0.01425,0.11546,0.00603,0.00000,0.41632,0.14652,0.00000,0.00000,0.00000,0.13316,0.00005,0.16439,0.00328,0.01481,0.00000,0.00000
13.48267,3,0.38283,0.00026,0.04970,0.01209,0.53382,0.00121,0.01486,0.00005,0.00033,0.00160,0.01667,0.05287,0.01340,0.29100,0.00161,0.01051,0.11625,0.00163,0.00000,0.42892,0.14215,0.00000,0.00000,0.00000,0.12211,0.00001,0.18403,0.00089,0.00401,0.00000,0.00000
13.50400,12,0.36195,0.00026,0.03434,0.00865,0.36975,0.00140,0.01655,0.00007,0.00027,0.00124,0.01359,0.08823,0.05508,0.39087,0.00118,0.01853,0.12108,0.00044,0.00000,0.42715,0.13908,0.00000,0.00000,0.00000,0.11257,0.00000,0.19836,0.00024,0.00108,0.00000,0.00000
13.52533,12,0.36656,0.00052,0.02374,0.00601,0.25518,0.01211,0.02191,0.00015,0.00029,0.00152,0.01007,0.07067,0.10337,0.47917,0.00087,0.01444,0.06522,0.00012,0.00000,0.22033,0.14546,0.00000,0.00000,0.00000,0.12165,0.00000,0.16796,0.05675,0.22252,0.00000,0.00000
13.54667,12,0.34445,0.00041,0.01639,0.00416,0.17609,0.01030,0.01548,0.00013,0.00022,0.00121,0.00706,0.05665,0.17391,0.52653,0.00089,0.01057,0.01765,0.00003,0.00000,0.05962,0.13328,0.00000,0.00000,0.00000,0.12219,0.00000,0.12243,0.10140,0.44341,0.00000,0.00000
13.56800,12,0.34182,0.00061,0.01146,0.00297,0.12173,0.00964,0.01149,0.00016,0.00252,0.00404,0.00563,0.06938,0.14069,0.61135,0.00067,0.00767,0.00478,0.00001,0.00000,0.01613,0.11778,0.00000,0.00000,0.00000,0.11778,0.00000,0.09839,0.11431,0.53081,0.00000,0.00000
13.58933,12,0.32192,0.00066,0.00800,0.00379,0.08432,0.02026,0.00802,0.00030,0.03128,0.00657,0.00443,0.08314,0.11741,0.62583,0.00051,0.00549,0.00248,0.00000,0.00000,0.00839,0.11275,0.00000,0.00000,0.00000,0.11731,0.00000,0.09206,0.11728,0.54973,0.00000,0.00000
13.61067,12,0.29418,0.00050,0.00554,0.00300,0.05821,0.01759,0.00568,0.00030,0.25402,0.00461,0.00308,0.12352,0.08243,0.43737,0.00035,0.00379,0.00067,0.00000,0.00000,0.00227,0.10913,0.00000,0.00000,0.00000,0.12074,0.00000,0.08792,0.12128,0.55798,0.00000,0.00000
13.63200,7,0.27273,0.00038,0.00391,0.00224,0.04037,0.01257,0.00400,0.00023,0.47763,0.00319,0.00213,0.09111,0.05692,0.30247,0.00025,0.00262,0.00018,0.00000,0.00000,0.00061,0.11266,0.00000,0.00000,0.00000,0.12871,0.00000,0.09220,0.12460,0.54104,0.00000,0.00000
13.65333,7,0.25495,0.00028,0.00271,0.00157,0.02802,0.01014,0.00287,0.00019,0.63769,0.00221,0.00147,0.06289,0.03928,0.20871,0.00017,0.00181,0.00005,0.00000,0.00000,0.00017,0.11342,0.00000,0.00000,0.22761,0.12837,0.00000,0.11812,0.06564,0.34664,0.00000,0.00000
13.67467,7,0.24151,0.00040,0.00188,0.00114,0.01958,0.00983,0.00968,0.00017,0.73661,0.00159,0.00102,0.04398,0.02724,0.14549,0.00014,0.00126,0.00001,0.00000,0.00000,0.00005,0.10679,0.00000,0.00000,0.47291,0.10096,0.00000,0.11710,0.01776,0.18443,0.00000,0.00000
13.69600,7,0.22235,0.00111,0.00135,0.00130,0.01372,0.00843,0.02131,0.00038,0.79358,0.00136,0.00072,0.03209,0.01924,0.10435,0.00011,0.00095,0.00000,0.00000,0.00000,0.00001,0.10477,0.00000,0.00000,0.58034,0.07620,0.00000,0.10568,0.00481,0.12819,0.00000,0.00000
13.71733,7,0.19249,0.00649,0.00096,0.00188,0.00962,0.00647,0.14160,0.00067,0.70142,0.00117,0.00052,0.02918,0.01560,0.08353,0.00012,0.00077,0.00000,0.00000,0.00000,0.00000,0.10819,0.00000,0.00000,0.61672,0.06211,0.00000,0.10091,0.00130,0.11076,0.00000,0.00000
13.73867,7,0.16230,0.06521,0.00071,0.02440,0.00861,0.00577,0.16724,0.00105,0.61687,0.00085,0.00036,0.02108,0.01299,0.07415,0.00010,0.00060,0.00000,0.00000,0.00000,0.00000,0.11553,0.00000,0.00000,0.61024,0.05844,0.00000,0.10437,0.00035,0.11106,0.00000,0.00000
13.76000,7,0.13454,0.12244,0.00052,0.02540,0.00677,0.00498,0.13075,0.00185,0.58586,0.00062,0.00025,0.01554,0.01280,0.09166,0.00012,0.00044,0.00000,0.00000,0.00000,0.00000,0.12466,0.00000,0.00000,0.57860,0.06270,0.00000,0.11343,0.00010,0.12052,0.00000,0.00000
13.78133,7,0.11730,0.14226,0.00041,0.02246,0.00510,0.00389,0.13647,0.00615,0.52948,0.00047,0.00018,0.01193,0.02279,0.11791,0.00016,0.00034,0.00000,0.00000,0.00000,0.00000,0.13326,0.00000,0.00000,0.53666,0.07177,0.00000,0.12435,0.00003,0.13393,0.00000,0.00000
13.80267,7,0.11157,0.12641,0.00038,0.01992,0.00404,0.00322,0.15478,0.02322,0.49969,0.00047,0.00015,0.00934,0.03886,0.11901,0.00015,0.00037,0.00000,0.00000,0.00000,0.00000,0.13896,0.00000,0.00000,0.49854,0.08241,0.00000,0.13308,0.00001,0.14701,0.00000,0.00000
13.82400,7,0.11063,0.14009,0.00031,0.01442,0.00289,0.00266,0.18559,0.01862,0.51300,0.00054,0.00011,0.00653,0.03043,0.08427,0.00011,0.00041,0.00000,0.00000,0.00000,0.00000,0.14009,0.00000,0.00000,0.47762,0.09165,0.00000,0.13546,0.00000,0.15518,0.00000,0.00000
13.84533,7,0.10683,0.19402,0.00064,0.01163,0.00267,0.00265,0.26768,0.01562,0.39116,0.00103,0.00010,0.00461,0.03550,0.07197,0.00012,0.00060,0.00000,0.00000,0.00000,0.00000,0.13918,0.00000,0.00000,0.47026,0.09976,0.00000,0.13274,0.00000,0.15805,0.00000,0.00000
13.86667,7,0.11282,0.22932,0.00481,0.01206,0.01274,0.00635,0.23624,0.01369,0.28645,0.00357,0.00029,0.00423,0.10023,0.08572,0.00029,0.00401,0.00000,0.00000,0.00000,0.00000,0.13849,0.00000,0.00000,0.46824,0.10368,0.00000,0.13076,0.00000,0.15883,0.00000,0.00000
13.88800,0,0.11246,0.23705,0.00580,0.00987,0.01569,0.00714,0.20876,0.01331,0.20124,0.00453,0.00035,0.00350,0.17965,0.10815,0.00026,0.00469,0.00000,0.00000,0.00000,0.00000,0.13727,0.00000,0.00000,0.46576,0.10989,0.00000,0.12731,0.00000,0.15977,0.00000,0.00000
13.90933,11,0.11121,0.21844,0.01098,0.00899,0.02541,0.00912,0.17822,0.01460,0.14149,0.00555,0.00090,0.00380,0.26058,0.11261,0.00029,0.00901,0.00000,0.00000,0.00000,0.00000,0.13704,0.00000,0.00000,0.46529,0.11109,0.00000,0.12663,0.00000,0.15995,0.00000,0.00000
13.93067,11,0.11730,0.22231,0.01028,0.00752,0.02118,0.00754,0.15663,0.01354,0.09852,0.00528,0.00101,0.00385,0.31220,0.12929,0.00032,0.01053,0.00000,0.00000,0.00000,0.00000,0.13238,0.00000,0.00000,0.24204,0.11568,0.00000,0.13815,0.21293,0.15881,0.00000,0.00000
13.95200,11,0.11740,0.18810,0.00970,0.00597,0.01654,0.00576,0.12687,0.01027,0.06839,0.00504,0.00108,0.00382,0.40482,0.14359,0.00029,0.00974,0.00000,0.00000,0.00000,0.00000,0.12178,0.00000,0.00000,0.06549,0.12445,0.00000,0.13550,0.41324,0.13955,0.00000,0.00000
13.97333,11,0.11288,0.17496,0.00843,0.00469,0.01309,0.00445,0.11448,0.00842,0.04763,0.00428,0.00107,0.00330,0.43529,0.17024,0.00025,0.00942,0.00000,0.00000,0.00000,0.00000,0.11730,0.00000,0.00000,0.01772,0.13562,0.00000,0.12413,0.48662,0.11861,0.00000,0.00000
13.99467,11,0.10435,0.14159,0.00650,0.00372,0.01112,0.00436,0.15389,0.00923,0.03361,0.00404,0.00081,0.00249,0.39568,0.22560,0.00018,0.00719,0.00000,0.00000,0.00000,0.00000,0.12069,0.00000,0.00000,0.00480,0.14923,0.00000,0.11376,0.50810,0.10342,0.00000,0.00000
14.01600,11,0.09132,0.10082,0.00519,0.00301,0.01186,0.00619,0.19656,0.01169,0.02450,0.00451,0.00058,0.00187,0.38198,0.24594,0.00013,0.00515,0.00000,0.00000,0.00000,0.00000,0.13079,0.00000,0.00000,0.00130,0.16404,0.00000,0.10633,0.50278,0.09476,0.00000,0.00000
14.03733,11,0.07917,0.07034,0.00457,0.00278,0.02281,0.00753,0.19876,0.01419,0.02091,0.00529,0.00044,0.00155,0.42388,0.22308,0.00009,0.00378,0.00000,0.00000,0.00000,0.00000,0.14568,0.00000,0.00000,0.00035,0.17841,0.00000,0.10166,0.48227,0.09163,0.00000,0.00000
14.05867,11,0.08101,0.04922,0.00391,0.00272,0.03079,0.00805,0.18482,0.01555,0.02560,0.00582,0.00034,0.00152,0.47121,0.19729,0.00008,0.00308,0.00000,0.00000,0.00000,0.00000,0.16321,0.00000,0.00000,0.00010,0.19063,0.00000,0.09900,0.45452,0.09254,0.00000,0.00000
14.08000,11,0.13123,0.03416,0.00274,0.00433,0.02413,0.00725,0.15118,0.02891,0.25504,0.00416,0.00024,0.00116,0.34394,0.14053,0.00005,0.00218,0.00000,0.00000,0.00000,0.00000,0.18121,0.00000,0.00000,0.00003,0.19897,0.00000,0.09744,0.42651,0.09585,0.00000,0.00000
14.10133,7,0.16000,0.02404,0.00195,0.00608,0.04712,0.01018,0.14931,0.02092,0.35713,0.00361,0.00019,0.00240,0.25352,0.12197,0.00004,0.00154,0.00000,0.00000,0.00000,0.00000,0.19624,0.00000,0.00000,0.00001,0.20110,0.00000,0.09640,0.40637,0.09989,0.00000,0.00000
14.12267,7,0.29088,0.01667,0.00141,0.00675,0.08422,0.04302,0.14982,0.01455,0.27284,0.00350,0.00151,0.08610,0.19497,0.12095,0.00072,0.00298,0.00000,0.00000,0.00000,0.00000,0.20158,0.00000,0.00000,0.00000,0.19980,0.00000,0.09620,0.40057,0.10185,0.00000,0.00000
14.14400,10,0.33404,0.01154,0.00098,0.00467,0.05883,0.03054,0.10358,0.01011,0.18857,0.00271,0.00189,0.31898,0.13737,0.12533,0.00058,0.00433,0.00000,0.00000,0.00000,0.00000,0.13287,0.00000,0.00000,0.37499,0.13345,0.00000,0.12124,0.10840,0.12905,0.00000,0.00000
14.16533,10,0.34803,0.00838,0.00079,0.00360,0.05131,0.02648,0.08766,0.01062,0.17563,0.00254,0.00490,0.38909,0.09651,0.13599,0.00058,0.00591,0.00000,0.00000,0.00000,0.00000,0.12878,0.00000,0.00000,0.24600,0.12448,0.00000,0.28039,0.09089,0.06480,0.06465,0.00000
14.18667,10,0.40576,0.00592,0.00074,0.00387,0.09160,0.12888,0.09062,0.02059,0.17367,0.00454,0.00357,0.27664,0.06864,0.12544,0.00047,0.00482,0.00000,0.00000,0.00000,0.00000,0.12452,0.00000,0.00000,0.06657,0.13564,0.00000,0.43043,0.11069,0.01754,0.11462,0.00000
14.20800,12,0.47044,0.00414,0.00059,0.00432,0.07161,0.10368,0.06603,0.01495,0.12364,0.00556,0.00428,0.22293,0.09913,0.27201,0.00276,0.00437,0.00000,0.00000,0.00000,0.00000,0.11940,0.00000,0.00000,0.01801,0.14231,0.00000,0.47859,0.11036,0.00474,0.12659,0.00000
14.22933,12,0.51335,0.00289,0.00048,0.00541,0.05047,0.07801,0.04624,0.01105,0.08627,0.00566,0.00771,0.16767,0.20590,0.31837,0.00829,0.00559,0.00000,0.00000,0.00000,0.00000,0.13613,0.00000,0.00000,0.00487,0.14121,0.00000,0.31431,0.11336,0.22351,0.06661,0.00000
14.25067,11,0.53078,0.00206,0.00055,0.00591,0.03615,0.05804,0.03329,0.00938,0.06002,0.00500,0.03473,0.12642,0.35019,0.24836,0.02503,0.00487,0.00000,0.00000,0.00000,0.00000,0.13076,0.00000,0.00000,0.00132,0.12748,0.00000,0.16203,0.11672,0.44367,0.01803,0.00000
14.27200,11,0.54514,0.00153,0.00092,0.00660,0.02579,0.04219,0.02387,0.00684,0.04160,0.00419,0.06196,0.10475,0.42751,0.17945,0.06877,0.00405,0.00000,0.00000,0.00000,0.00000,0.12536,0.00000,0.00000,0.00036,0.12155,0.00000,0.13932,0.27408,0.33445,0.00488,0.00000
14.29333,11,0.54062,0.00109,0.00082,0.00560,0.01803,0.02962,0.01658,0.00479,0.02875,0.00379,0.10782,0.08848,0.44840,0.12791,0.11449,0.00385,0.00000,0.00000,0.00000,0.00000,0.11988,0.00000,0.00000,0.00010,0.12603,0.00000,0.13582,0.42978,0.18708,0.00132,0.00000
14.31467,11,0.52236,0.00094,0.01223,0.13817,0.01271,0.02509,0.01281,0.00346,0.01991,0.00531,0.08902,0.10002,0.36159,0.08944,0.12602,0.00327,0.00000,0.00000,0.00000,0.00000,0.11679,0.00000,0.00000,0.00003,0.13604,0.00000,0.12421,0.49109,0.13147,0.00036,0.00000
14.33600,1,0.44967,0.00120,0.26313,0.11517,0.00911,0.02494,0.01707,0.00249,0.01377,0.00384,0.06330,0.07764,0.25618,0.06214,0.08758,0.00243,0.00000,0.00000,0.00000,0.00000,0.12055,0.00000,0.00000,0.00001,0.14935,0.00000,0.11378,0.50931,0.10690,0.00010,0.00000
14.35733,1,0.37575,0.00128,0.46809,0.08348,0.00640,0.02530,0.02002,0.00186,0.00952,0.00266,0.04398,0.05503,0.17705,0.04311,0.06051,0.00171,0.00000,0.22291,0.00000,0.00000,0.12833,0.00000,0.00000,0.00000,0.14396,0.00000,0.13042,0.26455,0.10980,0.00003,0.00000
14.37867,1,0.31810,0.00122,0.58096,0.06031,0.00463,0.04057,0.02257,0.00411,0.02011,0.00186,0.03035,0.03822,0.12221,0.02990,0.04178,0.00119,0.00000,0.45643,0.00000,0.00000,0.11136,0.00000,0.00000,0.00000,0.11705,0.00000,0.13340,0.07159,0.11017,0.00001,0.00000
14.40000,1,0.28372,0.00353,0.46602,0.05837,0.01199,0.11670,0.03467,0.00459,0.11913,0.00189,0.02097,0.02705,0.08437,0.02096,0.02886,0.00088,0.00000,0.51653,0.00000,0.00000,0.10080,0.00000,0.00000,0.00000,0.10594,0.00000,0.13056,0.03724,0.10893,0.00000,0.00000
14.42133,1,0.25608,0.00319,0.32377,0.05026,0.01415,0.14886,0.02553,0.00368,0.30186,0.00136,0.01448,0.01926,0.05825,0.01478,0.01993,0.00063,0.00000,0.57589,0.00000,0.00000,0.08412,0.00000,0.00000,0.00000,0.09053,0.00000,0.12907,0.01008,0.11031,0.00000,0.00000
14.44267,4,0.23663,0.00278,0.22419,0.03893,0.01450,0.28420,0.10322,0.00281,0.22647,0.00140,0.01009,0.02064,0.04381,0.01220,0.01388,0.00087,0.00000,0.58328,0.00000,0.00000,0.07570,0.00000,0.00000,0.00000,0.08391,0.00000,0.13629,0.00273,0.11809,0.00000,0.00000
14.46400,11,0.40971,0.00194,0.15476,0.02741,0.01037,0.21254,0.14224,0.00206,0.15630,0.00102,0.00722,0.01850,0.23268,0.02222,0.00962,0.00112,0.00000,0.29852,0.00000,0.00000,0.25379,0.05799,0.00000,0.00000,0.11470,0.00000,0.14859,0.00074,0.12568,0.00000,0.00000
14.48533,11,0.53372,0.00137,0.10680,0.01900,0.00720,0.14675,0.10135,0.00149,0.10785,0.00074,0.00514,0.01411,0.45143,0.02920,0.00665,0.00093,0.00000,0.08078,0.00000,0.00000,0.24845,0.04601,0.00000,0.00000,0.12157,0.00000,0.14899,0.21313,0.14108,0.00000,0.00000
14.50667,11,0.52260,0.00094,0.07381,0.01314,0.00497,0.10128,0.09708,0.00103,0.07441,0.00315,0.00356,0.01037,0.55103,0.05996,0.00459,0.00068,0.00000,0.02186,0.00000,0.00000,0.15319,0.01245,0.00000,0.00000,0.12604,0.00000,0.13843,0.41328,0.13475,0.00000,0.00000
14.52800,11,0.49590,0.00066,0.05096,0.00915,0.00343,0.07107,0.06778,0.01485,0.05167,0.00342,0.00252,0.00726,0.66873,0.04478,0.00317,0.00055,0.00000,0.00592,0.00000,0.00000,0.12580,0.00337,0.00000,0.00000,0.13605,0.00000,0.12492,0.48663,0.11731,0.00000,0.00000
14.54933,11,0.45352,0.00046,0.03517,0.00632,0.00237,0.04910,0.04697,0.28238,0.03701,0.00252,0.00175,0.00501,0.49715,0.03119,0.00219,0.00041,0.00000,0.00160,0.00000,0.00000,0.12299,0.00091,0.00000,0.00000,0.14935,0.00000,0.11398,0.50810,0.10307,0.00000,0.00000
14.57067,6,0.43692,0.00033,0.02428,0.00439,0.00164,0.03425,0.03327,0.49580,0.02738,0.00192,0.00128,0.00349,0.34678,0.02333,0.00152,0.00036,0.00000,0.00043,0.00000,0.00000,0.13141,0.00025,0.00000,0.00000,0.16407,0.00000,0.10639,0.50278,0.09467,0.00000,0.00000
14.59200,6,0.45225,0.00024,0.01682,0.00304,0.00115,0.02418,0.02331,0.42322,0.01943,0.00334,0.00252,0.21091,0.24110,0.01736,0.00107,0.01230,0.00000,0.00012,0.00000,0.00000,0.15648,0.00007,0.21944,0.05760,0.08915,0.00000,0.10192,0.25689,0.11832,0.00000,0.00000
14.61333,10,0.46005,0.00017,0.01161,0.00210,0.00080,0.01669,0.01609,0.29574,0.01341,0.00472,0.00304,0.44043,0.16706,0.01697,0.00077,0.01040,0.00000,0.00003,0.00000,0.00000,0.15392,0.00002,0.42316,0.09516,0.02413,0.00000,0.10508,0.06952,0.12899,0.00000,0.00000
14.63467,10,0.45591,0.00012,0.00810,0.00153,0.00063,0.01166,0.01121,0.20993,0.01638,0.17225,0.00735,0.42217,0.11629,0.01336,0.00060,0.00843,0.00000,0.00001,0.00000,0.00000,0.14285,0.00000,0.24486,0.05115,0.07365,0.00000,0.27624,0.08037,0.06622,0.06465,0.00000
14.65600,8,0.43447,0.00008,0.00583,0.00128,0.00093,0.00883,0.00833,0.14659,0.01782,0.37923,0.00850,0.32349,0.08082,0.01121,0.00056,0.00650,0.00000,0.00000,0.00000,0.00000,0.13559,0.00000,0.12737,0.02661,0.10507,0.00000,0.37293,0.10013,0.03445,0.09784,0.00000
14.67733,8,0.39705,0.00039,0.00529,0.00406,0.03764,0.05355,0.01785,0.10184,0.03891,0.42936,0.01305,0.22664,0.05581,0.00824,0.00111,0.00624,0.00000,0.00000,0.00000,0.00000,0.12301,0.00000,0.03447,0.00720,0.13176,0.00000,0.46149,0.10990,0.00932,0.12283,0.00000
14.69867,8,0.35142,0.00115,0.00509,0.02919,0.15170,0.13286,0.02727,0.07262,0.04389,0.32020,0.00923,0.15703,0.03856,0.00581,0.00084,0.00454,0.00000,0.00000,0.00000,0.00000,0.11484,0.00000,0.00933,0.00195,0.38312,0.00000,0.24527,0.11445,0.09780,0.03324,0.00000
14.72000,8,0.30153,0.00313,0.00625,0.11585,0.19618,0.13364,0.03809,0.09639,0.03584,0.22426,0.00677,0.10860,0.02665,0.00450,0.00059,0.00327,0.00000,0.00000,0.00000,0.00000,0.11249,0.00000,0.00252,0.00053,0.49257,0.00000,0.16654,0.10393,0.11243,0.00899,0.00000
14.74133,2,0.25838,0.00885,0.00588,0.28731,0.21625,0.09585,0.02781,0.06692,0.02832,0.15760,0.00498,0.07539,0.01840,0.00322,0.00043,0.00279,0.00000,0.00000,0.00000,0.00000,0.11701,0.00000,0.00068,0.00014,0.53222,0.00000,0.13676,0.09686,0.11390,0.00243,0.00000
14.76267,3,0.35878,0.01144,0.01255,0.26881,0.27623,0.06925,0.02261,0.04641,0.02461,0.15203,0.02054,0.06158,0.01315,0.00305,0.00066,0.01708,0.00000,0.00000,0.22469,0.00000,0.12785,0.00000,0.00018,0.00004,0.27841,0.05234,0.14235,0.04987,0.12360,0.00066,0.00000
14.78400,10,0.42551,0.00795,0.00877,0.18593,0.20258,0.04784,0.01618,0.03202,0.01707,0.10593,0.01622,0.30693,0.01093,0.01798,0.00064,0.02303,0.06815,0.00000,0.18416,0.19924,0.14216,0.00000,0.00005,0.00001,0.15176,0.04169,0.13298,0.01350,0.06613,0.00018,0.00000
14.80533,10,0.39489,0.00549,0.00605,0.12831,0.13979,0.03302,0.01116,0.02210,0.01701,0.07309,0.01130,0.51302,0.00758,0.01570,0.00045,0.01593,0.05130,0.00000,0.04983,0.15978,0.14427,0.00000,0.00001,0.00000,0.14561,0.01128,0.29010,0.06521,0.01790,0.06470,0.00000
14.82667,10,0.36886,0.00380,0.00420,0.08856,0.09650,0.02285,0.00771,0.01535,0.30492,0.05044,0.00789,0.36984,0.00524,0.01139,0.00031,0.01100,0.01388,0.00000,0.01349,0.04324,0.12871,0.00000,0.00000,0.00000,0.14135,0.00305,0.43305,0.10374,0.00484,0.11463,0.00000
14.84800,7,0.34219,0.00262,0.00291,0.06111,0.06663,0.01587,0.00545,0.01060,0.51996,0.03480,0.00544,0.25532,0.00362,0.00787,0.00021,0.00759,0.00376,0.00000,0.00365,0.01170,0.12054,0.00000,0.00000,0.00000,0.14385,0.00083,0.47930,0.10847,0.00131,0.12660,0.00000
14.86933,7,0.31756,0.00181,0.00201,0.04218,0.04600,0.01316,0.00384,0.00734,0.66635,0.02402,0.00375,0.17620,0.00250,0.00544,0.00015,0.00524,0.00102,0.00000,0.00099,0.00317,0.11578,0.00000,0.00000,0.22761,0.13530,0.00022,0.32033,0.05616,0.07281,0.06662,0.00000
14.89067,7,0.27795,0.00133,0.00147,0.02937,0.03312,0.08378,0.00322,0.00543,0.68955,0.01900,0.00259,0.12183,0.00174,0.00385,0.00010,0.00362,0.00028,0.00000,0.00027,0.00086,0.10743,0.00000,0.00000,0.47291,0.10284,0.00006,0.17182,0.01520,0.11033,0.01803,0.00000
14.91200,7,0.24149,0.00106,0.00123,0.02257,0.02715,0.33047,0.00372,0.00477,0.50038,0.01631,0.00179,0.08412,0.00120,0.00266,0.00007,0.00250,0.00007,0.00000,0.00007,0.00023,0.10494,0.00000,0.00000,0.58033,0.07671,0.00002,0.12049,0.00411,0.10815,0.00488,0.00000
14.93333,4,0.23030,0.00073,0.00085,0.01561,0.01886,0.53644,0.00261,0.00348,0.34620,0.01148,0.00123,0.05806,0.00083,0.00184,0.00005,0.00173,0.00004,0.00000,0.00004,0.00012,0.10596,0.00000,0.00000,0.60523,0.06801,0.00001,0.10991,0.00214,0.10600,0.00254,0.00000
14.95467,4,0.40111,0.00053,0.00060,0.01082,0.01397,0.58709,0.00184,0.00242,0.23956,0.00822,0.00106,0.06837,0.00100,0.00701,0.05572,0.00178,0.00001,0.00000,0.00001,0.00003,0.11152,0.00000,0.00000,0.61762,0.05918,0.00000,0.10382,0.00058,0.10654,0.00069,0.00000
14.97600,4,0.48827,0.00037,0.00042,0.00747,0.00964,0.41535,0.00128,0.00167,0.16529,0.00607,0.00081,0.04905,0.00071,0.00702,0.33298,0.00187,0.00000,0.00000,0.00000,0.00001,0.37017,0.08844,0.00000,0.16713,0.11584,0.00000,0.13692,0.00016,0.12114,0.00019,0.00000
14.99733,13,0.54569,0.00025,0.00029,0.00515,0.00665,0.28702,0.00088,0.00115,0.11405,0.00438,0.00061,0.03424,0.00049,0.00487,0.53827,0.00167,0.00000,0.00000,0.00000,0.00000,0.46440,0.11399,0.00000,0.04522,0.11152,0.00000,0.13833,0.00004,0.12645,0.00005,0.00000
15.01867,13,0.55697,0.00018,0.00021,0.00356,0.00459,0.19817,0.00064,0.00080,0.07870,0.00357,0.03022,0.02605,0.00036,0.00348,0.64781,0.00167,0.00000,0.00000,0.00000,0.00000,0.30570,0.06224,0.00000,0.01224,0.11591,0.00000,0.17145,0.00001,0.06749,0.21094,0.05403
15.04000,13,0.55427,0.00012,0.00015,0.00246,0.00318,0.13767,0.00055,0.00055,0.05430,0.00291,0.32116,0.01877,0.00034,0.00295,0.45355,0.00134,0.00000,0.00000,0.00000,0.00000,0.15502,0.01684,0.00000,0.00331,0.12266,0.00000,0.18380,0.00000,0.01826,0.40958,0.09052
15.06133,9,0.53937,0.00009,0.00013,0.00173,0.00222,0.09560,0.00131,0.00040,0.03747,0.00415,0.51444,0.01323,0.00080,0.00672,0.32074,0.00099,0.00000,0.00000,0.00000,0.00000,0.11045,0.00456,0.00000,0.00090,0.12730,0.00000,0.17372,0.00000,0.00494,0.48278,0.09535
15.08267,9,0.51442,0.00006,0.00019,0.00124,0.00205,0.06721,0.00319,0.00045,0.02586,0.01027,0.39221,0.00954,0.00120,0.26262,0.22320,0.00071,0.00000,0.00000,0.00000,0.00000,0.12604,0.00123,0.00000,0.00024,0.12770,0.21088,0.16744,0.00000,0.05802,0.25909,0.04936
15.10400,12,0.49721,0.00004,0.00014,0.00086,0.00142,0.04643,0.00333,0.00031,0.01785,0.00724,0.27073,0.00660,0.00083,0.48952,0.15419,0.00051,0.00000,0.00000,0.00000,0.00000,0.14649,0.00033,0.00000,0.00007,0.11997,0.38904,0.15705,0.00000,0.10359,0.07011,0.01336
15.12533,12,0.49502,0.00003,0.00011,0.00060,0.00099,0.03205,0.00471,0.00022,0.01232,0.00522,0.18682,0.00477,0.00059,0.64400,0.10671,0.00087,0.00000,0.00000,0.00000,0.00000,0.15257,0.00009,0.00000,0.00002,0.12587,0.22065,0.14058,0.05669,0.28096,0.01897,0.00361
15.14667,12,0.49466,0.00002,0.00009,0.00041,0.00068,0.02212,0.00673,0.00016,0.00850,0.00367,0.12893,0.00441,0.00048,0.74329,0.07363,0.00687,0.00000,0.00000,0.00000,0.00000,0.13521,0.00002,0.00000,0.00000,0.12333,0.05971,0.11502,0.10138,0.45921,0.00513,0.00098
15.16800,12,0.49340,0.00002,0.00207,0.00033,0.00047,0.01531,0.04825,0.00011,0.00587,0.00942,0.08965,0.08878,0.00155,0.56347,0.05100,0.12370,0.00000,0.00000,0.00000,0.00000,0.11830,0.00001,0.00000,0.00000,0.11809,0.01616,0.09639,0.11431,0.53509,0.00139,0.00026
15.18933,12,0.49212,0.00001,0.01278,0.00024,0.00033,0.01065,0.14339,0.00008,0.00405,0.16861,0.06200,0.06970,0.00153,0.39406,0.03519,0.09736,0.00000,0.00000,0.00000,0.00000,0.11302,0.00000,0.00000,0.00000,0.11747,0.00841,0.09101,0.11728,0.55195,0.00072,0.00014
15.21067,8,0.47887,0.00001,0.01443,0.00029,0.00143,0.00844,0.19358,0.00006,0.00283,0.32297,0.04284,0.04815,0.00107,0.27203,0.02428,0.06757,0.00000,0.00000,0.00000,0.00000,0.10920,0.00000,0.00000,0.00000,0.12078,0.00227,0.08764,0.12128,0.55859,0.00020,0.00004
15.23200,8,0.48875,0.00013,0.01075,0.00022,0.04947,0.00831,0.29084,0.00005,0.00215,0.31766,0.02968,0.03648,0.00162,0.18911,0.01683,0.04671,0.00000,0.00000,0.00000,0.00000,0.11184,0.00000,0.00000,0.00000,0.27963,0.00062,0.13162,0.12332,0.35292,0.00005,0.00001
15.25333,8,0.52026,0.00017,0.00770,0.00019,0.08593,0.00665,0.20519,0.00004,0.00154,0.38015,0.02053,0.07489,0.04214,0.13098,0.01163,0.03227,0.00000,0.00000,0.00000,0.00000,0.11095,0.00000,0.00000,0.00000,0.44830,0.00017,0.14425,0.11116,0.18515,0.00001,0.00000
15.27467,10,0.51906,0.00012,0.00534,0.00014,0.05968,0.00462,0.14214,0.00003,0.00108,0.26392,0.01419,0.32298,0.06341,0.09204,0.00803,0.02228,0.00000,0.00000,0.00000,0.00000,0.11348,0.00000,0.00000,0.00000,0.51862,0.00005,0.13368,0.10009,0.13407,0.00000,0.00000
15.29600,10,0.51312,0.00034,0.00398,0.00019,0.04218,0.00454,0.10475,0.00083,0.00087,0.19471,0.00982,0.38387,0.16477,0.06794,0.00561,0.01561,0.00000,0.00000,0.00000,0.00000,0.12771,0.00000,0.00000,0.00000,0.34390,0.00001,0.28680,0.11208,0.06484,0.06465,0.00000
15.31733,10,0.49012,0.00107,0.00558,0.00060,0.03014,0.01518,0.13210,0.00628,0.00301,0.17815,0.00689,0.33980,0.21380,0.05191,0.00418,0.01132,0.00000,0.00000,0.00000,0.00000,0.12423,0.00000,0.00000,0.00000,0.19502,0.00000,0.43216,0.11642,0.01755,0.11462,0.00000
15.33867,10,0.41885,0.00141,0.00432,0.00345,0.05923,0.20705,0.09648,0.00845,0.00550,0.12636,0.00479,0.24949,0.18610,0.03643,0.00309,0.00784,0.00000,0.00000,0.00000,0.00000,0.11932,0.00000,0.00000,0.00000,0.15838,0.00000,0.47905,0.11191,0.00475,0.12659,0.00000
15.36000,4,0.36517,0.00109,0.00304,0.00872,0.06432,0.41074,0.07207,0.00758,0.00687,0.08730,0.00332,0.17266,0.12956,0.02518,0.00214,0.00541,0.00000,0.00000,0.00000,0.00000,0.12350,0.00000,0.00000,0.00000,0.15487,0.00000,0.48379,0.10819,0.00129,0.12837,0.00000
15.38133,4,0.32084,0.00138,0.00219,0.01158,0.04693,0.52467,0.07490,0.03461,0.00509,0.06031,0.00269,0.12180,0.09001,0.01813,0.00160,0.00410,0.00000,0.00000,0.00000,0.00000,0.28221,0.05798,0.00000,0.00000,0.15326,0.00000,0.32253,0.05584,0.06152,0.06666,0.00000
15.40267,4,0.28186,0.00254,0.00165,0.00889,0.03312,0.46986,0.19764,0.02737,0.00399,0.04197,0.00310,0.09882,0.07020,0.03173,0.00117,0.00795,0.00000,0.00000,0.00000,0.00000,0.43168,0.10478,0.00000,0.00000,0.13015,0.00000,0.19131,0.01511,0.10893,0.01804,0.00000
15.42400,4,0.37341,0.00177,0.00115,0.00614,0.02288,0.32705,0.16056,0.01955,0.00276,0.02903,0.00267,0.07462,0.09819,0.24325,0.00083,0.00955,0.00000,0.00000,0.00000,0.00000,0.48433,0.11964,0.00000,0.00000,0.10926,0.00000,0.15208,0.00409,0.12570,0.00488,0.00000
15.44533,12,0.42538,0.00123,0.00446,0.00426,0.01579,0.22569,0.15154,0.01349,0.00191,0.03587,0.00195,0.07496,0.06833,0.39098,0.00058,0.00896,0.00000,0.00000,0.00000,0.00000,0.49155,0.12685,0.00000,0.00000,0.09742,0.00000,0.14386,0.00111,0.13789,0.00132,0.00000
15.46667,5,0.43274,0.00085,0.00886,0.00295,0.01089,0.15574,0.36902,0.00931,0.00131,0.05055,0.00135,0.05225,0.04716,0.28313,0.00040,0.00623,0.00000,0.00000,0.00000,0.00000,0.48491,0.12980,0.00000,0.00000,0.09488,0.00000,0.14497,0.00058,0.14417,0.00069,0.00000
15.48800,5,0.42126,0.00062,0.01845,0.00208,0.00762,0.10842,0.53562,0.00650,0.00092,0.05018,0.00094,0.03605,0.03254,0.19542,0.00028,0.00436,0.00000,0.00000,0.00000,0.00000,0.23520,0.03513,0.00000,0.00000,0.12026,0.00000,0.12598,0.08620,0.39704,0.00019,0.00000
15.50933,5,0.37509,0.00049,0.02110,0.00614,0.00575,0.07959,0.65530,0.00502,0.00169,0.03889,0.00065,0.02488,0.02245,0.13485,0.00019,0.00301,0.00000,0.00000,0.00000,0.00000,0.15791,0.37293,0.00000,0.00000,0.10763,0.00000,0.12678,0.02332,0.21137,0.00005,0.00000
15.53067,5,0.33184,0.00062,0.01792,0.15512,0.00568,0.09241,0.56696,0.00424,0.00163,0.02696,0.00049,0.01719,0.01549,0.09306,0.00013,0.00209,0.00000,0.00000,0.00000,0.00000,0.12447,0.51520,0.00000,0.00000,0.09095,0.00000,0.12057,0.00631,0.14249,0.00001,0.00000
15.55200,5,0.28911,0.00106,0.02748,0.16361,0.00642,0.09111,0.58718,0.00328,0.00126,0.01865,0.00375,0.01198,0.01070,0.06431,0.00073,0.00848,0.00000,0.00000,0.00000,0.00000,0.11042,0.56985,0.00000,0.00000,0.08210,0.00000,0.12026,0.00171,0.11566,0.00000,0.00000
15.57333,5,0.25070,0.00862,0.03210,0.11738,0.00740,0.09336,0.48270,0.00255,0.00094,0.01303,0.00695,0.00958,0.00739,0.04449,0.01785,0.15567,0.00000,0.00000,0.00000,0.00000,0.10739,0.57480,0.00000,0.00000,0.08214,0.00000,0.12692,0.00046,0.10829,0.00000,0.00000
15.59467,5,0.32959,0.00596,0.02220,0.08126,0.00511,0.06453,0.33355,0.00176,0.00065,0.00947,0.00657,0.00672,0.00510,0.03071,0.18848,0.23793,0.00000,0.00000,0.00000,0.00000,0.11134,0.54901,0.00000,0.00000,0.08920,0.00000,0.13848,0.00013,0.11184,0.00000,0.00000
15.61600,14,0.45914,0.00412,0.01532,0.05607,0.00352,0.04453,0.23031,0.00121,0.00045,0.00679,0.00456,0.00998,0.15047,0.02300,0.13094,0.31873,0.00000,0.00000,0.00000,0.00000,0.11943,0.50635,0.00000,0.00000,0.10063,0.00000,0.15195,0.00003,0.12161,0.00000,0.00000
15.63733,11,0.48441,0.00284,0.01057,0.03869,0.00243,0.03073,0.15892,0.00084,0.00031,0.00476,0.00319,0.01582,0.39144,0.01827,0.09038,0.23080,0.00000,0.00000,0.00000,0.00000,0.12707,0.25105,0.00000,0.00000,0.11662,0.00000,0.13907,0.00001,0.14964,0.00000,0.21654
15.65867,11,0.49981,0.00196,0.00736,0.02670,0.00171,0.02129,0.10972,0.00058,0.00022,0.00864,0.00249,0.01486,0.55045,0.03004,0.06245,0.16152,0.00000,0.00000,0.00000,0.00000,0.12652,0.06794,0.00000,0.00000,0.12071,0.00000,0.13791,0.21293,0.15583,0.00000,0.17816
15.68000,11,0.50778,0.00136,0.00511,0.01842,0.00123,0.01509,0.07583,0.00040,0.00034,0.26354,0.00184,0.01310,0.42465,0.02451,0.04310,0.11148,0.00000,0.00000,0.00000,0.00000,0.12019,0.01838,0.00000,0.00000,0.12581,0.00000,0.13543,0.41323,0.13874,0.00000,0.04821
15.70133,8,0.50227,0.00094,0.00363,0.01271,0.00087,0.01079,0.05443,0.00028,0.00024,0.48821,0.00129,0.00924,0.29332,0.01737,0.02976,0.07693,0.00000,0.00000,0.00000,0.00000,0.11688,0.00498,0.00000,0.00000,0.13598,0.00000,0.12411,0.48661,0.11839,0.00000,0.01305
15.72267,8,0.49976,0.00065,0.00253,0.00878,0.00386,0.02074,0.07763,0.00021,0.00017,0.56643,0.00091,0.00798,0.20375,0.03271,0.02054,0.05312,0.00000,0.00000,0.00000,0.00000,0.11783,0.00259,0.00000,0.00000,0.14237,0.00000,0.11861,0.50175,0.11007,0.00000,0.00679
15.74400,8,0.50071,0.00045,0.00209,0.00606,0.00275,0.01439,0.06581,0.00015,0.00012,0.39485,0.00067,0.01487,0.15947,0.28672,0.01418,0.03743,0.00000,0.00000,0.00000,0.00000,0.11343,0.00070,0.00000,0.00000,0.38600,0.00000,0.15248,0.22048,0.12507,0.00000,0.00184
15.76533,12,0.49611,0.00031,0.00198,0.00421,0.00193,0.00997,0.09305,0.00011,0.00011,0.27783,0.00055,0.01511,0.11202,0.44305,0.00981,0.02995,0.00000,0.00000,0.00000,0.00000,0.11211,0.00019,0.00000,0.00000,0.49335,0.00000,0.14144,0.13262,0.11980,0.00000,0.00050
15.78667,12,0.49308,0.00022,0.00242,0.00297,0.00156,0.00700,0.25996,0.00010,0.00025,0.21027,0.00045,0.01439,0.07778,0.39420,0.00680,0.02165,0.00000,0.00000,0.00000,0.00000,0.13278,0.00005,0.00000,0.00000,0.33532,0.00000,0.13225,0.11626,0.28321,0.00000,0.00013
15.80800,5,0.49955,0.00021,0.00430,0.00212,0.00308,0.00512,0.36478,0.00010,0.00044,0.17511,0.00044,0.01394,0.05471,0.35268,0.00473,0.01824,0.00000,0.00000,0.00000,0.00000,0.12985,0.00001,0.00000,0.00000,0.18001,0.00000,0.11277,0.11750,0.45982,0.00000,0.00004
15.82933,5,0.49494,0.00040,0.01158,0.00169,0.01603,0.00441,0.46182,0.00027,0.00221,0.16209,0.00104,0.01304,0.03829,0.26868,0.00336,0.01509,0.00000,0.00000,0.00000,0.00000,0.12984,0.22294,0.00000,0.00000,0.13144,0.00000,0.11726,0.06139,0.33713,0.00000,0.00001
15.85067,5,0.48854,0.00132,0.03589,0.00204,0.02579,0.00427,0.49232,0.00039,0.00299,0.16488,0.00361,0.01025,0.02681,0.20642,0.00244,0.02057,0.00000,0.00000,0.00000,0.00000,0.12208,0.45406,0.00000,0.00000,0.10277,0.00000,0.12009,0.01661,0.18438,0.00000,0.00000
15.87200,5,0.48100,0.00373,0.07590,0.00376,0.02819,0.00536,0.36911,0.00054,0.00371,0.20061,0.00747,0.00761,0.01904,0.24819,0.00177,0.02501,0.00000,0.00000,0.00000,0.00000,0.11144,0.54902,0.00000,0.00000,0.08649,0.00000,0.11862,0.00450,0.12993,0.00000,0.00000
15.89333,12,0.46535,0.00483,0.07258,0.00609,0.02222,0.00645,0.26416,0.00120,0.00606,0.22740,0.01221,0.00671,0.01521,0.31912,0.00136,0.03441,0.00000,0.00000,0.00000,0.00000,0.10667,0.57679,0.00000,0.00000,0.08140,0.00000,0.12258,0.00122,0.11135,0.00000,0.00000
15.91467,12,0.44777,0.00449,0.05382,0.00522,0.01567,0.00483,0.18309,0.00109,0.00554,0.17081,0.01062,0.01043,0.01166,0.29813,0.00126,0.22335,0.00000,0.00000,0.00000,0.00000,0.12915,0.29891,0.00000,0.00000,0.10799,0.00000,0.12808,0.05702,0.27886,0.00000,0.00000
15.93600,12,0.41996,0.00426,0.03924,0.00397,0.01145,0.00417,0.12920,0.00090,0.00399,0.12378,0.01490,0.01619,0.01090,0.37085,0.00166,0.26455,0.00000,0.00000,0.00000,0.00000,0.12887,0.08089,0.00000,0.00000,0.11849,0.00000,0.11164,0.10147,0.45865,0.00000,0.00000
15.95733,12,0.38727,0.01718,0.03192,0.00414,0.00830,0.00384,0.09944,0.00072,0.00366,0.16202,0.01192,0.03131,0.01367,0.32913,0.00163,0.28112,0.00000,0.00000,0.00000,0.00000,0.11659,0.02189,0.00000,0.00000,0.11678,0.00000,0.09547,0.11433,0.53493,0.00000,0.00000
15.97867,12,0.35322,0.06114,0.02325,0.00347,0.00656,0.00365,0.07248,0.00059,0.00299,0.12487,0.01372,0.04523,0.01949,0.32480,0.00182,0.29595,0.00000,0.00000,0.00000,0.00000,0.10958,0.00592,0.00000,0.00000,0.11806,0.00000,0.08793,0.11946,0.55905,0.00000,0.00000
16.00000,14,0.33322,0.06821,0.01635,0.00270,0.00528,0.00322,0.05084,0.00042,0.00250,0.08867,0.02023,0.17182,0.06297,0.24438,0.00151,0.26089,0.00000,0.00000,0.00000,0.00000,0.10896,0.00308,0.00000,0.00000,0.12060,0.00000,0.08751,0.12128,0.55856,0.00000,0.00000
16.02133,10,0.31383,0.04825,0.01132,0.00191,0.00369,0.00229,0.03511,0.00029,0.00176,0.06172,0.01889,0.40357,0.05772,0.16956,0.00156,0.18235,0.00000,0.00000,0.00000,0.00000,0.11262,0.00083,0.00000,0.00000,0.12867,0.00000,0.09209,0.12460,0.54119,0.00000,0.00000
16.04267,10,0.31333,0.03363,0.00785,0.00138,0.00258,0.00163,0.02429,0.00020,0.00123,0.04284,0.01484,0.57109,0.05314,0.11742,0.00154,0.12635,0.00000,0.00000,0.00000,0.00000,0.12994,0.00023,0.00000,0.00000,0.13363,0.00000,0.27389,0.09527,0.18974,0.06465,0.11266
16.06400,10,0.35769,0.02327,0.00546,0.00122,0.00192,0.00135,0.01678,0.00015,0.00097,0.03013,0.01042,0.68626,0.05234,0.08117,0.00132,0.08726,0.00000,0.00000,0.00000,0.00000,0.12484,0.00006,0.00000,0.00000,0.13811,0.00000,0.42866,0.11187,0.05135,0.11462,0.03049
16.08533,10,0.36518,0.01610,0.00378,0.00095,0.00146,0.00109,0.01160,0.00011,0.00074,0.02254,0.00754,0.77261,0.04258,0.05617,0.00245,0.06027,0.00000,0.00000,0.00000,0.00000,0.11949,0.00002,0.00000,0.00000,0.14298,0.00000,0.47811,0.11068,0.01389,0.12659,0.00825
16.10667,10,0.37214,0.01115,0.00263,0.00080,0.00112,0.00087,0.00803,0.00008,0.00054,0.01724,0.00622,0.83341,0.03138,0.03896,0.00583,0.04172,0.00000,0.00000,0.00000,0.00000,0.12355,0.00000,0.00000,0.00000,0.15070,0.00000,0.48354,0.10785,0.00376,0.12837,0.00223
16.12800,10,0.36489,0.00780,0.00192,0.00142,0.00093,0.00110,0.00568,0.00009,0.00045,0.02051,0.00892,0.85699,0.02637,0.02753,0.01094,0.02934,0.00000,0.00000,0.00000,0.00000,0.13670,0.00000,0.00000,0.00000,0.16030,0.00000,0.46653,0.10711,0.00102,0.12775,0.00060
16.14933,10,0.37674,0.00549,0.00165,0.00201,0.00076,0.00108,0.00406,0.00011,0.00036,0.01493,0.01919,0.83330,0.02234,0.01951,0.05417,0.02105,0.00000,0.00000,0.00000,0.00000,0.15592,0.00000,0.00000,0.00000,0.16984,0.00000,0.43789,0.10877,0.00028,0.12714,0.00016
16.17067,10,0.38212,0.00435,0.00189,0.00380,0.00094,0.00143,0.00347,0.00015,0.00036,0.01260,0.02840,0.77582,0.03327,0.01406,0.10403,0.01543,0.00000,0.00000,0.00000,0.00000,0.17746,0.00000,0.00000,0.00000,0.17714,0.00000,0.40553,0.11227,0.00007,0.12748,0.00004
16.19200,10,0.40336,0.00359,0.00239,0.00560,0.00094,0.00139,0.00319,0.00018,0.00034,0.01324,0.05259,0.70998,0.07263,0.01136,0.11052,0.01205,0.00000,0.00000,0.00000,0.00000,0.19738,0.00000,0.00000,0.00000,0.17995,0.00000,0.37656,0.11676,0.00002,0.12932,0.00001
16.21333,10,0.40502,0.00295,0.00317,0.00630,0.00083,0.00187,0.00312,0.00039,0.00033,0.01522,0.10147,0.61878,0.12030,0.01020,0.10519,0.00986,0.00000,0.00000,0.00000,0.00000,0.21054,0.00000,0.00000,0.00000,0.17546,0.00000,0.35913,0.12144,0.00001,0.13343,0.00000
16.23467,10,0.43060,0.00268,0.00619,0.00572,0.00070,0.00329,0.00269,0.00036,0.00038,0.01691,0.18312,0.51418,0.12021,0.00916,0.12541,0.00899,0.00000,0.00000,0.00000,0.00000,0.21608,0.00000,0.00000,0.00000,0.16480,0.00000,0.35330,0.12609,0.00000,0.13973,0.00000
16.25600,10,0.42197,0.00294,0.10924,0.02431,0.00055,0.00298,0.00189,0.00029,0.00036,0.01430,0.13685,0.49592,0.08999,0.00984,0.09028,0.02026,0.00000,0.00000,0.00000,0.00000,0.21789,0.00000,0.00000,0.00000,0.15870,0.00000,0.35184,0.12842,0.00000,0.14315,0.00000
16.27733,10,0.38581,0.00245,0.28284,0.05254,0.00044,0.00354,0.00143,0.00021,0.00028,0.01008,0.09477,0.40399,0.06301,0.00748,0.06258,0.01436,0.00000,0.00000,0.00000,0.00000,0.22034,0.00000,0.00000,0.00000,0.14862,0.00000,0.35015,0.13214,0.00000,0.14875,0.00000
16.29867,1,0.34990,0.00192,0.42356,0.10705,0.00052,0.00454,0.00115,0.00017,0.00021,0.00707,0.06552,0.28539,0.04357,0.00532,0.04321,0.01082,0.00000,0.00000,0.00000,0.00000,0.22106,0.00000,0.00000,0.00000,0.14563,0.00000,0.34967,0.13324,0.00000,0.15040,0.00000
16.32000,1,0.31649,0.00316,0.52084,0.14154,0.00279,0.00970,0.00157,0.00091,0.00018,0.00496,0.04528,0.19732,0.03008,0.00372,0.02982,0.00812,0.00000,0.22291,0.00000,0.00000,0.17840,0.00000,0.00000,0.00000,0.13795,0.00000,0.25522,0.06941,0.05771,0.07839,0.00000
16.34133,1,0.28838,0.00575,0.56890,0.13471,0.01381,0.04232,0.00745,0.00485,0.00025,0.00360,0.03139,0.13627,0.02076,0.00260,0.02059,0.00675,0.00000,0.45643,0.00000,0.00000,0.12490,0.00000,0.00000,0.00000,0.11543,0.00000,0.16717,0.01878,0.09608,0.02121,0.00000
16.36267,1,0.26031,0.00861,0.61468,0.11982,0.02266,0.05798,0.01176,0.00775,0.00038,0.00270,0.02199,0.09407,0.01433,0.00192,0.01421,0.00715,0.00000,0.55443,0.00000,0.00000,0.09516,0.00000,0.00000,0.00000,0.09664,0.00000,0.13794,0.00508,0.10502,0.00574,0.00000
16.38400,1,0.22461,0.01767,0.59664,0.11492,0.04041,0.09673,0.01333,0.01082,0.00068,0.00192,0.01538,0.06495,0.00991,0.00137,0.00981,0.00547,0.00000,0.58463,0.00000,0.00000,0.07986,0.00000,0.00000,0.00000,0.08609,0.00000,0.13408,0.00138,0.11241,0.00155,0.00000
16.40533,1,0.20507,0.01343,0.49821,0.21037,0.10556,0.07308,0.01072,0.00788,0.00077,0.00187,0.01283,0.04516,0.00685,0.00101,0.00682,0.00545,0.00000,0.57392,0.00000,0.00000,0.07472,0.00000,0.00000,0.00000,0.08338,0.00000,0.14347,0.00037,0.12372,0.00042,0.00000
16.42667,1,0.30895,0.00927,0.36567,0.18456,0.07319,0.05054,0.00751,0.00547,0.00054,0.00165,0.25331,0.03156,0.00477,0.00090,0.00481,0.00625,0.00000,0.53812,0.00000,0.00000,0.07685,0.00000,0.00000,0.00000,0.08681,0.00000,0.15971,0.00010,0.13831,0.00011,0.00000
16.44800,9,0.43737,0.00640,0.25234,0.12856,0.05050,0.03487,0.00519,0.00377,0.00037,0.00114,0.48337,0.02179,0.00331,0.00068,0.00332,0.00438,0.00000,0.49005,0.00000,0.00000,0.08369,0.00000,0.00000,0.00000,0.09427,0.00000,0.17801,0.00003,0.15391,0.00003,0.00000
16.46933,9,0.53222,0.00441,0.17412,0.08872,0.03485,0.02406,0.00358,0.00260,0.00026,0.00079,0.64126,0.01508,0.00349,0.00137,0.00233,0.00307,0.00000,0.24203,0.00000,0.00000,0.11803,0.00000,0.00000,0.00000,0.11105,0.21085,0.17746,0.00001,0.14057,0.00001,0.00000
16.49067,9,0.57118,0.00305,0.12014,0.06122,0.02404,0.01661,0.00247,0.00180,0.00018,0.00055,0.72147,0.02715,0.01614,0.00132,0.00171,0.00217,0.00000,0.06549,0.00000,0.00000,0.14432,0.00000,0.00000,0.00000,0.11546,0.38903,0.15976,0.00000,0.12593,0.00000,0.00000
16.51200,9,0.58058,0.00210,0.08290,0.04224,0.01659,0.01148,0.00171,0.00124,0.00012,0.00038,0.72296,0.09527,0.01198,0.00096,0.00848,0.00158,0.00000,0.01772,0.00000,0.00000,0.15540,0.00000,0.00000,0.00000,0.11284,0.44338,0.14579,0.00000,0.12486,0.00000,0.00000
16.53333,9,0.57337,0.00145,0.05723,0.02915,0.01145,0.00807,0.00119,0.00086,0.00009,0.00028,0.56403,0.19605,0.01089,0.00067,0.11732,0.00128,0.00000,0.00922,0.00000,0.00000,0.15933,0.00000,0.00000,0.00000,0.11155,0.45326,0.14046,0.00000,0.12619,0.00000,0.00000
16.55467,9,0.56100,0.00100,0.03949,0.02011,0.00790,0.00557,0.00084,0.00059,0.00006,0.00020,0.38936,0.16838,0.00778,0.00048,0.35734,0.00089,0.00000,0.00249,0.00000,0.00000,0.16623,0.00000,0.00000,0.00000,0.11033,0.45779,0.13278,0.00000,0.13037,0.00000,0.00000
16.57600,13,0.54091,0.00069,0.02727,0.01390,0.00546,0.00386,0.00064,0.00041,0.00004,0.00019,0.26873,0.14599,0.00576,0.00038,0.52604,0.00063,0.00000,0.00068,0.00000,0.00000,0.17254,0.00000,0.00000,0.00000,0.11106,0.45188,0.12842,0.00000,0.13542,0.00000,0.00000
16.59733,13,0.51751,0.00048,0.01905,0.00964,0.00379,0.01623,0.00298,0.00493,0.00006,0.00764,0.18575,0.10665,0.00430,0.00048,0.63755,0.00048,0.00000,0.00018,0.00000,0.00000,0.14538,0.00000,0.00000,0.00000,0.11929,0.23251,0.16589,0.00000,0.07179,0.21092,0.05403
16.61867,13,0.45903,0.00033,0.01331,0.00702,0.00267,0.24960,0.00250,0.00558,0.00026,0.00736,0.12829,0.07563,0.00313,0.00083,0.50315,0.00034,0.00000,0.00005,0.00000,0.00000,0.11164,0.00000,0.00000,0.00000,0.12358,0.06291,0.18230,0.00000,0.01943,0.40958,0.09052
16.64000,4,0.42766,0.00027,0.01015,0.00550,0.00373,0.46222,0.00339,0.00570,0.00046,0.00752,0.08876,0.05359,0.00223,0.00254,0.35367,0.00027,0.00000,0.00001,0.00000,0.00000,0.09871,0.00000,0.00000,0.00000,0.12755,0.01702,0.17331,0.00000,0.00526,0.48278,0.09535
16.66133,4,0.40764,0.00021,0.04141,0.00385,0.00281,0.40847,0.00282,0.00395,0.00035,0.00871,0.06475,0.19842,0.00218,0.00948,0.25216,0.00044,0.00000,0.00000,0.00000,0.00000,0.26571,0.05798,0.00000,0.00000,0.13944,0.00461,0.16122,0.00000,0.06260,0.25909,0.04936
16.68267,4,0.35821,0.00083,0.04587,0.00291,0.00196,0.39389,0.00223,0.00275,0.00025,0.02018,0.04764,0.24969,0.00491,0.01215,0.21439,0.00038,0.00000,0.00000,0.00000,0.00000,0.42722,0.10478,0.00000,0.00000,0.12641,0.00125,0.14765,0.00000,0.10923,0.07010,0.01335
16.70400,4,0.30025,0.16345,0.03469,0.00356,0.00140,0.31111,0.00162,0.00193,0.00045,0.01740,0.03408,0.21010,0.00411,0.00975,0.20593,0.00040,0.00000,0.00000,0.00000,0.00000,0.48313,0.11964,0.00000,0.00000,0.10825,0.00034,0.14027,0.00000,0.12578,0.01897,0.00361
16.72533,4,0.24700,0.18849,0.05008,0.00580,0.00127,0.25500,0.00176,0.00142,0.00139,0.01547,0.02510,0.20862,0.00374,0.00743,0.23402,0.00041,0.00000,0.00000,0.00000,0.00000,0.49122,0.12685,0.00000,0.00000,0.09714,0.00009,0.14067,0.00000,0.13792,0.00513,0.00098
16.74667,13,0.20113,0.19487,0.05242,0.00452,0.00147,0.18540,0.00172,0.00107,0.00145,0.01347,0.01867,0.20621,0.00419,0.00575,0.30821,0.00056,0.00000,0.00000,0.00000,0.00000,0.47358,0.13271,0.00000,0.00000,0.09421,0.00002,0.14716,0.00000,0.15065,0.00139,0.00026
16.76800,13,0.16337,0.19428,0.05023,0.00450,0.00259,0.13967,0.00201,0.00082,0.00161,0.01773,0.01526,0.18709,0.00711,0.00477,0.37012,0.00221,0.00000,0.00000,0.00000,0.00000,0.29293,0.07058,0.00000,0.00000,0.11058,0.00001,0.17875,0.00000,0.08175,0.21130,0.05410
16.78933,13,0.13180,0.17958,0.04653,0.00528,0.00318,0.11258,0.00295,0.00064,0.00182,0.02186,0.01369,0.16388,0.01075,0.00467,0.42815,0.00445,0.00000,0.00000,0.00000,0.00000,0.20187,0.03671,0.00000,0.00000,0.11759,0.00000,0.18678,0.00000,0.04253,0.33501,0.07950
16.81067,13,0.11007,0.18302,0.06088,0.00756,0.00406,0.09207,0.00649,0.00059,0.00344,0.02513,0.01481,0.14294,0.01335,0.00466,0.43299,0.00802,0.00000,0.00000,0.00000,0.00000,0.12397,0.00994,0.00000,0.00000,0.12394,0.00000,0.18075,0.00000,0.01151,0.45534,0.09456
16.83200,13,0.08984,0.17898,0.07906,0.01383,0.00840,0.07979,0.01281,0.00075,0.00734,0.02874,0.01376,0.13175,0.02143,0.00753,0.39968,0.01615,0.00000,0.00000,0.00000,0.00000,0.10303,0.00269,0.00000,0.00000,0.13064,0.00000,0.16757,0.00000,0.00311,0.49808,0.09488
16.85333,13,0.07577,0.18127,0.12465,0.02521,0.01673,0.07233,0.01569,0.00083,0.01338,0.02806,0.01318,0.11440,0.03433,0.01215,0.32181,0.02598,0.00000,0.00000,0.00000,0.00000,0.10376,0.00073,0.00000,0.00000,0.14080,0.00000,0.15566,0.00000,0.00084,0.50471,0.09350
16.87467,13,0.15205,0.12757,0.08706,0.01787,0.01158,0.05018,0.13181,0.00058,0.00958,0.01945,0.00925,0.15511,0.02530,0.00850,0.32537,0.02079,0.00000,0.00000,0.00000,0.00000,0.11447,0.00020,0.00000,0.00000,0.15394,0.00000,0.14657,0.00000,0.00023,0.49103,0.09355
16.89600,13,0.20349,0.09056,0.06282,0.01255,0.00834,0.03599,0.24294,0.00058,0.00678,0.01491,0.01364,0.12530,0.01811,0.00630,0.31128,0.04987,0.00000,0.00000,0.00000,0.00000,0.12983,0.00005,0.00000,0.00000,0.16865,0.00000,0.14001,0.00000,0.00006,0.46591,0.09549
16.91733,9,0.37732,0.06261,0.04351,0.00867,0.00581,0.02489,0.18906,0.00042,0.00470,0.01054,0.26449,0.08765,0.01255,0.00498,0.22781,0.05231,0.00000,0.00000,0.00000,0.00000,0.14624,0.00001,0.00000,0.00000,0.18322,0.00000,0.13517,0.00000,0.00002,0.43629,0.09905
16.93867,9,0.47967,0.04323,0.03010,0.00599,0.00401,0.01720,0.13737,0.00031,0.00326,0.00777,0.46289,0.06115,0.00889,0.00459,0.16250,0.05075,0.00000,0.00000,0.00000,0.00000,0.15222,0.00000,0.00000,0.00000,0.15842,0.21088,0.14966,0.00000,0.05669,0.21944,0.05269
16.96000,9,0.48649,0.02983,0.02091,0.00414,0.00277,0.01199,0.10069,0.00022,0.00225,0.00601,0.52478,0.04421,0.00647,0.00580,0.17332,0.06660,0.00000,0.00000,0.00000,0.00000,0.15358,0.00000,0.00000,0.00000,0.12828,0.38904,0.15224,0.00000,0.10323,0.05938,0.01426
16.98133,9,0.49448,0.02058,0.01445,0.00286,0.00191,0.00829,0.06957,0.00015,0.00156,0.00514,0.45410,0.03162,0.00457,0.00464,0.29473,0.08582,0.00000,0.00000,0.00000,0.00000,0.15791,0.00000,0.00000,0.00000,0.11631,0.44338,0.14376,0.00000,0.11872,0.01607,0.00386
17.00267,13,0.48162,0.01420,0.01002,0.00199,0.00132,0.00574,0.04802,0.00011,0.00107,0.00543,0.31442,0.02226,0.00320,0.00333,0.50447,0.06441,0.00000,0.00000,0.00000,0.00000,0.16355,0.00000,0.00000,0.00000,0.11163,0.45739,0.13560,0.00000,0.12644,0.00435,0.00104
17.02400,13,0.46874,0.00980,0.00807,0.00138,0.00091,0.00397,0.03339,0.00007,0.00074,0.00697,0.21715,0.01563,0.00226,0.00293,0.64572,0.05101,0.00000,0.00000,0.00000,0.00000,0.14076,0.00000,0.00000,0.00000,0.11867,0.23814,0.16866,0.00000,0.06737,0.21210,0.05431
17.04533,13,0.45917,0.00677,0.00597,0.00096,0.00064,0.00277,0.02608,0.00005,0.00053,0.00773,0.14992,0.01161,0.00185,0.13698,0.61182,0.03633,0.00000,0.00000,0.00000,0.00000,0.11039,0.00000,0.00000,0.00000,0.12341,0.06444,0.18304,0.00000,0.01823,0.40989,0.09059
17.06667,13,0.44287,0.00467,0.00447,0.00066,0.00049,0.00198,0.02122,0.00007,0.00071,0.08360,0.10437,0.00999,0.00201,0.30385,0.43504,0.02686,0.00000,0.00000,0.00000,0.00000,0.10255,0.00000,0.00000,0.00000,0.12508,0.03352,0.17933,0.00000,0.00948,0.45545,0.09459
17.08800,12,0.42777,0.00323,0.00345,0.00046,0.00037,0.00140,0.02412,0.00005,0.00060,0.08710,0.07209,0.00798,0.00161,0.47794,0.30069,0.01891,0.00000,0.00000,0.00000,0.00000,0.09723,0.00000,0.00000,0.00000,0.13095,0.00907,0.16718,0.00000,0.00257,0.49811,0.09489
17.10933,12,0.41144,0.00224,0.00333,0.00033,0.00055,0.00129,0.17611,0.00011,0.00060,0.12013,0.04994,0.00583,0.00121,0.41701,0.20804,0.01327,0.00000,0.00000,0.00000,0.00000,0.12491,0.00000,0.00000,0.00000,0.13563,0.00245,0.14592,0.05669,0.22292,0.26252,0.04896
17.13067,5,0.39629,0.00156,0.00411,0.00025,0.00044,0.00128,0.40246,0.00015,0.00051,0.10687,0.03448,0.00405,0.00084,0.29006,0.14357,0.00937,0.00000,0.00000,0.00000,0.00000,0.12772,0.00000,0.00000,0.00000,0.12597,0.00066,0.11646,0.10138,0.44352,0.07103,0.01325
17.15200,5,0.38178,0.00125,0.00539,0.00043,0.00780,0.00750,0.53430,0.00068,0.00060,0.10776,0.02398,0.00282,0.00059,0.20033,0.09907,0.00750,0.00000,0.00000,0.00000,0.00000,0.12926,0.22295,0.00000,0.00000,0.11681,0.00018,0.11826,0.05702,0.33270,0.01922,0.00358
17.17333,5,0.36302,0.00204,0.01073,0.00109,0.04099,0.03804,0.56611,0.00143,0.00114,0.10144,0.01708,0.00210,0.00047,0.13873,0.06836,0.01025,0.00000,0.00000,0.00000,0.00000,0.12193,0.45406,0.00000,0.00000,0.09882,0.00005,0.12036,0.01543,0.18318,0.00520,0.00097
17.19467,5,0.32859,0.06347,0.03618,0.00153,0.03442,0.06463,0.54023,0.00419,0.00183,0.08615,0.01261,0.00182,0.00041,0.09594,0.04733,0.00925,0.00000,0.00000,0.00000,0.00000,0.11140,0.54903,0.00000,0.00000,0.08542,0.00001,0.11869,0.00418,0.12961,0.00141,0.00026
17.21600,5,0.27377,0.09804,0.05544,0.04260,0.06272,0.08954,0.46124,0.00484,0.00424,0.06395,0.00899,0.00182,0.00035,0.06640,0.03297,0.00685,0.00000,0.00000,0.00000,0.00000,0.10666,0.57679,0.00000,0.00000,0.08111,0.00000,0.12260,0.00113,0.11126,0.00038,0.00007
17.23733,5,0.22411,0.08469,0.06214,0.14715,0.10056,0.09056,0.37811,0.00495,0.00395,0.04534,0.00652,0.00169,0.00031,0.04591,0.02290,0.00522,0.00000,0.00000,0.00000,0.00000,0.10837,0.56473,0.00000,0.00000,0.08496,0.00000,0.13221,0.00031,0.10931,0.00010,0.00002
17.25867,2,0.18462,0.06528,0.05379,0.28733,0.13903,0.07236,0.28006,0.00425,0.00364,0.03461,0.00560,0.00134,0.00032,0.03181,0.01592,0.00466,0.00000,0.00000,0.00000,0.00000,0.11495,0.52897,0.00000,0.00000,0.09455,0.00000,0.14516,0.00008,0.11626,0.00003,0.00001
17.28000,2,0.16071,0.04673,0.03769,0.47659,0.12174,0.05072,0.19402,0.00296,0.00326,0.02440,0.00426,0.00097,0.00026,0.02198,0.01103,0.00341,0.00000,0.00000,0.22469,0.00000,0.12683,0.26340,0.00000,0.00000,0.05235,0.05234,0.15327,0.00002,0.12709,0.00001,0.00000
17.30133,2,0.14889,0.03351,0.02611,0.61455,0.10368,0.03551,0.13418,0.00216,0.00298,0.01696,0.00321,0.00070,0.00020,0.01613,0.00763,0.00249,0.00000,0.00000,0.43018,0.00000,0.11793,0.07128,0.00000,0.00000,0.01417,0.09541,0.14133,0.00001,0.12970,0.00000,0.00000
17.32267,2,0.14602,0.02349,0.01811,0.72635,0.07772,0.02457,0.09264,0.00152,0.00259,0.01177,0.00230,0.00051,0.00015,0.01120,0.00528,0.00179,0.00000,0.00000,0.47561,0.00000,0.11043,0.03708,0.00000,0.00000,0.00737,0.10438,0.13455,0.00000,0.13058,0.00000,0.00000
17.34400,2,0.23895,0.01634,0.01255,0.78207,0.06748,0.01704,0.06397,0.00112,0.00286,0.00882,0.00431,0.00132,0.00232,0.01437,0.00387,0.00156,0.00000,0.00000,0.51658,0.00000,0.09733,0.01003,0.00000,0.00000,0.00199,0.11471,0.12486,0.00000,0.13449,0.00000,0.00000
17.36533,2,0.36777,0.01127,0.00867,0.54777,0.04657,0.01176,0.04414,0.00078,0.00198,0.00616,0.00673,0.00099,0.29200,0.01741,0.00268,0.00108,0.00000,0.00000,0.52203,0.00000,0.08942,0.00272,0.00000,0.00000,0.00054,0.12208,0.12156,0.00000,0.14165,0.00000,0.00000
17.38667,11,0.42471,0.00778,0.00598,0.37821,0.03214,0.00811,0.03046,0.00054,0.00136,0.00428,0.00580,0.00076,0.47230,0.04967,0.00186,0.00075,0.00000,0.00000,0.50826,0.00000,0.08681,0.00073,0.00000,0.00000,0.00015,0.12907,0.12383,0.00000,0.15115,0.00000,0.00000
17.40800,11,0.42029,0.00537,0.00416,0.26100,0.02217,0.00563,0.02210,0.00038,0.00094,0.00501,0.00411,0.00093,0.50207,0.16423,0.00130,0.00062,0.00000,0.00000,0.25850,0.00000,0.10646,0.00020,0.00000,0.00000,0.05793,0.06895,0.13809,0.21293,0.15693,0.00000,0.00000
17.42933,11,0.40945,0.00370,0.00309,0.18009,0.01530,0.00393,0.01979,0.00029,0.00065,0.02033,0.00288,0.00075,0.62096,0.12685,0.00090,0.00046,0.00000,0.00000,0.06995,0.00000,0.11476,0.00005,0.00000,0.00000,0.10882,0.01866,0.13548,0.41323,0.13904,0.00000,0.00000
17.45067,11,0.39715,0.00256,0.00570,0.12428,0.01056,0.00279,0.01735,0.00025,0.00045,0.06362,0.00207,0.00069,0.67433,0.09395,0.00067,0.00075,0.00000,0.00000,0.01893,0.00000,0.11541,0.00001,0.00000,0.00000,0.13139,0.00505,0.12412,0.48662,0.11847,0.00000,0.00000
17.47200,11,0.38144,0.00176,0.02609,0.08591,0.00729,0.00198,0.02270,0.00023,0.00034,0.09664,0.00157,0.00058,0.68406,0.06902,0.00074,0.00109,0.00000,0.00000,0.00512,0.00000,0.12018,0.00000,0.00000,0.00000,0.14809,0.00137,0.11376,0.50810,0.10338,0.00000,0.00000
17.49333,11,0.36134,0.00122,0.04023,0.05944,0.00503,0.00149,0.02445,0.00026,0.00028,0.16843,0.00113,0.00047,0.64581,0.05028,0.00059,0.00089,0.00000,0.00000,0.00139,0.00000,0.13065,0.00000,0.00000,0.00000,0.16373,0.00037,0.10633,0.50278,0.09475,0.00000,0.00000
17.51467,11,0.33653,0.00091,0.06386,0.04194,0.00354,0.00695,0.03730,0.00392,0.00047,0.31477,0.00088,0.00035,0.47733,0.04666,0.00041,0.00072,0.00000,0.00000,0.00038,0.00000,0.14564,0.00000,0.00000,0.00000,0.17833,0.00010,0.10166,0.48227,0.09163,0.00000,0.00000
17.53600,11,0.32895,0.00097,0.04765,0.02942,0.00271,0.01271,0.05620,0.00370,0.00040,0.29197,0.00110,0.00176,0.34884,0.20149,0.00029,0.00077,0.00000,0.00000,0.00010,0.00000,0.16320,0.00000,0.00000,0.00000,0.19061,0.00003,0.09900,0.45452,0.09254,0.00000,0.00000
17.55733,8,0.30671,0.00789,0.06244,0.02150,0.00191,0.03670,0.05766,0.02224,0.00064,0.37604,0.00078,0.00137,0.26405,0.14601,0.00021,0.00057,0.00000,0.00000,0.00003,0.00000,0.18120,0.00000,0.00000,0.00000,0.19896,0.00001,0.09744,0.42651,0.09585,0.00000,0.00000
17.57867,8,0.29352,0.00662,0.10206,0.01512,0.00135,0.03012,0.06094,0.01599,0.00069,0.48026,0.00055,0.00119,0.18245,0.10206,0.00015,0.00046,0.00000,0.00000,0.00001,0.00000,0.15318,0.00000,0.00000,0.00000,0.31958,0.00000,0.13563,0.27497,0.11663,0.00000,0.00000
17.60000,8,0.28770,0.00617,0.18043,0.01165,0.00102,0.02510,0.06048,0.01238,0.00126,0.50035,0.00150,0.00103,0.12600,0.07102,0.00012,0.00150,0.00000,0.00000,0.00000,0.00000,0.13288,0.00000,0.00000,0.00000,0.40189,0.00000,0.14658,0.19687,0.12177,0.00000,0.00000
17.62133,8,0.27697,0.01692,0.20973,0.01289,0.00154,0.03423,0.07623,0.01468,0.00210,0.43129,0.02947,0.00122,0.08707,0.04998,0.00016,0.03248,0.00000,0.00000,0.00000,0.00000,0.11737,0.00000,0.00000,0.00000,0.49765,0.00000,0.13984,0.12623,0.11891,0.00000,0.00000
17.64267,8,0.26545,0.03087,0.18523,0.01345,0.00245,0.07470,0.08445,0.01742,0.00514,0.42981,0.02296,0.00091,0.06025,0.03629,0.00016,0.03591,0.00000,0.00000,0.00000,0.00000,0.11833,0.00000,0.00000,0.00000,0.53359,0.00000,0.12953,0.10289,0.11565,0.00000,0.00000
17.66400,8,0.24919,0.04153,0.16015,0.01331,0.00194,0.05864,0.08749,0.01339,0.01122,0.40124,0.07945,0.00081,0.04169,0.02685,0.00033,0.06196,0.00000,0.00000,0.00000,0.00000,0.12700,0.00000,0.00000,0.00000,0.53032,0.00000,0.12707,0.09819,0.11742,0.00000,0.00000
17.68533,8,0.21377,0.05346,0.14704,0.00954,0.00161,0.04454,0.12800,0.00965,0.01144,0.43722,0.05926,0.00091,0.02883,0.02014,0.00088,0.04747,0.00000,0.00000,0.00000,0.00000,0.13898,0.00000,0.00000,0.00000,0.50177,0.00000,0.13260,0.10267,0.12398,0.00000,0.00000
17.70667,8,0.18187,0.08015,0.14232,0.00732,0.00189,0.03577,0.16062,0.00768,0.01854,0.42407,0.04408,0.00228,0.02070,0.01516,0.00211,0.03731,0.00000,0.00000,0.00000,0.00000,0.15104,0.00000,0.00000,0.00000,0.46009,0.00000,0.14325,0.11207,0.13355,0.00000,0.00000
17.72800,8,0.14954,0.12748,0.12095,0.00771,0.00279,0.02772,0.22375,0.00694,0.02439,0.35019,0.03344,0.00720,0.02162,0.01678,0.00238,0.02666,0.00000,0.00000,0.00000,0.00000,0.16026,0.00000,0.00000,0.00000,0.41694,0.00000,0.15530,0.12357,0.14394,0.00000,0.00000
17.74933,5,0.12185,0.14085,0.09689,0.00745,0.00260,0.02182,0.35649,0.00543,0.01986,0.26434,0.02475,0.00719,0.01842,0.01274,0.00201,0.01917,0.00000,0.00000,0.00000,0.00000,0.16381,0.00000,0.00000,0.00000,0.38382,0.00000,0.16482,0.13468,0.15287,0.00000,0.00000
17.77067,5,0.09961,0.16346,0.08537,0.00736,0.00276,0.01645,0.42643,0.00456,0.01535,0.20984,0.01787,0.00757,0.01765,0.00948,0.00206,0.01381,0.00000,0.00000,0.00000,0.00000,0.15088,0.22295,0.00000,0.00000,0.24917,0.00000,0.15003,0.07233,0.15464,0.00000,0.00000
17.79200,5,0.08061,0.28041,0.10160,0.00588,0.00336,0.01237,0.33478,0.00385,0.01141,0.18936,0.01299,0.00742,0.01539,0.00774,0.00229,0.01116,0.00000,0.00000,0.00000,0.00000,0.12778,0.45405,0.00000,0.00000,0.13464,0.00000,0.12896,0.01957,0.13500,0.00000,0.00000
17.81333,0,0.06731,0.39575,0.11090,0.00463,0.00339,0.00955,0.27186,0.00322,0.00848,0.14743,0.00935,0.00572,0.01183,0.00615,0.00212,0.00962,0.00000,0.00000,0.00000,0.00000,0.11299,0.54902,0.00000,0.00000,0.09511,0.00000,0.12102,0.00530,0.11657,0.00000,0.00000
17.83467,0,0.17043,0.29821,0.08522,0.00484,0.00437,0.00729,0.19494,0.00236,0.00634,0.10649,0.00799,0.15303,0.09619,0.00643,0.01359,0.01271,0.00000,0.00000,0.00000,0.00000,0.10900,0.56915,0.00000,0.00000,0.08717,0.00000,0.12105,0.00276,0.11087,0.00000,0.00000
17.85600,10,0.27559,0.20588,0.05897,0.00337,0.00302,0.00508,0.13477,0.00169,0.00439,0.07354,0.00554,0.39597,0.08482,0.00451,0.00955,0.00890,0.00000,0.00000,0.00000,0.00000,0.10900,0.56915,0.00000,0.00000,0.08717,0.00000,0.12105,0.00276,0.11087,0.00000,0.00000
17.87733,10,0.33858,0.14216,0.04113,0.00273,0.00215,0.00380,0.10471,0.00157,0.00319,0.05151,0.00421,0.55367,0.07135,0.00321,0.00679,0.00782,0.00000,0.00000,0.00000,0.00000,0.10900,0.56915,0.00000,0.00000,0.08717,0.00000,0.12105,0.00276,0.11087,0.00000,0.00000
17.89867,10,0.35637,0.09829,0.03139,0.00621,0.00529,0.02437,0.07967,0.00332,0.00506,0.17394,0.00356,0.42937,0.12576,0.00231,0.00540,0.00606,0.00000,0.00000,0.00000,0.00000,0.12562,0.15402,0.00000,0.00000,0.12527,0.00000,0.37616,0.09109,0.03000,0.09784,0.00000
17.92000,8,0.36647,0.06782,0.02204,0.00431,0.00371,0.01797,0.05499,0.00229,0.00349,0.42492,0.00246,0.29900,0.08744,0.00162,0.00374,0.00419,0.00000,0.00000,0.00000,0.00000,0.12032,0.04167,0.00000,0.00000,0.13723,0.00000,0.46237,0.10746,0.00812,0.12284,0.00000
17.94133,8,0.36595,0.04680,0.01584,0.00298,0.00292,0.02123,0.03837,0.00159,0.00241,0.59229,0.00172,0.20686,0.06035,0.00116,0.00258,0.00290,0.00000,0.00000,0.00000,0.00000,0.11643,0.01128,0.00000,0.00000,0.28852,0.00000,0.33432,0.11570,0.06790,0.06585,0.00000
17.96267,8,0.39005,0.03234,0.01120,0.00209,0.00421,0.02172,0.04436,0.00110,0.00166,0.66895,0.00152,0.14306,0.04197,0.02186,0.00180,0.00216,0.00000,0.00000,0.00000,0.00000,0.11220,0.00305,0.00000,0.00000,0.45070,0.00000,0.19910,0.10909,0.10803,0.01782,0.00000
17.98400,8,0.38821,0.02232,0.00777,0.00156,0.00687,0.01509,0.03425,0.00077,0.00115,0.46404,0.00109,0.09907,0.02958,0.31296,0.00124,0.00222,0.00000,0.00000,0.00000,0.00000,0.11382,0.00083,0.00000,0.00000,0.51928,0.00000,0.14853,0.09953,0.11320,0.00482,0.00000
18.00533,12,0.38513,0.01540,0.00538,0.00108,0.00486,0.01042,0.02385,0.00054,0.00080,0.32083,0.00076,0.06842,0.02053,0.52459,0.00086,0.00170,0.00000,0.00000,0.00000,0.00000,0.12130,0.00022,0.00000,0.00000,0.53530,0.00000,0.13113,0.09585,0.11490,0.00130,0.00000
18.02667,12,0.38084,0.01063,0.00715,0.00102,0.00351,0.00759,0.01821,0.00040,0.00060,0.24262,0.00053,0.04743,0.01428,0.64288,0.00060,0.00256,0.00000,0.00000,0.00000,0.00000,0.13946,0.00006,0.00000,0.00000,0.34088,0.00000,0.12929,0.10691,0.28304,0.00035,0.00000
18.04800,12,0.36773,0.00740,0.02763,0.00137,0.00405,0.01216,0.02497,0.00032,0.00044,0.42134,0.00038,0.03275,0.00988,0.45496,0.00041,0.00194,0.00000,0.00000,0.00000,0.00000,0.13166,0.00002,0.00000,0.00000,0.18152,0.00000,0.11196,0.11497,0.45977,0.00010,0.00000
18.06933,8,0.35732,0.00516,0.03623,0.00135,0.00484,0.01180,0.05712,0.00034,0.00031,0.53192,0.00081,0.02262,0.00682,0.31440,0.00029,0.00599,0.00000,0.00000,0.00000,0.00000,0.11734,0.00000,0.00000,0.00000,0.13384,0.00000,0.09556,0.11799,0.53524,0.00003,0.00000
18.09067,8,0.35038,0.00403,0.05962,0.00151,0.00449,0.01443,0.07489,0.00038,0.00022,0.50600,0.00840,0.01564,0.00471,0.21716,0.00021,0.08831,0.00000,0.00000,0.00000,0.00000,0.11304,0.00000,0.00000,0.00000,0.28032,0.00000,0.13241,0.12136,0.35287,0.00001,0.00000
18.11200,8,0.34499,0.00303,0.12463,0.00137,0.00336,0.01031,0.05327,0.00028,0.00015,0.39123,0.01184,0.01082,0.00326,0.14996,0.00016,0.23633,0.00000,0.00000,0.00000,0.00000,0.11128,0.00000,0.00000,0.00000,0.44849,0.00000,0.14446,0.11063,0.18515,0.00000,0.00000
18.13333,14,0.34238,0.00226,0.09325,0.00111,0.00247,0.00794,0.03781,0.00021,0.00011,0.27526,0.00956,0.00748,0.00226,0.10352,0.00013,0.45663,0.00000,0.00000,0.00000,0.00000,0.11172,0.00000,0.00000,0.00000,0.49212,0.00000,0.13938,0.10461,0.15217,0.00000,0.00000
18.15467,14,0.34007,0.00311,0.06979,0.00125,0.00213,0.00624,0.02740,0.00021,0.00017,0.19308,0.01919,0.00530,0.00164,0.07209,0.00031,0.59809,0.00000,0.00000,0.00000,0.00000,0.11680,0.00000,0.00000,0.00000,0.53209,0.00000,0.12941,0.09704,0.12465,0.00000,0.00000
18.17600,14,0.36107,0.00266,0.10875,0.00228,0.00439,0.00724,0.01966,0.00018,0.00017,0.15493,0.01807,0.00585,0.00796,0.05591,0.00594,0.60602,0.00000,0.00000,0.00000,0.00000,0.12376,0.00000,0.00000,0.00000,0.23575,0.00000,0.11832,0.02626,0.15341,0.00000,0.34251
18.19733,14,0.38664,0.00200,0.12339,0.00701,0.03511,0.00621,0.01372,0.00019,0.00016,0.18423,0.01362,0.02894,0.11712,0.03931,0.00424,0.42476,0.00000,0.00000,0.00000,0.00000,0.12048,0.00000,0.00000,0.00000,0.15451,0.00000,0.11021,0.00711,0.14450,0.00000,0.46321
18.21867,11,0.39418,0.00140,0.08615,0.00517,0.03017,0.00439,0.00954,0.00014,0.00014,0.13194,0.00947,0.06559,0.33235,0.02735,0.00294,0.29327,0.00000,0.00000,0.00000,0.00000,0.11929,0.00000,0.00000,0.00000,0.13363,0.00000,0.10810,0.00192,0.13164,0.00000,0.50542
18.24000,11,0.40565,0.00098,0.05954,0.00360,0.02092,0.00305,0.00661,0.00010,0.00010,0.09154,0.00655,0.05137,0.53208,0.01916,0.00203,0.20237,0.00000,0.00000,0.00000,0.00000,0.12366,0.00000,0.00000,0.00000,0.12602,0.00000,0.12909,0.21345,0.14144,0.00000,0.26633
18.26133,11,0.39971,0.00068,0.04122,0.00249,0.01446,0.00221,0.03965,0.00009,0.00007,0.07334,0.00454,0.04152,0.62455,0.01415,0.00140,0.13964,0.00000,0.00000,0.00000,0.00000,0.11942,0.00000,0.00000,0.00000,0.12724,0.00000,0.13305,0.41337,0.13485,0.00000,0.07207
18.28267,11,0.39150,0.00048,0.02872,0.00172,0.01000,0.00162,0.27572,0.00011,0.00006,0.06782,0.00321,0.02986,0.47242,0.01094,0.00098,0.09636,0.00000,0.00000,0.00000,0.00000,0.11667,0.00000,0.00000,0.00000,0.13637,0.00000,0.12346,0.48665,0.11734,0.00000,0.01950
18.30400,11,0.38272,0.00039,0.02083,0.00119,0.00693,0.00184,0.22470,0.00024,0.00010,0.21110,0.00241,0.02101,0.43296,0.00909,0.00069,0.06652,0.00000,0.00000,0.00000,0.00000,0.12052,0.00000,0.00000,0.00000,0.14944,0.00000,0.11358,0.50811,0.10308,0.00000,0.00528
18.32533,11,0.37084,0.00046,0.01720,0.00095,0.00511,0.00345,0.16104,0.00073,0.00021,0.33354,0.00186,0.01485,0.40665,0.00750,0.00049,0.04595,0.00000,0.00000,0.00000,0.00000,0.13074,0.00000,0.00000,0.00000,0.16410,0.00000,0.10628,0.50278,0.09467,0.00000,0.00143
18.34667,8,0.33884,0.00125,0.01747,0.00259,0.00480,0.01927,0.11462,0.02352,0.00073,0.40353,0.00160,0.01045,0.36154,0.00644,0.00034,0.03185,0.00000,0.00000,0.00000,0.00000,0.14566,0.00000,0.00000,0.00000,0.17843,0.00000,0.10165,0.48227,0.09161,0.00000,0.00039
18.36800,8,0.29488,0.00373,0.01700,0.00329,0.00704,0.15490,0.10484,0.02459,0.00625,0.34425,0.00117,0.00731,0.29847,0.00483,0.00024,0.02207,0.00000,0.00000,0.00000,0.00000,0.13475,0.00000,0.00000,0.00000,0.31114,0.00000,0.13737,0.30325,0.11338,0.00000,0.00010
18.38933,4,0.24559,0.01316,0.01380,0.01629,0.04316,0.27753,0.11278,0.01997,0.01916,0.24023,0.00087,0.00512,0.21895,0.00351,0.00018,0.01528,0.00000,0.00000,0.00000,0.00000,0.12329,0.00000,0.00000,0.00000,0.39751,0.00000,0.14748,0.21158,0.12009,0.00000,0.00005
18.41067,4,0.21489,0.01814,0.01165,0.03721,0.15420,0.30525,0.10353,0.01516,0.01911,0.16619,0.00069,0.00366,0.15175,0.00263,0.00015,0.01068,0.00000,0.00000,0.00000,0.00000,0.11477,0.00000,0.00000,0.00000,0.49646,0.00000,0.14008,0.13021,0.11845,0.00000,0.00001
18.43200,4,0.19129,0.01870,0.01023,0.16433,0.18998,0.27315,0.08223,0.01148,0.01752,0.11479,0.00067,0.00261,0.10478,0.00194,0.00012,0.00748,0.00000,0.00000,0.00000,0.00000,0.37106,0.08844,0.00000,0.00000,0.23417,0.00000,0.14674,0.03523,0.12436,0.00000,0.00000
18.45333,2,0.16947,0.01920,0.00838,0.33816,0.16120,0.22493,0.06241,0.00880,0.01329,0.07930,0.00258,0.00189,0.07242,0.00195,0.00010,0.00538,0.00000,0.00000,0.00000,0.00000,0.46463,0.11399,0.00000,0.00000,0.14354,0.00000,0.14098,0.00953,0.12733,0.00000,0.00000
18.47467,2,0.14689,0.02012,0.01483,0.48954,0.13513,0.16158,0.04391,0.00635,0.01300,0.05525,0.00313,0.00154,0.05005,0.00153,0.00010,0.00393,0.00000,0.00000,0.22469,0.00000,0.31640,0.06224,0.00000,0.00000,0.06355,0.05234,0.14666,0.00258,0.13153,0.00000,0.00000
18.49600,2,0.12537,0.02604,0.01428,0.55216,0.14782,0.13237,0.03063,0.00444,0.01086,0.03852,0.00270,0.00124,0.03464,0.00120,0.00015,0.00294,0.00000,0.00000,0.43019,0.00000,0.16922,0.01684,0.00000,0.00000,0.01720,0.09541,0.13954,0.00070,0.13090,0.00000,0.00000
18.51733,2,0.10556,0.02896,0.01300,0.60661,0.14370,0.11597,0.02180,0.00315,0.00899,0.02675,0.00259,0.00098,0.02411,0.00102,0.00018,0.00220,0.00000,0.00000,0.50222,0.00000,0.11721,0.00456,0.00000,0.00000,0.00465,0.11028,0.12844,0.00019,0.13245,0.00000,0.00000
18.53867,2,0.09049,0.02871,0.00984,0.64217,0.16187,0.08910,0.01542,0.00230,0.00987,0.01857,0.00203,0.00077,0.01677,0.00084,0.00014,0.00159,0.00000,0.00000,0.52242,0.00000,0.09643,0.00123,0.00000,0.00000,0.00126,0.11852,0.12230,0.00005,0.13779,0.00000,0.00000
18.56000,2,0.07529,0.04186,0.00817,0.60674,0.22039,0.07051,0.01110,0.00168,0.00924,0.01331,0.00223,0.00070,0.01178,0.00081,0.00014,0.00136,0.00000,0.00000,0.51694,0.00000,0.08852,0.00033,0.00000,0.00000,0.00034,0.12558,0.12206,0.00001,0.14621,0.00000,0.00000
18.58133,2,0.06316,0.05127,0.00658,0.55638,0.28234,0.06047,0.00803,0.00127,0.00974,0.00999,0.00226,0.00085,0.00842,0.00096,0.00012,0.00131,0.00000,0.00000,0.49693,0.00000,0.08748,0.00009,0.00000,0.00000,0.00009,0.13254,0.12651,0.00000,0.15635,0.00000,0.00000
18.60267,2,0.07042,0.06611,0.00557,0.59905,0.23823,0.05244,0.00634,0.00146,0.00886,0.00780,0.00271,0.00155,0.00637,0.00170,0.00015,0.00166,0.00000,0.00000,0.46949,0.00000,0.09064,0.00002,0.00000,0.00000,0.00002,0.13931,0.13385,0.00000,0.16666,0.00000,0.00000
18.62400,2,0.11462,0.06393,0.00882,0.47446,0.18617,0.03873,0.01335,0.00176,0.00713,0.01000,0.00463,0.00727,0.03465,0.13985,0.00286,0.00639,0.00000,0.00000,0.44062,0.00000,0.09622,0.00001,0.00000,0.00000,0.00001,0.14546,0.14211,0.00000,0.17558,0.00000,0.00000
18.64533,12,0.13856,0.04494,0.00825,0.32863,0.18033,0.02801,0.01628,0.00164,0.00504,0.01135,0.00366,0.00642,0.02515,0.33195,0.00200,0.00633,0.00000,0.00000,0.41862,0.00000,0.10267,0.00000,0.00000,0.00000,0.00000,0.14986,0.14835,0.00000,0.18050,0.00000,0.00000
18.66667,12,0.18446,0.03156,0.00971,0.22747,0.13101,0.02272,0.01499,0.00235,0.00349,0.04594,0.00308,0.00579,0.01786,0.47362,0.00142,0.00897,0.00000,0.00000,0.41252,0.00000,0.10590,0.00000,0.00000,0.00000,0.00000,0.15097,0.14981,0.00000,0.18079,0.00000,0.00000
18.68800,12,0.23949,0.02180,0.00774,0.15706,0.09165,0.01666,0.01340,0.00177,0.00243,0.08477,0.00253,0.00469,0.01527,0.55441,0.00102,0.02481,0.00000,0.00000,0.11162,0.00000,0.13264,0.00000,0.00000,0.00000,0.09459,0.04085,0.12729,0.08604,0.40696,0.00000,0.00000
18.70933,12,0.32000,0.01507,0.00567,0.10843,0.06377,0.01211,0.01165,0.00132,0.00168,0.07239,0.00178,0.00331,0.02030,0.65652,0.00070,0.02528,0.00000,0.00000,0.03021,0.00000,0.12249,0.00000,0.00000,0.00000,0.11167,0.01105,0.10436,0.10962,0.51061,0.00000,0.00000
18.73067,12,0.38168,0.01040,0.00397,0.07482,0.04401,0.00836,0.00815,0.00092,0.00116,0.05422,0.00123,0.00240,0.04352,0.72218,0.00049,0.02418,0.00000,0.00000,0.00817,0.00000,0.11211,0.00000,0.00000,0.00000,0.11516,0.00299,0.09099,0.11728,0.55330,0.00000,0.00000
18.75200,12,0.38655,0.00718,0.00286,0.05163,0.03037,0.00579,0.00650,0.00064,0.00080,0.04342,0.00087,0.00220,0.08572,0.73685,0.00036,0.02480,0.00000,0.00000,0.00221,0.00000,0.10896,0.00000,0.00000,0.00000,0.12016,0.00081,0.08764,0.12128,0.55895,0.00000,0.00000
18.77333,12,0.37828,0.00496,0.00210,0.03563,0.02096,0.00401,0.01051,0.00047,0.00055,0.05319,0.00065,0.00248,0.11017,0.73545,0.00026,0.01861,0.00000,0.00000,0.00060,0.00000,0.11261,0.00000,0.00000,0.00000,0.12855,0.00022,0.09212,0.12460,0.54130,0.00000,0.00000
18.79467,12,0.34013,0.00348,0.00176,0.02575,0.01490,0.02066,0.25378,0.00984,0.00040,0.04235,0.00047,0.00190,0.07673,0.53442,0.00018,0.01338,0.00000,0.00000,0.00016,0.00000,0.12052,0.00000,0.00000,0.00000,0.13866,0.00006,0.10159,0.12769,0.51133,0.00000,0.00000
18.81600,12,0.28712,0.00283,0.00240,0.01850,0.01044,0.17001,0.30058,0.02254,0.00033,0.03344,0.00034,0.00153,0.05443,0.37310,0.00013,0.00941,0.00000,0.00000,0.00004,0.00000,0.12953,0.00000,0.00000,0.00000,0.14781,0.00002,0.11298,0.13034,0.47927,0.00000,0.00000
18.83733,5,0.23881,0.00482,0.00624,0.01288,0.00776,0.23602,0.37438,0.02708,0.00032,0.02421,0.00026,0.00131,0.03966,0.25837,0.00010,0.00658,0.00000,0.00000,0.00001,0.00000,0.13636,0.00000,0.00000,0.00000,0.15311,0.00000,0.12321,0.13215,0.45516,0.00000,0.00000
18.85867,5,0.20589,0.01296,0.01748,0.00929,0.01018,0.27472,0.37466,0.06207,0.00060,0.02264,0.00062,0.00140,0.02748,0.17882,0.00009,0.00699,0.00000,0.00000,0.00000,0.00000,0.13786,0.22295,0.00000,0.00000,0.13281,0.00000,0.12936,0.06891,0.30811,0.00000,0.00000
18.88000,4,0.18902,0.00913,0.01220,0.00684,0.00805,0.49080,0.25906,0.04528,0.00413,0.01567,0.00044,0.00104,0.01897,0.12347,0.00007,0.00486,0.00000,0.00000,0.00000,0.00000,0.12426,0.45406,0.00000,0.00000,0.10314,0.00000,0.12336,0.01865,0.17653,0.00000,0.00000
18.90133,4,0.17045,0.00689,0.00854,0.00507,0.00590,0.62451,0.18385,0.03166,0.00300,0.01084,0.00035,0.01042,0.01331,0.08640,0.00010,0.00916,0.00000,0.00000,0.00000,0.00000,0.27610,0.32465,0.00000,0.00000,0.11984,0.00000,0.13704,0.00505,0.13732,0.00000,0.00000
18.92267,4,0.18294,0.00841,0.00624,0.00369,0.00425,0.69834,0.14671,0.02196,0.00244,0.00766,0.00027,0.01125,0.01214,0.06535,0.00010,0.01119,0.00000,0.00000,0.00000,0.00000,0.37175,0.22716,0.00000,0.00000,0.12508,0.00000,0.14147,0.00262,0.13192,0.00000,0.00000
18.94400,4,0.29716,0.00581,0.00431,0.00254,0.00293,0.48391,0.10228,0.01516,0.00168,0.00529,0.00019,0.00786,0.01462,0.34503,0.00007,0.00832,0.00000,0.00000,0.00000,0.00000,0.46482,0.15152,0.00000,0.00000,0.11402,0.00000,0.13956,0.00071,0.12937,0.00000,0.00000
18.96533,12,0.33641,0.00401,0.00316,0.00176,0.00202,0.33395,0.07065,0.01046,0.00116,0.00409,0.00017,0.00639,0.01289,0.53624,0.00006,0.01299,0.00000,0.00000,0.00000,0.00000,0.49179,0.13377,0.00000,0.00000,0.10088,0.00000,0.13865,0.00019,0.13472,0.00000,0.00000
18.98667,12,0.33722,0.00278,0.14728,0.00501,0.00143,0.23126,0.05370,0.00722,0.00081,0.08359,0.00023,0.00633,0.01005,0.43883,0.00006,0.01143,0.00000,0.00000,0.00000,0.00000,0.32923,0.06873,0.00000,0.00000,0.11551,0.00000,0.13505,0.05674,0.29474,0.00000,0.00000
19.00800,12,0.32414,0.00192,0.27844,0.01469,0.00114,0.15988,0.04833,0.00499,0.00058,0.16467,0.00049,0.00452,0.00699,0.30528,0.00004,0.00803,0.00000,0.00000,0.00000,0.00000,0.18301,0.01860,0.00000,0.00000,0.12053,0.00000,0.11352,0.10140,0.46295,0.00000,0.00000
19.02933,1,0.28619,0.00168,0.30656,0.03857,0.00309,0.12912,0.05841,0.00573,0.00094,0.22900,0.00042,0.00314,0.00493,0.21277,0.00003,0.00561,0.00000,0.00000,0.00000,0.00000,0.13124,0.00503,0.00000,0.00000,0.11733,0.00000,0.09598,0.11431,0.53610,0.00000,0.00000
19.05067,2,0.24051,0.00250,0.22943,0.25623,0.01667,0.11778,0.04148,0.00488,0.00485,0.16939,0.00032,0.00224,0.00341,0.14690,0.00002,0.00389,0.00000,0.22291,0.00000,0.00000,0.12563,0.00136,0.00000,0.00000,0.12337,0.00000,0.12060,0.06101,0.34511,0.00000,0.00000
19.07200,4,0.20275,0.01044,0.18147,0.22964,0.04060,0.25942,0.03862,0.00744,0.00375,0.11975,0.00027,0.00189,0.00240,0.10151,0.00003,0.00278,0.00000,0.18954,0.22469,0.00000,0.12727,0.00037,0.00000,0.00000,0.06208,0.05234,0.14180,0.01651,0.18540,0.00000,0.00000
19.09333,4,0.19442,0.00733,0.13075,0.17625,0.14185,0.34825,0.02694,0.00626,0.00359,0.08290,0.00021,0.00192,0.00167,0.07009,0.00003,0.00194,0.00000,0.05130,0.18414,0.00000,0.27986,0.05808,0.00000,0.00000,0.08810,0.04168,0.14834,0.00447,0.14403,0.00000,0.00000
19.11467,4,0.33108,0.00509,0.09030,0.12175,0.23393,0.27225,0.01938,0.00434,0.00249,0.05721,0.01701,0.12258,0.00144,0.04974,0.00006,0.00242,0.00000,0.01388,0.04983,0.00000,0.43105,0.10481,0.00000,0.00000,0.11252,0.01128,0.14417,0.00121,0.13126,0.00000,0.00000
19.13600,9,0.40935,0.00352,0.06230,0.08401,0.18436,0.18830,0.01341,0.00300,0.00172,0.03948,0.28121,0.09920,0.00204,0.03486,0.00006,0.00256,0.00000,0.00376,0.01348,0.00000,0.48416,0.11965,0.00000,0.00000,0.10449,0.00305,0.13933,0.00033,0.13175,0.00000,0.00000
19.15733,9,0.42717,0.00243,0.04299,0.05798,0.12859,0.13002,0.00934,0.00207,0.00119,0.02724,0.44533,0.06975,0.00155,0.02452,0.00012,0.05688,0.00000,0.00102,0.00365,0.00000,0.32809,0.06431,0.00000,0.00000,0.11148,0.21170,0.15277,0.00009,0.12689,0.00000,0.00000
19.17867,9,0.43509,0.00168,0.02968,0.04003,0.08877,0.09021,0.00743,0.00143,0.00083,0.01881,0.57503,0.04928,0.00123,0.02027,0.00019,0.07515,0.00000,0.00028,0.00099,0.00000,0.20117,0.01740,0.00000,0.00000,0.11558,0.38926,0.15308,0.00002,0.12223,0.00000,0.00000
19.20000,9,0.40650,0.00116,0.02049,0.02763,0.06129,0.16418,0.00548,0.00138,0.00068,0.03047,0.53021,0.04983,0.00446,0.04434,0.00022,0.05819,0.00000,0.00014,0.00051,0.00000,0.18026,0.00905,0.00000,0.00000,0.11439,0.42427,0.14875,0.00001,0.12260,0.00000,0.00000
19.22133,9,0.38024,0.00080,0.01414,0.01907,0.04249,0.37932,0.00394,0.00941,0.00050,0.02266,0.39353,0.03675,0.00312,0.03293,0.00018,0.04116,0.00000,0.00004,0.00014,0.00000,0.16733,0.00245,0.00000,0.00000,0.11157,0.45329,0.13951,0.00000,0.12567,0.00000,0.00000
19.24267,4,0.38701,0.00056,0.00976,0.01317,0.02938,0.52908,0.01680,0.00670,0.00044,0.01592,0.27175,0.02920,0.00226,0.04617,0.00013,0.02870,0.00000,0.00001,0.00004,0.00000,0.16839,0.00066,0.00000,0.00000,0.11034,0.45780,0.13253,0.00000,0.13023,0.00000,0.00000
19.26400,4,0.38540,0.00040,0.00675,0.00930,0.02039,0.36847,0.01838,0.00475,0.00031,0.01133,0.18755,0.03523,0.00476,0.30456,0.00009,0.02772,0.00000,0.00000,0.00001,0.00000,0.30377,0.05816,0.00000,0.00000,0.12877,0.23705,0.14199,0.00000,0.13024,0.00000,0.00000
19.28533,12,0.41585,0.00028,0.00848,0.00665,0.01417,0.25447,0.23893,0.00330,0.00023,0.03082,0.12947,0.02758,0.00390,0.25820,0.00008,0.02345,0.00000,0.00000,0.00000,0.00000,0.43752,0.10483,0.00000,0.00000,0.12352,0.06414,0.14245,0.00000,0.12753,0.00000,0.00000
19.30667,5,0.45206,0.00020,0.03511,0.00470,0.00980,0.17563,0.34741,0.00228,0.00016,0.07227,0.08963,0.01951,0.00272,0.18731,0.00020,0.05306,0.00000,0.00000,0.00000,0.00000,0.31742,0.05931,0.00000,0.00000,0.12514,0.01736,0.13508,0.05669,0.28900,0.00000,0.00000
19.32800,5,0.44872,0.00026,0.04275,0.00359,0.00812,0.12172,0.35099,0.00159,0.00013,0.11446,0.06440,0.01382,0.00195,0.13131,0.00047,0.14443,0.00000,0.00000,0.00000,0.00000,0.18589,0.23900,0.00000,0.00000,0.11900,0.00470,0.12842,0.04476,0.27824,0.00000,0.00000
19.34933,5,0.46731,0.00029,0.04812,0.00266,0.01227,0.08431,0.34960,0.00110,0.00014,0.10410,0.05215,0.01542,0.00265,0.09562,0.00523,0.22635,0.00000,0.00000,0.00000,0.00000,0.13726,0.45839,0.00000,0.00000,0.09941,0.00127,0.12311,0.01211,0.16845,0.00000,0.00000
19.37067,14,0.47790,0.00028,0.04471,0.00190,0.00853,0.05820,0.24409,0.00076,0.00010,0.07724,0.03641,0.02291,0.00247,0.06669,0.10656,0.32915,0.00000,0.00000,0.00000,0.00000,0.11555,0.55019,0.00000,0.00000,0.08558,0.00034,0.11944,0.00328,0.12562,0.00000,0.00000
19.39200,13,0.47483,0.00028,0.03341,0.00134,0.00597,0.04019,0.16909,0.00053,0.00009,0.05866,0.02547,0.10494,0.00345,0.04724,0.26328,0.24607,0.00000,0.00000,0.00000,0.00000,0.11985,0.29639,0.00000,0.00000,0.10369,0.00009,0.11920,0.00089,0.14335,0.00000,0.21654
19.41333,13,0.47183,0.00027,0.02396,0.00093,0.00417,0.02775,0.11891,0.00037,0.00007,0.04415,0.01797,0.11950,0.00270,0.03301,0.43398,0.17225,0.00000,0.00000,0.00000,0.00000,0.11757,0.08021,0.00000,0.00000,0.12033,0.00003,0.15999,0.00024,0.07853,0.21092,0.23219
19.43467,13,0.46587,0.00023,0.01822,0.00073,0.00297,0.01969,0.15645,0.00042,0.00008,0.06038,0.01401,0.10953,0.00224,0.02381,0.47079,0.12045,0.00000,0.00000,0.00000,0.00000,0.10412,0.02170,0.00000,0.00000,0.12386,0.00001,0.18070,0.00006,0.02125,0.40957,0.13873
19.45600,13,0.45741,0.00024,0.01416,0.00062,0.00224,0.02002,0.24308,0.00232,0.00032,0.10877,0.01423,0.10243,0.00218,0.02007,0.38515,0.08419,0.00000,0.00000,0.00000,0.00000,0.09929,0.01129,0.00000,0.00000,0.12531,0.00000,0.17811,0.00003,0.01105,0.45528,0.11963
19.47733,13,0.44566,0.00020,0.01030,0.00049,0.00167,0.04582,0.17104,0.00330,0.00048,0.29050,0.01645,0.08411,0.00206,0.02008,0.29398,0.05954,0.00000,0.00000,0.00000,0.00000,0.09635,0.00306,0.00000,0.00000,0.13101,0.00000,0.16685,0.00001,0.00299,0.49806,0.10167
19.49867,8,0.43667,0.00015,0.00726,0.00034,0.00116,0.04028,0.11864,0.00274,0.00035,0.49841,0.01190,0.05874,0.00160,0.01437,0.20295,0.04111,0.00000,0.00000,0.00000,0.00000,0.10195,0.00083,0.00000,0.00000,0.14090,0.00000,0.15546,0.00000,0.00081,0.50471,0.09534
19.52000,8,0.42636,0.00031,0.00629,0.00037,0.00085,0.05867,0.08485,0.00274,0.00026,0.61486,0.00943,0.04101,0.00113,0.01050,0.14004,0.02868,0.00000,0.00000,0.00000,0.00000,0.11034,0.00022,0.00000,0.00000,0.29149,0.00000,0.16366,0.05935,0.06592,0.25999,0.04903
19.54133,8,0.40383,0.00236,0.01030,0.00074,0.00069,0.06166,0.06153,0.00387,0.00026,0.69566,0.00702,0.02905,0.00092,0.00885,0.09665,0.02043,0.00000,0.00000,0.00000,0.00000,0.11055,0.00006,0.00000,0.00000,0.45151,0.00000,0.15292,0.09385,0.10750,0.07035,0.01327
19.56267,8,0.35393,0.01729,0.01429,0.00148,0.00087,0.10450,0.04411,0.01000,0.00049,0.69339,0.00495,0.02051,0.00071,0.00637,0.06673,0.01433,0.00000,0.00000,0.00000,0.00000,0.11337,0.00002,0.00000,0.00000,0.51949,0.00000,0.13603,0.09541,0.11306,0.01904,0.00359
19.58400,8,0.29644,0.02870,0.01319,0.00129,0.00118,0.10804,0.03161,0.00761,0.00072,0.72849,0.00358,0.01443,0.00054,0.00451,0.04610,0.01000,0.00000,0.00000,0.00000,0.00000,0.12118,0.00000,0.00000,0.00000,0.53536,0.00000,0.12775,0.09473,0.11486,0.00515,0.00097
19.60533,8,0.24733,0.04383,0.01150,0.00117,0.00255,0.10255,0.02434,0.00569,0.00113,0.75093,0.00280,0.01066,0.00050,0.00338,0.03196,0.00702,0.00000,0.00000,0.00000,0.00000,0.13257,0.00000,0.00000,0.00000,0.51828,0.00000,0.12913,0.09844,0.11992,0.00139,0.00026
19.62667,8,0.20319,0.06495,0.01265,0.00176,0.00600,0.09557,0.01828,0.00426,0.00198,0.75309,0.00219,0.00845,0.00069,0.00278,0.02221,0.00514,0.00000,0.00000,0.00000,0.00000,0.14513,0.00000,0.00000,0.00000,0.48180,0.00000,0.13755,0.10663,0.12844,0.00038,0.00007
19.64800,8,0.16483,0.09025,0.02015,0.00532,0.01824,0.09342,0.01478,0.00398,0.00413,0.71247,0.00232,0.00812,0.00296,0.00386,0.01577,0.00425,0.00000,0.00000,0.00000,0.00000,0.15616,0.00000,0.00000,0.00000,0.43797,0.00000,0.14935,0.11763,0.13876,0.00010,0.00002
19.66933,8,0.13987,0.12385,0.08678,0.00996,0.02192,0.08139,0.01908,0.00472,0.00978,0.58869,0.00426,0.01300,0.01509,0.00568,0.01177,0.00404,0.00000,0.00000,0.00000,0.00000,0.16291,0.00000,0.00000,0.00000,0.39841,0.00000,0.16062,0.12930,0.14873,0.00003,0.00001
19.69067,8,0.12317,0.24673,0.11423,0.01154,0.01604,0.05986,0.02315,0.00521,0.00821,0.46685,0.00408,0.01089,0.01377,0.00613,0.00934,0.00398,0.00000,0.00000,0.00000,0.00000,0.16353,0.00000,0.00000,0.00000,0.37600,0.00000,0.16626,0.13903,0.15517,0.00001,0.00000
19.71200,0,0.11055,0.41456,0.10043,0.01025,0.01185,0.04331,0.02042,0.00451,0.00641,0.34304,0.00372,0.00908,0.01380,0.00608,0.00799,0.00455,0.00000,0.00000,0.00000,0.00000,0.16155,0.00000,0.00000,0.00000,0.37025,0.00000,0.16498,0.14625,0.15697,0.00000,0.00000
19.73333,0,0.10192,1.00000,0.00000,0.00000,0.00000,0.00000,0.00000,0.00000,0.00000,0.00000,0.00000,0.00000,0.00000,0.00000,0.00000,0.00000,0.00000,0.00000,0.00000,0.00000,0.16026,0.00000,0.00000,0.00000,0.36946,0.00000,0.16346,0.14954,0.15728,0.00000,0.00000
19.75467,0,0.09486,1.00000,0.00000,0.00000,0.00000,0.00000,0.00000,0.00000,0.00000,0.00000,0.00000,0.00000,0.00000,0.00000,0.00000,0.00000,0.00000,0.00000,0.00000,0.00000,0.16026,0.00000,0.00000,0.00000,0.36946,0.00000,0.16346,0.14954,0.15728,0.00000,0.00000
19.77600,0,0.08953,1.00000,0.00000,0.00000,0.00000,0.00000,0.00000,0.00000,0.00000,0.00000,0.00000,0.00000,0.00000,0.00000,0.00000,0.00000,0.00000,0.00000,0.00000,0.00000,0.16026,0.00000,0.00000,0.00000,0.36946,0.00000,0.16346,0.14954,0.15728,0.00000,0.00000
19.79733,0,0.08638,1.00000,0.00000,0.00000,0.00000,0.00000,0.00000,0.00000,0.00000,0.00000,0.00000,0.00000,0.00000,0.00000,0.00000,0.00000,0.00000,0.00000,0.00000,0.00000,0.16026,0.00000,0.00000,0.00000,0.36946,0.00000,0.16346,0.14954,0.15728,0.00000,0.00000
19.81867,0,0.08377,1.00000,0.00000,0.00000,0.00000,0.00000,0.00000,0.00000,0.00000,0.00000,0.00000,0.00000,0.00000,0.00000,0.00000,0.00000,0.00000,0.00000,0.00000,0.00000,0.16026,0.00000,0.00000,0.00000,0.36946,0.00000,0.16346,0.14954,0.15728,0.00000,0.00000
19.84000,0,0.08239,1.00000,0.00000,0.00000,0.00000,0.00000,0.00000,0.00000,0.00000,0.00000,0.00000,0.00000,0.00000,0.00000,0.00000,0.00000,0.00000,0.00000,0.00000,0.00000,0.16026,0.00000,0.00000,0.00000,0.36946,0.00000,0.16346,0.14954,0.15728,0.00000,0.00000
19.86133,0,0.08105,1.00000,0.00000,0.00000,0.00000,0.00000,0.00000,0.00000,0.00000,0.00000,0.00000,0.00000,0.00000,0.00000,0.00000,0.00000,0.15247,0.00000,0.00000,0.00000,0.13583,0.00000,0.00000,0.00000,0.31313,0.00000,0.13854,0.12674,0.13330,0.00000,0.00000
19.88267,0,0.07929,1.00000,0.00000,0.00000,0.00000,0.00000,0.00000,0.00000,0.00000,0.00000,0.00000,0.00000,0.00000,0.00000,0.00000,0.00000,0.51076,0.00000,0.00000,0.00000,0.07841,0.00000,0.00000,0.00000,0.18075,0.00000,0.07997,0.07316,0.07695,0.00000,0.00000
19.90400,0,0.07833,1.00000,0.00000,0.00000,0.00000,0.00000,0.00000,0.00000,0.00000,0.00000,0.00000,0.00000,0.00000,0.00000,0.00000,0.00000,0.81207,0.00000,0.00000,0.00000,0.03012,0.00000,0.00000,0.00000,0.06943,0.00000,0.03072,0.02810,0.02956,0.00000,0.00000
19.92533,0,0.07936,1.00000,0.00000,0.00000,0.00000,0.00000,0.00000,0.00000,0.00000,0.00000,0.00000,0.00000,0.00000,0.00000,0.00000,0.00000,0.94847,0.00000,0.00000,0.00000,0.00826,0.00000,0.00000,0.00000,0.01904,0.00000,0.00842,0.00771,0.00811,0.00000,0.00000
19.94667,0,0.07822,1.00000,0.00000,0.00000,0.00000,0.00000,0.00000,0.00000,0.00000,0.00000,0.00000,0.00000,0.00000,0.00000,0.00000,0.00000,0.98605,0.00000,0.00000,0.00000,0.00223,0.00000,0.00000,0.00000,0.00515,0.00000,0.00228,0.00209,0.00219,0.00000,0.00000
19.96800,0,0.07709,1.00000,0.00000,0.00000,0.00000,0.00000,0.00000,0.00000,0.00000,0.00000,0.00000,0.00000,0.00000,0.00000,0.00000,0.00000,0.99623,0.00000,0.00000,0.00000,0.00060,0.00000,0.00000,0.00000,0.00139,0.00000,0.00062,0.00056,0.00059,0.00000,0.00000
19.98933,0,0.07683,1.00000,0.00000,0.00000,0.00000,0.00000,0.00000,0.00000,0.00000,0.00000,0.00000,0.00000,0.00000,0.00000,0.00000,0.00000,0.99804,0.00000,0.00000,0.00000,0.00031,0.00000,0.00000,0.00000,0.00073,0.00000,0.00032,0.00029,0.00031,0.00000,0.00000
20.01067,0,0.07125,1.00000,0.00000,0.00000,0.00000,0.00000,0.00000,0.00000,0.00000,0.00000,0.00000,0.00000,0.00000,0.00000,0.00000,0.00000,0.99947,0.00000,0.00000,0.00000,0.00009,0.00000,0.00000,0.00000,0.00020,0.00000,0.00009,0.00008,0.00008,0.00000,0.00000
20.03200,0,0.06468,0.42110,0.16207,0.02463,0.13834,0.01068,0.04545,0.01461,0.02357,0.01239,0.00603,0.00752,0.06044,0.02057,0.00140,0.05120,0.99986,0.00000,0.00000,0.00000,0.00002,0.00000,0.00000,0.00000,0.00005,0.00000,0.00002,0.00002,0.00002,0.00000,0.00000
20.05333,0,0.05956,0.30633,0.25717,0.03393,0.15486,0.01180,0.03863,0.01779,0.02626,0.01299,0.00554,0.00815,0.06014,0.01736,0.00114,0.04791,0.99996,0.00000,0.00000,0.00000,0.00001,0.00000,0.00000,0.00000,0.00001,0.00000,0.00001,0.00001,0.00001,0.00000,0.00000
20.07467,1,0.05654,0.23425,0.33708,0.03768,0.14521,0.02133,0.03194,0.01851,0.02956,0.01492,0.00678,0.00842,0.05185,0.01738,0.00146,0.04363,0.99999,0.00000,0.00000,0.00000,0.00000,0.00000,0.00000,0.00000,0.00000,0.00000,0.00000,0.00000,0.00000,0.00000,0.00000
20.09600,1,0.05463,0.21091,0.37174,0.03638,0.13210,0.02963,0.02848,0.01829,0.02793,0.01537,0.00791,0.00947,0.04821,0.02077,0.00226,0.04056,0.52020,0.22291,0.00000,0.00000,0.06334,0.00000,0.00000,0.00000,0.06247,0.00000,0.07337,0.00000,0.05771,0.00000,0.00000
20.11733,1,0.05245,0.25273,0.33663,0.03650,0.11974,0.03256,0.02599,0.01526,0.02480,0.01665,0.00862,0.01066,0.04951,0.02561,0.00373,0.04101,0.14079,0.45641,0.00000,0.00000,0.09377,0.00000,0.00000,0.00000,0.09500,0.00000,0.11796,0.00000,0.09607,0.00000,0.00000
20.13867,1,0.05000,0.28444,0.30137,0.03803,0.10966,0.03132,0.02886,0.01407,0.02509,0.01821,0.00910,0.01283,0.04742,0.02726,0.00619,0.04616,0.03810,0.55442,0.00000,0.00000,0.08674,0.00000,0.00000,0.00000,0.09111,0.00000,0.12462,0.00000,0.10502,0.00000,0.00000
20.16000,0,0.04647,0.35092,0.23592,0.03451,0.10517,0.02830,0.03498,0.01357,0.02400,0.01900,0.00804,0.01295,0.05035,0.03134,0.00651,0.04446,0.01031,0.58463,0.00000,0.00000,0.07758,0.00000,0.00000,0.00000,0.08459,0.00000,0.13048,0.00000,0.11241,0.00000,0.00000
20.18133,0,0.04561,0.45406,0.17493,0.02788,0.08967,0.02327,0.03410,0.01311,0.02239,0.01683,0.00667,0.01182,0.05005,0.02977,0.00608,0.03937,0.00536,0.58328,0.00000,0.00000,0.07503,0.00000,0.00000,0.00000,0.08307,0.00000,0.13570,0.00000,0.11755,0.00000,0.00000
20.20267,0,0.04404,1.00000,0.00000,0.00000,0.00000,0.00000,0.00000,0.00000,0.00000,0.00000,0.00000,0.00000,0.00000,0.00000,0.00000,0.00000,0.00536,0.58328,0.00000,0.00000,0.07503,0.00000,0.00000,0.00000,0.08307,0.00000,0.13570,0.00000,0.11755,0.00000,0.00000
20.22400,0,0.04606,1.00000,0.00000,0.00000,0.00000,0.00000,0.00000,0.00000,0.00000,0.00000,0.00000,0.00000,0.00000,0.00000,0.00000,0.00000,0.00536,0.58328,0.00000,0.00000,0.07503,0.00000,0.00000,0.00000,0.08307,0.00000,0.13570,0.00000,0.11755,0.00000,0.00000
20.24533,0,0.07514,1.00000,0.00000,0.00000,0.00000,0.00000,0.00000,0.00000,0.00000,0.00000,0.00000,0.00000,0.00000,0.00000,0.00000,0.00000,0.00536,0.58328,0.00000,0.00000,0.07503,0.00000,0.00000,0.00000,0.08307,0.00000,0.13570,0.00000,0.11755,0.00000,0.00000
20.26667,0,0.13763,0.48881,0.06458,0.01534,0.12731,0.03685,0.03322,0.00971,0.01844,0.01339,0.00291,0.01438,0.05989,0.09174,0.00356,0.01988,0.06351,0.54919,0.00000,0.00000,0.07064,0.00000,0.00000,0.00000,0.07821,0.00000,0.12777,0.00000,0.11068,0.00000,0.00000
20.28800,0,0.12726,1.00000,0.00000,0.00000,0.00000,0.00000,0.00000,0.00000,0.00000,0.00000,0.00000,0.00000,0.00000,0.00000,0.00000,0.00000,0.37563,0.36615,0.00000,0.00000,0.04710,0.00000,0.00000,0.00000,0.05215,0.00000,0.08519,0.00000,0.07379,0.00000,0.00000
20.30933,0,0.11312,1.00000,0.00000,0.00000,0.00000,0.00000,0.00000,0.00000,0.00000,0.00000,0.00000,0.00000,0.00000,0.00000,0.00000,0.00000,0.72043,0.16395,0.00000,0.00000,0.02109,0.00000,0.00000,0.00000,0.02335,0.00000,0.03814,0.00000,0.03304,0.00000,0.00000
20.33067,0,0.10295,1.00000,0.00000,0.00000,0.00000,0.00000,0.00000,0.00000,0.00000,0.00000,0.00000,0.00000,0.00000,0.00000,0.00000,0.00000,0.91686,0.04875,0.00000,0.00000,0.00627,0.00000,0.00000,0.00000,0.00694,0.00000,0.01134,0.00000,0.00983,0.00000,0.00000
20.35200,0,0.09526,1.00000,0.00000,0.00000,0.00000,0.00000,0.00000,0.00000,0.00000,0.00000,0.00000,0.00000,0.00000,0.00000,0.00000,0.00000,0.97750,0.01319,0.00000,0.00000,0.00170,0.00000,0.00000,0.00000,0.00188,0.00000,0.00307,0.00000,0.00266,0.00000,0.00000
20.37333,0,0.08565,1.00000,0.00000,0.00000,0.00000,0.00000,0.00000,0.00000,0.00000,0.00000,0.00000,0.00000,0.00000,0.00000,0.00000,0.00000,0.99391,0.00357,0.00000,0.00000,0.00046,0.00000,0.00000,0.00000,0.00051,0.00000,0.00083,0.00000,0.00072,0.00000,0.00000
20.39467,0,0.07722,1.00000,0.00000,0.00000,0.00000,0.00000,0.00000,0.00000,0.00000,0.00000,0.00000,0.00000,0.00000,0.00000,0.00000,0.00000,0.99835,0.00097,0.00000,0.00000,0.00012,0.00000,0.00000,0.00000,0.00014,0.00000,0.00022,0.00000,0.00019,0.00000,0.00000
20.41600,0,0.07006,1.00000,0.00000,0.00000,0.00000,0.00000,0.00000,0.00000,0.00000,0.00000,0.00000,0.00000,0.00000,0.00000,0.00000,0.00000,0.99955,0.00026,0.00000,0.00000,0.00003,0.00000,0.00000,0.00000,0.00004,0.00000,0.00006,0.00000,0.00005,0.00000,0.00000
20.43733,0,0.06773,1.00000,0.00000,0.00000,0.00000,0.00000,0.00000,0.00000,0.00000,0.00000,0.00000,0.00000,0.00000,0.00000,0.00000,0.00000,0.99988,0.00007,0.00000,0.00000,0.00001,0.00000,0.00000,0.00000,0.00001,0.00000,0.00002,0.00000,0.00001,0.00000,0.00000
20.45867,0,0.06724,1.00000,0.00000,0.00000,0.00000,0.00000,0.00000,0.00000,0.00000,0.00000,0.00000,0.00000,0.00000,0.00000,0.00000,0.00000,0.99997,0.00002,0.00000,0.00000,0.00000,0.00000,0.00000,0.00000,0.00000,0.00000,0.00000,0.00000,0.00000,0.00000,0.00000
20.48000,0,0.06527,1.00000,0.00000,0.00000,0.00000,0.00000,0.00000,0.00000,0.00000,0.00000,0.00000,0.00000,0.00000,0.00000,0.00000,0.00000,0.99999,0.00001,0.00000,0.00000,0.00000,0.00000,0.00000,0.00000,0.00000,0.00000,0.00000,0.00000,0.00000,0.00000,0.00000
20.50133,0,0.06409,1.00000,0.00000,0.00000,0.00000,0.00000,0.00000,0.00000,0.00000,0.00000,0.00000,0.00000,0.00000,0.00000,0.00000,0.00000,1.00000,0.00000,0.00000,0.00000,0.00000,0.00000,0.00000,0.00000,0.00000,0.00000,0.00000,0.00000,0.00000,0.00000,0.00000
20.52267,0,0.06317,1.00000,0.00000,0.00000,0.00000,0.00000,0.00000,0.00000,0.00000,0.00000,0.00000,0.00000,0.00000,0.00000,0.00000,0.00000,1.00000,0.00000,0.00000,0.00000,0.00000,0.00000,0.00000,0.00000,0.00000,0.00000,0.00000,0.00000,0.00000,0.00000,0.00000
20.54400,0,0.06225,1.00000,0.00000,0.00000,0.00000,0.00000,0.00000,0.00000,0.00000,0.00000,0.00000,0.00000,0.00000,0.00000,0.00000,0.00000,1.00000,0.00000,0.00000,0.00000,0.00000,0.00000,0.00000,0.00000,0.00000,0.00000,0.00000,0.00000,0.00000,0.00000,0.00000
20.56533,0,0.05722,1.00000,0.00000,0.00000,0.00000,0.00000,0.00000,0.00000,0.00000,0.00000,0.00000,0.00000,0.00000,0.00000,0.00000,0.00000,1.00000,0.00000,0.00000,0.00000,0.00000,0.00000,0.00000,0.00000,0.00000,0.00000,0.00000,0.00000,0.00000,0.00000,0.00000
20.58667,0,0.04996,1.00000,0.00000,0.00000,0.00000,0.00000,0.00000,0.00000,0.00000,0.00000,0.00000,0.00000,0.00000,0.00000,0.00000,0.00000,1.00000,0.00000,0.00000,0.00000,0.00000,0.00000,0.00000,0.00000,0.00000,0.00000,0.00000,0.00000,0.00000,0.00000,0.00000
20.60800,0,0.03942,0.40554,0.00880,0.00373,0.02001,0.00632,0.12063,0.01540,0.00653,0.00496,0.00121,0.00250,0.24955,0.14614,0.00055,0.00815,1.00000,0.00000,0.00000,0.00000,0.00000,0.00000,0.00000,0.00000,0.00000,0.00000,0.00000,0.00000,0.00000,0.00000,0.00000
20.62933,0,0.03311,0.28568,0.02382,0.01027,0.03824,0.00680,0.14244,0.02605,0.01071,0.00585,0.00242,0.00243,0.27828,0.15170,0.00041,0.01489,1.00000,0.00000,0.00000,0.00000,0.00000,0.00000,0.00000,0.00000,0.00000,0.00000,0.00000,0.00000,0.00000,0.00000,0.00000
20.65067,11,0.11532,0.19865,0.01989,0.00819,0.03307,0.00629,0.12903,0.02275,0.00925,0.00679,0.00236,0.00217,0.35605,0.19263,0.00030,0.01257,1.00000,0.00000,0.00000,0.00000,0.00000,0.00000,0.00000,0.00000,0.00000,0.00000,0.00000,0.00000,0.00000,0.00000,0.00000
20.67200,12,0.22952,0.13708,0.01384,0.00568,0.02638,0.00443,0.09568,0.01578,0.00642,0.00636,0.00164,0.00164,0.24659,0.42946,0.00021,0.00882,0.52020,0.00000,0.00000,0.00000,0.06110,0.00000,0.00000,0.00000,0.05789,0.00000,0.07227,0.21293,0.07560,0.00000,0.00000
20.69333,12,0.36250,0.09459,0.00963,0.00397,0.02360,0.00341,0.07120,0.01092,0.00447,0.00529,0.00116,0.00176,0.17592,0.58747,0.00014,0.00648,0.14077,0.00000,0.00000,0.00000,0.12020,0.00000,0.00000,0.00000,0.11190,0.00000,0.11670,0.23247,0.27795,0.00000,0.00000
20.71467,12,0.48985,0.06529,0.00683,0.00280,0.01636,0.00642,0.08730,0.00760,0.00313,0.01269,0.00087,0.00167,0.19364,0.58758,0.00011,0.00770,0.03809,0.00000,0.00000,0.00000,0.12645,0.00000,0.00000,0.00000,0.11955,0.00000,0.10856,0.14895,0.45840,0.00000,0.00000
20.73600,12,0.51663,0.04507,0.00476,0.00196,0.01149,0.00566,0.12731,0.00535,0.00226,0.01042,0.00063,0.00134,0.14625,0.63131,0.00008,0.00611,0.01031,0.00000,0.00000,0.00000,0.11593,0.00000,0.00000,0.00000,0.11707,0.00000,0.09464,0.12718,0.53487,0.00000,0.00000
20.75733,12,0.51067,0.03112,0.00333,0.00147,0.00806,0.00416,0.16328,0.00399,0.00159,0.00756,0.00045,0.00103,0.11134,0.65799,0.00006,0.00457,0.00279,0.00000,0.00000,0.00000,0.10940,0.00000,0.00000,0.00000,0.11814,0.00000,0.08771,0.12294,0.55903,0.00000,0.00000
20.77867,12,0.49822,0.02196,0.00234,0.00435,0.00668,0.00384,0.16312,0.00417,0.00158,0.00599,0.00042,0.00088,0.09841,0.68145,0.00007,0.00474,0.00075,0.00000,0.00000,0.00000,0.11003,0.00000,0.00000,0.00000,0.12425,0.00000,0.08894,0.12391,0.55212,0.00000,0.00000
20.80000,12,0.47116,0.01848,0.00164,0.01094,0.00797,0.00395,0.33416,0.01012,0.00410,0.00440,0.00034,0.00101,0.08502,0.51188,0.00007,0.00591,0.00039,0.00000,0.00000,0.00000,0.11259,0.00000,0.00000,0.00000,0.12868,0.00000,0.09205,0.12509,0.54119,0.00000,0.00000
20.82133,5,0.43806,0.01590,0.00137,0.02550,0.00736,0.00711,0.47601,0.02270,0.00369,0.00322,0.00025,0.00074,0.05941,0.37178,0.00012,0.00484,0.00011,0.00000,0.00000,0.00000,0.12051,0.00000,0.00000,0.00000,0.13869,0.00000,0.10157,0.12782,0.51130,0.00000,0.00000
20.84267,5,0.41531,0.01376,0.00615,0.10629,0.00968,0.02724,0.40582,0.08053,0.00297,0.00294,0.00028,0.00057,0.04118,0.29871,0.00013,0.00375,0.00003,0.00000,0.00000,0.00000,0.13089,0.22295,0.00000,0.00000,0.12824,0.00000,0.11933,0.06719,0.33137,0.00000,0.00000
20.86400,5,0.39103,0.01370,0.02041,0.11514,0.00945,0.11149,0.32303,0.15040,0.00245,0.00625,0.00039,0.00056,0.02887,0.21373,0.00020,0.00395,0.00001,0.00000,0.00000,0.00000,0.12237,0.45406,0.00000,0.00000,0.10191,0.00000,0.12065,0.01818,0.18282,0.00000,0.00000
20.88533,5,0.36631,0.01750,0.03105,0.11861,0.03087,0.19691,0.27219,0.13810,0.00916,0.00606,0.00067,0.00064,0.02037,0.15384,0.00035,0.00369,0.00000,0.00000,0.00000,0.00000,0.11152,0.54902,0.00000,0.00000,0.08625,0.00000,0.11877,0.00492,0.12951,0.00000,0.00000
20.90667,4,0.34178,0.03389,0.03796,0.10341,0.03843,0.23686,0.22755,0.11468,0.05270,0.00610,0.00076,0.00101,0.01428,0.12877,0.00041,0.00319,0.00000,0.00000,0.00000,0.00000,0.10669,0.57678,0.00000,0.00000,0.08134,0.00000,0.12262,0.00133,0.11124,0.00000,0.00000
20.92800,4,0.30928,0.07052,0.04754,0.08126,0.04057,0.23231,0.19441,0.08640,0.10563,0.00567,0.00106,0.00132,0.01019,0.11873,0.00054,0.00387,0.00000,0.00000,0.00000,0.00000,0.27059,0.35689,0.00000,0.00000,0.11410,0.00000,0.14028,0.00036,0.11778,0.00000,0.00000
20.94933,4,0.26835,0.12245,0.04425,0.06291,0.03638,0.18768,0.18565,0.06435,0.10298,0.01112,0.00101,0.00156,0.00762,0.16732,0.00053,0.00417,0.00000,0.00000,0.00000,0.00000,0.42854,0.18567,0.00000,0.00000,0.11955,0.00000,0.14199,0.00010,0.12416,0.00000,0.00000
20.97067,12,0.23482,0.12584,0.04343,0.05003,0.03820,0.15836,0.18037,0.05030,0.13780,0.01430,0.00108,0.00189,0.00605,0.18728,0.00051,0.00456,0.00000,0.00000,0.00000,0.00000,0.48348,0.14153,0.00000,0.00000,0.10640,0.00000,0.13874,0.00003,0.12982,0.00000,0.00000
20.99200,7,0.22359,0.10049,0.03142,0.06313,0.09733,0.13049,0.13462,0.04076,0.24670,0.01071,0.00097,0.00277,0.00469,0.13193,0.00039,0.00360,0.00000,0.00000,0.00000,0.00000,0.32931,0.07023,0.00000,0.00000,0.11754,0.00000,0.13431,0.05669,0.29191,0.00000,0.00000
21.01333,7,0.21511,0.07697,0.02304,0.11429,0.16052,0.11152,0.10412,0.02974,0.26746,0.00763,0.00109,0.00378,0.00427,0.09211,0.00042,0.00306,0.00000,0.00000,0.00000,0.00000,0.17623,0.01900,0.00000,0.22761,0.12223,0.00000,0.13261,0.04476,0.27756,0.00000,0.00000
21.03467,7,0.20943,0.06005,0.01647,0.08073,0.11188,0.08323,0.07231,0.02086,0.47656,0.00534,0.00079,0.00274,0.00300,0.06361,0.00029,0.00214,0.00000,0.00000,0.00000,0.00000,0.12378,0.00514,0.00000,0.47292,0.09930,0.00000,0.12102,0.01211,0.16573,0.00000,0.00000
21.05600,7,0.20747,0.04543,0.01138,0.05631,0.07753,0.06001,0.04996,0.01446,0.63106,0.00371,0.00055,0.00193,0.00208,0.04391,0.00020,0.00148,0.00000,0.00000,0.00000,0.00000,0.11390,0.00267,0.00000,0.53816,0.08656,0.00000,0.11306,0.00630,0.13935,0.00000,0.00000
21.07733,7,0.21064,0.03651,0.00786,0.03930,0.05415,0.04312,0.03455,0.01001,0.73722,0.00258,0.00039,0.00137,0.00147,0.03031,0.00014,0.00102,0.00000,0.00000,0.00000,0.00000,0.10826,0.00072,0.00000,0.60524,0.06752,0.00000,0.10276,0.00170,0.11380,0.00000,0.00000
21.09867,7,0.22161,0.02924,0.00543,0.02778,0.03806,0.03131,0.02423,0.00701,0.81080,0.00179,0.00027,0.00102,0.00120,0.02103,0.00010,0.00072,0.00000,0.00000,0.00000,0.00000,0.11214,0.00020,0.00000,0.61762,0.05904,0.00000,0.10188,0.00046,0.10865,0.00000,0.00000
21.12000,7,0.24067,0.02132,0.00377,0.01969,0.02715,0.02310,0.01772,0.00501,0.86178,0.00125,0.00023,0.00106,0.00132,0.01599,0.00009,0.00053,0.00000,0.00000,0.00000,0.00000,0.12019,0.00005,0.00000,0.59661,0.05975,0.00000,0.10846,0.00012,0.11481,0.00000,0.00000
21.14133,7,0.51214,0.01472,0.00260,0.01361,0.01882,0.01596,0.01223,0.00348,0.66560,0.00086,0.02846,0.03746,0.13798,0.03111,0.01673,0.00038,0.00000,0.00000,0.00000,0.00000,0.12922,0.00001,0.00000,0.55803,0.06683,0.00000,0.11892,0.00003,0.12695,0.00000,0.00000
21.16267,7,0.69456,0.01016,0.00180,0.00939,0.01299,0.01103,0.00845,0.00241,0.46232,0.00060,0.02763,0.17939,0.22892,0.02242,0.02222,0.00027,0.00000,0.00000,0.00000,0.00000,0.13663,0.00000,0.00000,0.51626,0.07710,0.00000,0.12925,0.00001,0.14075,0.00000,0.00000
21.18400,7,0.75876,0.00701,0.00127,0.00650,0.00897,0.00814,0.00585,0.00168,0.31927,0.00043,0.04402,0.26096,0.29795,0.01614,0.02162,0.00019,0.00000,0.00000,0.00000,0.00000,0.13999,0.00000,0.00000,0.48525,0.08728,0.00000,0.13532,0.00000,0.15216,0.00000,0.00000
21.20533,10,0.74723,0.00484,0.00088,0.00450,0.00619,0.00647,0.00406,0.00119,0.22034,0.00051,0.03608,0.42228,0.26580,0.01159,0.01513,0.00014,0.00000,0.00000,0.00000,0.00000,0.13975,0.00000,0.00000,0.47313,0.09577,0.00000,0.13441,0.00000,0.15694,0.00000,0.00000
21.22667,10,0.72107,0.00334,0.00070,0.00403,0.00433,0.03622,0.00364,0.00719,0.15236,0.00655,0.02524,0.52862,0.20798,0.00869,0.01097,0.00013,0.00000,0.00000,0.00000,0.00000,0.13938,0.00000,0.00000,0.24463,0.11901,0.00000,0.28855,0.06156,0.08222,0.06465,0.00000
21.24800,10,0.63377,0.00231,0.00060,0.00325,0.00303,0.07395,0.00303,0.00825,0.10542,0.00499,0.01754,0.60756,0.15579,0.00648,0.00762,0.00017,0.00000,0.00000,0.00000,0.00000,0.12739,0.00000,0.00000,0.06620,0.13416,0.00000,0.43263,0.10275,0.02225,0.11462,0.00000
21.26933,10,0.54420,0.00160,0.00042,0.00227,0.00210,0.05742,0.00230,0.00918,0.07274,0.00345,0.01212,0.71882,0.10773,0.00448,0.00526,0.00012,0.00000,0.00000,0.00000,0.00000,0.12018,0.00000,0.00000,0.01791,0.14191,0.00000,0.47918,0.10821,0.00602,0.12659,0.00000
21.29067,10,0.47358,0.00110,0.00029,0.00157,0.00145,0.04409,0.00167,0.28858,0.05021,0.00238,0.00836,0.51914,0.07434,0.00309,0.00364,0.00008,0.00000,0.00000,0.00000,0.00000,0.12373,0.00000,0.00000,0.00485,0.15041,0.00000,0.48383,0.10718,0.00163,0.12837,0.00000
21.31200,6,0.42228,0.00076,0.00021,0.00138,0.00101,0.03507,0.00130,0.50381,0.03473,0.00164,0.00582,0.35822,0.05130,0.00217,0.00251,0.00006,0.00000,0.00000,0.00000,0.00000,0.13675,0.00000,0.00000,0.00131,0.16022,0.00000,0.46661,0.10693,0.00044,0.12775,0.00000
21.33333,6,0.38696,0.00053,0.00016,0.00100,0.00071,0.02570,0.00097,0.65583,0.02402,0.00114,0.00408,0.24717,0.03539,0.00152,0.00173,0.00005,0.00000,0.00000,0.00000,0.00000,0.14580,0.00000,0.00000,0.00068,0.16517,0.00000,0.45318,0.10757,0.00023,0.12737,0.00000
21.35467,6,0.34637,0.00044,0.00040,0.00517,0.00060,0.03860,0.00115,0.65665,0.01667,0.00117,0.06863,0.17122,0.02443,0.00117,0.00136,0.01237,0.00000,0.00000,0.00000,0.00000,0.16101,0.00000,0.34667,0.08441,0.04469,0.00000,0.19711,0.02911,0.10253,0.03446,0.00000
21.37600,6,0.30272,0.00038,0.00057,0.03008,0.00052,0.04013,0.00130,0.50643,0.01161,0.00119,0.24618,0.11947,0.01686,0.00092,0.00110,0.02323,0.00000,0.00000,0.00000,0.00000,0.14641,0.00000,0.47070,0.09838,0.01209,0.00000,0.13468,0.00788,0.12054,0.00933,0.00000
21.39733,9,0.38938,0.00027,0.00126,0.02198,0.00039,0.02952,0.00162,0.35301,0.00801,0.00131,0.44329,0.09044,0.01168,0.00118,0.00089,0.03516,0.00000,0.00000,0.00000,0.00000,0.12842,0.00000,0.52001,0.09586,0.00327,0.00000,0.12724,0.00213,0.12053,0.00252,0.00000
21.41867,9,0.50744,0.00018,0.00089,0.01521,0.00027,0.02037,0.00130,0.24361,0.00553,0.00094,0.59293,0.06473,0.00849,0.01559,0.00067,0.02930,0.00000,0.00000,0.00000,0.00000,0.13486,0.00000,0.27658,0.04860,0.06051,0.21085,0.14835,0.00058,0.11899,0.00068,0.00000
21.44000,9,0.55285,0.00013,0.00065,0.01050,0.00019,0.01406,0.00093,0.16809,0.00382,0.00085,0.57018,0.05638,0.00868,0.14164,0.00053,0.02337,0.00000,0.00000,0.00000,0.00000,0.14888,0.00000,0.07484,0.01315,0.10178,0.38903,0.15188,0.00016,0.12009,0.00018,0.00000
21.46133,12,0.56656,0.00009,0.00049,0.00727,0.00013,0.00971,0.00066,0.11598,0.00263,0.00059,0.39661,0.03918,0.01014,0.39974,0.00037,0.01641,0.00000,0.00000,0.00000,0.00000,0.15664,0.00000,0.02025,0.00356,0.10914,0.44338,0.14366,0.00004,0.12328,0.00005,0.00000
21.48267,12,0.56092,0.00006,0.00039,0.00504,0.00009,0.00672,0.00049,0.08003,0.00182,0.00053,0.27403,0.02718,0.00945,0.58232,0.00026,0.01159,0.00000,0.00000,0.00000,0.00000,0.15681,0.00000,0.00548,0.00096,0.12221,0.23579,0.13461,0.05670,0.28744,0.00001,0.00000
21.50400,12,0.54979,0.00004,0.00035,0.00349,0.00007,0.00474,0.00047,0.05523,0.00126,0.00199,0.18929,0.01904,0.00880,0.70674,0.00020,0.00828,0.00000,0.00000,0.00000,0.00000,0.13635,0.00000,0.00148,0.00026,0.12234,0.06381,0.11340,0.10139,0.46097,0.00000,0.00000
21.52533,12,0.54148,0.00004,0.00031,0.00241,0.00007,0.00346,0.00088,0.03812,0.00087,0.00313,0.13076,0.01412,0.00829,0.79145,0.00019,0.00589,0.00000,0.00000,0.00000,0.00000,0.11861,0.00000,0.00040,0.00007,0.11782,0.01727,0.09595,0.11431,0.53557,0.00000,0.00000
21.54667,12,0.52153,0.00008,0.00110,0.00182,0.00010,0.00893,0.00219,0.02639,0.00075,0.02478,0.09070,0.01553,0.01869,0.80318,0.00024,0.00550,0.00000,0.00000,0.00000,0.00000,0.11013,0.00000,0.00011,0.00002,0.11834,0.00467,0.08806,0.11945,0.55922,0.00000,0.00000
21.56800,12,0.47728,0.00012,0.00099,0.00579,0.00105,0.23403,0.01032,0.04091,0.00200,0.02097,0.06373,0.01209,0.01397,0.58915,0.00018,0.00471,0.00000,0.00000,0.00000,0.00000,0.11022,0.00000,0.00003,0.00001,0.12430,0.00126,0.08904,0.12297,0.55217,0.00000,0.00000
21.58933,4,0.46423,0.00009,0.00069,0.00403,0.00076,0.44923,0.02619,0.02977,0.00140,0.01485,0.04402,0.00850,0.00966,0.40742,0.00013,0.00327,0.00000,0.00000,0.00000,0.00000,0.11269,0.00000,0.00002,0.00000,0.12871,0.00066,0.09210,0.12460,0.54122,0.00000,0.00000
21.61067,4,0.50043,0.00006,0.00049,0.00279,0.00055,0.45748,0.02834,0.02069,0.00098,0.01029,0.03099,0.07937,0.00798,0.35659,0.00009,0.00330,0.00000,0.00000,0.00000,0.00000,0.12054,0.00000,0.00000,0.00000,0.13870,0.00018,0.10158,0.12769,0.51130,0.00000,0.00000
21.63200,12,0.52868,0.00005,0.00035,0.00193,0.00038,0.31996,0.02451,0.01429,0.00068,0.00724,0.02310,0.25595,0.01170,0.33665,0.00007,0.00314,0.00000,0.00000,0.00000,0.00000,0.37261,0.08844,0.00000,0.00000,0.13736,0.00005,0.13632,0.03455,0.23067,0.00000,0.00000
21.65333,10,0.52189,0.00004,0.00026,0.00134,0.00027,0.22204,0.01722,0.00987,0.00047,0.00745,0.01663,0.38648,0.02443,0.31055,0.00007,0.00290,0.00000,0.00000,0.00000,0.00000,0.29753,0.05451,0.00000,0.00000,0.13150,0.00001,0.13413,0.06604,0.31628,0.00000,0.00000
21.67467,10,0.47603,0.00006,0.00020,0.01583,0.00034,0.27908,0.01749,0.03649,0.00157,0.01003,0.01343,0.35303,0.01733,0.25256,0.00005,0.00251,0.00000,0.00000,0.00000,0.00000,0.18167,0.01475,0.00000,0.00000,0.13427,0.00000,0.28411,0.10885,0.21170,0.06465,0.00000
21.69600,4,0.41595,0.00013,0.00016,0.04259,0.00027,0.41368,0.01624,0.07425,0.00236,0.00761,0.00930,0.24487,0.01197,0.17480,0.00004,0.00174,0.00000,0.00000,0.00000,0.00000,0.13884,0.00399,0.00000,0.00000,0.13828,0.00000,0.43143,0.11555,0.05730,0.11462,0.00000
21.71733,2,0.35601,0.00067,0.00012,0.33277,0.00026,0.28961,0.01142,0.05242,0.00174,0.00526,0.00642,0.16915,0.00827,0.12064,0.00003,0.00121,0.00000,0.00000,0.00000,0.00000,0.28187,0.05906,0.00000,0.00000,0.14428,0.00000,0.31495,0.05926,0.07668,0.06390,0.00000
21.73867,2,0.31082,0.00080,0.00009,0.53656,0.00026,0.20112,0.00805,0.03706,0.00137,0.00366,0.00444,0.11672,0.00571,0.08330,0.00002,0.00084,0.00000,0.00000,0.22469,0.00000,0.25968,0.04630,0.00000,0.00000,0.07168,0.05234,0.19596,0.01604,0.11602,0.01729,0.00000
21.76000,2,0.29646,0.00210,0.00014,0.65648,0.00068,0.14211,0.00754,0.02561,0.00110,0.00261,0.01459,0.08077,0.00397,0.05761,0.00036,0.00433,0.00000,0.00000,0.43018,0.00000,0.15388,0.01253,0.00000,0.00000,0.01940,0.09541,0.15288,0.00434,0.12670,0.00468,0.00000
21.78133,2,0.40626,0.00145,0.00010,0.46673,0.00047,0.09806,0.00535,0.01767,0.00076,0.00181,0.30536,0.05608,0.00277,0.03980,0.00048,0.00310,0.00000,0.00000,0.50222,0.00000,0.11306,0.00339,0.00000,0.00000,0.00525,0.11028,0.13205,0.00117,0.13131,0.00127,0.00000
21.80267,9,0.45788,0.00100,0.00014,0.32751,0.00033,0.06766,0.00417,0.01219,0.00052,0.00131,0.47074,0.07817,0.00526,0.02798,0.00066,0.00234,0.00000,0.00000,0.52242,0.00000,0.09530,0.00092,0.00000,0.00000,0.00142,0.11852,0.12327,0.00032,0.13748,0.00034,0.00000
21.82400,9,0.47650,0.00070,0.00188,0.22640,0.00028,0.04674,0.00464,0.00842,0.00037,0.00802,0.35042,0.14132,0.17830,0.03027,0.00056,0.00168,0.00000,0.00000,0.27156,0.00000,0.11941,0.00025,0.00000,0.00000,0.06002,0.27438,0.14388,0.00009,0.13031,0.00009,0.00000
21.84533,9,0.46292,0.00049,0.03768,0.15636,0.00042,0.03234,0.03263,0.00597,0.00046,0.22530,0.24193,0.11124,0.13165,0.02183,0.00039,0.00130,0.00000,0.00000,0.07349,0.00000,0.14470,0.00007,0.00000,0.00000,0.10165,0.40622,0.15067,0.00002,0.12315,0.00003,0.00000
21.86667,5,0.42520,0.00037,0.03130,0.10934,0.00051,0.02789,0.27572,0.00434,0.00070,0.19643,0.16696,0.07761,0.09249,0.01516,0.00028,0.00090,0.00000,0.00000,0.03823,0.00000,0.15089,0.00003,0.00000,0.00000,0.10714,0.43310,0.14750,0.00001,0.12308,0.00001,0.00000
21.88800,5,0.37291,0.00038,0.02238,0.08198,0.00172,0.06036,0.42014,0.00367,0.00208,0.16304,0.11521,0.05371,0.06394,0.01054,0.00020,0.00062,0.00000,0.00000,0.01034,0.00000,0.15938,0.00001,0.00000,0.00000,0.10961,0.45568,0.13918,0.00000,0.12580,0.00000,0.00000
21.90933,5,0.32817,0.00067,0.01579,0.07326,0.00922,0.05626,0.55840,0.00318,0.00182,0.11274,0.07953,0.03709,0.04417,0.00731,0.00014,0.00044,0.00000,0.00000,0.00280,0.00000,0.13740,0.36341,0.00000,0.00000,0.10475,0.12331,0.13035,0.00000,0.13797,0.00000,0.00000
21.93067,5,0.31719,0.00077,0.01092,0.05081,0.00726,0.04549,0.67826,0.00605,0.00139,0.07797,0.05490,0.02740,0.03057,0.00745,0.00011,0.00067,0.00000,0.00000,0.00076,0.00000,0.11892,0.51262,0.00000,0.00000,0.09017,0.03337,0.12154,0.00000,0.12262,0.00000,0.00000
21.95200,5,0.39598,0.00057,0.00753,0.03506,0.00507,0.03148,0.51113,0.00423,0.00097,0.05500,0.03793,0.19327,0.03547,0.08068,0.00008,0.00151,0.00000,0.00000,0.00021,0.00000,0.10892,0.56915,0.00000,0.00000,0.08189,0.00903,0.12052,0.00000,0.11029,0.00000,0.00000
21.97333,5,0.40918,0.00042,0.00523,0.02420,0.00351,0.02183,0.35335,0.00294,0.00067,0.04460,0.02632,0.35069,0.03884,0.12336,0.00007,0.00397,0.00000,0.00000,0.00006,0.00000,0.10698,0.57461,0.00000,0.00000,0.08208,0.00244,0.12699,0.00000,0.10683,0.00000,0.00000
21.99467,5,0.39821,0.00030,0.00441,0.02235,0.00275,0.01764,0.32802,0.00227,0.00407,0.22847,0.01831,0.24713,0.02732,0.09369,0.00007,0.00320,0.00000,0.00000,0.00002,0.00000,0.11123,0.54896,0.00000,0.00000,0.08919,0.00066,0.13850,0.00000,0.11144,0.00000,0.00000
22.01600,8,0.35225,0.00030,0.00327,0.02319,0.01666,0.04416,0.26516,0.00233,0.09470,0.27990,0.01266,0.17115,0.01892,0.06528,0.00005,0.00225,0.00000,0.00000,0.00000,0.00000,0.11940,0.50634,0.00000,0.00000,0.10062,0.00018,0.15196,0.00000,0.12150,0.00000,0.00000
22.03733,7,0.30934,0.00035,0.00236,0.01703,0.01456,0.04936,0.18348,0.00279,0.34392,0.19946,0.00874,0.11821,0.01306,0.04509,0.00004,0.00156,0.00000,0.00000,0.00000,0.00000,0.11912,0.25105,0.00000,0.00000,0.27065,0.00005,0.16769,0.05935,0.13208,0.00000,0.00000
22.05867,7,0.27824,0.00035,0.00165,0.01257,0.01119,0.05819,0.13056,0.00233,0.51610,0.13770,0.00606,0.08177,0.00904,0.03129,0.00004,0.00118,0.00000,0.00000,0.00000,0.00000,0.11285,0.06794,0.00000,0.22761,0.25468,0.00001,0.15287,0.04407,0.13999,0.00000,0.00000
22.08000,7,0.33641,0.00078,0.00138,0.00939,0.00872,0.05349,0.10280,0.00183,0.42842,0.09572,0.00666,0.22107,0.01099,0.05359,0.00170,0.00345,0.00000,0.00000,0.00000,0.00000,0.10663,0.01838,0.00000,0.47292,0.13514,0.00000,0.12650,0.01192,0.12851,0.00000,0.00000
22.10133,7,0.38631,0.00060,0.00108,0.00656,0.00639,0.03735,0.07430,0.00129,0.29691,0.06993,0.00638,0.28013,0.05305,0.16120,0.00177,0.00307,0.00000,0.00000,0.00000,0.00000,0.10473,0.00497,0.00000,0.58033,0.08545,0.00000,0.10823,0.00323,0.11306,0.00000,0.00000
22.12267,12,0.40553,0.00044,0.00653,0.00517,0.00444,0.02603,0.05246,0.00091,0.20488,0.16588,0.00486,0.22797,0.06069,0.23458,0.00156,0.00360,0.00000,0.00000,0.00000,0.00000,0.10585,0.00259,0.00000,0.60524,0.07256,0.00000,0.10353,0.00168,0.10856,0.00000,0.00000
22.14400,8,0.41147,0.00032,0.01570,0.00578,0.00356,0.01870,0.05415,0.00069,0.14194,0.39060,0.00343,0.15745,0.04191,0.16203,0.00110,0.00265,0.00000,0.00000,0.00000,0.00000,0.11149,0.00070,0.00000,0.61762,0.06041,0.00000,0.10209,0.00045,0.10723,0.00000,0.00000
22.16533,8,0.40237,0.00041,0.01659,0.01049,0.00831,0.01893,0.05688,0.00123,0.11756,0.51485,0.00255,0.10869,0.02893,0.11191,0.00077,0.00192,0.00000,0.00000,0.00000,0.00000,0.12297,0.00019,0.00000,0.16713,0.26521,0.00000,0.14523,0.08896,0.21032,0.00000,0.00000
22.18667,8,0.39380,0.00146,0.01784,0.03972,0.05282,0.01986,0.12963,0.00198,0.15707,0.38620,0.00491,0.08084,0.02086,0.08107,0.00060,0.00512,0.00000,0.00000,0.00000,0.00000,0.11397,0.00005,0.00000,0.04523,0.44439,0.00000,0.14793,0.10186,0.14657,0.00000,0.00000
22.20800,8,0.39135,0.00211,0.01446,0.03416,0.04288,0.01460,0.16830,0.00153,0.13195,0.28273,0.00498,0.10368,0.03795,0.15445,0.00055,0.00567,0.00000,0.00000,0.00000,0.00000,0.11430,0.00001,0.00000,0.01224,0.51756,0.00000,0.13468,0.09757,0.12363,0.00000,0.00000
22.22933,8,0.41314,0.00174,0.03566,0.02493,0.03043,0.01225,0.11725,0.00112,0.09135,0.43751,0.00389,0.08054,0.03113,0.12222,0.00042,0.00956,0.00000,0.00000,0.00000,0.00000,0.12143,0.00000,0.00000,0.00331,0.53484,0.00000,0.12738,0.09532,0.11772,0.00000,0.00000
22.25067,8,0.42959,0.00130,0.07433,0.01734,0.02178,0.00877,0.08145,0.00079,0.06307,0.55472,0.00280,0.05747,0.02206,0.08690,0.00030,0.00693,0.00000,0.00000,0.00000,0.00000,0.13263,0.00000,0.00000,0.00090,0.51813,0.00000,0.12904,0.09860,0.12070,0.00000,0.00000
22.27200,8,0.42133,0.00100,0.09941,0.01236,0.02250,0.00646,0.05757,0.00055,0.04353,0.63197,0.00256,0.04025,0.01526,0.06015,0.00021,0.00621,0.00000,0.00000,0.00000,0.00000,0.14514,0.00000,0.00000,0.00024,0.48176,0.00000,0.13752,0.10668,0.12865,0.00000,0.00000
22.29333,8,0.41659,0.00085,0.07882,0.00887,0.10516,0.00617,0.04236,0.00039,0.03037,0.62759,0.00186,0.03221,0.01170,0.04885,0.00019,0.00462,0.00000,0.00000,0.00000,0.00000,0.15617,0.00000,0.00000,0.00007,0.43796,0.00000,0.14934,0.11764,0.13882,0.00000,0.00000
22.31467,8,0.40722,0.00060,0.05454,0.00629,0.07699,0.00428,0.02974,0.00027,0.02095,0.43369,0.00156,0.30014,0.02284,0.04440,0.00014,0.00357,0.00000,0.00000,0.00000,0.00000,0.16291,0.00000,0.00000,0.00002,0.39840,0.00000,0.16062,0.12930,0.14874,0.00000,0.00000
22.33600,10,0.38869,0.00060,0.03769,0.00490,0.05480,0.00602,0.06182,0.00027,0.01451,0.30003,0.00169,0.38296,0.03945,0.08788,0.00025,0.00714,0.00000,0.00000,0.00000,0.00000,0.16353,0.00000,0.00000,0.00000,0.37600,0.00000,0.16626,0.13903,0.15517,0.00000,0.00000
22.35733,10,0.34495,0.00048,0.02613,0.00351,0.03806,0.00863,0.29611,0.00036,0.01002,0.20713,0.00125,0.31131,0.02780,0.06395,0.00020,0.00506,0.00000,0.00000,0.00000,0.00000,0.15161,0.00000,0.00000,0.00000,0.26069,0.00000,0.30587,0.13584,0.08134,0.06465,0.00000
22.37867,5,0.30398,0.00037,0.01803,0.00243,0.02626,0.00603,0.51368,0.00025,0.00693,0.14292,0.00087,0.21525,0.01919,0.04414,0.00016,0.00351,0.00000,0.00000,0.00000,0.00000,0.13070,0.00000,0.00000,0.00000,0.17249,0.00000,0.43732,0.12285,0.02201,0.11462,0.00000
22.40000,5,0.29626,0.00028,0.01245,0.00167,0.01812,0.00417,0.66258,0.00018,0.00488,0.09868,0.00095,0.14946,0.01324,0.03047,0.00041,0.00246,0.00000,0.00000,0.00000,0.00000,0.12425,0.00000,0.00000,0.00000,0.15809,0.00000,0.46567,0.11771,0.01145,0.12284,0.00000
22.42133,5,0.44251,0.00019,0.00860,0.00116,0.01251,0.00288,0.70420,0.00012,0.00338,0.09643,0.00101,0.11703,0.00914,0.02106,0.02051,0.00177,0.00000,0.00000,0.00000,0.00000,0.12789,0.36341,0.00000,0.00000,0.11787,0.00000,0.21871,0.03185,0.10703,0.03324,0.00000
22.44267,5,0.49973,0.00013,0.00595,0.00080,0.00863,0.00200,0.57821,0.00009,0.00244,0.07715,0.00161,0.15850,0.00632,0.01455,0.14232,0.00132,0.00000,0.00000,0.00000,0.00000,0.11634,0.51262,0.00000,0.00000,0.09372,0.00000,0.14545,0.00862,0.11425,0.00900,0.00000
22.46400,5,0.49647,0.00011,0.00412,0.00055,0.00599,0.00143,0.39948,0.00012,0.00183,0.07431,0.01076,0.19479,0.00648,0.01252,0.28260,0.00491,0.00000,0.00000,0.00000,0.00000,0.10822,0.56915,0.00000,0.00000,0.08285,0.00000,0.12699,0.00233,0.10802,0.00243,0.00000
22.48533,5,0.44159,0.00016,0.00318,0.01936,0.07743,0.07594,0.27914,0.00059,0.05011,0.06001,0.00789,0.17195,0.00628,0.00930,0.23158,0.00709,0.00000,0.00000,0.00000,0.00000,0.10680,0.57461,0.00000,0.00000,0.08234,0.00000,0.12874,0.00063,0.10622,0.00066,0.00000
22.50667,3,0.37185,0.00016,0.00254,0.01820,0.21915,0.18328,0.19552,0.00051,0.03592,0.04190,0.00548,0.12108,0.00441,0.00645,0.16006,0.00533,0.00000,0.00000,0.00000,0.00000,0.11118,0.54896,0.00000,0.00000,0.08926,0.00000,0.13897,0.00017,0.11128,0.00018,0.00000
22.52800,3,0.31883,0.00027,0.00177,0.02891,0.33498,0.23266,0.13603,0.00067,0.02667,0.02892,0.00379,0.08371,0.00305,0.00445,0.11045,0.00368,0.06815,0.00000,0.00000,0.19926,0.13697,0.27517,0.00000,0.00000,0.12562,0.00000,0.13444,0.00005,0.06029,0.00005,0.00000
22.54933,3,0.31749,0.00228,0.00151,0.04796,0.46560,0.16602,0.11591,0.00052,0.01855,0.02045,0.00309,0.06470,0.00238,0.01097,0.07628,0.00379,0.11080,0.00000,0.00000,0.36623,0.14838,0.07446,0.00000,0.00000,0.13934,0.00000,0.14446,0.00001,0.01631,0.00001,0.00000
22.57067,3,0.38923,0.00163,0.00122,0.03510,0.40918,0.11534,0.09898,0.00036,0.01280,0.01458,0.00239,0.05549,0.01276,0.18483,0.05264,0.00271,0.11546,0.00000,0.00000,0.41631,0.14612,0.02015,0.00000,0.00000,0.13227,0.00000,0.16527,0.00000,0.00441,0.00000,0.00000
22.59200,12,0.36240,0.00124,0.00086,0.02427,0.28250,0.07983,0.07574,0.00025,0.00883,0.01030,0.00196,0.14377,0.04091,0.29094,0.03633,0.00227,0.11625,0.00000,0.00000,0.42892,0.14205,0.00545,0.00000,0.00000,0.12187,0.00000,0.18427,0.00000,0.00119,0.00000,0.00000
22.61333,5,0.31209,0.00108,0.00081,0.01688,0.19500,0.08515,0.30389,0.00034,0.00610,0.00735,0.00139,0.11210,0.03034,0.21280,0.02507,0.00169,0.06140,0.00000,0.00000,0.22326,0.14661,0.00148,0.00000,0.00000,0.12602,0.00000,0.16200,0.05669,0.22255,0.00000,0.00000
22.63467,5,0.27801,0.00094,0.00059,0.01166,0.13458,0.06220,0.51499,0.00095,0.00425,0.00507,0.00096,0.07744,0.02095,0.14695,0.01730,0.00117,0.01662,0.00000,0.00000,0.06042,0.13967,0.22335,0.00000,0.00000,0.11924,0.00000,0.13570,0.04476,0.26025,0.00000,0.00000
22.65600,5,0.25368,0.00068,0.00049,0.01004,0.09425,0.04887,0.61920,0.00570,0.03445,0.00350,0.00071,0.05345,0.01446,0.10143,0.01195,0.00082,0.00864,0.00000,0.00000,0.03142,0.13268,0.36364,0.00000,0.00000,0.10925,0.00000,0.13023,0.02328,0.20086,0.00000,0.00000
22.67733,5,0.23163,0.00069,0.00123,0.08232,0.06602,0.10436,0.54412,0.00513,0.02774,0.00260,0.03732,0.03692,0.00998,0.07171,0.00836,0.00150,0.00234,0.00000,0.00000,0.00850,0.11764,0.51268,0.00000,0.00000,0.09139,0.00000,0.12151,0.00630,0.13964,0.00000,0.00000
22.69867,5,0.28412,0.00049,0.00103,0.05800,0.04557,0.07260,0.37749,0.00376,0.01961,0.00288,0.32593,0.02598,0.00692,0.04998,0.00594,0.00382,0.00063,0.00000,0.00000,0.00230,0.10857,0.56917,0.00000,0.00000,0.08222,0.00000,0.12051,0.00170,0.11489,0.00000,0.00000
22.72000,9,0.38528,0.00034,0.00081,0.04005,0.03144,0.05010,0.26048,0.00260,0.01353,0.00221,0.50131,0.01848,0.01661,0.05436,0.00414,0.00355,0.00017,0.00000,0.00000,0.00062,0.10689,0.57461,0.00000,0.00000,0.08217,0.00000,0.12699,0.00046,0.10808,0.00000,0.00000
22.74133,9,0.36654,0.00023,0.00060,0.02765,0.02170,0.03512,0.17977,0.00180,0.00934,0.00279,0.34831,0.03766,0.02421,0.30493,0.00298,0.00294,0.00005,0.00000,0.00000,0.00017,0.12859,0.29377,0.00000,0.00000,0.10384,0.21088,0.14924,0.00012,0.11334,0.00000,0.00000
22.76267,4,0.37880,0.00016,0.00059,0.01919,0.01503,0.28197,0.12420,0.00161,0.00663,0.04018,0.24083,0.02964,0.01675,0.21910,0.00207,0.00207,0.00001,0.00000,0.00000,0.00005,0.14718,0.07950,0.00000,0.00000,0.11351,0.38904,0.15212,0.00003,0.11856,0.00000,0.00000
22.78400,4,0.46836,0.00011,0.00043,0.01349,0.01155,0.32369,0.09965,0.00113,0.00461,0.02800,0.16675,0.07605,0.02054,0.24902,0.00144,0.00355,0.00000,0.00000,0.00000,0.00001,0.29420,0.07950,0.00000,0.00000,0.13025,0.22065,0.15142,0.00001,0.12396,0.00000,0.00000
22.80533,12,0.53396,0.00008,0.00031,0.00953,0.00812,0.23242,0.07390,0.00079,0.00318,0.01939,0.11520,0.08454,0.02808,0.41707,0.00099,0.00638,0.00000,0.00000,0.00000,0.00000,0.43493,0.11060,0.00000,0.00000,0.12392,0.05971,0.14500,0.00000,0.12583,0.00000,0.00000
22.82667,12,0.53067,0.00006,0.00045,0.00753,0.00563,0.16137,0.05218,0.00056,0.00221,0.01407,0.07961,0.07351,0.02878,0.53266,0.00070,0.04069,0.00000,0.00000,0.00000,0.00000,0.31672,0.06087,0.00000,0.00000,0.12525,0.01616,0.13577,0.05669,0.28854,0.00000,0.00000
22.84800,12,0.50000,0.00004,0.00032,0.00571,0.00393,0.12869,0.03647,0.07854,0.06711,0.01025,0.05606,0.07541,0.02073,0.47452,0.00049,0.04173,0.00000,0.00000,0.00000,0.00000,0.17962,0.01647,0.00000,0.00000,0.12316,0.00437,0.11372,0.10138,0.46127,0.00000,0.00000
22.86933,6,0.44907,0.00003,0.00022,0.00395,0.00272,0.08881,0.02517,0.36161,0.04839,0.00707,0.03869,0.05210,0.01431,0.32765,0.00034,0.02894,0.00000,0.00000,0.00000,0.00000,0.13032,0.00446,0.00000,0.00000,0.11805,0.00118,0.09604,0.11431,0.53565,0.00000,0.00000
22.89067,6,0.40579,0.00002,0.00015,0.00273,0.00188,0.06129,0.01737,0.55864,0.03420,0.00488,0.02670,0.03596,0.00987,0.22610,0.00023,0.01997,0.00000,0.00000,0.00000,0.00000,0.14669,0.00121,0.21941,0.05759,0.06109,0.00032,0.09522,0.06101,0.35745,0.00000,0.00000
22.91200,6,0.37650,0.00001,0.00011,0.00188,0.00130,0.04240,0.01206,0.69422,0.02444,0.00337,0.01843,0.02483,0.00681,0.15618,0.00016,0.01378,0.00000,0.00000,0.00000,0.00000,0.15128,0.00033,0.42316,0.09516,0.01653,0.00009,0.10326,0.01651,0.19369,0.00000,0.00000
22.93333,6,0.34643,0.00001,0.00008,0.00130,0.00090,0.02929,0.00834,0.78865,0.01700,0.00234,0.01272,0.01720,0.00470,0.10785,0.00011,0.00951,0.00000,0.00000,0.00000,0.00000,0.14447,0.00017,0.47070,0.09833,0.00860,0.00005,0.10814,0.00859,0.16096,0.00000,0.00000
22.95467,6,0.32744,0.00001,0.00019,0.00091,0.00062,0.02027,0.00605,0.69039,0.01180,0.00223,0.00897,0.17194,0.00329,0.07591,0.00008,0.00734,0.00000,0.00000,0.00000,0.00000,0.12789,0.00005,0.52001,0.09585,0.00233,0.00001,0.12006,0.00232,0.13147,0.00000,0.00000
22.97600,6,0.41647,0.00002,0.00015,0.00063,0.00043,0.01399,0.00446,0.50773,0.00815,0.00467,0.00629,0.38702,0.00260,0.05665,0.00018,0.00704,0.00000,0.00000,0.00000,0.00000,0.11348,0.00001,0.53775,0.09108,0.00063,0.00000,0.13396,0.00063,0.12246,0.00000,0.00000
22.99733,10,0.44098,0.00001,0.00011,0.00043,0.00030,0.00968,0.00310,0.35053,0.00562,0.02993,0.00440,0.54170,0.00225,0.04667,0.00012,0.00514,0.00000,0.00000,0.00000,0.00000,0.10319,0.00000,0.53872,0.08771,0.00017,0.00000,0.14816,0.00017,0.12188,0.00000,0.00000
23.01867,10,0.44475,0.00001,0.00010,0.00030,0.00020,0.00670,0.00346,0.24187,0.00388,0.27307,0.00306,0.42637,0.00177,0.03557,0.00009,0.00356,0.00000,0.00000,0.00000,0.00000,0.11879,0.00000,0.27844,0.04517,0.06716,0.00000,0.30002,0.06161,0.06416,0.06465,0.00000
23.04000,8,0.43533,0.00002,0.00055,0.00024,0.00027,0.00545,0.00657,0.16690,0.00275,0.49162,0.00217,0.29457,0.00126,0.02469,0.00006,0.00286,0.00000,0.00000,0.00000,0.00000,0.12182,0.00000,0.07535,0.01222,0.12013,0.00000,0.43574,0.10276,0.01736,0.11462,0.00000
23.06133,8,0.41311,0.00114,0.00044,0.00018,0.00045,0.00540,0.02022,0.11517,0.00197,0.60268,0.00155,0.22134,0.00282,0.02346,0.00112,0.00207,0.00000,0.00000,0.00000,0.00000,0.11674,0.00000,0.02039,0.00331,0.28302,0.00000,0.32709,0.11515,0.07040,0.06390,0.00000
23.08267,8,0.37030,0.01257,0.00045,0.00014,0.00032,0.01137,0.01503,0.07947,0.00136,0.63368,0.00122,0.19118,0.00242,0.01707,0.03219,0.00153,0.00000,0.00000,0.00000,0.00000,0.11228,0.00000,0.00552,0.00090,0.44922,0.00000,0.19714,0.10895,0.10871,0.01729,0.00000
23.10400,8,0.33374,0.08949,0.03175,0.00124,0.00029,0.02319,0.01077,0.05485,0.00118,0.44543,0.00127,0.21326,0.00271,0.01310,0.11005,0.00142,0.00000,0.00000,0.00000,0.00000,0.11384,0.00000,0.00149,0.00024,0.51887,0.00000,0.14800,0.09949,0.11339,0.00468,0.00000
23.12533,8,0.38484,0.06195,0.02228,0.00136,0.00021,0.01645,0.00748,0.03785,0.00082,0.31167,0.00090,0.26805,0.00201,0.00905,0.25834,0.00158,0.00000,0.00000,0.00000,0.00000,0.12130,0.00000,0.00040,0.00007,0.53519,0.00000,0.13099,0.09584,0.11495,0.00127,0.00000
23.14667,13,0.41751,0.04275,0.01544,0.00100,0.00015,0.01144,0.00538,0.02612,0.00056,0.21763,0.00067,0.20390,0.00152,0.00628,0.46600,0.00117,0.00000,0.00000,0.00000,0.00000,0.13260,0.00000,0.00011,0.00002,0.51823,0.00000,0.13001,0.09874,0.11995,0.00034,0.00000
23.16800,13,0.39445,0.02966,0.01085,0.09160,0.00013,0.00810,0.11616,0.01803,0.00047,0.17283,0.00056,0.21581,0.00108,0.00446,0.32938,0.00087,0.00000,0.00000,0.00000,0.00000,0.12635,0.00000,0.00003,0.00000,0.32197,0.00000,0.16899,0.05317,0.06442,0.21104,0.05404
23.18933,2,0.34447,0.02053,0.00753,0.36518,0.00013,0.00560,0.08054,0.01245,0.00036,0.11939,0.00040,0.15609,0.00074,0.00312,0.22733,0.00061,0.00000,0.00000,0.00000,0.00000,0.11521,0.00000,0.00002,0.00000,0.22755,0.00000,0.18171,0.02766,0.03351,0.33488,0.07947
23.21067,2,0.29826,0.01421,0.00520,0.56053,0.00068,0.00387,0.05559,0.00859,0.00036,0.08239,0.00029,0.10834,0.00051,0.00216,0.15687,0.00042,0.00000,0.00000,0.00000,0.00000,0.10052,0.00000,0.00000,0.00000,0.15370,0.00000,0.17937,0.00748,0.00907,0.45530,0.09455
23.23200,2,0.25992,0.01033,0.00369,0.68688,0.00731,0.00285,0.03990,0.00593,0.00026,0.05696,0.00050,0.07496,0.00036,0.00150,0.10827,0.00030,0.00000,0.00000,0.35399,0.00000,0.11929,0.00000,0.00000,0.00000,0.04159,0.08013,0.15571,0.00203,0.09847,0.12321,0.02559
23.25333,2,0.22448,0.00994,0.00703,0.70605,0.04242,0.00465,0.05728,0.00411,0.00022,0.03948,0.00042,0.05183,0.00025,0.00105,0.07474,0.00053,0.00000,0.00000,0.47560,0.00000,0.10905,0.00000,0.00000,0.00000,0.01126,0.10438,0.13656,0.00055,0.12234,0.03335,0.00692
23.27467,2,0.21113,0.00707,0.00558,0.50192,0.29359,0.02193,0.04028,0.00284,0.00018,0.02729,0.00038,0.04598,0.00019,0.00080,0.05159,0.00038,0.00000,0.00000,0.51658,0.00000,0.09695,0.00000,0.00000,0.00000,0.00305,0.11471,0.12540,0.00015,0.13226,0.00902,0.00187
23.29600,3,0.18980,0.00530,0.00434,0.35545,0.44176,0.03631,0.03586,0.00197,0.00018,0.01884,0.01003,0.05219,0.00018,0.00075,0.03561,0.00124,0.00000,0.00000,0.52203,0.00000,0.08932,0.00000,0.00000,0.00000,0.00082,0.12208,0.12171,0.00004,0.14105,0.00244,0.00051
23.31733,9,0.31757,0.00366,0.00299,0.24527,0.30621,0.02534,0.02504,0.00136,0.00012,0.01301,0.30902,0.03919,0.00012,0.00068,0.02459,0.00339,0.06815,0.00000,0.26891,0.19926,0.12267,0.00000,0.00000,0.00000,0.07665,0.06533,0.12235,0.00001,0.07588,0.00066,0.00014
23.33867,9,0.43146,0.00253,0.00210,0.16924,0.21131,0.01751,0.01754,0.00094,0.00009,0.00898,0.49673,0.02710,0.00009,0.00106,0.01697,0.02782,0.05130,0.00000,0.07277,0.15979,0.14421,0.00000,0.00000,0.00000,0.11780,0.22855,0.14815,0.00000,0.07722,0.00018,0.00004
23.36000,9,0.51548,0.00175,0.00145,0.11678,0.14580,0.01209,0.01243,0.00065,0.00006,0.00621,0.55092,0.01887,0.00013,0.01772,0.01173,0.10340,0.01388,0.00000,0.01969,0.04324,0.15141,0.00000,0.00000,0.00000,0.11729,0.39382,0.15183,0.00000,0.10878,0.00005,0.00001
23.38133,9,0.56172,0.00121,0.00100,0.08058,0.10062,0.00837,0.01325,0.00045,0.00004,0.00430,0.43212,0.01511,0.00087,0.06881,0.00812,0.26515,0.00376,0.00000,0.00533,0.01170,0.15732,0.00000,0.00000,0.00000,0.11334,0.44467,0.14365,0.00000,0.12022,0.00001,0.00000
23.40267,14,0.55377,0.00083,0.00069,0.05560,0.06952,0.00581,0.00946,0.00031,0.00003,0.00304,0.29849,0.01492,0.00369,0.19431,0.00563,0.33767,0.00102,0.00000,0.00144,0.00317,0.16339,0.00000,0.00000,0.00000,0.11082,0.45774,0.13557,0.00000,0.12685,0.00000,0.00000
23.42400,14,0.53870,0.00058,0.00088,0.03872,0.11947,0.00648,0.00907,0.00025,0.00012,0.01913,0.20620,0.01678,0.00908,0.19633,0.00392,0.37300,0.00028,0.00000,0.00039,0.00086,0.14906,0.00000,0.00000,0.00000,0.11835,0.23821,0.12557,0.00000,0.15071,0.00000,0.21656
23.44533,14,0.50816,0.00043,0.00426,0.02745,0.08718,0.00491,0.04575,0.00021,0.00029,0.11529,0.14246,0.02305,0.02256,0.19324,0.00272,0.33020,0.00007,0.00000,0.00011,0.00023,0.12922,0.00000,0.00000,0.00000,0.12296,0.06446,0.11400,0.00000,0.15126,0.00000,0.41769
23.46667,5,0.48802,0.00031,0.00631,0.01910,0.06024,0.00345,0.27658,0.00016,0.00020,0.13261,0.09832,0.01641,0.01570,0.13975,0.00188,0.22898,0.00004,0.00000,0.00005,0.00012,0.12412,0.00000,0.00000,0.00000,0.12363,0.03353,0.11043,0.00000,0.14487,0.00000,0.46320
23.48800,5,0.46654,0.00023,0.00496,0.01319,0.04157,0.00244,0.43591,0.00011,0.00014,0.15543,0.06785,0.01134,0.01084,0.09659,0.00130,0.15810,0.00001,0.00000,0.00001,0.00003,0.12027,0.00000,0.00000,0.00000,0.12527,0.00907,0.10817,0.00000,0.13174,0.00000,0.50542
23.50933,5,0.44200,0.00022,0.00455,0.00919,0.02973,0.00349,0.58032,0.00014,0.00014,0.13301,0.04707,0.00784,0.00748,0.06671,0.00089,0.10924,0.00000,0.00000,0.00000,0.00001,0.12681,0.36340,0.00000,0.00000,0.10899,0.00246,0.12196,0.00000,0.13958,0.00000,0.13679
23.53067,5,0.41343,0.00041,0.00384,0.00678,0.04166,0.00502,0.67109,0.00015,0.00048,0.09399,0.03684,0.00543,0.00517,0.04614,0.00062,0.08239,0.00000,0.00000,0.00000,0.00000,0.11605,0.51262,0.00000,0.00000,0.09132,0.00066,0.11927,0.00000,0.12306,0.00000,0.03702
23.55200,5,0.35663,0.07158,0.00372,0.00486,0.03116,0.00519,0.66919,0.00019,0.00236,0.06859,0.02840,0.00430,0.00359,0.03186,0.00547,0.06954,0.00000,0.00000,0.00000,0.00000,0.10814,0.56915,0.00000,0.00000,0.08220,0.00018,0.11990,0.00000,0.11041,0.00000,0.01002
23.57333,5,0.30210,0.11819,0.00522,0.00926,0.03048,0.01312,0.66563,0.00026,0.00200,0.04972,0.02024,0.00341,0.00253,0.02206,0.00575,0.05213,0.00000,0.00000,0.00000,0.00000,0.10677,0.57461,0.00000,0.00000,0.08217,0.00005,0.12683,0.00000,0.10686,0.00000,0.00271
23.59467,5,0.25318,0.10716,0.08384,0.04346,0.06253,0.03834,0.53938,0.00053,0.00152,0.03614,0.01447,0.00308,0.00181,0.01528,0.00723,0.04525,0.00000,0.00000,0.00000,0.00000,0.11118,0.54896,0.00000,0.00000,0.08921,0.00001,0.13845,0.00000,0.11145,0.00000,0.00073
23.61600,5,0.21731,0.11444,0.12752,0.05313,0.05814,0.04415,0.44240,0.00083,0.00129,0.02730,0.01288,0.00372,0.00137,0.01068,0.02828,0.07389,0.00000,0.00000,0.00000,0.00000,0.11938,0.50634,0.00000,0.00000,0.10063,0.00000,0.15195,0.00000,0.12151,0.00000,0.00020
23.63733,5,0.18686,0.15090,0.12144,0.05364,0.05313,0.04260,0.35227,0.00062,0.00116,0.02250,0.01272,0.00524,0.00109,0.00754,0.07987,0.09529,0.00000,0.00000,0.00000,0.00000,0.12909,0.45927,0.00000,0.00000,0.11353,0.00000,0.16415,0.00000,0.13391,0.00000,0.00005
23.65867,5,0.36635,0.10437,0.08441,0.03741,0.03671,0.02942,0.26792,0.00043,0.00081,0.01871,0.00882,0.00435,0.00078,0.00530,0.17603,0.22452,0.00000,0.00000,0.00000,0.00000,0.13791,0.41986,0.00000,0.00000,0.12499,0.00000,0.17181,0.00000,0.14541,0.00000,0.00001
23.68000,14,0.48824,0.07204,0.05827,0.02582,0.02534,0.02030,0.18523,0.00030,0.00056,0.01369,0.00611,0.00351,0.00058,0.00371,0.15112,0.43343,0.00000,0.00000,0.00000,0.00000,0.14338,0.40438,0.00000,0.00000,0.13017,0.00000,0.17087,0.00000,0.15120,0.00000,0.00000
23.70133,13,0.53462,0.04971,0.04021,0.01781,0.01748,0.01401,0.12782,0.00021,0.00039,0.00950,0.00441,0.00541,0.00060,0.00259,0.38723,0.32263,0.00000,0.00000,0.00000,0.00000,0.13812,0.20884,0.00000,0.00000,0.12930,0.00000,0.14445,0.00000,0.16276,0.00000,0.21654
23.72267,13,0.54202,0.03430,0.02775,0.01230,0.01206,0.00967,0.08821,0.00014,0.00027,0.00659,0.01837,0.00480,0.00043,0.00179,0.56028,0.22304,0.00000,0.00000,0.00000,0.00000,0.13151,0.10864,0.00000,0.00000,0.12734,0.00000,0.12897,0.00000,0.16105,0.00000,0.34249
23.74400,13,0.53810,0.02367,0.01915,0.00850,0.00832,0.00668,0.06086,0.00010,0.00018,0.00455,0.18677,0.00356,0.00031,0.00124,0.52213,0.15398,0.00000,0.00000,0.00000,0.00000,0.11322,0.02940,0.00000,0.00000,0.12626,0.00000,0.18058,0.00000,0.04358,0.33481,0.17215
23.76533,9,0.52355,0.01633,0.01322,0.00591,0.00574,0.00461,0.04200,0.00007,0.00013,0.00314,0.42622,0.00255,0.00024,0.00086,0.37266,0.10632,0.00000,0.00000,0.00000,0.00000,0.09998,0.00796,0.00000,0.00000,0.12629,0.00000,0.17907,0.00000,0.01180,0.45528,0.11963
23.78667,9,0.50877,0.01127,0.00920,0.00440,0.00397,0.00319,0.02901,0.00005,0.00009,0.00220,0.60150,0.00228,0.00042,0.00076,0.25732,0.07435,0.00000,0.00000,0.00000,0.00000,0.12266,0.00215,0.00000,0.00000,0.12629,0.21088,0.17061,0.00000,0.05987,0.25114,0.05639
23.80800,9,0.49067,0.00778,0.00729,0.00337,0.00289,0.00250,0.02022,0.00004,0.00006,0.00167,0.70601,0.01268,0.00218,0.00364,0.17761,0.05204,0.00000,0.00000,0.00000,0.00000,0.14558,0.00058,0.00000,0.00000,0.11958,0.38904,0.15791,0.00000,0.10409,0.06796,0.01526
23.82933,9,0.47208,0.00537,0.00552,0.00245,0.00214,0.00178,0.01511,0.00004,0.00005,0.00117,0.78325,0.01502,0.00390,0.00519,0.12261,0.03641,0.00000,0.00000,0.00000,0.00000,0.15574,0.00016,0.00000,0.00000,0.11396,0.44338,0.14529,0.00000,0.11895,0.01839,0.00413
23.85067,9,0.45690,0.00371,0.00384,0.00172,0.00151,0.00143,0.01101,0.00004,0.00004,0.00086,0.83478,0.01703,0.00504,0.00919,0.08468,0.02515,0.00000,0.00000,0.00000,0.00000,0.16296,0.00004,0.00000,0.00000,0.11099,0.45739,0.13601,0.00000,0.12651,0.00498,0.00112
23.87200,9,0.44240,0.00258,0.00266,0.00127,0.00111,0.00193,0.02099,0.00009,0.00004,0.00085,0.84114,0.02216,0.01074,0.01847,0.05860,0.01737,0.00000,0.00000,0.00000,0.00000,0.16948,0.00001,0.00000,0.00000,0.11055,0.45569,0.13021,0.00000,0.13241,0.00135,0.00030
23.89333,9,0.43063,0.00181,0.00191,0.00107,0.00089,0.00162,0.04357,0.00015,0.00006,0.00077,0.69346,0.02187,0.01719,0.16275,0.04073,0.01213,0.00000,0.00000,0.00000,0.00000,0.17547,0.00000,0.00000,0.00000,0.11205,0.44696,0.12718,0.00000,0.13789,0.00036,0.00008
23.91467,9,0.43117,0.00127,0.00191,0.00075,0.00073,0.00166,0.03478,0.00015,0.00060,0.00507,0.48198,0.03910,0.03830,0.35612,0.02879,0.00878,0.00000,0.00000,0.00000,0.00000,0.18058,0.00000,0.00000,0.00000,0.11477,0.43560,0.12598,0.00000,0.14295,0.00010,0.00002
23.93600,12,0.43293,0.00092,0.00488,0.00053,0.00053,0.00124,0.17155,0.00011,0.00044,0.03888,0.33409,0.03290,0.02767,0.35956,0.01995,0.00676,0.00000,0.00000,0.00000,0.00000,0.18429,0.00000,0.00000,0.00000,0.11796,0.42480,0.12563,0.00000,0.14729,0.00003,0.00001
23.95733,5,0.43916,0.00067,0.00543,0.00039,0.00038,0.00098,0.37778,0.00008,0.00031,0.06346,0.23088,0.02315,0.01912,0.25643,0.01377,0.00716,0.00000,0.00000,0.00000,0.00000,0.17006,0.00000,0.00000,0.00000,0.12734,0.21875,0.12738,0.05669,0.29976,0.00001,0.00000
23.97867,5,0.45218,0.00059,0.01910,0.00038,0.00042,0.00170,0.46004,0.00007,0.00026,0.12482,0.15979,0.01610,0.01323,0.17733,0.00954,0.01662,0.00000,0.00000,0.00000,0.00000,0.14601,0.22295,0.00000,0.00000,0.11959,0.05920,0.12634,0.04476,0.28115,0.00000,0.00000
24.00000,5,0.44857,0.00118,0.02136,0.00043,0.00310,0.00599,0.54621,0.00020,0.00032,0.11796,0.11203,0.01116,0.00914,0.12242,0.00662,0.04187,0.00000,0.00000,0.00000,0.00000,0.13599,0.36341,0.00000,0.00000,0.10944,0.03079,0.12536,0.02328,0.21173,0.00000,0.00000
24.02133,5,0.45621,0.00102,0.01658,0.00042,0.00338,0.00454,0.38741,0.00014,0.00030,0.08545,0.08260,0.00787,0.00634,0.08490,0.00466,0.31439,0.00000,0.00000,0.00000,0.00000,0.11854,0.51261,0.00000,0.00000,0.09144,0.00833,0.12019,0.00630,0.14259,0.00000,0.00000
24.04267,14,0.48290,0.00094,0.01159,0.00030,0.00261,0.00319,0.26810,0.00010,0.00029,0.05925,0.05711,0.01072,0.00496,0.12893,0.00323,0.44867,0.00000,0.00000,0.00000,0.00000,0.10882,0.56915,0.00000,0.00000,0.08223,0.00226,0.12015,0.00171,0.11569,0.00000,0.00000
24.06400,12,0.44821,0.00073,0.00801,0.00022,0.00236,0.00373,0.18513,0.00031,0.00171,0.04208,0.03954,0.01135,0.00393,0.38596,0.00223,0.31272,0.00000,0.00000,0.00000,0.00000,0.11811,0.30004,0.00000,0.00000,0.10314,0.00061,0.12052,0.00046,0.14058,0.00000,0.21654
24.08533,12,0.38433,0.00051,0.00553,0.00020,0.00494,0.00317,0.12778,0.24994,0.00123,0.02905,0.02731,0.00785,0.00274,0.32242,0.00154,0.21581,0.00000,0.00000,0.00000,0.00000,0.13659,0.08119,0.00000,0.00000,0.12434,0.00017,0.12273,0.05681,0.30000,0.00000,0.17816
24.10667,6,0.34534,0.00035,0.00381,0.00014,0.00342,0.00253,0.08818,0.48197,0.00090,0.02004,0.01885,0.00542,0.00189,0.22250,0.00106,0.14894,0.00000,0.00000,0.00000,0.00000,0.13088,0.02197,0.00000,0.00000,0.12292,0.00004,0.11019,0.10142,0.46437,0.00000,0.04821
24.12800,6,0.32707,0.00024,0.00263,0.00009,0.00237,0.00210,0.06085,0.64172,0.00065,0.01383,0.01301,0.00374,0.00130,0.15395,0.00073,0.10277,0.00000,0.00000,0.00000,0.00000,0.14895,0.00595,0.21941,0.05759,0.06242,0.00001,0.10099,0.05703,0.33460,0.00000,0.01305
24.14933,6,0.31041,0.00021,0.00186,0.00007,0.00175,0.00198,0.04472,0.74406,0.00048,0.00982,0.00900,0.00260,0.00093,0.11090,0.00051,0.07110,0.00000,0.00000,0.00000,0.00000,0.15188,0.00161,0.42316,0.09516,0.01689,0.00000,0.10482,0.01543,0.18751,0.00000,0.00353
24.17067,6,0.27798,0.00041,0.00174,0.00014,0.00199,0.00155,0.06806,0.77324,0.00038,0.01032,0.00626,0.00275,0.00143,0.08149,0.00036,0.04988,0.00000,0.00000,0.00000,0.00000,0.13637,0.00044,0.50089,0.09785,0.00457,0.00000,0.11420,0.00418,0.14056,0.00000,0.00096
24.19200,6,0.28124,0.00099,0.00174,0.00015,0.00266,0.00133,0.20134,0.64024,0.00029,0.00929,0.00438,0.00829,0.00328,0.08708,0.00025,0.03867,0.00000,0.00000,0.00000,0.00000,0.12026,0.00012,0.53160,0.09341,0.00124,0.00000,0.12697,0.00113,0.12501,0.00000,0.00026
24.21333,6,0.38819,0.00119,0.00142,0.00012,0.00198,0.00101,0.23265,0.48001,0.00026,0.00660,0.00435,0.02752,0.01768,0.16887,0.00021,0.05613,0.00000,0.00000,0.00000,0.00000,0.10781,0.00003,0.53981,0.08914,0.00033,0.00000,0.14116,0.00031,0.12134,0.00000,0.00007
24.23467,6,0.42993,0.00126,0.00101,0.00015,0.00140,0.00080,0.21528,0.35914,0.00021,0.00466,0.00313,0.03383,0.03780,0.30084,0.00019,0.04028,0.00000,0.00000,0.00000,0.00000,0.09961,0.00001,0.53525,0.08684,0.00009,0.00000,0.15481,0.00008,0.12330,0.00000,0.00002
24.25600,5,0.47513,0.00094,0.00070,0.00012,0.00097,0.00058,0.34915,0.24936,0.00015,0.00326,0.00219,0.02581,0.10672,0.23189,0.00021,0.02792,0.00000,0.00000,0.00000,0.00000,0.09698,0.00000,0.53005,0.08654,0.00005,0.00000,0.16082,0.00004,0.12551,0.00000,0.00001
24.27733,11,0.48514,0.00068,0.00080,0.00013,0.00068,0.00116,0.24263,0.17211,0.00011,0.00236,0.00232,0.02366,0.29385,0.23995,0.00025,0.01930,0.00000,0.00000,0.00000,0.00000,0.09428,0.00000,0.51678,0.08761,0.00001,0.00000,0.16999,0.00001,0.13131,0.00000,0.00000
24.29867,11,0.48505,0.00050,0.00070,0.00158,0.00048,0.02769,0.16779,0.11876,0.00010,0.00183,0.00798,0.02070,0.47078,0.16720,0.00052,0.01339,0.00000,0.00000,0.00000,0.00000,0.12085,0.11596,0.13986,0.02371,0.08576,0.00000,0.15133,0.21293,0.14959,0.00000,0.00000
24.32000,11,0.46746,0.00046,0.00067,0.00341,0.00079,0.14175,0.11608,0.08215,0.00524,0.00231,0.00700,0.01714,0.49609,0.11709,0.00055,0.00926,0.00000,0.00000,0.00000,0.00000,0.11866,0.03138,0.03785,0.00642,0.11635,0.00000,0.13907,0.41323,0.13705,0.00000,0.00000
24.34133,11,0.42610,0.00033,0.00047,0.00249,0.00064,0.09894,0.08012,0.05671,0.29329,0.00162,0.00484,0.01237,0.35941,0.08198,0.00039,0.00639,0.00000,0.00000,0.00000,0.00000,0.11646,0.00849,0.01024,0.00174,0.13342,0.00000,0.12509,0.48662,0.11794,0.00000,0.00000
24.36267,7,0.37612,0.00023,0.00033,0.00184,0.00051,0.06866,0.05540,0.03923,0.51119,0.00112,0.00334,0.00861,0.24820,0.05664,0.00027,0.00441,0.00000,0.00000,0.00000,0.00000,0.12046,0.00230,0.00277,0.00047,0.14864,0.00000,0.11402,0.50810,0.10324,0.00000,0.00000
24.38400,7,0.32370,0.00041,0.00037,0.00193,0.00199,0.05004,0.03996,0.02717,0.65504,0.00079,0.00231,0.00605,0.17129,0.03940,0.00020,0.00305,0.00000,0.00000,0.00000,0.00000,0.11791,0.00062,0.00075,0.22773,0.14015,0.00000,0.12506,0.26422,0.12355,0.00000,0.00000
24.40533,7,0.27789,0.00280,0.00054,0.00166,0.03059,0.05564,0.02790,0.01957,0.70645,0.00103,0.00159,0.00433,0.11829,0.02735,0.00015,0.00212,0.00000,0.00000,0.00000,0.00000,0.10800,0.00017,0.00020,0.47295,0.10414,0.00000,0.11898,0.07149,0.12406,0.00000,0.00000
24.42667,7,0.23491,0.02398,0.00142,0.00138,0.16899,0.10399,0.01962,0.01576,0.55624,0.00182,0.00110,0.00328,0.08174,0.01911,0.00011,0.00147,0.00000,0.00000,0.00000,0.00000,0.10510,0.00005,0.00005,0.58034,0.07706,0.00000,0.10619,0.01935,0.11186,0.00000,0.00000
24.44800,7,0.21322,0.02555,0.00119,0.00123,0.18431,0.28456,0.01385,0.01505,0.39786,0.00165,0.00076,0.00293,0.05652,0.01340,0.00011,0.00104,0.00000,0.00000,0.00000,0.00000,0.10828,0.00001,0.00001,0.61673,0.06235,0.00000,0.10105,0.00524,0.10634,0.00000,0.00000
24.46933,4,0.29093,0.01841,0.00084,0.00090,0.12866,0.48370,0.01112,0.01081,0.28639,0.00121,0.00053,0.00357,0.03934,0.01348,0.00017,0.00085,0.00000,0.00000,0.00000,0.00000,0.11556,0.00000,0.00000,0.61024,0.05851,0.00000,0.10441,0.00142,0.10986,0.00000,0.00000
24.49067,4,0.51960,0.01276,0.00088,0.00070,0.09053,0.58582,0.00774,0.00898,0.21285,0.00127,0.00127,0.02989,0.02779,0.01113,0.00742,0.00098,0.00000,0.00000,0.00000,0.00000,0.27749,0.05799,0.00000,0.31032,0.10242,0.00000,0.13072,0.00038,0.12068,0.00000,0.00000
24.51200,4,0.62980,0.00883,0.00069,0.00050,0.06267,0.43365,0.00544,0.00629,0.14724,0.00104,0.00094,0.27592,0.01973,0.00915,0.02699,0.00092,0.00000,0.00000,0.00000,0.00000,0.43042,0.10479,0.00000,0.08395,0.11639,0.00000,0.13940,0.00010,0.12494,0.00000,0.00000
24.53333,10,0.64359,0.00612,0.00063,0.00038,0.04342,0.30306,0.00392,0.00435,0.10173,0.00117,0.00073,0.42539,0.01439,0.00664,0.08741,0.00067,0.00000,0.00000,0.00000,0.00000,0.46503,0.11399,0.00000,0.04367,0.11156,0.00000,0.13867,0.00005,0.12703,0.00000,0.00000
24.55467,10,0.64409,0.00428,0.00057,0.00027,0.03060,0.21003,0.00297,0.00304,0.07024,0.00445,0.00076,0.47314,0.01223,0.00548,0.18130,0.00064,0.00000,0.00000,0.00000,0.00000,0.49184,0.12362,0.00000,0.01182,0.10022,0.00000,0.13841,0.00001,0.13408,0.00000,0.00000
24.57600,10,0.64071,0.00297,0.00076,0.00019,0.02132,0.14570,0.00344,0.00214,0.04848,0.01411,0.00087,0.42018,0.00963,0.00435,0.32534,0.00052,0.00000,0.00000,0.00000,0.00000,0.22919,0.03344,0.00000,0.00320,0.12880,0.00000,0.38088,0.09036,0.03627,0.09785,0.00000
24.59733,10,0.62600,0.00207,0.00155,0.00015,0.01477,0.10269,0.00416,0.00153,0.03346,0.24095,0.00109,0.31663,0.00691,0.00334,0.27032,0.00039,0.00000,0.00000,0.00000,0.00000,0.14834,0.00905,0.00000,0.00087,0.13818,0.00000,0.46365,0.10726,0.00982,0.12284,0.00000
24.61867,8,0.60238,0.00143,0.00129,0.00010,0.01020,0.07146,0.00318,0.00108,0.02309,0.47452,0.00077,0.21869,0.00477,0.00231,0.18684,0.00027,0.00000,0.00000,0.00000,0.00000,0.12760,0.00245,0.00000,0.00023,0.14596,0.00000,0.48523,0.10782,0.00266,0.12806,0.00000
24.64000,8,0.58330,0.00099,0.00182,0.00015,0.00704,0.05246,0.00353,0.00074,0.01593,0.63115,0.00085,0.15119,0.00331,0.00171,0.12893,0.00020,0.00000,0.00000,0.00000,0.00000,0.12077,0.00066,0.00000,0.00006,0.29322,0.00000,0.33699,0.11511,0.06642,0.06677,0.00000
24.66133,8,0.56863,0.00068,0.00960,0.00160,0.00493,0.04572,0.00336,0.00052,0.01100,0.71520,0.00664,0.10662,0.00232,0.00178,0.08898,0.00106,0.00000,0.00000,0.00000,0.00000,0.11337,0.00018,0.00000,0.00002,0.45198,0.00000,0.19982,0.10893,0.10763,0.01807,0.00000
24.68267,8,0.55930,0.00049,0.02186,0.00510,0.00392,0.04721,0.00304,0.00039,0.00761,0.73297,0.02885,0.07705,0.00191,0.00173,0.06145,0.00642,0.00000,0.00000,0.00000,0.00000,0.11413,0.00005,0.00000,0.00000,0.51963,0.00000,0.14872,0.09949,0.11309,0.00489,0.00000
24.70400,8,0.54853,0.00058,0.02608,0.00487,0.00280,0.03992,0.00271,0.00028,0.00528,0.55948,0.20940,0.05352,0.00136,0.00122,0.04242,0.05007,0.00000,0.00000,0.00000,0.00000,0.12138,0.00001,0.00000,0.00000,0.53539,0.00000,0.13118,0.09584,0.11487,0.00132,0.00000
24.72533,8,0.53265,0.00049,0.02005,0.00394,0.00199,0.02820,0.00196,0.00020,0.00365,0.39400,0.33763,0.03705,0.00095,0.00086,0.02939,0.13964,0.00000,0.00000,0.00000,0.00000,0.13262,0.00000,0.00000,0.00000,0.51828,0.00000,0.13006,0.09874,0.11993,0.00036,0.00000
24.74667,8,0.54084,0.00042,0.07294,0.00281,0.00154,0.01950,0.00138,0.00014,0.00252,0.30927,0.23459,0.02608,0.00068,0.00062,0.02233,0.30520,0.00000,0.00000,0.00000,0.00000,0.14514,0.00000,0.00000,0.00000,0.48180,0.00000,0.13780,0.10672,0.12844,0.00010,0.00000
24.76800,14,0.56122,0.00029,0.07348,0.00316,0.00107,0.01346,0.00097,0.00009,0.00174,0.23795,0.16201,0.04020,0.00055,0.00044,0.04856,0.41602,0.00000,0.00000,0.00000,0.00000,0.15617,0.00000,0.00000,0.00000,0.43797,0.00000,0.14942,0.11765,0.13876,0.00003,0.00000
24.78933,14,0.58334,0.00021,0.05143,0.00563,0.00075,0.00930,0.00082,0.00007,0.00123,0.17300,0.11189,0.23478,0.00061,0.00092,0.09291,0.31644,0.00000,0.00000,0.00000,0.00000,0.16025,0.00000,0.00000,0.00000,0.41693,0.00000,0.15534,0.12353,0.14393,0.00001,0.00000
24.81067,10,0.58129,0.00016,0.03595,0.00459,0.00055,0.00653,0.00076,0.00009,0.00106,0.12982,0.07773,0.41110,0.00089,0.00180,0.10363,0.22533,0.00000,0.00000,0.00000,0.00000,0.13551,0.00000,0.00000,0.00000,0.20457,0.00000,0.12533,0.03342,0.15863,0.00000,0.34253
24.83200,10,0.57923,0.00011,0.02492,0.00345,0.00043,0.00531,0.00066,0.00016,0.00089,0.09165,0.05836,0.54446,0.00068,0.00163,0.11134,0.15595,0.00000,0.00000,0.00000,0.00000,0.13374,0.00000,0.00000,0.00000,0.15352,0.00000,0.28045,0.07059,0.07974,0.06464,0.21732
24.85333,10,0.55468,0.00009,0.01724,0.00265,0.00052,0.04691,0.00631,0.01804,0.00177,0.06996,0.05955,0.51067,0.00102,0.00262,0.15456,0.10809,0.00000,0.00000,0.00000,0.00000,0.12586,0.00000,0.00000,0.00000,0.14349,0.00000,0.43046,0.10520,0.02157,0.11462,0.05879
24.87467,10,0.49095,0.00009,0.01198,0.00397,0.00062,0.08114,0.01422,0.16688,0.07848,0.04952,0.04397,0.36383,0.00073,0.00201,0.10787,0.07467,0.00000,0.00000,0.00000,0.00000,0.11976,0.00000,0.00000,0.00000,0.14443,0.00000,0.47860,0.10887,0.00584,0.12660,0.01591
24.89600,6,0.42157,0.00010,0.00838,0.00832,0.00067,0.06347,0.01277,0.34882,0.11339,0.03419,0.03058,0.25135,0.00051,0.00142,0.07451,0.05152,0.00000,0.00000,0.00000,0.00000,0.12362,0.00000,0.00000,0.00000,0.15110,0.00000,0.48367,0.10736,0.00158,0.12837,0.00430
24.91733,6,0.37830,0.00019,0.00608,0.00739,0.00081,0.05229,0.01157,0.50808,0.10648,0.02360,0.02140,0.17368,0.00037,0.00107,0.05142,0.03558,0.00000,0.00000,0.00000,0.00000,0.15185,0.00000,0.21944,0.05760,0.08093,0.00000,0.29614,0.05561,0.07061,0.06666,0.00116
24.93867,6,0.34227,0.00016,0.00421,0.00664,0.00081,0.03822,0.00840,0.64938,0.07946,0.01631,0.01480,0.12015,0.00026,0.00113,0.03549,0.02458,0.00000,0.00000,0.00000,0.00000,0.15267,0.00000,0.42316,0.09516,0.02190,0.00000,0.15763,0.01505,0.11608,0.01804,0.00032
24.96000,6,0.31626,0.00014,0.00292,0.00892,0.00069,0.03541,0.00628,0.73748,0.05961,0.01129,0.01031,0.08304,0.00018,0.00200,0.02451,0.01722,0.00000,0.00000,0.00000,0.00000,0.13658,0.00000,0.50090,0.09785,0.00592,0.00000,0.12848,0.00407,0.12123,0.00488,0.00009
24.98133,6,0.28637,0.00032,0.00214,0.02000,0.00171,0.03758,0.00511,0.77638,0.04849,0.00800,0.00787,0.05793,0.00016,0.00273,0.01701,0.01459,0.00000,0.00000,0.00000,0.00000,0.12031,0.00000,0.53161,0.09341,0.00160,0.00000,0.13084,0.00110,0.11978,0.00132,0.00002
25.00267,6,0.25194,0.00052,0.00313,0.03022,0.00176,0.04134,0.00604,0.67137,0.03540,0.00711,0.03315,0.04534,0.00019,0.00325,0.01250,0.10868,0.00000,0.00000,0.00000,0.00000,0.10782,0.00000,0.53981,0.08914,0.00043,0.00000,0.14221,0.00030,0.11992,0.00036,0.00001
25.02400,6,0.28962,0.00051,0.01284,0.02324,0.00128,0.02930,0.00893,0.47007,0.02446,0.00616,0.12014,0.03646,0.00022,0.00280,0.00960,0.25399,0.00000,0.00000,0.00000,0.00000,0.09961,0.00000,0.53525,0.08684,0.00012,0.00000,0.15509,0.00008,0.12291,0.00010,0.00000
25.04533,14,0.33508,0.00122,0.01046,0.01624,0.00089,0.02098,0.01066,0.33494,0.01707,0.00763,0.15311,0.03526,0.00025,0.00242,0.01111,0.37776,0.00000,0.00000,0.00000,0.00000,0.09524,0.00000,0.52370,0.08680,0.00003,0.00000,0.16603,0.00002,0.12814,0.00003,0.00000
25.06667,14,0.37291,0.00114,0.00745,0.01129,0.00063,0.01467,0.00757,0.23114,0.01179,0.00928,0.13546,0.02776,0.00020,0.00255,0.00874,0.53032,0.00000,0.00000,0.00000,0.00000,0.09428,0.00000,0.51678,0.08761,0.00002,0.00000,0.17003,0.00001,0.13126,0.00001,0.00000
25.08800,14,0.44604,0.00081,0.00522,0.00784,0.00043,0.01014,0.00899,0.15949,0.00814,0.00892,0.27972,0.02071,0.00371,0.00374,0.00645,0.47568,0.00000,0.00000,0.00000,0.00000,0.11767,0.00000,0.13980,0.02370,0.09178,0.00000,0.12931,0.00000,0.15520,0.00000,0.34253
25.10933,9,0.51305,0.00056,0.00362,0.00546,0.00030,0.00700,0.00686,0.11005,0.00562,0.00636,0.46589,0.01725,0.00416,0.02565,0.00454,0.33667,0.00000,0.00000,0.00000,0.00000,0.11883,0.00000,0.03783,0.00641,0.11555,0.00000,0.11318,0.00000,0.14498,0.00000,0.46321
25.13067,9,0.55195,0.00039,0.00255,0.00403,0.00022,0.00485,0.00675,0.07594,0.00388,0.00464,0.41186,0.02002,0.01002,0.20933,0.00332,0.24222,0.00000,0.00000,0.00000,0.00000,0.13385,0.00000,0.01024,0.00174,0.12211,0.21090,0.13761,0.00000,0.12849,0.00000,0.25506
25.15200,12,0.54255,0.00027,0.00176,0.00278,0.00015,0.00335,0.00481,0.05240,0.00268,0.00323,0.29377,0.01818,0.00919,0.41919,0.00243,0.18580,0.00000,0.00000,0.00000,0.00000,0.14860,0.00000,0.00277,0.00047,0.11845,0.38907,0.14898,0.00000,0.12266,0.00000,0.06900
25.17333,12,0.50161,0.00019,0.01341,0.02498,0.00016,0.00249,0.00337,0.03616,0.00185,0.00283,0.20360,0.02955,0.00829,0.51480,0.00175,0.15657,0.00000,0.00000,0.00000,0.00000,0.15314,0.00000,0.00075,0.00013,0.12546,0.22063,0.13839,0.05669,0.28614,0.00000,0.01867
25.19467,12,0.45923,0.00013,0.01145,0.32385,0.00017,0.00177,0.00233,0.02495,0.00128,0.00238,0.14050,0.02044,0.00572,0.35530,0.00121,0.10853,0.00000,0.00000,0.00000,0.00000,0.13536,0.00000,0.00020,0.00003,0.12322,0.05969,0.11442,0.10139,0.46064,0.00000,0.00505
25.21600,2,0.43124,0.00009,0.00925,0.50758,0.00276,0.00127,0.00198,0.01722,0.00091,0.02198,0.09738,0.01452,0.00396,0.24522,0.00084,0.07505,0.00000,0.00000,0.00000,0.00000,0.11834,0.00000,0.00005,0.00001,0.11806,0.01615,0.09623,0.11431,0.53548,0.00000,0.00137
25.23733,2,0.42476,0.00006,0.00822,0.38247,0.00410,0.00120,0.00153,0.01188,0.00066,0.27666,0.06732,0.01975,0.00277,0.17083,0.00059,0.05196,0.00000,0.00000,0.22472,0.00000,0.12353,0.00000,0.00001,0.00000,0.06109,0.05671,0.12153,0.06100,0.35101,0.00000,0.00037
25.25867,8,0.45526,0.00004,0.00649,0.26421,0.00291,0.00090,0.00107,0.00820,0.00047,0.49050,0.04662,0.01991,0.00194,0.11887,0.00041,0.03745,0.00000,0.00000,0.43021,0.00000,0.11704,0.00000,0.00000,0.00000,0.01653,0.09659,0.13274,0.01650,0.19028,0.00000,0.00010
25.28000,8,0.46878,0.00003,0.00507,0.18236,0.00206,0.00081,0.00078,0.00567,0.00040,0.61791,0.03312,0.02896,0.00138,0.08426,0.00033,0.03688,0.00000,0.00000,0.24745,0.00000,0.11171,0.00000,0.00000,0.00000,0.21940,0.05463,0.15295,0.06381,0.15002,0.00000,0.00003
25.30133,8,0.51122,0.00003,0.00383,0.12584,0.00147,0.00067,0.00081,0.00405,0.00034,0.64965,0.02438,0.02733,0.00119,0.06992,0.00025,0.09023,0.00000,0.00000,0.06694,0.00000,0.11092,0.00000,0.00000,0.00000,0.43202,0.01478,0.15002,0.09506,0.13025,0.00000,0.00001
25.32267,8,0.51693,0.00003,0.00274,0.08684,0.00108,0.00051,0.00059,0.00285,0.00026,0.46623,0.01902,0.02170,0.00092,0.05454,0.00023,0.34246,0.00000,0.00000,0.03482,0.00000,0.11153,0.00000,0.00000,0.00000,0.48357,0.00769,0.14227,0.09651,0.12361,0.00000,0.00000
25.34400,14,0.50377,0.00002,0.00191,0.06001,0.00074,0.00039,0.00042,0.00233,0.00022,0.32181,0.01341,0.01508,0.00070,0.03854,0.00018,0.54425,0.00000,0.00000,0.00942,0.00000,0.11675,0.00000,0.00000,0.00000,0.52978,0.00208,0.13019,0.09485,0.11692,0.00000,0.00000
25.36533,14,0.46982,0.00001,0.00132,0.04154,0.00051,0.00065,0.00029,0.10800,0.00126,0.22211,0.00927,0.01043,0.00050,0.02768,0.00013,0.57629,0.00000,0.00000,0.00255,0.00000,0.12550,0.00000,0.00000,0.00000,0.33861,0.00056,0.12300,0.04931,0.14385,0.00000,0.21661
25.38667,14,0.41731,0.00001,0.00091,0.02881,0.00039,0.00076,0.00026,0.36558,0.00472,0.15326,0.00640,0.00720,0.00035,0.01913,0.00009,0.41214,0.00000,0.00000,0.00069,0.00000,0.12284,0.00000,0.00000,0.00000,0.18255,0.00015,0.11330,0.01334,0.14940,0.00000,0.41771
25.40800,6,0.38305,0.00001,0.00063,0.01991,0.00041,0.00132,0.00022,0.55526,0.00888,0.10575,0.00442,0.00497,0.00024,0.01321,0.00006,0.28472,0.00000,0.00000,0.00019,0.00000,0.11955,0.00000,0.00000,0.00000,0.14044,0.00004,0.10832,0.00361,0.13748,0.00000,0.49037
25.42933,6,0.35434,0.00001,0.00043,0.01379,0.00040,0.00190,0.00018,0.68929,0.00865,0.07297,0.00305,0.00343,0.00017,0.00914,0.00004,0.19655,0.00000,0.00000,0.00005,0.00000,0.14675,0.00000,0.21946,0.05761,0.06952,0.00001,0.10418,0.00098,0.13857,0.00000,0.26287
25.45067,6,0.31706,0.00000,0.00031,0.00955,0.00033,0.00138,0.00014,0.78410,0.00636,0.05037,0.00211,0.00260,0.00012,0.00632,0.00003,0.13628,0.00000,0.00000,0.00001,0.00000,0.15129,0.00000,0.42316,0.09516,0.01881,0.00000,0.10569,0.00026,0.13447,0.00000,0.07114
25.47200,6,0.31354,0.00001,0.00027,0.00659,0.00023,0.00096,0.00027,0.61089,0.00439,0.03583,0.00164,0.22888,0.00013,0.00656,0.00002,0.10331,0.00000,0.00000,0.00000,0.00000,0.13621,0.00000,0.50089,0.09785,0.00509,0.00000,0.11443,0.00007,0.12620,0.00000,0.01925
25.49333,10,0.29333,0.00001,0.00022,0.00455,0.00016,0.00067,0.00019,0.42275,0.00303,0.05686,0.00116,0.43023,0.00026,0.00664,0.00002,0.07324,0.00000,0.00000,0.00000,0.00000,0.12021,0.00000,0.53161,0.09341,0.00138,0.00000,0.12704,0.00002,0.12113,0.00000,0.00521
25.51467,10,0.29304,0.00001,0.00026,0.00315,0.00011,0.00048,0.00015,0.29175,0.00210,0.29174,0.00083,0.35352,0.00031,0.00502,0.00002,0.05054,0.00000,0.00000,0.00000,0.00000,0.12601,0.00000,0.27971,0.04738,0.06750,0.00000,0.28925,0.06157,0.06252,0.06466,0.00141
25.53600,8,0.29913,0.00002,0.00027,0.00218,0.00012,0.00295,0.00031,0.20134,0.00181,0.48742,0.00067,0.26377,0.00050,0.00368,0.00007,0.03488,0.00000,0.00000,0.00000,0.00000,0.12377,0.00000,0.07567,0.01282,0.12022,0.00000,0.43284,0.10276,0.01691,0.11463,0.00038
25.55733,8,0.29119,0.00110,0.00071,0.00175,0.00053,0.00321,0.00418,0.13897,0.00214,0.46686,0.00083,0.34199,0.00717,0.00480,0.00157,0.02417,0.00000,0.00000,0.00000,0.00000,0.11727,0.00000,0.02048,0.00347,0.28303,0.00000,0.32633,0.11515,0.07027,0.06391,0.00010
25.57867,10,0.28772,0.00133,0.00076,0.00128,0.00058,0.00228,0.00670,0.09595,0.00150,0.32285,0.00064,0.53291,0.01107,0.00387,0.00132,0.01697,0.00000,0.00000,0.00000,0.00000,0.11242,0.00000,0.00554,0.00094,0.44923,0.00000,0.19693,0.10894,0.10868,0.01729,0.00003
25.60000,10,0.27531,0.00162,0.00244,0.00276,0.00085,0.00769,0.01548,0.07000,0.00199,0.24747,0.00206,0.61657,0.01199,0.00514,0.00121,0.01273,0.00000,0.00000,0.00000,0.00000,0.11231,0.00000,0.00288,0.00049,0.49252,0.00000,0.16667,0.10373,0.11239,0.00899,0.00001
25.62133,10,0.29534,0.00386,0.00619,0.00538,0.00160,0.01145,0.08022,0.07191,0.00743,0.18684,0.00197,0.59598,0.01080,0.00607,0.00098,0.00930,0.00000,0.00000,0.00000,0.00000,0.12652,0.00000,0.00078,0.00013,0.23494,0.00000,0.38852,0.11842,0.03041,0.10028,0.00000
25.64267,10,0.28347,0.00617,0.02471,0.00554,0.00198,0.01341,0.07604,0.05300,0.00675,0.17286,0.00240,0.60102,0.01434,0.01056,0.00138,0.00983,0.00000,0.00000,0.00000,0.00000,0.12056,0.00000,0.00021,0.00004,0.16690,0.00000,0.46571,0.11485,0.00823,0.12350,0.00000
25.66400,10,0.29559,0.00511,0.01805,0.00512,0.00167,0.03061,0.07351,0.04439,0.01175,0.13732,0.00185,0.59540,0.02222,0.04373,0.00213,0.00713,0.00000,0.00000,0.00000,0.00000,0.12008,0.00000,0.00006,0.00001,0.15373,0.00000,0.48579,0.10987,0.00223,0.12823,0.00000
25.68533,10,0.27158,0.00389,0.01246,0.00423,0.00123,0.02689,0.05085,0.03092,0.28501,0.09492,0.00139,0.42670,0.01686,0.03546,0.00424,0.00495,0.00000,0.00000,0.00000,0.00000,0.12910,0.00000,0.00002,0.00000,0.15733,0.00000,0.47738,0.10737,0.00060,0.12820,0.00000
25.70667,7,0.23921,0.00293,0.00862,0.00334,0.00092,0.02229,0.03525,0.02150,0.50015,0.06552,0.00096,0.29473,0.01176,0.02566,0.00293,0.00342,0.00000,0.00000,0.00000,0.00000,0.14576,0.00000,0.00000,0.00000,0.16574,0.00000,0.45322,0.10772,0.00016,0.12738,0.00000
25.72800,7,0.22126,0.00216,0.00595,0.00235,0.00073,0.01610,0.02468,0.01489,0.65351,0.04521,0.00067,0.20340,0.00812,0.01785,0.00203,0.00236,0.00000,0.00000,0.00000,0.00000,0.13405,0.00000,0.00000,0.22763,0.14734,0.00000,0.29574,0.05659,0.07251,0.06613,0.00000
25.74933,7,0.20673,0.00167,0.00418,0.00170,0.00070,0.01218,0.11226,0.01032,0.65648,0.03123,0.00047,0.14187,0.00654,0.01696,0.00177,0.00166,0.00000,0.00000,0.00000,0.00000,0.11237,0.00000,0.00000,0.47292,0.10609,0.00000,0.16516,0.01531,0.11025,0.01790,0.00000
25.77067,7,0.18247,0.00124,0.00291,0.00167,0.00062,0.01005,0.26004,0.00736,0.56164,0.02157,0.00034,0.10087,0.00884,0.02015,0.00134,0.00135,0.00000,0.00000,0.00000,0.00000,0.10628,0.00000,0.00000,0.58035,0.07759,0.00000,0.11868,0.00414,0.10812,0.00484,0.00000
25.79200,7,0.19517,0.00130,0.00202,0.00275,0.00066,0.00729,0.39052,0.00523,0.39777,0.01495,0.00039,0.10316,0.02200,0.04938,0.00110,0.00147,0.00000,0.00000,0.00000,0.00000,0.10860,0.00000,0.00000,0.61673,0.06249,0.00000,0.10443,0.00112,0.10533,0.00131,0.00000
25.81333,5,0.18842,0.00097,0.00142,0.00195,0.00049,0.00517,0.39932,0.00369,0.27470,0.01046,0.00038,0.08087,0.03297,0.18541,0.00079,0.00141,0.00000,0.00000,0.00000,0.00000,0.11564,0.00000,0.00000,0.61024,0.05854,0.00000,0.10532,0.00030,0.10959,0.00035,0.00000
25.83467,5,0.18324,0.00112,0.00112,0.00236,0.00115,0.08590,0.27889,0.00564,0.21867,0.03799,0.00096,0.09689,0.03471,0.23275,0.00066,0.00119,0.00000,0.00000,0.00000,0.00000,0.12828,0.22298,0.00000,0.31032,0.08469,0.00000,0.12021,0.00008,0.13335,0.00010,0.00000
25.85600,7,0.17758,0.00135,0.00722,0.00231,0.00097,0.12573,0.19979,0.00593,0.21176,0.17379,0.00072,0.07183,0.02566,0.17153,0.00049,0.00093,0.00000,0.00000,0.00000,0.00000,0.12676,0.36341,0.00000,0.16145,0.09128,0.00000,0.12217,0.00004,0.13485,0.00005,0.00000
25.87733,4,0.14925,0.00604,0.01000,0.00579,0.00152,0.31359,0.13929,0.00690,0.17843,0.14988,0.00054,0.05025,0.01778,0.11891,0.00037,0.00071,0.00000,0.00000,0.00000,0.00000,0.11604,0.51263,0.00000,0.04368,0.08652,0.00000,0.11932,0.00001,0.12178,0.00001,0.00000
25.89867,4,0.12047,0.00958,0.00979,0.00501,0.00164,0.49842,0.09761,0.00686,0.13011,0.11046,0.00041,0.03483,0.01229,0.08221,0.00027,0.00051,0.00000,0.00000,0.00000,0.00000,0.27400,0.19667,0.00000,0.13023,0.12534,0.00000,0.14194,0.00000,0.13182,0.00000,0.00000
25.92000,4,0.10316,0.03824,0.02324,0.00486,0.00329,0.56117,0.07279,0.00570,0.09960,0.09919,0.00051,0.02461,0.00872,0.05731,0.00028,0.00050,0.00000,0.00000,0.00000,0.00000,0.42946,0.14231,0.00000,0.03524,0.12259,0.00000,0.14244,0.00000,0.12796,0.00000,0.00000
25.94133,4,0.21371,0.07284,0.05647,0.00527,0.01120,0.43513,0.05244,0.00451,0.07261,0.18811,0.00844,0.02013,0.00881,0.04295,0.00049,0.02060,0.00000,0.00000,0.00000,0.00000,0.48374,0.12980,0.00000,0.00953,0.10722,0.00000,0.13886,0.00000,0.13085,0.00000,0.00000
25.96267,4,0.30753,0.05160,0.20569,0.00409,0.00968,0.30155,0.03678,0.00330,0.05014,0.25552,0.00599,0.01532,0.00732,0.03662,0.00036,0.01606,0.00000,0.00000,0.00000,0.00000,0.49139,0.12959,0.00000,0.00258,0.09686,0.00000,0.14029,0.00000,0.13929,0.00000,0.00000
25.98400,8,0.35022,0.03578,0.30482,0.00306,0.00780,0.20865,0.02574,0.00234,0.03460,0.31862,0.00415,0.01117,0.00521,0.02647,0.00025,0.01136,0.00000,0.00000,0.00000,0.00000,0.47362,0.13346,0.00000,0.00070,0.09414,0.00000,0.14706,0.00000,0.15103,0.00000,0.00000
26.00533,8,0.34055,0.02754,0.25687,0.00981,0.03283,0.17324,0.11200,0.00297,0.02488,0.31467,0.00320,0.00875,0.00393,0.01909,0.00020,0.01001,0.00000,0.00000,0.00000,0.00000,0.29334,0.07077,0.00000,0.00019,0.26451,0.00000,0.16428,0.05936,0.14755,0.00000,0.00000
26.02667,3,0.37084,0.01917,0.18448,0.01227,0.25438,0.13115,0.11954,0.00215,0.01746,0.21890,0.00266,0.01286,0.00291,0.01439,0.00028,0.00739,0.00000,0.00000,0.00000,0.00000,0.16007,0.01915,0.00000,0.00005,0.44420,0.00000,0.15309,0.09385,0.12959,0.00000,0.00000
26.04800,3,0.48271,0.01323,0.12737,0.00877,0.44031,0.09413,0.08308,0.00150,0.01207,0.15109,0.00202,0.03810,0.00519,0.01778,0.00020,0.00518,0.06817,0.00000,0.00000,0.19930,0.14849,0.00518,0.00000,0.00001,0.33123,0.00000,0.13363,0.04987,0.06411,0.00000,0.00000
26.06933,3,0.46979,0.00914,0.08789,0.00607,0.31548,0.06561,0.05763,0.00106,0.00835,0.10434,0.00168,0.24139,0.00760,0.08864,0.00015,0.00497,0.11081,0.00000,0.00000,0.36626,0.15149,0.00140,0.00000,0.00000,0.19497,0.00000,0.14424,0.01349,0.01734,0.00000,0.00000
26.09067,10,0.42559,0.00631,0.06064,0.00419,0.21771,0.07636,0.04016,0.00285,0.00577,0.07299,0.00133,0.43533,0.00536,0.06716,0.00012,0.00372,0.11546,0.00000,0.00000,0.41632,0.14696,0.00038,0.00000,0.00000,0.14732,0.00000,0.16521,0.00365,0.00469,0.00000,0.00000
26.11200,10,0.38243,0.00441,0.04185,0.00290,0.15022,0.17911,0.02849,0.11802,0.00401,0.05045,0.00119,0.36364,0.00383,0.04914,0.00013,0.00260,0.06011,0.00000,0.00000,0.22120,0.14213,0.00010,0.00000,0.00000,0.13730,0.00000,0.31068,0.06255,0.00127,0.06466,0.00000
26.13333,6,0.34381,0.00325,0.02891,0.00205,0.10366,0.21770,0.02167,0.29151,0.00280,0.03508,0.00084,0.25159,0.00289,0.03602,0.00015,0.00188,0.03127,0.00000,0.00000,0.11506,0.13522,0.00005,0.00000,0.00000,0.13818,0.00000,0.39085,0.09087,0.00066,0.09785,0.00000
26.15467,4,0.30707,0.00725,0.02109,0.00185,0.07155,0.38334,0.04256,0.21841,0.00196,0.04775,0.00072,0.17398,0.00214,0.02588,0.00013,0.00140,0.00846,0.00000,0.00000,0.03114,0.12291,0.00001,0.00000,0.00000,0.14072,0.00000,0.46634,0.10739,0.00018,0.12284,0.00000
26.17600,4,0.28009,0.00506,0.01457,0.00157,0.04939,0.54855,0.04519,0.15125,0.00140,0.03303,0.00930,0.12006,0.00148,0.01801,0.00010,0.00103,0.00229,0.00000,0.00000,0.00842,0.29234,0.05799,0.11418,0.02997,0.10937,0.00000,0.22542,0.02905,0.09774,0.03323,0.00000
26.19733,4,0.30756,0.00350,0.01006,0.00559,0.03408,0.41335,0.03579,0.10441,0.00159,0.02289,0.27151,0.08286,0.00102,0.01251,0.00007,0.00077,0.00062,0.00000,0.00000,0.00228,0.43442,0.10478,0.03090,0.00811,0.11827,0.00000,0.16503,0.00786,0.11874,0.00899,0.00000
26.21867,9,0.41331,0.00242,0.00694,0.00457,0.02352,0.28529,0.02569,0.07219,0.00240,0.01598,0.49340,0.05728,0.00071,0.00889,0.00005,0.00067,0.00017,0.00000,0.00000,0.00062,0.48508,0.11965,0.00836,0.00219,0.10605,0.00000,0.14497,0.00213,0.12836,0.00243,0.00000
26.24000,9,0.46821,0.00167,0.00479,0.00560,0.01623,0.19687,0.01773,0.04982,0.00167,0.01104,0.63620,0.04000,0.00067,0.01330,0.00004,0.00437,0.00005,0.00000,0.00000,0.00017,0.32832,0.06430,0.00226,0.00059,0.11191,0.21090,0.15430,0.00058,0.12598,0.00066,0.00000
26.26133,9,0.48183,0.00116,0.00343,0.00848,0.01125,0.13664,0.01228,0.03443,0.00125,0.00806,0.49148,0.04290,0.00465,0.13922,0.00010,0.10468,0.00001,0.00000,0.00000,0.00005,0.20123,0.01740,0.00061,0.00016,0.11569,0.38904,0.15349,0.00016,0.12198,0.00018,0.00000
26.28267,14,0.47523,0.00080,0.00247,0.00586,0.00776,0.09428,0.00848,0.02376,0.00086,0.00566,0.34001,0.02963,0.00326,0.09689,0.00018,0.38009,0.00000,0.00000,0.00000,0.00001,0.17080,0.00471,0.00017,0.00004,0.11291,0.44339,0.14410,0.00004,0.12379,0.00005,0.00000
26.30400,14,0.47161,0.00056,0.12047,0.00408,0.00536,0.06506,0.00635,0.01639,0.00059,0.00688,0.23471,0.02050,0.00229,0.06699,0.00017,0.44959,0.00000,0.00000,0.00000,0.00000,0.14950,0.00127,0.00004,0.00001,0.11897,0.23582,0.12927,0.00001,0.14858,0.00001,0.21651
26.32533,14,0.46321,0.00039,0.26363,0.00287,0.00370,0.04494,0.00631,0.01131,0.00041,0.02216,0.16321,0.01417,0.00163,0.04636,0.00013,0.41877,0.00000,0.00000,0.00000,0.00000,0.12934,0.00034,0.00001,0.00000,0.12312,0.06380,0.11499,0.00000,0.15068,0.00000,0.41769
26.34667,1,0.45758,0.00032,0.42306,0.00207,0.00267,0.03121,0.00911,0.00781,0.00030,0.04875,0.11339,0.00985,0.00117,0.03296,0.00012,0.31721,0.00000,0.00000,0.00000,0.00000,0.12131,0.00009,0.00000,0.00000,0.12435,0.01726,0.10878,0.00000,0.13783,0.00000,0.49037
26.36800,1,0.44917,0.00076,0.40143,0.00291,0.01514,0.02586,0.01871,0.00542,0.00153,0.18316,0.08409,0.00740,0.00100,0.02392,0.00028,0.22841,0.00000,0.22294,0.00000,0.00000,0.12591,0.00003,0.00000,0.00000,0.12765,0.00467,0.12971,0.00000,0.12620,0.00000,0.26289
26.38933,8,0.43998,0.00173,0.28008,0.00257,0.04974,0.02259,0.01756,0.00379,0.02316,0.33316,0.05924,0.02381,0.00142,0.02153,0.00039,0.15923,0.00000,0.36438,0.00000,0.00000,0.12036,0.00001,0.00000,0.00000,0.12157,0.00243,0.13463,0.00000,0.11987,0.00000,0.13674
26.41067,8,0.44156,0.00146,0.19336,0.00205,0.03777,0.01649,0.01267,0.00263,0.01975,0.47111,0.04239,0.04789,0.00281,0.02597,0.00111,0.12257,0.00000,0.51656,0.00000,0.00000,0.10045,0.00000,0.00000,0.00000,0.10364,0.00066,0.13046,0.00000,0.11124,0.00000,0.03699
26.43200,8,0.47281,0.00102,0.13349,0.00143,0.02885,0.01149,0.00877,0.00182,0.01364,0.62717,0.02940,0.03617,0.00198,0.01840,0.00083,0.08555,0.00000,0.13979,0.00000,0.00000,0.10873,0.00000,0.00000,0.00000,0.37551,0.00018,0.15569,0.08471,0.12539,0.00000,0.01001
26.45333,8,0.52587,0.00070,0.09212,0.00101,0.02016,0.00793,0.00605,0.00125,0.00941,0.70195,0.02135,0.02733,0.03793,0.01300,0.00059,0.05920,0.00000,0.03782,0.00000,0.00000,0.11084,0.00000,0.00000,0.00000,0.49052,0.00005,0.14230,0.09588,0.11989,0.00000,0.00271
26.47467,8,0.52424,0.00049,0.06357,0.00070,0.01391,0.00547,0.00418,0.00089,0.00649,0.49431,0.01475,0.15633,0.18761,0.01004,0.00041,0.04085,0.00000,0.01023,0.00000,0.00000,0.11656,0.00000,0.00000,0.00000,0.53167,0.00001,0.13020,0.09468,0.11592,0.00000,0.00073
26.49600,8,0.51038,0.00034,0.04387,0.00050,0.00960,0.00388,0.05285,0.00068,0.00449,0.34128,0.01018,0.28189,0.21343,0.00854,0.00029,0.02819,0.00000,0.00277,0.00000,0.00000,0.12653,0.00000,0.00000,0.00000,0.52980,0.00000,0.12725,0.09597,0.11749,0.00000,0.00020
26.51733,5,0.44556,0.00023,0.03028,0.00035,0.00663,0.00428,0.34035,0.00050,0.00310,0.23548,0.00702,0.19654,0.14959,0.00599,0.00020,0.01945,0.00000,0.00075,0.00000,0.00000,0.13886,0.00000,0.00000,0.00000,0.50163,0.00000,0.13265,0.10207,0.12400,0.00000,0.00005
26.53867,5,0.37646,0.00016,0.02090,0.00024,0.00457,0.00505,0.54266,0.00035,0.00215,0.16249,0.00485,0.13563,0.10325,0.00414,0.00014,0.01342,0.00000,0.00020,0.00000,0.00000,0.14131,0.22292,0.00000,0.00000,0.30421,0.00000,0.13509,0.05548,0.14078,0.00000,0.00001
26.56000,5,0.32308,0.00013,0.01451,0.00026,0.00332,0.02723,0.65956,0.00070,0.00160,0.11219,0.00335,0.09364,0.07127,0.00289,0.00010,0.00926,0.00000,0.00005,0.00000,0.00000,0.12519,0.45409,0.00000,0.00000,0.14950,0.00000,0.12491,0.01501,0.13125,0.00000,0.00000
26.58133,5,0.28954,0.00089,0.01234,0.00151,0.10394,0.08849,0.58543,0.00130,0.00118,0.07973,0.00234,0.06475,0.04924,0.00209,0.00008,0.00667,0.00000,0.00001,0.00000,0.00000,0.11228,0.54903,0.00000,0.00000,0.09913,0.00000,0.11992,0.00406,0.11555,0.00000,0.00000
26.60267,5,0.35937,0.00092,0.16087,0.00415,0.07594,0.06583,0.41540,0.00091,0.00081,0.17366,0.00748,0.04922,0.03413,0.00196,0.00006,0.00866,0.00000,0.00000,0.00000,0.00000,0.10690,0.57679,0.00000,0.00000,0.08482,0.00000,0.12293,0.00110,0.10746,0.00000,0.00000
26.62400,1,0.44666,0.00064,0.35577,0.00287,0.05240,0.04544,0.28664,0.00063,0.00056,0.18235,0.00517,0.03583,0.02383,0.00175,0.00011,0.00601,0.00000,0.00000,0.00000,0.00000,0.10843,0.56473,0.00000,0.00000,0.08596,0.00000,0.13230,0.00030,0.10828,0.00000,0.00000
26.64533,1,0.49186,0.00045,0.43762,0.00200,0.03616,0.03136,0.19781,0.00043,0.00039,0.12972,0.00360,0.05838,0.01672,0.00155,0.07942,0.00439,0.00000,0.22288,0.00000,0.00000,0.12119,0.28560,0.00000,0.00000,0.10914,0.00000,0.14541,0.00008,0.11568,0.00000,0.00000
26.66667,13,0.49800,0.00031,0.30496,0.00138,0.02495,0.02164,0.13655,0.00030,0.00027,0.09024,0.00256,0.08880,0.01194,0.00133,0.31071,0.00404,0.00000,0.36436,0.00000,0.00000,0.11791,0.14856,0.00000,0.00000,0.11194,0.00000,0.14280,0.00004,0.11440,0.00000,0.00000
26.68800,13,0.49152,0.00021,0.22515,0.00096,0.01724,0.01500,0.11523,0.00021,0.00021,0.10010,0.00231,0.13961,0.00836,0.00095,0.37153,0.00294,0.00000,0.51655,0.00000,0.00000,0.09979,0.04019,0.00000,0.00000,0.10103,0.00000,0.13267,0.00001,0.10976,0.00000,0.00000
26.70933,13,0.48465,0.00015,0.18993,0.00070,0.01200,0.01096,0.14967,0.00016,0.00017,0.21450,0.00175,0.09989,0.00578,0.00070,0.31150,0.00214,0.00000,0.13979,0.00000,0.00000,0.10464,0.01088,0.00000,0.00000,0.11914,0.00000,0.18158,0.00000,0.02970,0.33481,0.07946
26.73067,8,0.48433,0.00013,0.17511,0.00062,0.01149,0.00848,0.13348,0.00012,0.00019,0.26848,0.00228,0.15465,0.00502,0.00115,0.23684,0.00195,0.00000,0.03782,0.00000,0.00000,0.09766,0.00294,0.00000,0.00000,0.12436,0.00000,0.17934,0.00000,0.00804,0.45529,0.09455
26.75200,8,0.49095,0.00014,0.14796,0.00047,0.00868,0.00617,0.14552,0.00009,0.00014,0.31101,0.00434,0.17890,0.00963,0.00260,0.18251,0.00185,0.00000,0.01023,0.00000,0.00000,0.10436,0.00080,0.00000,0.00000,0.28111,0.00000,0.17555,0.05936,0.06788,0.25112,0.04960
26.77333,8,0.47792,0.00015,0.10232,0.00033,0.00616,0.00605,0.10284,0.00009,0.00010,0.48642,0.00475,0.13619,0.01020,0.00311,0.13907,0.00221,0.00000,0.00277,0.00000,0.00000,0.10893,0.00022,0.00000,0.00000,0.44870,0.00000,0.15613,0.09385,0.10803,0.06796,0.01342
26.79467,8,0.46648,0.00014,0.07081,0.00025,0.00433,0.04203,0.07159,0.00141,0.00009,0.60505,0.00341,0.09409,0.00706,0.00219,0.09597,0.00157,0.00000,0.00075,0.00000,0.00000,0.11293,0.00006,0.00000,0.00000,0.51874,0.00000,0.13690,0.09541,0.11320,0.01838,0.00363
26.81600,8,0.48065,0.00014,0.04944,0.00019,0.00300,0.05610,0.05208,0.00100,0.00008,0.57718,0.00540,0.17381,0.00535,0.00384,0.07124,0.00116,0.00000,0.00020,0.00000,0.00000,0.12106,0.00002,0.00000,0.00000,0.53515,0.00000,0.12798,0.09473,0.11490,0.00497,0.00098
26.83733,10,0.46002,0.00010,0.03435,0.00018,0.00207,0.04071,0.03606,0.00069,0.00005,0.40033,0.00411,0.40868,0.00442,0.00429,0.06199,0.00197,0.00000,0.00005,0.00000,0.00000,0.13253,0.00000,0.00000,0.00000,0.51822,0.00000,0.12920,0.09844,0.11993,0.00135,0.00027
26.85867,10,0.40812,0.00009,0.04857,0.10674,0.00145,0.02830,0.02524,0.00047,0.00004,0.27637,0.00296,0.44640,0.00315,0.01532,0.04342,0.00146,0.00000,0.00001,0.00000,0.00000,0.13921,0.00000,0.00000,0.00000,0.32806,0.00000,0.28855,0.11466,0.06441,0.06502,0.00007
26.88000,2,0.36423,0.00011,0.03415,0.36447,0.00109,0.01960,0.01757,0.00033,0.00003,0.19074,0.00226,0.32496,0.00219,0.01133,0.03002,0.00115,0.00000,0.00000,0.00000,0.00000,0.12734,0.00000,0.00000,0.00000,0.19073,0.00000,0.43263,0.11712,0.01743,0.11472,0.00002
26.90133,2,0.41440,0.00009,0.02371,0.54181,0.00153,0.01354,0.01858,0.00023,0.00002,0.13195,0.00287,0.23247,0.00156,0.00790,0.02183,0.00191,0.00000,0.00000,0.22474,0.00000,0.12846,0.00000,0.00000,0.00000,0.08715,0.05235,0.31517,0.05967,0.06854,0.06391,0.00001
26.92267,2,0.46726,0.00007,0.01638,0.39598,0.00131,0.00934,0.01724,0.00016,0.00002,0.09114,0.11674,0.32072,0.00540,0.00675,0.01666,0.00210,0.00000,0.00000,0.35403,0.00000,0.12523,0.00000,0.00000,0.00000,0.04533,0.08014,0.23249,0.03104,0.09848,0.03324,0.00000
26.94400,9,0.45291,0.00005,0.01130,0.27324,0.00098,0.01379,0.01208,0.00025,0.00002,0.06411,0.33208,0.25539,0.01064,0.01129,0.01183,0.00295,0.00000,0.00000,0.47562,0.00000,0.11066,0.00000,0.00000,0.00000,0.01227,0.10439,0.15734,0.00840,0.12234,0.00900,0.00000
26.96533,9,0.39871,0.00013,0.00788,0.18858,0.00118,0.13068,0.04484,0.02028,0.00001,0.04825,0.32828,0.19804,0.00802,0.01293,0.00818,0.00269,0.00000,0.00000,0.26118,0.00000,0.12601,0.00000,0.00000,0.00000,0.06297,0.26829,0.15366,0.00227,0.12318,0.00243,0.00000
26.98667,9,0.33649,0.00022,0.00562,0.13014,0.00108,0.24682,0.07655,0.06518,0.00002,0.03361,0.27782,0.13888,0.00570,0.01079,0.00566,0.00191,0.00000,0.00000,0.07067,0.00000,0.14648,0.00000,0.00000,0.00000,0.10245,0.40458,0.15332,0.00061,0.12122,0.00066,0.00000
27.00800,4,0.30002,0.00016,0.00388,0.08980,0.00077,0.36033,0.05378,0.16176,0.00016,0.02320,0.19274,0.09591,0.00399,0.00758,0.00391,0.00202,0.00000,0.00000,0.01912,0.00000,0.15599,0.00000,0.00000,0.00000,0.10932,0.44758,0.14405,0.00017,0.12358,0.00018,0.00000
27.02933,4,0.40380,0.00011,0.00269,0.06198,0.00073,0.30846,0.03766,0.25015,0.00025,0.01602,0.13457,0.09255,0.00653,0.07651,0.00285,0.00894,0.00000,0.00000,0.00517,0.00000,0.29811,0.05800,0.00000,0.00000,0.12838,0.23688,0.14690,0.00005,0.12647,0.00005,0.00000
27.05067,4,0.46152,0.00009,0.00193,0.04329,0.00083,0.22409,0.02675,0.18199,0.00019,0.01107,0.09330,0.08857,0.09110,0.18079,0.00200,0.05402,0.00000,0.00000,0.00140,0.00000,0.43598,0.10479,0.00000,0.00000,0.12342,0.06410,0.14378,0.00001,0.12651,0.00001,0.00000
27.07200,12,0.45674,0.00007,0.00134,0.03002,0.00060,0.15581,0.01876,0.12574,0.00013,0.00777,0.06462,0.06986,0.07474,0.25759,0.00140,0.19154,0.00000,0.00000,0.00038,0.00000,0.48550,0.11965,0.00000,0.00000,0.10744,0.01734,0.13922,0.00000,0.13046,0.00000,0.00000
27.09333,7,0.40707,0.00010,0.00097,0.02142,0.00046,0.10945,0.01311,0.08697,0.23952,0.00558,0.04477,0.05068,0.05202,0.23831,0.00099,0.13566,0.00000,0.00000,0.00010,0.00000,0.32984,0.06430,0.00000,0.00000,0.11783,0.00469,0.13444,0.05669,0.29211,0.00000,0.00000
27.11467,7,0.34593,0.00013,0.00102,0.01912,0.00457,0.08257,0.01258,0.06155,0.45117,0.00389,0.03101,0.03600,0.03601,0.16604,0.00069,0.09366,0.00000,0.00000,0.00003,0.00000,0.17638,0.01740,0.00000,0.22763,0.12230,0.00127,0.13264,0.04475,0.27759,0.00000,0.00000
27.13600,7,0.29609,0.00044,0.00160,0.04793,0.05094,0.14555,0.00959,0.04488,0.44374,0.00299,0.02141,0.02598,0.02496,0.11483,0.00051,0.06465,0.00000,0.00000,0.00001,0.00000,0.12382,0.00471,0.00000,0.47295,0.09931,0.00034,0.12103,0.01211,0.16573,0.00000,0.00000
27.15733,7,0.26901,0.00151,0.00124,0.03594,0.07004,0.25252,0.01427,0.03190,0.41419,0.00215,0.01478,0.01857,0.01750,0.08028,0.00040,0.04471,0.00000,0.00000,0.00000,0.00000,0.10938,0.00127,0.00000,0.58034,0.07575,0.00009,0.10674,0.00328,0.12314,0.00000,0.00000
27.17867,7,0.36371,0.00126,0.00090,0.02556,0.19388,0.18675,0.03218,0.02205,0.28702,0.00256,0.01077,0.06267,0.01980,0.12334,0.00029,0.03097,0.00000,0.00000,0.00000,0.00000,0.10944,0.00034,0.00000,0.61673,0.06199,0.00003,0.10120,0.00089,0.10939,0.00000,0.00000
27.20000,10,0.34077,0.00088,0.00062,0.01772,0.13391,0.12889,0.02304,0.01523,0.19808,0.00178,0.00751,0.23104,0.07020,0.14881,0.00020,0.02210,0.00000,0.00000,0.00000,0.00000,0.11215,0.00018,0.00000,0.61763,0.05904,0.00001,0.10188,0.00046,0.10865,0.00000,0.00000
27.22133,10,0.28904,0.00061,0.00043,0.01223,0.09240,0.08919,0.20179,0.01053,0.13668,0.00123,0.00520,0.24115,0.07245,0.11715,0.00014,0.01882,0.00000,0.00000,0.00000,0.00000,0.12019,0.00005,0.00000,0.59661,0.05975,0.00000,0.10846,0.00012,0.11481,0.00000,0.00000
27.24267,5,0.25995,0.00042,0.00030,0.00844,0.06376,0.06164,0.44834,0.00728,0.09432,0.00085,0.00359,0.16700,0.05003,0.08095,0.00010,0.01299,0.00000,0.00000,0.00000,0.00000,0.12865,0.00001,0.00000,0.16145,0.11784,0.00000,0.37275,0.09038,0.03107,0.09784,0.00000
27.26400,5,0.23070,0.00031,0.00022,0.00582,0.04399,0.04253,0.61517,0.00502,0.06508,0.00062,0.00268,0.11802,0.03452,0.05586,0.00021,0.00993,0.00000,0.00000,0.00000,0.00000,0.13069,0.22298,0.00000,0.04368,0.12043,0.00000,0.28681,0.05346,0.08233,0.05962,0.00000
27.28533,5,0.20247,0.00038,0.00148,0.00403,0.03036,0.02952,0.71407,0.00354,0.04493,0.00105,0.00756,0.08198,0.02382,0.03856,0.00141,0.01733,0.00000,0.00000,0.00000,0.00000,0.12232,0.45407,0.00000,0.01182,0.09979,0.00000,0.16597,0.01447,0.11543,0.01613,0.00000
27.30667,5,0.18498,0.00051,0.00212,0.00281,0.02096,0.02058,0.67300,0.00249,0.03101,0.00289,0.07499,0.05672,0.01644,0.02669,0.00717,0.06164,0.00000,0.00000,0.00000,0.00000,0.11151,0.54903,0.00000,0.00320,0.08568,0.00000,0.13103,0.00391,0.11128,0.00436,0.00000
27.32800,5,0.27028,0.00038,0.00192,0.00205,0.01446,0.01430,0.49369,0.00175,0.02140,0.00343,0.29736,0.04257,0.01138,0.01855,0.01163,0.06514,0.00000,0.00000,0.00000,0.00000,0.10669,0.57679,0.00000,0.00087,0.08118,0.00000,0.12594,0.00106,0.10630,0.00118,0.00000
27.34933,9,0.41198,0.00026,0.00154,0.00143,0.00998,0.00988,0.34082,0.00121,0.01477,0.00251,0.42816,0.03004,0.00995,0.07922,0.00822,0.06203,0.00000,0.00000,0.00000,0.00000,0.10838,0.56473,0.00000,0.00023,0.08498,0.00000,0.13311,0.00029,0.10797,0.00032,0.00000
27.37067,9,0.48347,0.00018,0.00121,0.00099,0.00689,0.00682,0.23517,0.00083,0.01019,0.00173,0.42910,0.02123,0.12272,0.11419,0.00569,0.04306,0.00000,0.00000,0.00000,0.00000,0.13003,0.28557,0.00000,0.00006,0.10605,0.21088,0.15269,0.00008,0.11457,0.00009,0.00000
27.39200,11,0.50671,0.00012,0.00086,0.00069,0.00475,0.00473,0.16227,0.00057,0.00703,0.00120,0.30889,0.01483,0.31822,0.14201,0.00403,0.02979,0.00000,0.00000,0.00000,0.00000,0.14757,0.07728,0.00000,0.00002,0.11411,0.38904,0.15306,0.00002,0.11889,0.00002,0.00000
27.41333,11,0.51946,0.00009,0.00060,0.00048,0.00328,0.00330,0.11197,0.00040,0.00485,0.00083,0.21421,0.01031,0.52579,0.10055,0.00279,0.02057,0.00000,0.00000,0.00000,0.00000,0.14036,0.02091,0.00000,0.00000,0.11700,0.22063,0.14965,0.21296,0.13848,0.00001,0.00000
27.43467,11,0.50158,0.00006,0.00043,0.00054,0.00226,0.02758,0.07728,0.12744,0.00926,0.00097,0.14797,0.00749,0.47715,0.10542,0.00193,0.01422,0.00000,0.00000,0.00000,0.00000,0.12394,0.00566,0.00000,0.00000,0.12480,0.05968,0.13861,0.41326,0.13405,0.00000,0.00000
27.45600,6,0.44349,0.00004,0.00030,0.00037,0.00156,0.01909,0.05333,0.37907,0.01176,0.00068,0.10212,0.00518,0.34206,0.07328,0.00133,0.00982,0.00000,0.00000,0.00000,0.00000,0.11968,0.00294,0.00000,0.00000,0.12986,0.03105,0.13161,0.45915,0.12570,0.00000,0.00000
27.47733,6,0.39179,0.00003,0.00020,0.00026,0.00108,0.01319,0.03680,0.56953,0.00899,0.00047,0.07047,0.00359,0.23712,0.05058,0.00092,0.00678,0.00000,0.00000,0.00000,0.00000,0.11836,0.00080,0.00000,0.00000,0.14223,0.00840,0.11905,0.50175,0.10940,0.00000,0.00000
27.49867,6,0.34396,0.00002,0.00014,0.00018,0.00075,0.00945,0.02556,0.69752,0.00870,0.00065,0.04866,0.00359,0.16361,0.03585,0.00063,0.00469,0.00000,0.00000,0.00000,0.00000,0.15359,0.00022,0.34670,0.08423,0.03848,0.00227,0.10670,0.13574,0.13207,0.00000,0.00000
27.52000,6,0.34257,0.00002,0.00022,0.00015,0.00052,0.00654,0.01782,0.55028,0.00605,0.00160,0.03441,0.23049,0.11294,0.02727,0.00044,0.01125,0.00000,0.00000,0.00000,0.00000,0.14440,0.00006,0.47071,0.09833,0.01041,0.00062,0.11021,0.03673,0.12853,0.00000,0.00000
27.54133,10,0.39392,0.00001,0.00021,0.00012,0.00036,0.00452,0.01234,0.39073,0.00418,0.00231,0.02526,0.44919,0.07802,0.02224,0.00032,0.01019,0.00000,0.00000,0.00000,0.00000,0.12787,0.00002,0.52002,0.09585,0.00282,0.00017,0.12063,0.00994,0.12270,0.00000,0.00000
27.56267,10,0.42857,0.00001,0.00016,0.00008,0.00025,0.00312,0.00857,0.27062,0.00289,0.06613,0.01844,0.54363,0.05398,0.02475,0.00022,0.00718,0.00000,0.00000,0.00000,0.00000,0.12951,0.00000,0.27651,0.04859,0.06789,0.00005,0.28566,0.06426,0.06289,0.06466,0.00000
27.58400,10,0.41414,0.00002,0.00018,0.00022,0.00025,0.00272,0.01065,0.18801,0.02014,0.27938,0.02578,0.40733,0.03749,0.02046,0.00024,0.00712,0.00000,0.00000,0.00000,0.00000,0.12472,0.00000,0.07483,0.01315,0.12032,0.00001,0.43185,0.10348,0.01702,0.11462,0.00000
27.60533,6,0.36720,0.00035,0.00024,0.00971,0.00179,0.01084,0.01291,0.28863,0.10341,0.21656,0.02343,0.28404,0.02600,0.01671,0.00018,0.00519,0.00000,0.00000,0.00000,0.00000,0.11945,0.00000,0.02024,0.00356,0.13817,0.00000,0.47897,0.10841,0.00460,0.12660,0.00000
27.62667,6,0.32780,0.00030,0.00017,0.00734,0.00131,0.00761,0.00926,0.50581,0.07337,0.14946,0.01617,0.19599,0.01795,0.01154,0.00012,0.00358,0.00000,0.00000,0.00000,0.00000,0.14719,0.00000,0.22486,0.05855,0.07492,0.00000,0.30029,0.05615,0.07141,0.06662,0.00000
27.64800,6,0.30544,0.00032,0.00013,0.00619,0.00125,0.00726,0.00774,0.65250,0.05163,0.10321,0.01120,0.13527,0.01242,0.00832,0.00008,0.00248,0.00000,0.00000,0.00000,0.00000,0.15141,0.00000,0.42465,0.09542,0.02027,0.00000,0.15874,0.01519,0.11630,0.01802,0.00000
27.66933,6,0.37407,0.00050,0.00031,0.00506,0.00096,0.00753,0.03815,0.49604,0.03599,0.07192,0.00896,0.13348,0.01061,0.12122,0.00007,0.06919,0.00000,0.00000,0.00000,0.00000,0.13624,0.00000,0.50130,0.09792,0.00548,0.00000,0.12878,0.00411,0.12129,0.00488,0.00000
27.69067,6,0.36398,0.00037,0.00026,0.00350,0.00067,0.00754,0.02661,0.34259,0.02485,0.05524,0.00767,0.14980,0.01014,0.10745,0.00005,0.26328,0.00000,0.00000,0.00000,0.00000,0.12022,0.00000,0.53171,0.09343,0.00148,0.00000,0.13092,0.00111,0.11980,0.00132,0.00000
27.71200,14,0.34256,0.00026,0.00020,0.00244,0.00048,0.17276,0.01855,0.23685,0.01716,0.04863,0.00545,0.11123,0.00714,0.07467,0.00004,0.30412,0.00000,0.00000,0.00000,0.00000,0.10780,0.00000,0.53984,0.08915,0.00040,0.00000,0.14223,0.00030,0.11993,0.00036,0.00000
27.73333,4,0.36487,0.00019,0.00046,0.00192,0.00068,0.41834,0.01313,0.16660,0.01188,0.03963,0.00377,0.07690,0.00493,0.05158,0.00003,0.20996,0.00000,0.00000,0.00000,0.00000,0.10319,0.00000,0.53874,0.08771,0.00021,0.00000,0.14873,0.00016,0.12108,0.00019,0.00000
27.75467,4,0.46935,0.00016,0.00056,0.00169,0.00263,0.38388,0.04370,0.11515,0.00825,0.02767,0.00269,0.06550,0.00702,0.16682,0.00002,0.17426,0.00000,0.00000,0.00000,0.00000,0.12007,0.00000,0.14579,0.02374,0.09182,0.00000,0.12355,0.00004,0.15245,0.00005,0.34249
27.77600,12,0.46818,0.00011,0.00039,0.00119,0.00183,0.26671,0.03064,0.07949,0.00573,0.01922,0.00192,0.08986,0.00662,0.36983,0.00002,0.12644,0.00000,0.00000,0.00000,0.00000,0.37251,0.08845,0.03944,0.00642,0.12468,0.00000,0.14226,0.00001,0.13356,0.00001,0.09265
27.79733,7,0.42288,0.00008,0.00027,0.00087,0.00126,0.18560,0.02114,0.05487,0.28698,0.01333,0.00133,0.06413,0.00465,0.27807,0.00001,0.08741,0.00000,0.00000,0.00000,0.00000,0.29752,0.05452,0.01067,0.00174,0.12807,0.00000,0.13574,0.05668,0.28998,0.00000,0.02507
27.81867,7,0.37124,0.00006,0.00019,0.00066,0.00089,0.12936,0.01462,0.03810,0.50506,0.00920,0.00092,0.04446,0.00321,0.19294,0.00001,0.06031,0.00000,0.00000,0.00000,0.00000,0.16762,0.01475,0.00289,0.22810,0.12508,0.00000,0.13299,0.04475,0.27703,0.00000,0.00678
27.84000,7,0.32554,0.00004,0.00015,0.00063,0.00062,0.09170,0.01026,0.02794,0.65388,0.00635,0.00064,0.03069,0.00222,0.13323,0.00001,0.04163,0.00000,0.00000,0.00000,0.00000,0.12145,0.00399,0.00078,0.47307,0.10006,0.00000,0.12112,0.01211,0.16558,0.00000,0.00184
27.86133,7,0.27546,0.00024,0.00113,0.05018,0.00054,0.06603,0.01139,0.01944,0.66756,0.00443,0.00206,0.02120,0.00153,0.09196,0.00022,0.06209,0.00000,0.00000,0.00000,0.00000,0.10874,0.00108,0.00021,0.58038,0.07596,0.00000,0.10677,0.00328,0.12310,0.00000,0.00050
27.88267,7,0.22893,0.00084,0.01994,0.14359,0.00067,0.05190,0.05293,0.01358,0.48037,0.00309,0.00248,0.01468,0.00106,0.06347,0.00021,0.15119,0.00000,0.00000,0.00000,0.00000,0.10926,0.00029,0.00006,0.61674,0.06204,0.00000,0.10121,0.00089,0.10938,0.00000,0.00013
27.90400,7,0.21379,0.00062,0.02818,0.11153,0.00047,0.03679,0.28412,0.00939,0.33149,0.00213,0.00351,0.01013,0.00073,0.04380,0.00019,0.13693,0.00000,0.00000,0.00000,0.00000,0.11582,0.00008,0.00002,0.61025,0.05842,0.00000,0.10445,0.00024,0.11068,0.00000,0.00004
27.92533,5,0.19414,0.00043,0.02445,0.07740,0.00032,0.02600,0.46624,0.00649,0.22873,0.00152,0.01723,0.00703,0.00051,0.03022,0.00033,0.11309,0.00000,0.00000,0.00000,0.00000,0.12474,0.00002,0.00000,0.57860,0.06269,0.00000,0.11345,0.00006,0.12042,0.00000,0.00001
27.94667,5,0.31694,0.00030,0.01704,0.05343,0.00022,0.01799,0.33029,0.00449,0.15783,0.00116,0.30356,0.00720,0.00038,0.02093,0.00545,0.07973,0.00000,0.00000,0.00000,0.00000,0.13303,0.22298,0.00000,0.29025,0.08834,0.00000,0.12541,0.00002,0.13996,0.00000,0.00000
27.96800,9,0.45513,0.00021,0.01181,0.03687,0.00015,0.01243,0.22816,0.00311,0.10890,0.00082,0.50616,0.00622,0.00637,0.01994,0.00381,0.05504,0.00000,0.00000,0.00000,0.00000,0.12295,0.45407,0.00000,0.07855,0.09111,0.00000,0.12229,0.00000,0.13103,0.00000,0.00000
27.98933,9,0.54500,0.00014,0.00818,0.02544,0.00011,0.00862,0.15743,0.00216,0.07514,0.00058,0.46569,0.01650,0.17524,0.02283,0.00392,0.03800,0.00000,0.00000,0.00000,0.00000,0.11671,0.51263,0.00000,0.04086,0.08704,0.00000,0.12006,0.00000,0.12271,0.00000,0.00000
28.01067,11,0.53229,0.00010,0.00568,0.01765,0.00007,0.00606,0.10863,0.00149,0.05185,0.00063,0.32338,0.01363,0.41752,0.02263,0.00444,0.02624,0.00000,0.00000,0.00000,0.00000,0.14230,0.13868,0.00000,0.01105,0.11193,0.32576,0.15029,0.00000,0.11999,0.00000,0.00000
28.03200,11,0.47026,0.00007,0.01408,0.05461,0.00005,0.00471,0.07501,0.00104,0.03578,0.00212,0.22325,0.02297,0.51879,0.02613,0.00327,0.01812,0.00000,0.00000,0.00000,0.00000,0.13827,0.03753,0.00000,0.00299,0.11709,0.20242,0.15051,0.21290,0.13829,0.00000,0.00000
28.05333,11,0.39194,0.00005,0.17586,0.04212,0.00004,0.00536,0.05304,0.00082,0.02470,0.00161,0.15419,0.01916,0.47967,0.02842,0.00245,0.01253,0.00000,0.00000,0.00000,0.00000,0.12337,0.01015,0.00000,0.00081,0.12483,0.05476,0.13884,0.41324,0.13399,0.00000,0.00000
28.07467,1,0.34010,0.00004,0.38931,0.02933,0.00003,0.00758,0.03668,0.01576,0.03924,0.00113,0.10646,0.01334,0.33106,0.01967,0.00173,0.00864,0.00000,0.00000,0.00000,0.00000,0.11773,0.00275,0.00000,0.00022,0.13572,0.01481,0.12503,0.48663,0.11711,0.00000,0.00000
28.09600,1,0.31818,0.00003,0.40301,0.02029,0.00002,0.00551,0.02532,0.01154,0.20164,0.00079,0.07346,0.00922,0.22843,0.01359,0.00119,0.00596,0.00000,0.22294,0.00000,0.00000,0.12487,0.00074,0.00000,0.00006,0.13646,0.00401,0.13532,0.26098,0.11462,0.00000,0.00000
28.11733,7,0.29673,0.00002,0.28233,0.01403,0.00003,0.00392,0.01750,0.00827,0.44408,0.00057,0.05069,0.00652,0.15762,0.00948,0.00082,0.00412,0.00000,0.45646,0.00000,0.00000,0.11042,0.00020,0.00000,0.00002,0.11502,0.00108,0.13472,0.07060,0.11148,0.00000,0.00000
28.13867,7,0.38176,0.00004,0.19482,0.00969,0.00026,0.00403,0.02255,0.00603,0.36103,0.00079,0.03517,0.07629,0.11179,0.17398,0.00059,0.00294,0.00000,0.26875,0.00000,0.00000,0.10512,0.00005,0.00000,0.22758,0.11341,0.00029,0.13622,0.01911,0.12947,0.00000,0.00000
28.16000,12,0.38048,0.00003,0.13444,0.00668,0.00020,0.00283,0.01611,0.00417,0.24933,0.00077,0.02559,0.18424,0.10469,0.26744,0.00047,0.00301,0.00000,0.07271,0.00000,0.00000,0.10454,0.00001,0.00000,0.47292,0.09691,0.00008,0.12199,0.00517,0.12566,0.00000,0.00000
28.18133,12,0.32485,0.00002,0.09301,0.00490,0.00014,0.00279,0.15943,0.00290,0.17205,0.00058,0.01789,0.20044,0.08375,0.25870,0.00037,0.00303,0.00000,0.01967,0.00000,0.00000,0.12764,0.00000,0.00000,0.27993,0.10956,0.00002,0.12120,0.05809,0.28389,0.00000,0.00000
28.20267,5,0.27379,0.00002,0.06450,0.00378,0.00010,0.00260,0.41010,0.00203,0.11873,0.00040,0.01236,0.14457,0.05787,0.18058,0.00026,0.00210,0.00000,0.00532,0.00000,0.00000,0.12846,0.00000,0.00000,0.07575,0.11891,0.00001,0.10977,0.10176,0.46001,0.00000,0.00000
28.22400,5,0.26333,0.00001,0.04451,0.00261,0.00007,0.00187,0.59257,0.00140,0.08219,0.00028,0.00854,0.09977,0.03993,0.12460,0.00018,0.00146,0.00000,0.00144,0.00000,0.00000,0.12946,0.22300,0.00000,0.02049,0.11490,0.00000,0.11645,0.05711,0.33713,0.00000,0.00000
28.24533,5,0.24550,0.00002,0.03072,0.00180,0.00005,0.00131,0.71376,0.00098,0.05674,0.00105,0.00603,0.07158,0.02755,0.08599,0.00114,0.00127,0.00000,0.00039,0.00000,0.00000,0.12198,0.45407,0.00000,0.00555,0.09830,0.00000,0.11987,0.01546,0.18438,0.00000,0.00000
28.26667,5,0.39762,0.00003,0.02141,0.00125,0.00005,0.00094,0.53554,0.00069,0.03918,0.07097,0.00559,0.15398,0.01908,0.05988,0.00515,0.08626,0.00000,0.00020,0.00000,0.00000,0.11620,0.51263,0.00000,0.00288,0.09078,0.00000,0.11880,0.00804,0.15046,0.00000,0.00000
28.28800,5,0.39438,0.00002,0.01480,0.00087,0.00004,0.00073,0.36989,0.00049,0.03161,0.24415,0.00433,0.19442,0.01339,0.05828,0.00367,0.06331,0.00000,0.00005,0.00000,0.00000,0.10818,0.56916,0.00000,0.00078,0.08205,0.00000,0.11977,0.00217,0.11782,0.00000,0.00000
28.30933,7,0.36706,0.00001,0.01022,0.00089,0.00004,0.00104,0.25530,0.00038,0.30385,0.19005,0.00300,0.13894,0.00926,0.04071,0.00253,0.04377,0.00000,0.00001,0.00000,0.00000,0.10679,0.57461,0.00000,0.00021,0.08213,0.00000,0.12679,0.00059,0.10887,0.00000,0.00000
28.33067,7,0.33297,0.00001,0.00732,0.00970,0.00011,0.00307,0.17649,0.00095,0.50618,0.13165,0.00207,0.09598,0.00639,0.02811,0.00175,0.03021,0.00000,0.00000,0.00000,0.00000,0.10932,0.29374,0.00000,0.22769,0.10304,0.00000,0.13671,0.00016,0.12933,0.00000,0.00000
28.35200,7,0.29714,0.00022,0.00848,0.01436,0.00258,0.00604,0.12334,0.00157,0.63714,0.09175,0.00145,0.06633,0.00443,0.02016,0.00124,0.02093,0.00000,0.00000,0.00000,0.00000,0.10568,0.07946,0.00000,0.47296,0.09411,0.00000,0.12213,0.00004,0.12563,0.00000,0.00000
28.37333,7,0.26505,0.00064,0.01558,0.05905,0.00383,0.03280,0.08989,0.07191,0.57349,0.06475,0.00142,0.04603,0.00311,0.02041,0.00089,0.01620,0.00000,0.00000,0.00000,0.00000,0.10447,0.02150,0.00000,0.58034,0.07435,0.00000,0.10704,0.00001,0.11228,0.00000,0.00000
28.39467,7,0.25590,0.00047,0.01089,0.04783,0.00274,0.04963,0.06258,0.24196,0.39743,0.04470,0.00186,0.03184,0.00216,0.09368,0.00063,0.01158,0.00000,0.00000,0.00000,0.00000,0.10811,0.00582,0.00000,0.61673,0.06161,0.00000,0.10128,0.00000,0.10645,0.00000,0.00000
28.41600,6,0.41021,0.00033,0.00785,0.05356,0.00235,0.05444,0.04599,0.40246,0.27428,0.03099,0.00201,0.02439,0.00316,0.08342,0.00067,0.01411,0.00000,0.00000,0.00000,0.00000,0.11551,0.00157,0.00000,0.61024,0.05831,0.00000,0.10447,0.00000,0.10989,0.00000,0.00000
28.43733,6,0.51059,0.00023,0.00546,0.06317,0.00202,0.03792,0.03261,0.29684,0.18929,0.02148,0.00693,0.01795,0.10839,0.19806,0.00049,0.01917,0.00000,0.00000,0.00000,0.00000,0.14708,0.00043,0.21944,0.36793,0.03105,0.00000,0.10439,0.00000,0.12969,0.00000,0.00000
28.45867,12,0.46424,0.00016,0.00377,0.04378,0.00140,0.02619,0.02951,0.20483,0.13061,0.01487,0.00479,0.02083,0.08698,0.41759,0.00034,0.01435,0.00000,0.00000,0.00000,0.00000,0.15138,0.00012,0.42318,0.17911,0.00840,0.00000,0.10575,0.00000,0.13206,0.00000,0.00000
28.48000,5,0.39413,0.00011,0.00264,0.03022,0.00096,0.01821,0.30929,0.14139,0.09012,0.01027,0.00333,0.01527,0.06021,0.30765,0.00024,0.01010,0.00000,0.00000,0.00000,0.00000,0.14877,0.00003,0.24490,0.07388,0.06744,0.00000,0.11905,0.05668,0.28925,0.00000,0.00000
28.50133,5,0.34608,0.00008,0.00182,0.02085,0.00067,0.01258,0.52329,0.09758,0.06225,0.00708,0.00230,0.01054,0.04154,0.21228,0.00016,0.00697,0.00000,0.00000,0.00000,0.00000,0.14025,0.22303,0.06624,0.01998,0.10339,0.00000,0.12408,0.04474,0.27827,0.00000,0.00000
28.52267,5,0.29143,0.00063,0.00134,0.01442,0.00048,0.01226,0.65091,0.06750,0.04410,0.00514,0.00165,0.01784,0.02879,0.14926,0.00064,0.00503,0.00000,0.00000,0.00000,0.00000,0.13299,0.36345,0.03446,0.01040,0.10101,0.00000,0.12418,0.02328,0.21024,0.00000,0.00000
28.54400,5,0.27360,0.00095,0.00109,0.01027,0.00046,0.21318,0.48804,0.08347,0.03222,0.00390,0.00129,0.01241,0.01991,0.12884,0.00049,0.00349,0.00000,0.00000,0.00000,0.00000,0.11772,0.51263,0.00933,0.00281,0.08916,0.00000,0.11987,0.00630,0.14218,0.00000,0.00000
28.56533,4,0.25713,0.00069,0.00080,0.00945,0.00032,0.37396,0.33860,0.09425,0.02288,0.00275,0.01124,0.00862,0.01374,0.11982,0.00043,0.00245,0.00000,0.00000,0.00000,0.00000,0.10860,0.56916,0.00252,0.00076,0.08161,0.00000,0.12006,0.00170,0.11558,0.00000,0.00000
28.58667,4,0.28257,0.00054,0.00058,0.00733,0.00025,0.36710,0.23607,0.07880,0.01635,0.00197,0.16744,0.00909,0.00950,0.09488,0.00114,0.00896,0.00000,0.00000,0.00000,0.00000,0.27065,0.35801,0.00068,0.00021,0.11336,0.00000,0.13814,0.00046,0.11849,0.00000,0.00000
28.60800,9,0.39940,0.00037,0.00046,0.00511,0.00017,0.26020,0.16586,0.05625,0.01128,0.00145,0.40436,0.00993,0.00660,0.06769,0.00177,0.00849,0.00000,0.00000,0.00000,0.00000,0.42856,0.18597,0.00018,0.00006,0.11935,0.00000,0.14141,0.00012,0.12435,0.00000,0.00000
28.62933,9,0.42779,0.00026,0.00033,0.00353,0.00012,0.17965,0.11447,0.03882,0.00779,0.00107,0.46757,0.07354,0.00637,0.09688,0.00146,0.00814,0.00000,0.00000,0.00000,0.00000,0.31356,0.08125,0.00005,0.00002,0.11847,0.21092,0.15310,0.00003,0.12260,0.00000,0.00000
28.65067,9,0.40503,0.00018,0.00023,0.00269,0.00009,0.12399,0.07899,0.02679,0.01363,0.00078,0.33330,0.14371,0.00509,0.26027,0.00103,0.00925,0.00000,0.00000,0.00000,0.00000,0.19724,0.02199,0.00001,0.00000,0.11747,0.38905,0.15317,0.00001,0.12107,0.00000,0.00000
28.67200,7,0.37244,0.00012,0.00016,0.00266,0.00008,0.08557,0.05451,0.01850,0.26824,0.00056,0.23098,0.11418,0.00354,0.21340,0.00071,0.00677,0.00000,0.00000,0.00000,0.00000,0.16972,0.00595,0.00000,0.00000,0.11339,0.44338,0.14401,0.00000,0.12354,0.00000,0.00000
28.69333,7,0.40012,0.00009,0.00018,0.00274,0.00021,0.05922,0.03766,0.01286,0.48979,0.00059,0.15951,0.08101,0.00253,0.14778,0.00052,0.00532,0.00000,0.00000,0.00000,0.00000,0.13969,0.00161,0.00000,0.22763,0.11703,0.23576,0.14052,0.00000,0.13774,0.00000,0.00000
28.71467,7,0.43552,0.00006,0.00074,0.00239,0.00082,0.04092,0.02619,0.00889,0.35654,0.00067,0.11235,0.26215,0.00636,0.10447,0.07364,0.00381,0.00000,0.00000,0.00000,0.00000,0.11390,0.00044,0.00000,0.47292,0.09789,0.06380,0.12316,0.00000,0.12790,0.00000,0.00000
28.73600,10,0.42558,0.00004,0.08419,0.00804,0.00057,0.02825,0.01831,0.00614,0.24602,0.00609,0.07757,0.38752,0.00522,0.07826,0.05099,0.00278,0.00000,0.00000,0.00000,0.00000,0.10669,0.00012,0.00000,0.58035,0.07537,0.01726,0.10732,0.00000,0.11290,0.00000,0.00000
28.75733,1,0.41944,0.00003,0.35807,0.00587,0.00039,0.01950,0.01267,0.00424,0.16976,0.00732,0.05357,0.27382,0.00361,0.05403,0.03519,0.00194,0.00000,0.00000,0.00000,0.00000,0.12257,0.00003,0.00000,0.31482,0.10214,0.00467,0.27313,0.06157,0.05642,0.06466,0.00000
28.77867,1,0.43322,0.00002,0.55584,0.00411,0.00029,0.01346,0.00875,0.00292,0.11713,0.00598,0.03698,0.18905,0.00250,0.03729,0.02430,0.00137,0.00000,0.22294,0.00000,0.00000,0.12839,0.00001,0.00000,0.08519,0.12484,0.00126,0.26650,0.04699,0.07298,0.05089,0.00000
28.80000,1,0.45987,0.00002,0.68851,0.00284,0.00023,0.00929,0.00608,0.00202,0.08082,0.00419,0.02554,0.13408,0.00196,0.02596,0.01709,0.00136,0.00000,0.36440,0.00000,0.00000,0.12165,0.00000,0.00000,0.04431,0.12010,0.00066,0.20577,0.02444,0.09219,0.02647,0.00000
28.82133,1,0.46655,0.00003,0.60166,0.00200,0.00016,0.00641,0.00484,0.00139,0.05577,0.00490,0.01764,0.18166,0.00171,0.01807,0.10244,0.00134,0.00000,0.51655,0.00000,0.00000,0.10080,0.00000,0.00000,0.01199,0.10324,0.00018,0.14971,0.00661,0.10375,0.00716,0.00000
28.84267,1,0.46474,0.00005,0.42336,0.00145,0.00013,0.00453,0.00406,0.00096,0.03849,0.00657,0.01253,0.35009,0.00277,0.01314,0.14061,0.00127,0.00000,0.57589,0.00000,0.00000,0.08412,0.00000,0.00000,0.00324,0.08980,0.00005,0.13425,0.00179,0.10891,0.00194,0.00000
28.86400,8,0.45862,0.00003,0.29379,0.00104,0.00014,0.00347,0.00696,0.00067,0.02656,0.30715,0.00893,0.24222,0.00192,0.00907,0.09715,0.00089,0.00000,0.58329,0.00000,0.00000,0.07570,0.00000,0.00000,0.00088,0.08371,0.00001,0.13770,0.00048,0.11771,0.00052,0.00000
28.88533,8,0.46328,0.00003,0.20287,0.00073,0.00037,0.00614,0.01326,0.00046,0.01833,0.50164,0.00641,0.17383,0.00138,0.00674,0.06717,0.00063,0.00000,0.29859,0.00000,0.00000,0.09324,0.00000,0.00000,0.00024,0.25827,0.00000,0.15994,0.05948,0.13010,0.00014,0.00000
28.90667,10,0.45253,0.00002,0.14018,0.00053,0.00033,0.00506,0.01171,0.00032,0.01265,0.36225,0.00530,0.39316,0.00157,0.00717,0.05711,0.00263,0.00000,0.08077,0.00000,0.00000,0.10592,0.00000,0.00000,0.00006,0.44255,0.00000,0.15191,0.09388,0.12486,0.00004,0.00000
28.92800,10,0.43178,0.00004,0.10285,0.10206,0.00033,0.00389,0.00837,0.00022,0.00874,0.25442,0.00473,0.45268,0.00246,0.00888,0.04156,0.00876,0.00000,0.02185,0.00000,0.00000,0.12365,0.00000,0.00000,0.00002,0.32149,0.00000,0.29404,0.11145,0.06284,0.06467,0.00000
28.94933,2,0.40360,0.00003,0.07184,0.37364,0.00028,0.00271,0.00580,0.00016,0.00606,0.17641,0.00352,0.31417,0.00171,0.00618,0.02875,0.00874,0.00000,0.00591,0.00000,0.00000,0.12313,0.00000,0.00000,0.00000,0.18895,0.00000,0.43412,0.11625,0.01700,0.11462,0.00000
28.97067,2,0.39727,0.00005,0.04983,0.51207,0.02624,0.00193,0.00642,0.00011,0.00424,0.12481,0.00398,0.22028,0.00129,0.00499,0.02108,0.02268,0.00000,0.00160,0.22474,0.00000,0.12732,0.00000,0.00000,0.00000,0.08667,0.05235,0.31557,0.05943,0.06842,0.06389,0.00000
28.99200,10,0.42313,0.00005,0.03441,0.36218,0.04464,0.00140,0.00893,0.00008,0.00300,0.08719,0.00994,0.39301,0.00267,0.01923,0.01515,0.01812,0.00000,0.00043,0.43019,0.00000,0.11806,0.00000,0.00000,0.00000,0.02345,0.09541,0.18525,0.01608,0.11382,0.01729,0.00000
29.01333,10,0.42226,0.00004,0.02374,0.25128,0.03124,0.00099,0.00644,0.00006,0.00213,0.06021,0.00825,0.55268,0.00873,0.03070,0.01083,0.01266,0.00000,0.00012,0.24739,0.00000,0.12446,0.00000,0.00000,0.00000,0.07347,0.05430,0.30139,0.06592,0.06363,0.06933,0.00000
29.03467,10,0.41360,0.00013,0.01683,0.19550,0.02521,0.00322,0.00471,0.00017,0.01954,0.07519,0.00991,0.52636,0.01925,0.08508,0.00858,0.01031,0.00000,0.00003,0.06692,0.00000,0.12335,0.00000,0.00000,0.00000,0.12184,0.01469,0.43612,0.10394,0.01721,0.11589,0.00000
29.05600,10,0.39417,0.00025,0.01284,0.23394,0.06777,0.01122,0.00951,0.00057,0.01749,0.17913,0.00736,0.36732,0.01367,0.05983,0.00651,0.01258,0.00000,0.00002,0.03482,0.00000,0.12043,0.00000,0.00000,0.00000,0.13174,0.00764,0.46504,0.10787,0.00895,0.12350,0.00000
29.07733,8,0.38549,0.00070,0.01246,0.16385,0.05790,0.02599,0.01026,0.00087,0.01397,0.38775,0.00518,0.25498,0.00946,0.04154,0.00464,0.01044,0.00000,0.00000,0.00942,0.00000,0.12004,0.00000,0.00000,0.00000,0.14422,0.00207,0.48560,0.10799,0.00242,0.12823,0.00000
29.09867,8,0.38382,0.00073,0.01844,0.11348,0.05456,0.02666,0.00876,0.00072,0.01017,0.53979,0.00366,0.17672,0.00658,0.02879,0.00323,0.00771,0.00000,0.00000,0.00255,0.00000,0.11872,0.00000,0.00000,0.00000,0.29275,0.00056,0.33709,0.11516,0.06636,0.06682,0.00000
29.12000,8,0.39556,0.00079,0.03562,0.07857,0.09391,0.02446,0.00772,0.00054,0.00738,0.59073,0.00327,0.12302,0.00460,0.02004,0.00224,0.00711,0.00000,0.00000,0.00069,0.00000,0.11282,0.00000,0.00000,0.00000,0.45185,0.00015,0.19985,0.10895,0.10762,0.01808,0.00000
29.14133,8,0.41527,0.00109,0.07058,0.05463,0.14874,0.01901,0.00571,0.00040,0.00544,0.58062,0.00334,0.08538,0.00324,0.01393,0.00156,0.00634,0.00000,0.00000,0.00019,0.00000,0.11399,0.00000,0.00000,0.00000,0.51959,0.00004,0.14872,0.09949,0.11309,0.00489,0.00000
29.16267,8,0.43700,0.00118,0.28291,0.03803,0.10387,0.01313,0.00395,0.00028,0.00376,0.43505,0.00234,0.07563,0.00251,0.00967,0.00818,0.01951,0.00000,0.00000,0.00005,0.00000,0.12134,0.00000,0.00000,0.00000,0.53539,0.00001,0.13118,0.09584,0.11487,0.00132,0.00000
29.18400,8,0.45827,0.00083,0.19969,0.02625,0.07171,0.00906,0.00279,0.00019,0.00260,0.30511,0.00167,0.10846,0.00235,0.00695,0.24834,0.01400,0.00000,0.00000,0.00001,0.00000,0.13261,0.00000,0.00000,0.00000,0.51828,0.00000,0.13006,0.09874,0.11992,0.00036,0.00000
29.20533,13,0.45463,0.00057,0.14384,0.01812,0.04951,0.00625,0.00238,0.00013,0.00179,0.21385,0.00163,0.08729,0.00239,0.00482,0.45753,0.00989,0.00000,0.00000,0.00000,0.00000,0.14514,0.00000,0.00000,0.00000,0.48180,0.00000,0.13780,0.10672,0.12844,0.00010,0.00000
29.22667,13,0.45051,0.00040,0.35798,0.01252,0.03420,0.00433,0.00220,0.00009,0.00124,0.15026,0.00234,0.06106,0.00167,0.00333,0.36144,0.00693,0.00000,0.00000,0.00000,0.00000,0.13266,0.00000,0.00000,0.00000,0.30037,0.00000,0.17432,0.05825,0.06946,0.21092,0.05402
29.24800,1,0.43628,0.00028,0.53344,0.00867,0.02362,0.00300,0.00515,0.00007,0.00087,0.11458,0.00172,0.04221,0.00116,0.00231,0.25801,0.00491,0.00000,0.00000,0.00000,0.00000,0.10820,0.00000,0.00000,0.00000,0.17256,0.00000,0.18458,0.01576,0.01879,0.40959,0.09052
29.26933,1,0.42437,0.00019,0.66668,0.00598,0.01631,0.00217,0.00436,0.00005,0.00060,0.08887,0.00121,0.02916,0.00080,0.00160,0.17841,0.00362,0.00000,0.22294,0.00000,0.00000,0.11609,0.00000,0.00000,0.00000,0.14083,0.00000,0.16707,0.00426,0.06280,0.23682,0.04918
29.29067,1,0.42198,0.00014,0.68451,0.00414,0.01390,0.00206,0.00455,0.00003,0.00042,0.13779,0.00088,0.02087,0.00055,0.00112,0.12313,0.00590,0.00000,0.45643,0.00000,0.00000,0.10804,0.00000,0.00000,0.00000,0.11621,0.00000,0.14332,0.00115,0.09745,0.06409,0.01331
29.31200,1,0.41655,0.00012,0.54116,0.00286,0.01155,0.00144,0.00359,0.00003,0.00030,0.11508,0.00120,0.22877,0.00081,0.00235,0.08533,0.00541,0.00000,0.55444,0.00000,0.00000,0.09060,0.00000,0.00000,0.00000,0.09685,0.00000,0.13148,0.00031,0.10539,0.01734,0.00360
29.33333,10,0.40946,0.00009,0.37655,0.00200,0.00800,0.00102,0.00273,0.00002,0.00021,0.09186,0.00106,0.42257,0.00213,0.02760,0.06017,0.00398,0.00000,0.57590,0.00000,0.00000,0.08365,0.00000,0.00000,0.00000,0.09041,0.00000,0.13047,0.00016,0.10852,0.00902,0.00187
29.35467,10,0.37954,0.00012,0.26158,0.00596,0.00735,0.00831,0.19357,0.00150,0.00043,0.13408,0.00081,0.31367,0.00182,0.02559,0.04190,0.00333,0.00000,0.58328,0.00000,0.00000,0.07557,0.00000,0.00000,0.00000,0.08388,0.00000,0.13667,0.00004,0.11760,0.00244,0.00051
29.37600,5,0.31859,0.00269,0.18160,0.00621,0.00837,0.11923,0.26005,0.00229,0.02558,0.12413,0.00065,0.21843,0.00130,0.01812,0.02900,0.00237,0.00000,0.15779,0.00000,0.00000,0.11658,0.00000,0.00000,0.00000,0.12438,0.00000,0.38042,0.09037,0.03181,0.09851,0.00014
29.39733,4,0.28666,0.00216,0.12537,0.00438,0.00664,0.33643,0.19607,0.00181,0.05458,0.08608,0.00045,0.15083,0.00093,0.01262,0.02001,0.00164,0.00000,0.04270,0.00000,0.00000,0.12743,0.22292,0.00000,0.00000,0.12220,0.00000,0.28892,0.05346,0.08252,0.05982,0.00004
29.41867,4,0.25928,0.00159,0.08652,0.00308,0.00465,0.48669,0.13587,0.00138,0.08998,0.05942,0.00031,0.10537,0.00067,0.00939,0.01382,0.00128,0.00000,0.01155,0.00000,0.00000,0.28076,0.24702,0.00000,0.00000,0.12894,0.00000,0.18350,0.01446,0.11757,0.01618,0.00001
29.44000,4,0.31920,0.00152,0.05997,0.00217,0.00336,0.47107,0.09499,0.00124,0.08559,0.04244,0.00042,0.17406,0.00700,0.02756,0.02154,0.00708,0.00000,0.00313,0.00000,0.00000,0.43131,0.15593,0.00000,0.00000,0.12356,0.00000,0.15368,0.00391,0.12410,0.00438,0.00000
29.46133,10,0.32755,0.00106,0.04152,0.00151,0.00242,0.32532,0.06559,0.00086,0.05914,0.03744,0.00044,0.34799,0.00531,0.07531,0.02451,0.01157,0.00000,0.00085,0.00000,0.00000,0.48423,0.13348,0.00000,0.00000,0.10748,0.00000,0.14190,0.00106,0.12981,0.00118,0.00000
29.48267,10,0.31576,0.00073,0.02926,0.10209,0.00415,0.22463,0.04532,0.00059,0.04081,0.03029,0.00104,0.42661,0.00411,0.05532,0.01809,0.01696,0.00000,0.00023,0.00000,0.00000,0.32286,0.06804,0.00000,0.00000,0.11978,0.00000,0.29257,0.06186,0.06967,0.06498,0.00000
29.50400,2,0.31050,0.00052,0.02072,0.35967,0.00664,0.15503,0.03133,0.00041,0.02816,0.03588,0.00099,0.29508,0.00284,0.03818,0.01258,0.01196,0.00000,0.00006,0.00000,0.00000,0.17704,0.01841,0.00000,0.00000,0.13436,0.00000,0.43372,0.10283,0.01885,0.11471,0.00000
29.52533,2,0.30135,0.00154,0.01718,0.45941,0.03290,0.10743,0.02187,0.00029,0.01945,0.08486,0.00168,0.20553,0.00197,0.02640,0.00879,0.01070,0.00000,0.00002,0.22472,0.00000,0.14190,0.00498,0.00000,0.00000,0.07191,0.05235,0.31548,0.05581,0.06892,0.06392,0.00000
29.54667,2,0.27618,0.04591,0.06913,0.47384,0.03460,0.07738,0.02395,0.00050,0.01350,0.06432,0.00180,0.15787,0.00140,0.01841,0.00681,0.01059,0.00000,0.00000,0.43021,0.00000,0.12201,0.00135,0.00000,0.00000,0.01945,0.09541,0.18521,0.01510,0.11396,0.01729,0.00000
29.56800,2,0.23444,0.10532,0.18516,0.35184,0.02628,0.05969,0.07525,0.00095,0.00934,0.04545,0.00159,0.11204,0.00101,0.01284,0.00508,0.00815,0.00000,0.00000,0.50223,0.00000,0.10444,0.00036,0.00000,0.00000,0.00526,0.11028,0.14080,0.00409,0.12786,0.00468,0.00000
29.58933,1,0.19519,0.08928,0.35257,0.26981,0.02287,0.05254,0.07359,0.00208,0.00648,0.03154,0.00158,0.07794,0.00076,0.00898,0.00366,0.00631,0.00000,0.00000,0.51658,0.00000,0.09790,0.00019,0.00000,0.00000,0.00274,0.11472,0.13103,0.00213,0.13228,0.00243,0.00000
29.61067,1,0.16249,0.06241,0.48627,0.24466,0.01791,0.03771,0.05332,0.00153,0.00449,0.02183,0.00135,0.05397,0.00055,0.00622,0.00273,0.00506,0.00000,0.00000,0.52204,0.00000,0.08957,0.00005,0.00000,0.00000,0.00074,0.12208,0.12323,0.00057,0.14105,0.00066,0.00000
29.63200,1,0.19776,0.04864,0.47601,0.25909,0.01301,0.02833,0.04012,0.00117,0.00323,0.01814,0.02086,0.04651,0.00069,0.00589,0.01059,0.02773,0.00000,0.36435,0.14127,0.00000,0.11205,0.00001,0.00000,0.00000,0.08786,0.03304,0.13867,0.00016,0.12241,0.00018,0.00000
29.65333,1,0.30956,0.03365,0.32978,0.18971,0.00916,0.01956,0.03113,0.00082,0.00224,0.01297,0.27986,0.05002,0.00201,0.00695,0.00989,0.02227,0.00000,0.51655,0.03822,0.00000,0.09820,0.00000,0.00000,0.00000,0.09452,0.00894,0.13155,0.00004,0.11193,0.00005,0.00000
29.67467,9,0.35936,0.02322,0.22835,0.13100,0.00632,0.01350,0.02152,0.00056,0.00154,0.00900,0.47084,0.06261,0.00181,0.00659,0.00764,0.01548,0.00000,0.57590,0.01034,0.00000,0.08342,0.00000,0.00000,0.00000,0.08744,0.00242,0.12934,0.00001,0.11112,0.00001,0.00000
29.69600,9,0.38502,0.01604,0.15918,0.09072,0.00437,0.00941,0.01515,0.00039,0.00107,0.00711,0.61018,0.05662,0.00141,0.00526,0.00682,0.01627,0.00000,0.30409,0.00280,0.00000,0.11303,0.00000,0.00000,0.00000,0.10364,0.21156,0.14896,0.00000,0.11592,0.00000,0.00000
29.71733,9,0.42157,0.01113,0.11165,0.06283,0.00305,0.00652,0.01471,0.00028,0.00076,0.00533,0.66035,0.04453,0.00170,0.00541,0.00703,0.06473,0.00000,0.08227,0.00076,0.00000,0.14297,0.00000,0.00000,0.00000,0.11346,0.38924,0.15205,0.00000,0.11926,0.00000,0.00000
29.73867,9,0.43651,0.00787,0.08356,0.04416,0.00228,0.00458,0.02121,0.00021,0.00055,0.00714,0.59759,0.11714,0.01004,0.02469,0.02096,0.05803,0.00000,0.02226,0.00020,0.00000,0.15504,0.00000,0.00000,0.00000,0.11230,0.44343,0.14371,0.00000,0.12305,0.00000,0.00000
29.76000,9,0.49369,0.00556,0.05780,0.03141,0.00165,0.00325,0.02780,0.00016,0.00041,0.00682,0.56624,0.12742,0.02199,0.08633,0.02020,0.04297,0.00000,0.00602,0.00006,0.00000,0.16277,0.00000,0.00000,0.00000,0.11054,0.45740,0.13558,0.00000,0.12762,0.00000,0.00000
29.78133,9,0.52890,0.00385,0.03990,0.02185,0.00120,0.00230,0.02218,0.00013,0.00029,0.00513,0.46990,0.12172,0.03755,0.22634,0.01460,0.03307,0.00000,0.00163,0.00001,0.00000,0.16943,0.00000,0.00000,0.00000,0.11043,0.45569,0.13009,0.00000,0.13272,0.00000,0.00000
29.80267,9,0.52715,0.00266,0.02753,0.01514,0.00088,0.00164,0.01592,0.00014,0.00026,0.00393,0.36295,0.13182,0.04216,0.35184,0.01072,0.03240,0.00000,0.00044,0.00000,0.00000,0.17546,0.00000,0.00000,0.00000,0.11202,0.44696,0.12715,0.00000,0.13797,0.00000,0.00000
29.82400,12,0.48875,0.00184,0.01900,0.01048,0.00067,0.00115,0.01098,0.00014,0.18374,0.00273,0.25371,0.12900,0.03277,0.32324,0.00751,0.02302,0.00000,0.00012,0.00000,0.00000,0.18058,0.00000,0.00000,0.00000,0.11476,0.43560,0.12597,0.00000,0.14298,0.00000,0.00000
29.84533,7,0.42682,0.00127,0.01311,0.00725,0.00055,0.00092,0.00758,0.00016,0.42989,0.00189,0.17524,0.09347,0.02321,0.22431,0.00519,0.01596,0.00000,0.00003,0.00000,0.00000,0.16861,0.00000,0.00000,0.00000,0.12570,0.22368,0.12754,0.05668,0.29776,0.00000,0.00000
29.86667,7,0.37519,0.00088,0.00905,0.00501,0.00042,0.00273,0.00544,0.00019,0.60316,0.00152,0.12095,0.06483,0.01608,0.15494,0.00359,0.01121,0.00000,0.00002,0.00000,0.00000,0.15341,0.00000,0.00000,0.00000,0.12607,0.11635,0.12078,0.08604,0.39733,0.00000,0.00000
29.88800,7,0.33147,0.00067,0.00632,0.00535,0.00038,0.00389,0.04020,0.00021,0.67069,0.00732,0.08457,0.04678,0.01120,0.10971,0.00411,0.00861,0.00000,0.00000,0.00000,0.00000,0.11983,0.00000,0.00000,0.37504,0.11350,0.03147,0.12789,0.02328,0.20899,0.00000,0.00000
29.90933,7,0.27807,0.00062,0.00463,0.07427,0.00035,0.00786,0.08263,0.00044,0.51386,0.00536,0.05871,0.03267,0.00774,0.07599,0.00294,0.13192,0.00000,0.00000,0.00000,0.00000,0.10778,0.00000,0.00000,0.53817,0.08687,0.00852,0.11280,0.00630,0.13957,0.00000,0.00000
29.93067,7,0.23990,0.00059,0.00384,0.16082,0.00029,0.00768,0.23196,0.00039,0.35535,0.00371,0.04073,0.02267,0.00534,0.05254,0.00206,0.11202,0.00000,0.00000,0.00000,0.00000,0.10660,0.00000,0.00000,0.60524,0.06760,0.00230,0.10269,0.00170,0.11386,0.00000,0.00000
29.95200,5,0.20695,0.00078,0.00331,0.22075,0.00021,0.00558,0.33284,0.00033,0.24526,0.00256,0.02872,0.01578,0.00370,0.03635,0.00153,0.10231,0.00000,0.00000,0.00000,0.00000,0.11170,0.00000,0.00000,0.61763,0.05907,0.00062,0.10186,0.00046,0.10866,0.00000,0.00000
29.97333,5,0.31261,0.00065,0.00247,0.17325,0.00017,0.00387,0.43117,0.00024,0.16928,0.00213,0.02172,0.01207,0.00257,0.02542,0.00407,0.15091,0.00000,0.00000,0.00000,0.00000,0.12597,0.22292,0.00000,0.31749,0.08395,0.00017,0.11787,0.00012,0.13150,0.00000,0.00000
29.99467,5,0.41126,0.00045,0.00209,0.12693,0.00012,0.00268,0.29815,0.00018,0.11681,0.00159,0.22154,0.01120,0.00539,0.09322,0.00285,0.11679,0.00000,0.00000,0.00000,0.00000,0.12104,0.45408,0.00000,0.08589,0.08992,0.00005,0.12025,0.00003,0.12874,0.00000,0.00000
30.01600,12,0.44219,0.00032,0.00156,0.08863,0.00009,0.00186,0.20590,0.00014,0.08060,0.00111,0.18589,0.00854,0.07667,0.26561,0.00199,0.08109,0.00000,0.00000,0.00000,0.00000,0.11116,0.54904,0.00000,0.02324,0.08301,0.00001,0.11866,0.00001,0.11487,0.00000,0.00000
30.03733,12,0.44634,0.00022,0.00127,0.06134,0.00008,0.00156,0.14330,0.00014,0.05562,0.00106,0.13045,0.00707,0.12286,0.41690,0.00143,0.05669,0.00000,0.00000,0.00000,0.00000,0.12980,0.29604,0.00000,0.00629,0.10725,0.00000,0.12446,0.05670,0.27946,0.00000,0.00000
30.05867,12,0.44580,0.00016,0.00090,0.04235,0.00006,0.00133,0.09899,0.00011,0.03838,0.00086,0.09629,0.00553,0.13741,0.53687,0.00107,0.03970,0.00000,0.00000,0.00000,0.00000,0.12905,0.08009,0.00000,0.00170,0.11829,0.00000,0.11065,0.10139,0.45883,0.00000,0.00000
30.08000,12,0.44132,0.00011,0.00068,0.02929,0.00005,0.00420,0.06833,0.00012,0.02648,0.00138,0.07041,0.00450,0.25835,0.50736,0.00082,0.02794,0.00000,0.00000,0.00000,0.00000,0.11663,0.02167,0.00000,0.00046,0.11673,0.00000,0.09521,0.11431,0.53499,0.00000,0.00000
30.10133,12,0.41930,0.00008,0.00063,0.02103,0.00008,0.06310,0.04720,0.04881,0.02345,0.00170,0.06010,0.00727,0.31491,0.38994,0.00063,0.02109,0.00000,0.00000,0.00000,0.00000,0.10959,0.00586,0.00000,0.00012,0.11804,0.00000,0.08786,0.11945,0.55906,0.00000,0.00000
30.12267,6,0.37650,0.00006,0.00043,0.01451,0.00005,0.04356,0.03257,0.33799,0.01955,0.00117,0.04148,0.00518,0.21837,0.27000,0.00043,0.01465,0.00000,0.00000,0.00000,0.00000,0.10897,0.00305,0.00000,0.00006,0.12059,0.00000,0.08747,0.12128,0.55857,0.00000,0.00000
30.14400,6,0.34002,0.00004,0.00030,0.01001,0.00004,0.03006,0.02248,0.54303,0.01361,0.00081,0.02862,0.00357,0.15068,0.18633,0.00030,0.01011,0.00000,0.00000,0.00000,0.00000,0.11262,0.00083,0.00000,0.00002,0.12867,0.00000,0.09208,0.12460,0.54120,0.00000,0.00000
30.16533,6,0.29687,0.00003,0.00038,0.00755,0.00004,0.02115,0.01591,0.67850,0.01041,0.00132,0.01987,0.00433,0.10399,0.12930,0.00021,0.00701,0.00000,0.00000,0.00000,0.00000,0.15204,0.00022,0.34669,0.08423,0.03481,0.00000,0.09941,0.03371,0.24889,0.00000,0.00000
30.18667,6,0.28455,0.00006,0.00109,0.00544,0.00003,0.01486,0.01324,0.64512,0.00726,0.00193,0.01452,0.11859,0.07184,0.09783,0.00015,0.00805,0.00000,0.00000,0.00000,0.00000,0.14398,0.00006,0.47072,0.09833,0.00942,0.00000,0.10824,0.00912,0.16013,0.00000,0.00000
30.20800,6,0.33839,0.00004,0.00109,0.00379,0.00002,0.01027,0.00937,0.45464,0.00501,0.00467,0.01066,0.36551,0.04993,0.07853,0.00010,0.00636,0.00000,0.00000,0.00000,0.00000,0.12776,0.00002,0.52002,0.09585,0.00255,0.00000,0.12009,0.00247,0.13125,0.00000,0.00000
30.22933,10,0.35245,0.00003,0.00077,0.00261,0.00002,0.00710,0.00647,0.31413,0.00346,0.12470,0.00754,0.43765,0.03452,0.05652,0.00007,0.00442,0.00000,0.00000,0.00000,0.00000,0.11344,0.00000,0.53776,0.09108,0.00069,0.00000,0.13396,0.00067,0.12240,0.00000,0.00000
30.25067,8,0.36750,0.00002,0.00056,0.00181,0.00001,0.00493,0.00447,0.21698,0.00239,0.38099,0.00544,0.31631,0.02382,0.03915,0.00005,0.00306,0.00000,0.00000,0.00000,0.00000,0.12304,0.00000,0.28084,0.04638,0.06730,0.00000,0.29289,0.06173,0.06318,0.06464,0.00000
30.27200,8,0.36190,0.00002,0.00053,0.00144,0.00052,0.00483,0.00344,0.14985,0.00263,0.56791,0.00387,0.21891,0.01644,0.02711,0.00004,0.00246,0.00000,0.00000,0.00000,0.00000,0.11969,0.00000,0.07598,0.01255,0.26791,0.00000,0.28378,0.10640,0.08280,0.05089,0.00000
30.29333,8,0.35999,0.00148,0.00145,0.00226,0.00963,0.00919,0.00318,0.10360,0.03825,0.59383,0.00945,0.17240,0.01158,0.02117,0.00025,0.02229,0.00000,0.00000,0.00000,0.00000,0.11308,0.00000,0.02055,0.00339,0.44515,0.00000,0.18541,0.10658,0.11207,0.01377,0.00000
30.31467,8,0.34324,0.00111,0.00116,0.00217,0.01080,0.00913,0.00271,0.07156,0.29024,0.44516,0.00685,0.11994,0.00803,0.01513,0.00017,0.01583,0.00000,0.00000,0.00000,0.00000,0.11406,0.00000,0.00556,0.00092,0.51777,0.00000,0.14482,0.09885,0.11429,0.00373,0.00000
30.33600,7,0.31700,0.00080,0.00081,0.00182,0.00806,0.00655,0.00195,0.04940,0.50851,0.30743,0.00474,0.08283,0.00554,0.01046,0.00012,0.01097,0.00000,0.00000,0.00000,0.00000,0.12136,0.00000,0.00150,0.00025,0.53489,0.00000,0.13013,0.09566,0.11519,0.00101,0.00000
30.35733,7,0.29182,0.00057,0.00058,0.00196,0.00589,0.00458,0.00148,0.03409,0.65921,0.21218,0.00328,0.05741,0.00383,0.00726,0.00008,0.00758,0.00000,0.00000,0.00000,0.00000,0.11883,0.00000,0.00041,0.22770,0.33442,0.00000,0.13484,0.05017,0.13336,0.00027,0.00000
30.37867,7,0.28236,0.00112,0.00071,0.00416,0.00663,0.00332,0.00853,0.02359,0.70601,0.14791,0.00241,0.06396,0.00654,0.01918,0.00025,0.00568,0.00000,0.00000,0.00000,0.00000,0.10825,0.00000,0.00011,0.47293,0.15672,0.00000,0.12162,0.01358,0.12671,0.00007,0.00000
30.40000,7,0.30056,0.00082,0.00061,0.00398,0.00617,0.00239,0.02209,0.01638,0.50144,0.10239,0.03348,0.19790,0.01752,0.08820,0.00034,0.00629,0.00000,0.00000,0.00000,0.00000,0.10582,0.00000,0.00006,0.53819,0.11642,0.00000,0.11337,0.00706,0.11905,0.00004,0.00000
30.42133,7,0.29271,0.00066,0.00117,0.00933,0.00497,0.00223,0.01768,0.01134,0.34685,0.07120,0.02885,0.34182,0.02062,0.13611,0.00026,0.00692,0.00000,0.00000,0.00000,0.00000,0.10607,0.00000,0.00002,0.60525,0.07559,0.00000,0.10284,0.00191,0.10831,0.00001,0.00000
30.44267,10,0.27558,0.00055,0.00163,0.22598,0.00372,0.00336,0.01263,0.00812,0.24545,0.05181,0.02541,0.29899,0.01460,0.10221,0.00028,0.00526,0.00000,0.00000,0.00000,0.00000,0.11155,0.00000,0.00000,0.61763,0.06123,0.00000,0.10190,0.00052,0.10716,0.00000,0.00000
30.46400,2,0.31235,0.00063,0.00153,0.44186,0.00980,0.00351,0.01811,0.00571,0.16989,0.03620,0.01817,0.20923,0.01026,0.07115,0.00024,0.00372,0.00000,0.00000,0.00000,0.00000,0.12709,0.00000,0.00000,0.31741,0.09810,0.00000,0.27386,0.06171,0.05717,0.06466,0.00000
30.48533,2,0.40338,0.00044,0.00122,0.55169,0.00818,0.00257,0.01265,0.00406,0.11792,0.02501,0.01268,0.15056,0.05911,0.05047,0.00085,0.00257,0.00000,0.00000,0.22466,0.00000,0.13100,0.00000,0.00000,0.08590,0.06128,0.05233,0.26760,0.04704,0.07927,0.05091,0.00000
30.50667,2,0.46413,0.00036,0.00203,0.47178,0.00697,0.00191,0.00916,0.00294,0.08154,0.01745,0.00966,0.12703,0.23037,0.03551,0.00147,0.00181,0.00000,0.00000,0.43019,0.00000,0.11906,0.00000,0.00000,0.02324,0.01658,0.09541,0.17226,0.01273,0.11676,0.01377,0.00000
30.52800,11,0.52194,0.00034,0.00191,0.33598,0.00529,0.00141,0.00711,0.00228,0.05650,0.01234,0.01280,0.16230,0.37197,0.02575,0.00270,0.00133,0.00000,0.00000,0.50223,0.00000,0.10364,0.00000,0.00000,0.00629,0.00449,0.11028,0.13729,0.00344,0.12862,0.00373,0.00000
30.54933,11,0.51714,0.00025,0.00152,0.23233,0.00381,0.00206,0.00512,0.00198,0.03932,0.00997,0.01333,0.22925,0.43873,0.01897,0.00236,0.00099,0.00000,0.00000,0.26870,0.00000,0.11181,0.00000,0.00000,0.00170,0.05911,0.05967,0.13949,0.21389,0.14462,0.00101,0.00000
30.57067,11,0.50750,0.00022,0.00214,0.16113,0.00281,0.09285,0.00416,0.00947,0.02846,0.11403,0.02221,0.16785,0.37684,0.01463,0.00211,0.00108,0.00000,0.00000,0.07269,0.00000,0.11621,0.00000,0.00000,0.00046,0.10915,0.01614,0.13586,0.41351,0.13571,0.00027,0.00000
30.59200,11,0.47554,0.00037,0.03988,0.14377,0.00367,0.13469,0.00360,0.00726,0.02013,0.20976,0.02654,0.12385,0.26677,0.01079,0.00191,0.00702,0.00000,0.00000,0.01967,0.00000,0.11580,0.00000,0.00000,0.00012,0.13147,0.00437,0.12423,0.48669,0.11757,0.00007,0.00000
30.61333,8,0.45226,0.00033,0.05104,0.12315,0.02295,0.17188,0.00368,0.00543,0.01423,0.29894,0.01975,0.08845,0.18485,0.00802,0.00152,0.00578,0.00000,0.00000,0.00532,0.00000,0.12028,0.00000,0.00000,0.00003,0.14812,0.00118,0.11379,0.50812,0.10314,0.00002,0.00000
30.63467,8,0.51236,0.00026,0.03606,0.08628,0.01915,0.21318,0.00385,0.00382,0.00993,0.32010,0.01408,0.14558,0.12952,0.00932,0.00439,0.00449,0.00000,0.00000,0.00144,0.00000,0.11943,0.00000,0.00000,0.00001,0.29612,0.00032,0.14234,0.32356,0.11677,0.00001,0.00000
30.65600,8,0.57026,0.00021,0.02535,0.06033,0.02184,0.15669,0.00306,0.00265,0.00693,0.30532,0.01018,0.29181,0.09847,0.00756,0.00639,0.00321,0.00000,0.00000,0.00075,0.00000,0.11532,0.00000,0.00000,0.00000,0.38968,0.00017,0.15007,0.22216,0.12185,0.00000,0.00000
30.67733,10,0.60050,0.00018,0.01755,0.04168,0.01708,0.10946,0.00235,0.00183,0.00480,0.21189,0.00721,0.47717,0.09424,0.00585,0.00644,0.00225,0.00000,0.00000,0.00020,0.00000,0.11262,0.00000,0.00000,0.00000,0.49435,0.00005,0.14078,0.13307,0.11893,0.00000,0.00000
30.69867,10,0.60531,0.00016,0.01236,0.02924,0.01312,0.19358,0.00240,0.00145,0.00344,0.16036,0.00531,0.44912,0.11545,0.00470,0.00739,0.00192,0.00000,0.00000,0.00005,0.00000,0.12630,0.00000,0.00000,0.00000,0.33752,0.00001,0.28946,0.12125,0.06074,0.06466,0.00000
30.72000,4,0.57466,0.00013,0.00888,0.02179,0.01995,0.38453,0.00187,0.00117,0.00251,0.12615,0.00390,0.33142,0.08741,0.00332,0.00531,0.00167,0.00000,0.00000,0.00001,0.00000,0.12385,0.00000,0.00000,0.00000,0.19329,0.00000,0.43288,0.11890,0.01644,0.11462,0.00000
30.74133,4,0.55814,0.00009,0.00617,0.01511,0.06254,0.47150,0.00149,0.00101,0.00187,0.13852,0.00314,0.23073,0.06055,0.00232,0.00372,0.00125,0.00000,0.00000,0.00000,0.00000,0.27785,0.05800,0.00000,0.00000,0.15916,0.00000,0.31531,0.06015,0.06564,0.06389,0.00000
30.76267,4,0.54179,0.00007,0.00462,0.01059,0.09877,0.38700,0.00143,0.00075,0.00131,0.12039,0.00783,0.30947,0.04278,0.00981,0.00419,0.00100,0.00000,0.00000,0.00000,0.00000,0.43052,0.10479,0.00000,0.00000,0.13174,0.00000,0.18934,0.01627,0.11005,0.01728,0.00000
30.78400,8,0.62297,0.00006,0.00329,0.00745,0.07049,0.26750,0.00102,0.00052,0.00091,0.36430,0.00581,0.21842,0.04904,0.00744,0.00300,0.00074,0.00000,0.00000,0.00000,0.00000,0.48402,0.11965,0.00000,0.00000,0.10969,0.00000,0.15155,0.00440,0.12601,0.00468,0.00000
30.80533,8,0.65538,0.00008,0.00240,0.00579,0.05870,0.18498,0.00106,0.00037,0.00063,0.38462,0.00488,0.19994,0.14784,0.00565,0.00245,0.00061,0.00000,0.00000,0.00000,0.00000,0.31035,0.06430,0.00000,0.00000,0.26823,0.00000,0.16094,0.06055,0.13436,0.00127,0.00000
30.82667,11,0.70802,0.00006,0.00168,0.00412,0.04163,0.12809,0.00090,0.00026,0.00044,0.27547,0.00360,0.17011,0.36687,0.00438,0.00191,0.00048,0.00000,0.00000,0.00000,0.00000,0.16468,0.01740,0.00000,0.00000,0.44521,0.00000,0.15218,0.09417,0.12602,0.00034,0.00000
30.84800,11,0.70528,0.00005,0.00135,0.00299,0.02885,0.10338,0.00195,0.00020,0.00031,0.19045,0.00259,0.16974,0.49232,0.00338,0.00184,0.00059,0.00000,0.00000,0.00000,0.00000,0.13366,0.00471,0.00000,0.00000,0.31296,0.00000,0.14687,0.26295,0.13877,0.00009,0.00000
30.86933,11,0.68439,0.00005,0.00260,0.00316,0.02108,0.29016,0.00148,0.00034,0.00028,0.13781,0.00205,0.12842,0.40682,0.00254,0.00139,0.00182,0.00000,0.00000,0.00000,0.00000,0.12212,0.00127,0.00000,0.00000,0.17783,0.00000,0.13786,0.42677,0.13412,0.00003,0.00000
30.89067,4,0.66170,0.00006,0.00214,0.00402,0.03407,0.34451,0.00128,0.00174,0.00575,0.18028,0.00222,0.10229,0.31524,0.00190,0.00099,0.00352,0.00000,0.00000,0.00000,0.00000,0.11740,0.00034,0.00000,0.00000,0.15006,0.00000,0.12477,0.49028,0.11714,0.00001,0.00000
30.91200,8,0.62933,0.00006,0.00152,0.00337,0.02577,0.26445,0.00127,0.00134,0.00603,0.35023,0.00182,0.09481,0.23958,0.00317,0.00134,0.00524,0.00000,0.00000,0.00000,0.00000,0.27651,0.05809,0.00000,0.00000,0.14918,0.00000,0.13618,0.26195,0.11809,0.00000,0.00000
30.93333,8,0.62144,0.00005,0.00119,0.00294,0.01945,0.19322,0.00095,0.00105,0.00428,0.52308,0.00241,0.07627,0.16553,0.00433,0.00123,0.00398,0.00000,0.00000,0.00000,0.00000,0.37198,0.08850,0.00000,0.00000,0.14034,0.00000,0.14102,0.13625,0.12192,0.00000,0.00000
30.95467,8,0.66202,0.00005,0.00089,0.00211,0.01373,0.13338,0.00076,0.00073,0.00297,0.60136,0.00168,0.05994,0.17444,0.00422,0.00089,0.00284,0.00000,0.00000,0.00000,0.00000,0.18221,0.02395,0.00000,0.00000,0.38545,0.00000,0.15855,0.12158,0.12827,0.00000,0.00000
30.97600,8,0.67334,0.00004,0.00063,0.00165,0.00967,0.09210,0.00080,0.00052,0.00206,0.43618,0.00120,0.11525,0.33398,0.00321,0.00069,0.00202,0.00000,0.00000,0.00000,0.00000,0.13071,0.00648,0.00000,0.00000,0.49321,0.00000,0.14308,0.10585,0.12067,0.00000,0.00000
30.99733,11,0.66644,0.00004,0.00049,0.00149,0.00682,0.06414,0.00141,0.00037,0.00143,0.30163,0.00089,0.14474,0.47198,0.00239,0.00070,0.00148,0.00000,0.00000,0.00000,0.00000,0.12194,0.00175,0.00000,0.00000,0.53239,0.00000,0.13041,0.09738,0.11613,0.00000,0.00000
31.01867,11,0.65529,0.00003,0.00046,0.00115,0.00473,0.04851,0.00123,0.00029,0.00099,0.20888,0.00088,0.14072,0.58843,0.00183,0.00075,0.00112,0.00000,0.00000,0.00000,0.00000,0.12555,0.00047,0.00000,0.00000,0.33633,0.00000,0.13868,0.26296,0.13601,0.00000,0.00000
31.04000,11,0.62939,0.00005,0.00204,0.00246,0.00356,0.26234,0.00102,0.00049,0.00076,0.15330,0.00190,0.11299,0.45558,0.00143,0.00064,0.00146,0.00000,0.00000,0.00000,0.00000,0.11993,0.00013,0.00000,0.00000,0.18414,0.00000,0.13564,0.42679,0.13338,0.00000,0.00000
31.06133,4,0.61069,0.00011,0.00226,0.00495,0.00626,0.40700,0.00269,0.00382,0.00535,0.11837,0.00214,0.10207,0.34103,0.00109,0.00046,0.00238,0.00000,0.00000,0.00000,0.00000,0.11680,0.00003,0.00000,0.00000,0.15177,0.00000,0.12417,0.49028,0.11694,0.00000,0.00000
31.08267,8,0.60830,0.00014,0.00168,0.00364,0.00485,0.30630,0.00217,0.00284,0.00412,0.34303,0.00209,0.08099,0.23666,0.00149,0.00062,0.00939,0.00000,0.00000,0.00000,0.00000,0.27635,0.05801,0.00000,0.00000,0.14964,0.00000,0.13602,0.26195,0.11804,0.00000,0.00000
31.10400,8,0.60559,0.00010,0.00120,0.00258,0.00345,0.21148,0.00153,0.00197,0.00287,0.54158,0.00150,0.05890,0.16345,0.00218,0.00045,0.00676,0.00000,0.00000,0.00000,0.00000,0.24796,0.04601,0.00000,0.00000,0.28810,0.00000,0.15860,0.13023,0.12911,0.00000,0.00000
31.12533,8,0.60085,0.00007,0.00090,0.00182,0.00245,0.14594,0.00107,0.00137,0.00198,0.65359,0.00327,0.04223,0.13628,0.00300,0.00049,0.00554,0.00000,0.00000,0.00000,0.00000,0.14779,0.01245,0.00000,0.00000,0.45059,0.00000,0.15155,0.11303,0.12460,0.00000,0.00000
31.14667,8,0.59353,0.00008,0.00072,0.00147,0.00192,0.10091,0.00083,0.00099,0.00139,0.65310,0.00258,0.04510,0.17940,0.00454,0.00293,0.00406,0.00000,0.00000,0.00000,0.00000,0.12345,0.00337,0.00000,0.00000,0.51925,0.00000,0.13566,0.10059,0.11768,0.00000,0.00000
31.16800,8,0.58580,0.00008,0.00065,0.00113,0.00141,0.07020,0.00112,0.00076,0.00098,0.47354,0.00266,0.08786,0.34804,0.00449,0.00410,0.00298,0.00000,0.00000,0.00000,0.00000,0.12390,0.00091,0.00000,0.00000,0.53529,0.00000,0.12765,0.09614,0.11611,0.00000,0.00000
31.18933,11,0.57220,0.00008,0.00078,0.00115,0.00113,0.05972,0.00157,0.00109,0.00076,0.32973,0.00276,0.10934,0.47990,0.00423,0.00512,0.00265,0.00000,0.00000,0.00000,0.00000,0.12798,0.00047,0.00000,0.00000,0.52999,0.00000,0.12731,0.09670,0.11755,0.00000,0.00000
31.21067,11,0.55219,0.00011,0.00426,0.00447,0.00119,0.25130,0.00295,0.00779,0.00086,0.26192,0.00348,0.08372,0.36567,0.00342,0.00433,0.00454,0.00000,0.00000,0.00000,0.00000,0.13925,0.00013,0.00000,0.00000,0.50168,0.00000,0.13267,0.10226,0.12401,0.00000,0.00000
31.23200,4,0.54784,0.00025,0.00483,0.00897,0.03592,0.32123,0.01302,0.02095,0.01576,0.22719,0.00347,0.06664,0.26972,0.00351,0.00328,0.00526,0.00000,0.00000,0.00000,0.00000,0.12727,0.00003,0.00000,0.00000,0.22558,0.00000,0.14083,0.36559,0.14070,0.00000,0.00000
31.25333,8,0.54815,0.00018,0.00347,0.00626,0.02526,0.22823,0.00911,0.01462,0.01092,0.45755,0.00267,0.04647,0.18619,0.00254,0.00230,0.00423,0.00000,0.00000,0.00000,0.00000,0.27860,0.05801,0.00000,0.00000,0.16464,0.00000,0.14523,0.22239,0.13113,0.00000,0.00000
31.27467,8,0.56086,0.00013,0.00245,0.00433,0.01761,0.15754,0.00631,0.01010,0.00754,0.62283,0.00200,0.03376,0.12850,0.00234,0.00159,0.00296,0.00000,0.00000,0.00000,0.00000,0.24856,0.04601,0.00000,0.00000,0.29216,0.00000,0.16109,0.11953,0.13265,0.00000,0.00000
31.29600,8,0.56713,0.00009,0.00173,0.00299,0.01220,0.10873,0.00438,0.00697,0.00520,0.73355,0.00197,0.02460,0.09008,0.00246,0.00147,0.00360,0.00000,0.00000,0.00000,0.00000,0.14795,0.01245,0.00000,0.00000,0.45169,0.00000,0.15222,0.11013,0.12555,0.00000,0.00000
31.31733,8,0.60115,0.00007,0.00123,0.00215,0.00910,0.07507,0.00304,0.00483,0.00361,0.72885,0.00149,0.02918,0.13317,0.00303,0.00261,0.00256,0.00000,0.00000,0.00000,0.00000,0.12349,0.00337,0.00000,0.00000,0.51955,0.00000,0.13584,0.09981,0.11794,0.00000,0.00000
31.33867,8,0.60051,0.00006,0.00086,0.00158,0.00645,0.05209,0.00266,0.00339,0.00250,0.50938,0.00116,0.05414,0.35929,0.00256,0.00209,0.00179,0.00000,0.00000,0.00000,0.00000,0.12391,0.00091,0.00000,0.00000,0.53537,0.00000,0.12770,0.09593,0.11618,0.00000,0.00000
31.36000,11,0.58898,0.00005,0.00128,0.00227,0.00462,0.09067,0.00239,0.00372,0.00180,0.35475,0.00121,0.05251,0.47874,0.00243,0.00203,0.00152,0.00000,0.00000,0.00000,0.00000,0.13331,0.00025,0.00000,0.00000,0.51828,0.00000,0.12912,0.09877,0.12028,0.00000,0.00000
31.38133,11,0.57080,0.00005,0.00592,0.00871,0.01721,0.23864,0.00758,0.01727,0.00211,0.26013,0.00330,0.06919,0.36119,0.00195,0.00221,0.00454,0.00000,0.00000,0.00000,0.00000,0.13354,0.00007,0.00000,0.00000,0.31885,0.00000,0.14129,0.26613,0.14012,0.00000,0.00000
31.40267,8,0.56773,0.00006,0.00425,0.00623,0.03914,0.21116,0.00751,0.01306,0.00562,0.39410,0.00258,0.05154,0.25038,0.00862,0.00171,0.00405,0.00000,0.00000,0.00000,0.00000,0.12209,0.00002,0.00000,0.00000,0.17943,0.00000,0.13635,0.42762,0.13449,0.00000,0.00000
31.42400,8,0.56483,0.00004,0.00294,0.00431,0.02715,0.14583,0.00520,0.00902,0.00389,0.58078,0.00180,0.03619,0.17277,0.00603,0.00119,0.00287,0.00000,0.00000,0.00000,0.00000,0.11627,0.00000,0.00000,0.00000,0.29732,0.00000,0.15314,0.30206,0.13121,0.00000,0.00000
31.44533,8,0.57339,0.00003,0.00206,0.00298,0.01876,0.10069,0.00360,0.00624,0.00269,0.70559,0.00153,0.02590,0.12169,0.00525,0.00084,0.00217,0.00000,0.00000,0.00000,0.00000,0.11215,0.00000,0.00000,0.00000,0.45308,0.00000,0.15007,0.15953,0.12517,0.00000,0.00000
31.46667,8,0.58033,0.00003,0.00145,0.00212,0.01323,0.06954,0.00261,0.00435,0.00186,0.68690,0.00108,0.02661,0.18354,0.00435,0.00078,0.00156,0.00000,0.00000,0.00000,0.00000,0.11217,0.00000,0.00000,0.00000,0.49452,0.00000,0.14230,0.13004,0.12096,0.00000,0.00000
31.48800,8,0.58592,0.00003,0.00102,0.00151,0.00920,0.04813,0.00205,0.00301,0.00129,0.49029,0.00078,0.05628,0.38128,0.00330,0.00070,0.00111,0.00000,0.00000,0.00000,0.00000,0.11692,0.00000,0.00000,0.00000,0.53275,0.00000,0.13020,0.10392,0.11621,0.00000,0.00000
31.50933,11,0.57841,0.00003,0.00098,0.00119,0.00642,0.04428,0.00223,0.00256,0.00094,0.33982,0.00070,0.08650,0.50962,0.00286,0.00074,0.00113,0.00000,0.00000,0.00000,0.00000,0.12662,0.00000,0.00000,0.00000,0.53009,0.00000,0.12725,0.09847,0.11757,0.00000,0.00000
31.53067,11,0.56172,0.00005,0.00769,0.00375,0.00895,0.15901,0.03624,0.05133,0.00114,0.24201,0.00136,0.08113,0.40032,0.00227,0.00063,0.00411,0.00000,0.00000,0.00000,0.00000,0.13007,0.00000,0.00000,0.00000,0.32750,0.00000,0.13942,0.26484,0.13817,0.00000,0.00000
31.55200,11,0.56014,0.00009,0.00616,0.00287,0.01861,0.17032,0.03612,0.05030,0.03581,0.28134,0.00151,0.06659,0.28250,0.04336,0.00047,0.00394,0.00000,0.00000,0.00000,0.00000,0.12115,0.00000,0.00000,0.00000,0.18175,0.00000,0.13584,0.42729,0.13396,0.00000,0.00000
31.57333,8,0.54972,0.00008,0.00439,0.00209,0.01348,0.12129,0.02526,0.03530,0.02561,0.48375,0.00139,0.04720,0.19525,0.04052,0.00040,0.00401,0.00000,0.00000,0.00000,0.00000,0.11713,0.00000,0.00000,0.00000,0.15112,0.00000,0.12422,0.49042,0.11710,0.00000,0.00000
31.59467,8,0.54807,0.00006,0.00325,0.00149,0.01003,0.08659,0.01777,0.02488,0.01778,0.62763,0.00156,0.03551,0.13482,0.03493,0.00030,0.00339,0.00000,0.00000,0.00000,0.00000,0.11588,0.00000,0.00000,0.00000,0.29314,0.00000,0.14702,0.32135,0.12261,0.00000,0.00000
31.61600,8,0.54737,0.00005,0.00231,0.00108,0.00760,0.06034,0.01247,0.01730,0.01231,0.53431,0.00862,0.07629,0.10041,0.15056,0.00030,0.01605,0.00000,0.00000,0.00000,0.00000,0.11205,0.00000,0.00000,0.00000,0.45197,0.00000,0.14841,0.16473,0.12284,0.00000,0.00000
31.63733,8,0.55604,0.00003,0.00163,0.00078,0.00544,0.04171,0.00991,0.01196,0.00850,0.38090,0.00614,0.07657,0.08537,0.35889,0.00025,0.01191,0.00000,0.00000,0.00000,0.00000,0.11378,0.00000,0.00000,0.00000,0.51962,0.00000,0.13481,0.11459,0.11721,0.00000,0.00000
31.65867,12,0.55243,0.00003,0.00114,0.00055,0.00385,0.02881,0.00743,0.00828,0.00587,0.26396,0.00429,0.05412,0.07658,0.53649,0.00018,0.00841,0.00000,0.00000,0.00000,0.00000,0.12129,0.00000,0.00000,0.00000,0.53539,0.00000,0.12742,0.09992,0.11598,0.00000,0.00000
31.68000,12,0.55745,0.00007,0.00168,0.00064,0.00301,0.02833,0.01557,0.00591,0.00412,0.19635,0.00329,0.05218,0.13023,0.55165,0.00018,0.00678,0.00000,0.00000,0.00000,0.00000,0.13946,0.00000,0.00000,0.00000,0.34093,0.00000,0.12828,0.10801,0.28331,0.00000,0.00000
31.70133,12,0.54798,0.00009,0.00152,0.00055,0.00272,0.03382,0.01985,0.00434,0.00309,0.15642,0.00258,0.07107,0.12800,0.56853,0.00021,0.00719,0.00000,0.00000,0.00000,0.00000,0.13166,0.00000,0.00000,0.00000,0.18151,0.00000,0.11169,0.11527,0.45987,0.00000,0.00000
31.72267,12,0.53494,0.00020,0.00746,0.00381,0.00494,0.04539,0.02620,0.00502,0.00736,0.30529,0.00229,0.05197,0.09786,0.43556,0.00016,0.00648,0.00000,0.00000,0.00000,0.00000,0.12401,0.00000,0.00000,0.00000,0.15047,0.00000,0.10270,0.11684,0.50598,0.00000,0.00000
31.74400,8,0.52824,0.00025,0.01236,0.00277,0.00670,0.04004,0.03120,0.00363,0.00526,0.40640,0.00189,0.03639,0.06798,0.38022,0.00012,0.00478,0.00000,0.00000,0.00000,0.00000,0.11252,0.00000,0.00000,0.00000,0.12566,0.00000,0.09054,0.11923,0.55205,0.00000,0.00000
31.76533,8,0.54316,0.00024,0.01278,0.00234,0.01065,0.03513,0.02455,0.00283,0.00416,0.47309,0.00178,0.02651,0.04737,0.35356,0.00009,0.00493,0.00000,0.00000,0.00000,0.00000,0.11162,0.00000,0.00000,0.00000,0.27879,0.00000,0.13103,0.12202,0.35654,0.00000,0.00000
31.78667,12,0.57441,0.00019,0.01078,0.00182,0.01874,0.02491,0.01707,0.00198,0.00288,0.40438,0.00145,0.02590,0.03509,0.45043,0.00007,0.00430,0.00000,0.00000,0.00000,0.00000,0.11090,0.00000,0.00000,0.00000,0.44809,0.00000,0.14409,0.11080,0.18612,0.00000,0.00000
31.80800,12,0.58241,0.00015,0.00785,0.00135,0.01808,0.01734,0.01224,0.00139,0.00200,0.28985,0.00126,0.02278,0.03567,0.58558,0.00012,0.00436,0.00000,0.00000,0.00000,0.00000,0.13161,0.00000,0.00000,0.00000,0.32105,0.00000,0.13453,0.11115,0.30166,0.00000,0.00000
31.82933,12,0.58043,0.00016,0.00574,0.00100,0.01303,0.01228,0.00877,0.00097,0.00140,0.20355,0.00097,0.02059,0.03031,0.69460,0.00014,0.00649,0.00000,0.00000,0.00000,0.00000,0.12953,0.00000,0.00000,0.00000,0.17613,0.00000,0.11338,0.11612,0.46484,0.00000,0.00000
31.85067,12,0.57730,0.00022,0.00856,0.00111,0.00925,0.01092,0.01896,0.00124,0.00138,0.17561,0.00211,0.07051,0.02817,0.65292,0.00021,0.01883,0.00000,0.00000,0.00000,0.00000,0.11677,0.00000,0.00000,0.00000,0.13238,0.00000,0.09594,0.11830,0.53661,0.00000,0.00000
31.87200,12,0.55763,0.00030,0.00799,0.00193,0.00711,0.07813,0.02119,0.00204,0.00151,0.29531,0.00172,0.06344,0.02327,0.47560,0.00018,0.02028,0.00000,0.00000,0.00000,0.00000,0.10963,0.00000,0.00000,0.00000,0.12228,0.00000,0.08806,0.12053,0.55950,0.00000,0.00000
31.89333,8,0.54320,0.00032,0.01073,0.00155,0.00506,0.08986,0.02962,0.00152,0.00108,0.44066,0.00131,0.04672,0.01640,0.34071,0.00014,0.01431,0.00000,0.00000,0.00000,0.00000,0.11009,0.00000,0.00000,0.00000,0.12537,0.00000,0.08904,0.12326,0.55224,0.00000,0.00000
31.91467,8,0.55432,0.00034,0.01248,0.00161,0.00505,0.06740,0.02777,0.00150,0.00093,0.49739,0.00196,0.03755,0.01209,0.32086,0.00011,0.01296,0.00000,0.00000,0.00000,0.00000,0.11310,0.00000,0.00000,0.00000,0.28218,0.00000,0.13319,0.12425,0.34729,0.00000,0.00000
31.93600,12,0.56335,0.00025,0.01001,0.00123,0.00474,0.04721,0.01939,0.00110,0.00065,0.39883,0.00162,0.02898,0.01206,0.46441,0.00008,0.00945,0.00000,0.00000,0.00000,0.00000,0.11130,0.00000,0.00000,0.00000,0.44901,0.00000,0.14467,0.11141,0.18362,0.00000,0.00000
31.95733,12,0.57437,0.00021,0.00761,0.00097,0.00505,0.03290,0.01425,0.00081,0.00047,0.28149,0.00144,0.02847,0.03652,0.58078,0.00010,0.00893,0.00000,0.00000,0.00000,0.00000,0.13172,0.00000,0.00000,0.00000,0.32130,0.00000,0.13469,0.11132,0.30098,0.00000,0.00000
31.97867,12,0.57816,0.00025,0.00552,0.00081,0.00385,0.02356,0.01103,0.00063,0.00040,0.19845,0.00110,0.03033,0.10675,0.60798,0.00009,0.00925,0.00000,0.00000,0.00000,0.00000,0.12956,0.00000,0.00000,0.00000,0.17622,0.00000,0.11342,0.11617,0.46463,0.00000,0.00000
32.00000,12,0.58618,0.00036,0.00432,0.00084,0.00298,0.01773,0.01052,0.00050,0.00037,0.13906,0.00136,0.03545,0.15809,0.61949,0.00014,0.00880,0.00000,0.00000,0.00000,0.00000,0.12292,0.00000,0.00000,0.00000,0.14771,0.00000,0.10360,0.11731,0.50846,0.00000,0.00000
32.02133,12,0.58033,0.00037,0.00367,0.00094,0.00248,0.04651,0.01162,0.00111,0.00104,0.11806,0.00389,0.06028,0.22202,0.51910,0.00015,0.00877,0.00000,0.00000,0.00000,0.00000,0.11222,0.00000,0.00000,0.00000,0.12491,0.00000,0.09079,0.11936,0.55272,0.00000,0.00000
32.04267,12,0.55798,0.00051,0.00846,0.00543,0.00248,0.20581,0.01608,0.01112,0.00120,0.14199,0.00349,0.04468,0.17182,0.37931,0.00013,0.00748,0.00000,0.00000,0.00000,0.00000,0.10899,0.00000,0.00000,0.00000,0.12280,0.00000,0.08758,0.12184,0.55879,0.00000,0.00000
32.06400,8,0.54278,0.00047,0.00836,0.00480,0.00294,0.19098,0.02510,0.01115,0.00103,0.29950,0.00299,0.03606,0.11884,0.29164,0.00009,0.00606,0.00000,0.00000,0.00000,0.00000,0.11262,0.00000,0.00000,0.00000,0.12927,0.00000,0.09210,0.12475,0.54126,0.00000,0.00000
32.08533,8,0.54684,0.00035,0.00768,0.00457,0.00325,0.13540,0.02075,0.00890,0.00082,0.46205,0.00255,0.02822,0.08221,0.23833,0.00007,0.00487,0.00000,0.00000,0.00000,0.00000,0.11497,0.00000,0.00000,0.00000,0.28464,0.00000,0.13544,0.12503,0.33992,0.00000,0.00000
32.10667,12,0.56018,0.00025,0.00576,0.00413,0.00527,0.09432,0.01441,0.00622,0.00057,0.35199,0.00218,0.03267,0.05865,0.41947,0.00006,0.00404,0.00000,0.00000,0.00000,0.00000,0.11180,0.00000,0.00000,0.00000,0.44967,0.00000,0.14528,0.11162,0.18163,0.00000,0.00000
32.12800,12,0.56970,0.00019,0.00440,0.00292,0.00434,0.06522,0.01334,0.00434,0.00042,0.24762,0.00302,0.04349,0.05079,0.55228,0.00012,0.00751,0.00000,0.00000,0.00000,0.00000,0.13185,0.00000,0.00000,0.00000,0.32149,0.00000,0.13485,0.11137,0.30044,0.00000,0.00000
32.14933,12,0.56825,0.00015,0.00334,0.00208,0.00330,0.04535,0.01224,0.00304,0.00031,0.17248,0.00226,0.03833,0.07477,0.63392,0.00009,0.00832,0.00000,0.00000,0.00000,0.00000,0.12960,0.00000,0.00000,0.00000,0.17626,0.00000,0.11347,0.11618,0.46449,0.00000,0.00000
32.17067,12,0.56645,0.00019,0.00292,0.00163,0.00243,0.03489,0.01624,0.00254,0.00029,0.12196,0.00215,0.04543,0.11215,0.64739,0.00010,0.00969,0.00000,0.00000,0.00000,0.00000,0.11678,0.00000,0.00000,0.00000,0.13242,0.00000,0.09597,0.11831,0.53652,0.00000,0.00000
32.19200,12,0.54432,0.00025,0.00605,0.00231,0.00186,0.04255,0.05854,0.00506,0.00143,0.13382,0.00209,0.05467,0.09445,0.58770,0.00011,0.00911,0.00000,0.00000,0.00000,0.00000,0.10963,0.00000,0.00000,0.00000,0.12229,0.00000,0.08807,0.12054,0.55948,0.00000,0.00000
32.21333,12,0.52878,0.00063,0.01300,0.00484,0.00178,0.06538,0.11295,0.00568,0.00163,0.14862,0.00223,0.04278,0.06976,0.52328,0.00012,0.00732,0.00000,0.00000,0.00000,0.00000,0.11009,0.00000,0.00000,0.00000,0.12537,0.00000,0.08904,0.12326,0.55224,0.00000,0.00000
32.23466,12,0.52419,0.00098,0.01582,0.00636,0.00237,0.05377,0.10215,0.00505,0.00145,0.14802,0.00207,0.04099,0.05020,0.56489,0.00009,0.00579,0.00000,0.00000,0.00000,0.00000,0.11623,0.00000,0.00000,0.00000,0.13392,0.00000,0.09641,0.12626,0.52718,0.00000,0.00000
32.25600,12,0.55950,0.00085,0.01552,0.00574,0.01087,0.04418,0.07630,0.00368,0.00107,0.21381,0.00259,0.05049,0.03949,0.52646,0.00016,0.00878,0.00000,0.00000,0.00000,0.00000,0.12052,0.00000,0.00000,0.00000,0.13885,0.00000,0.10158,0.12773,0.51131,0.00000,0.00000
32.27733,12,0.58803,0.00061,0.01145,0.00429,0.00983,0.03143,0.05301,0.00256,0.00076,0.15430,0.00192,0.04406,0.05266,0.62570,0.00014,0.00728,0.00000,0.00000,0.00000,0.00000,0.12954,0.00000,0.00000,0.00000,0.14787,0.00000,0.11298,0.13035,0.47926,0.00000,0.00000
32.29867,12,0.59097,0.00043,0.00805,0.00302,0.00719,0.02202,0.03673,0.00183,0.00054,0.10710,0.00147,0.03770,0.09256,0.67359,0.00011,0.00766,0.00000,0.00000,0.00000,0.00000,0.13636,0.00000,0.00000,0.00000,0.15312,0.00000,0.12321,0.13215,0.45516,0.00000,0.00000
32.32000,12,0.58994,0.00033,0.00600,0.00285,0.00539,0.01610,0.02587,0.00189,0.00053,0.07486,0.00186,0.03308,0.11299,0.70819,0.00018,0.00987,0.00000,0.00000,0.00000,0.00000,0.14022,0.00000,0.00000,0.00000,0.14991,0.00000,0.12896,0.13250,0.44841,0.00000,0.00000
32.34133,12,0.57521,0.00034,0.00759,0.00337,0.00406,0.02058,0.02763,0.00279,0.00068,0.06355,0.00275,0.04244,0.11251,0.69600,0.00031,0.01541,0.00000,0.00000,0.00000,0.00000,0.14318,0.00000,0.00000,0.00000,0.14291,0.00000,0.13271,0.13223,0.44898,0.00000,0.00000
32.36267,12,0.55212,0.00053,0.03625,0.04394,0.00397,0.02895,0.10846,0.00341,0.00122,0.12874,0.00257,0.03300,0.07964,0.51528,0.00029,0.01373,0.00000,0.00000,0.00000,0.00000,0.14535,0.00000,0.00000,0.00000,0.13658,0.00000,0.13531,0.13188,0.45088,0.00000,0.00000
32.38400,12,0.53744,0.00112,0.05063,0.03365,0.00402,0.03325,0.13834,0.00290,0.00099,0.18152,0.00223,0.02338,0.05553,0.46210,0.00021,0.01014,0.00000,0.00000,0.00000,0.00000,0.14599,0.00000,0.00000,0.00000,0.13470,0.00000,0.13608,0.13178,0.45145,0.00000,0.00000
32.40533,12,0.55733,0.00104,0.05647,0.02351,0.00897,0.02743,0.14830,0.00213,0.00088,0.27377,0.00180,0.02246,0.03938,0.38601,0.00018,0.00767,0.00000,0.00000,0.00000,0.00000,0.14617,0.00000,0.00000,0.00000,0.13419,0.00000,0.13628,0.13175,0.45161,0.00000,0.00000
32.42667,12,0.57483,0.00076,0.04080,0.01678,0.01054,0.02137,0.10317,0.00153,0.00063,0.20909,0.00222,0.04164,0.06427,0.47958,0.00015,0.00747,0.00000,0.00000,0.00000,0.00000,0.14621,0.00000,0.00000,0.00000,0.13405,0.00000,0.13634,0.13175,0.45165,0.00000,0.00000
32.44800,12,0.59350,0.00054,0.02863,0.01228,0.00907,0.01616,0.07135,0.00107,0.00045,0.14512,0.00166,0.03312,0.16834,0.50543,0.00011,0.00668,0.00000,0.00000,0.00000,0.00000,0.14623,0.00000,0.00000,0.00000,0.13401,0.00000,0.13636,0.13174,0.45166,0.00000,0.00000
32.46933,12,0.59724,0.00047,0.02237,0.00983,0.00707,0.01212,0.05632,0.00083,0.00044,0.11328,0.00132,0.03219,0.20047,0.53315,0.00021,0.00993,0.00000,0.00000,0.00000,0.00000,0.14623,0.00000,0.00000,0.00000,0.13400,0.00000,0.13636,0.13174,0.45167,0.00000,0.00000
32.49067,12,0.60566,0.00040,0.01762,0.00715,0.00507,0.00902,0.06491,0.00070,0.00036,0.08697,0.00148,0.02765,0.24561,0.52243,0.00021,0.01041,0.00000,0.00000,0.00000,0.00000,0.14623,0.00000,0.00000,0.00000,0.13400,0.00000,0.13636,0.13174,0.45167,0.00000,0.00000
32.51200,12,0.57648,0.00040,0.01959,0.01513,0.00435,0.08340,0.06407,0.00362,0.00109,0.14243,0.00160,0.02155,0.19740,0.43555,0.00022,0.00961,0.00000,0.00000,0.00000,0.00000,0.14623,0.00000,0.00000,0.00000,0.13400,0.00000,0.13636,0.13174,0.45167,0.00000,0.00000
32.53333,12,0.55072,0.00034,0.02126,0.01214,0.00323,0.08531,0.11484,0.00385,0.00084,0.29487,0.00128,0.01522,0.13643,0.30327,0.00016,0.00697,0.00000,0.00000,0.00000,0.00000,0.14623,0.00000,0.00000,0.00000,0.13400,0.00000,0.13636,0.13174,0.45167,0.00000,0.00000
32.55466,8,0.52725,0.00038,0.01779,0.01196,0.00483,0.08626,0.10090,0.15878,0.00326,0.26445,0.00254,0.01164,0.09420,0.23753,0.00011,0.00537,0.00000,0.00000,0.00000,0.00000,0.14623,0.00000,0.00000,0.00000,0.13400,0.00000,0.13636,0.13174,0.45167,0.00000,0.00000
32.57600,6,0.52742,0.00028,0.01256,0.00963,0.00375,0.06366,0.07020,0.29917,0.00258,0.18717,0.00232,0.00828,0.06501,0.27132,0.00008,0.00399,0.00000,0.00000,0.00000,0.00000,0.13058,0.00000,0.00000,0.00000,0.28471,0.00000,0.15623,0.12788,0.30061,0.00000,0.00000
32.59733,12,0.55577,0.00027,0.01033,0.00935,0.01048,0.05314,0.05187,0.22452,0.00217,0.13761,0.00271,0.03439,0.04572,0.40462,0.00008,0.01275,0.00000,0.00000,0.00000,0.00000,0.14765,0.00000,0.21938,0.05759,0.19966,0.00000,0.12979,0.06262,0.18331,0.00000,0.00000
32.61867,12,0.57428,0.00024,0.00749,0.00678,0.00749,0.03854,0.03933,0.15658,0.00165,0.09739,0.00228,0.06213,0.03277,0.53423,0.00008,0.01302,0.00000,0.00000,0.00000,0.00000,0.15388,0.00000,0.18031,0.04381,0.11920,0.00000,0.12301,0.07363,0.30615,0.00000,0.00000
32.64000,12,0.56525,0.00028,0.00523,0.00477,0.00524,0.02842,0.03026,0.10825,0.00138,0.06845,0.00167,0.05303,0.02318,0.65832,0.00006,0.01147,0.00000,0.00000,0.00000,0.00000,0.13556,0.00000,0.04879,0.01185,0.12152,0.00000,0.11027,0.10597,0.46603,0.00000,0.00000
32.66133,12,0.51982,0.00033,0.00374,0.00341,0.00369,0.03497,0.05152,0.07595,0.00210,0.05861,0.00127,0.04448,0.01660,0.69125,0.00006,0.01202,0.00000,0.00000,0.00000,0.00000,0.11840,0.00000,0.01320,0.00321,0.11760,0.00000,0.09510,0.11555,0.53694,0.00000,0.00000
32.68267,12,0.46614,0.00264,0.00394,0.00279,0.00280,0.16386,0.04438,0.08315,0.00149,0.04258,0.00096,0.03553,0.01256,0.59022,0.00009,0.01302,0.00000,0.00000,0.00000,0.00000,0.11007,0.00000,0.00357,0.00087,0.11828,0.00000,0.08783,0.11979,0.55959,0.00000,0.00000
32.70400,12,0.43921,0.00218,0.00304,0.00206,0.00209,0.39517,0.03187,0.05857,0.00126,0.03304,0.00077,0.02861,0.00874,0.42310,0.00008,0.00941,0.00000,0.00000,0.00000,0.00000,0.11021,0.00000,0.00097,0.00023,0.12429,0.00000,0.08898,0.12306,0.55227,0.00000,0.00000
32.72533,4,0.42362,0.00483,0.00337,0.00417,0.00197,0.43277,0.05592,0.05318,0.00168,0.02911,0.00097,0.03759,0.00695,0.35755,0.00008,0.00987,0.00000,0.00000,0.00000,0.00000,0.11626,0.00000,0.00026,0.00006,0.13363,0.00000,0.09639,0.12620,0.52719,0.00000,0.00000
32.74667,12,0.47955,0.00375,0.01282,0.00987,0.00406,0.34852,0.05203,0.04538,0.00128,0.03155,0.00237,0.04196,0.00565,0.41576,0.00009,0.02491,0.00000,0.00000,0.00000,0.00000,0.27776,0.05799,0.00007,0.00002,0.14345,0.00000,0.12714,0.06642,0.32714,0.00000,0.00000
32.76800,12,0.53339,0.00277,0.01232,0.00758,0.00372,0.26013,0.03742,0.03219,0.00097,0.04260,0.00226,0.03164,0.00439,0.53056,0.00007,0.03137,0.00000,0.00000,0.00000,0.00000,0.26742,0.04600,0.00002,0.00000,0.13663,0.00000,0.13303,0.07466,0.34222,0.00000,0.00000
32.78933,12,0.55075,0.00212,0.00866,0.00530,0.00273,0.18792,0.02663,0.02235,0.00071,0.03431,0.00175,0.02532,0.00382,0.64595,0.00006,0.03235,0.00000,0.00000,0.00000,0.00000,0.20481,0.02393,0.00001,0.00000,0.13176,0.00000,0.12364,0.09539,0.42046,0.00000,0.00000
32.81067,12,0.54253,0.00189,0.00607,0.00375,0.00197,0.13317,0.02045,0.01548,0.00055,0.02465,0.00126,0.02010,0.00344,0.74193,0.00005,0.02524,0.00000,0.00000,0.00000,0.00000,0.14201,0.00647,0.00000,0.00000,0.12172,0.00000,0.10336,0.11215,0.51427,0.00000,0.00000
32.83200,12,0.51126,0.00140,0.00422,0.00266,0.00139,0.09894,0.01757,0.01566,0.00246,0.01787,0.00099,0.01848,0.00334,0.79362,0.00005,0.02134,0.00000,0.00000,0.00000,0.00000,0.11739,0.00175,0.00000,0.00000,0.11788,0.00000,0.09073,0.11797,0.55429,0.00000,0.00000
32.85333,12,0.48688,0.00135,0.00313,0.00211,0.00114,0.20476,0.03086,0.06112,0.00200,0.03430,0.00081,0.01673,0.00264,0.62028,0.00005,0.01874,0.00000,0.00000,0.00000,0.00000,0.11038,0.00047,0.00000,0.00000,0.12089,0.00000,0.08756,0.12147,0.55922,0.00000,0.00000
32.87467,12,0.46504,0.00130,0.00257,0.00206,0.00215,0.21130,0.02501,0.10188,0.00194,0.03225,0.00069,0.01298,0.00191,0.59057,0.00004,0.01333,0.00000,0.00000,0.00000,0.00000,0.11300,0.00013,0.00000,0.00000,0.12875,0.00000,0.09210,0.12465,0.54137,0.00000,0.00000
32.89600,12,0.46331,0.00102,0.00183,0.00144,0.00151,0.15039,0.02014,0.07699,0.00136,0.03259,0.00049,0.00980,0.00144,0.69131,0.00003,0.00966,0.00000,0.00000,0.00000,0.00000,0.12063,0.00003,0.00000,0.00000,0.13871,0.00000,0.10158,0.12770,0.51134,0.00000,0.00000
32.91733,12,0.52022,0.00073,0.00132,0.00103,0.00110,0.10632,0.01525,0.05508,0.00094,0.02387,0.00043,0.00784,0.00124,0.77237,0.00003,0.01244,0.00000,0.00000,0.00000,0.00000,0.12956,0.00001,0.00000,0.00000,0.14783,0.00000,0.11299,0.13034,0.47927,0.00000,0.00000
32.93867,12,0.55212,0.00061,0.00106,0.00092,0.00120,0.08235,0.01080,0.03849,0.00066,0.01762,0.00052,0.00818,0.00226,0.81714,0.00014,0.01803,0.00000,0.00000,0.00000,0.00000,0.13637,0.00000,0.00000,0.00000,0.15311,0.00000,0.12321,0.13215,0.45516,0.00000,0.00000
32.96000,12,0.56096,0.00047,0.00077,0.00065,0.00085,0.05772,0.00986,0.02661,0.00047,0.01277,0.00041,0.00781,0.00391,0.85963,0.00011,0.01796,0.00000,0.00000,0.00000,0.00000,0.14023,0.00000,0.00000,0.00000,0.14990,0.00000,0.12896,0.13250,0.44841,0.00000,0.00000
32.98133,12,0.55471,0.00046,0.00068,0.00047,0.00059,0.04892,0.01363,0.01856,0.00037,0.01732,0.00032,0.00871,0.00743,0.85916,0.00009,0.02329,0.00000,0.00000,0.00000,0.00000,0.14318,0.00000,0.00000,0.00000,0.14291,0.00000,0.13271,0.13223,0.44898,0.00000,0.00000
33.00267,12,0.53557,0.00034,0.00084,0.00036,0.00042,0.09480,0.01817,0.02368,0.00310,0.06504,0.00028,0.00859,0.00741,0.73970,0.00007,0.03721,0.00000,0.00000,0.00000,0.00000,0.14535,0.00000,0.00000,0.00000,0.13658,0.00000,0.13531,0.13188,0.45088,0.00000,0.00000
33.02400,12,0.51362,0.00031,0.00253,0.00040,0.00040,0.08877,0.03423,0.01984,0.00243,0.26860,0.00033,0.00724,0.00522,0.54344,0.00006,0.02620,0.00000,0.00000,0.00000,0.00000,0.14599,0.00000,0.00000,0.00000,0.13469,0.00000,0.13608,0.13178,0.45145,0.00000,0.00000
33.04533,12,0.49513,0.00056,0.00459,0.00067,0.00065,0.08587,0.02919,0.03056,0.00342,0.29459,0.00106,0.01048,0.00395,0.51484,0.00005,0.01953,0.00000,0.00000,0.00000,0.00000,0.14617,0.00000,0.00000,0.00000,0.13419,0.00000,0.13628,0.13175,0.45161,0.00000,0.00000
33.06667,12,0.51047,0.00042,0.00443,0.00057,0.00047,0.06248,0.02133,0.02400,0.00240,0.29131,0.00084,0.01015,0.00284,0.56253,0.00004,0.01619,0.00000,0.00000,0.00000,0.00000,0.14620,0.00000,0.00000,0.00000,0.13410,0.00000,0.13632,0.13175,0.45164,0.00000,0.00000
33.08800,12,0.54452,0.00036,0.00360,0.00071,0.00068,0.05790,0.01504,0.01762,0.00172,0.20608,0.00084,0.01622,0.00303,0.63704,0.00005,0.03911,0.00000,0.00000,0.00000,0.00000,0.14622,0.00000,0.00000,0.00000,0.13402,0.00000,0.13635,0.13174,0.45166,0.00000,0.00000
33.10933,12,0.55842,0.00059,0.00277,0.00081,0.00142,0.09295,0.01069,0.01232,0.00120,0.14251,0.00074,0.02020,0.00377,0.67142,0.00005,0.03856,0.00000,0.00000,0.00000,0.00000,0.14623,0.00000,0.00000,0.00000,0.13400,0.00000,0.13636,0.13174,0.45167,0.00000,0.00000
33.13066,12,0.56356,0.00074,0.00197,0.00063,0.00103,0.07158,0.00788,0.00852,0.00086,0.09883,0.00052,0.01978,0.00503,0.75375,0.00004,0.02883,0.00000,0.00000,0.00000,0.00000,0.14623,0.00000,0.00000,0.00000,0.13400,0.00000,0.13636,0.13174,0.45167,0.00000,0.00000
33.15200,12,0.54651,0.00056,0.00192,0.00057,0.00073,0.09369,0.01052,0.00625,0.00076,0.07851,0.00041,0.01610,0.00870,0.75550,0.00004,0.02573,0.00000,0.00000,0.00000,0.00000,0.14623,0.00000,0.00000,0.00000,0.13400,0.00000,0.13636,0.13174,0.45167,0.00000,0.00000
33.17333,12,0.52001,0.00054,0.00190,0.00083,0.00061,0.19707,0.02528,0.01254,0.00097,0.06624,0.00033,0.01266,0.00670,0.65244,0.00004,0.02185,0.00000,0.00000,0.00000,0.00000,0.14623,0.00000,0.00000,0.00000,0.13400,0.00000,0.13636,0.13174,0.45167,0.00000,0.00000
33.19467,12,0.49792,0.00091,0.00376,0.00433,0.00215,0.29740,0.02063,0.03421,0.00299,0.06203,0.00061,0.01096,0.00473,0.53910,0.00003,0.01615,0.00000,0.00000,0.00000,0.00000,0.14623,0.00000,0.00000,0.00000,0.13400,0.00000,0.13636,0.13174,0.45167,0.00000,0.00000
33.21600,12,0.48346,0.00118,0.00465,0.00506,0.00237,0.24866,0.01508,0.04592,0.00641,0.06347,0.00090,0.01087,0.00339,0.57869,0.00003,0.01334,0.00000,0.00000,0.00000,0.00000,0.14623,0.00000,0.00000,0.00000,0.13400,0.00000,0.13636,0.13174,0.45167,0.00000,0.00000
33.23733,12,0.49923,0.00089,0.00366,0.00459,0.00182,0.18492,0.01263,0.03628,0.00458,0.04957,0.00084,0.01015,0.00266,0.67172,0.00003,0.01566,0.00000,0.00000,0.00000,0.00000,0.14623,0.00000,0.00000,0.00000,0.13400,0.00000,0.13636,0.13174,0.45167,0.00000,0.00000
33.25867,12,0.52954,0.00085,0.00288,0.00401,0.00178,0.13409,0.01322,0.02606,0.00326,0.03574,0.00097,0.03873,0.00546,0.70467,0.00009,0.02819,0.00000,0.00000,0.00000,0.00000,0.14623,0.00000,0.00000,0.00000,0.13400,0.00000,0.13636,0.13174,0.45167,0.00000,0.00000
33.28000,12,0.54838,0.00107,0.00210,0.00302,0.00142,0.09646,0.01690,0.01807,0.00228,0.02547,0.00080,0.04160,0.00568,0.75963,0.00010,0.02540,0.00000,0.00000,0.00000,0.00000,0.14623,0.00000,0.00000,0.00000,0.13400,0.00000,0.13636,0.13174,0.45167,0.00000,0.00000
33.30133,12,0.55245,0.00112,0.00160,0.00218,0.00104,0.06699,0.01386,0.01248,0.00161,0.01813,0.00058,0.03221,0.00496,0.82400,0.00007,0.01917,0.00000,0.00000,0.00000,0.00000,0.14623,0.00000,0.00000,0.00000,0.13400,0.00000,0.13636,0.13174,0.45167,0.00000,0.00000
33.32267,12,0.54702,0.00104,0.00155,0.00164,0.00075,0.04736,0.01690,0.00870,0.00126,0.01518,0.00044,0.02417,0.00628,0.85882,0.00006,0.01584,0.00000,0.00000,0.00000,0.00000,0.14623,0.00000,0.00000,0.00000,0.13400,0.00000,0.13636,0.13174,0.45167,0.00000,0.00000
33.34400,12,0.52687,0.00109,0.00128,0.00130,0.00061,0.08752,0.02938,0.01946,0.00321,0.03047,0.00036,0.01831,0.00546,0.78517,0.00008,0.01630,0.00000,0.00000,0.00000,0.00000,0.14623,0.00000,0.00000,0.00000,0.13400,0.00000,0.13636,0.13174,0.45167,0.00000,0.00000
33.36533,12,0.50996,0.00322,0.00154,0.00167,0.00144,0.15952,0.05017,0.05284,0.00600,0.10089,0.00038,0.01317,0.00395,0.59290,0.00006,0.01223,0.00000,0.00000,0.00000,0.00000,0.14623,0.00000,0.00000,0.00000,0.13400,0.00000,0.13636,0.13174,0.45167,0.00000,0.00000
33.38667,12,0.49973,0.00263,0.00180,0.00196,0.00123,0.24915,0.03672,0.05597,0.00603,0.12038,0.00057,0.01030,0.00289,0.50075,0.00005,0.00958,0.00000,0.00000,0.00000,0.00000,0.14623,0.00000,0.00000,0.00000,0.13400,0.00000,0.13636,0.13174,0.45167,0.00000,0.00000
33.40800,12,0.52941,0.00218,0.00249,0.00320,0.00225,0.23530,0.03101,0.04174,0.00429,0.08849,0.00049,0.01051,0.00255,0.56372,0.00004,0.01175,0.00000,0.00000,0.00000,0.00000,0.14623,0.00000,0.00000,0.00000,0.13400,0.00000,0.13636,0.13174,0.45167,0.00000,0.00000
33.42933,12,0.55678,0.00176,0.00177,0.00236,0.00173,0.16665,0.02416,0.02889,0.00297,0.06168,0.00040,0.04423,0.00382,0.64468,0.00003,0.01488,0.00000,0.00000,0.00000,0.00000,0.14623,0.00000,0.00000,0.00000,0.13400,0.00000,0.13636,0.13174,0.45167,0.00000,0.00000
33.45066,12,0.55553,0.00158,0.00130,0.00178,0.00126,0.11732,0.01826,0.02002,0.00208,0.04293,0.00038,0.04331,0.00404,0.72965,0.00003,0.01607,0.00000,0.00000,0.00000,0.00000,0.14623,0.00000,0.00000,0.00000,0.13400,0.00000,0.13636,0.13174,0.45167,0.00000,0.00000
33.47200,12,0.54140,0.00124,0.00095,0.00132,0.00090,0.08158,0.01608,0.01390,0.00151,0.02992,0.00036,0.03942,0.00505,0.79131,0.00003,0.01641,0.00000,0.00000,0.00000,0.00000,0.14623,0.00000,0.00000,0.00000,0.13400,0.00000,0.13636,0.13174,0.45167,0.00000,0.00000
33.49333,12,0.51590,0.00102,0.00071,0.00102,0.00066,0.11624,0.02711,0.01674,0.01074,0.02522,0.00035,0.03066,0.00581,0.70873,0.00004,0.05496,0.00000,0.00000,0.00000,0.00000,0.14623,0.00000,0.00000,0.00000,0.13400,0.00000,0.13636,0.13174,0.45167,0.00000,0.00000
33.51467,12,0.48691,0.00110,0.00249,0.00191,0.00140,0.14633,0.18230,0.03023,0.00786,0.06697,0.00070,0.02244,0.00404,0.49406,0.00003,0.03812,0.00000,0.00000,0.00000,0.00000,0.14623,0.00000,0.00000,0.00000,0.13400,0.00000,0.13636,0.13174,0.45167,0.00000,0.00000
33.53600,12,0.45711,0.00360,0.00925,0.07925,0.00391,0.17590,0.16616,0.05668,0.02796,0.07405,0.00309,0.01586,0.00282,0.35438,0.00003,0.02706,0.00000,0.00000,0.00000,0.00000,0.14623,0.00000,0.00000,0.00000,0.13400,0.00000,0.13636,0.13174,0.45167,0.00000,0.00000
33.55733,12,0.51445,0.00278,0.03244,0.07395,0.01163,0.16277,0.14978,0.05252,0.01997,0.07122,0.01447,0.08535,0.00233,0.27449,0.00269,0.04361,0.00000,0.00000,0.00000,0.00000,0.14623,0.00000,0.00000,0.00000,0.13400,0.00000,0.13636,0.13174,0.45167,0.00000,0.00000
33.57867,14,0.56099,0.00200,0.02357,0.05136,0.00805,0.11441,0.10874,0.03834,0.01380,0.05544,0.01214,0.06483,0.00165,0.19070,0.07391,0.24105,0.00000,0.00000,0.00000,0.00000,0.14623,0.00000,0.00000,0.00000,0.13400,0.00000,0.13636,0.13174,0.45167,0.00000,0.00000
33.60000,13,0.59056,0.00139,0.01642,0.03558,0.00555,0.07938,0.07515,0.02647,0.00952,0.07196,0.00859,0.05489,0.00115,0.13204,0.28744,0.19448,0.00000,0.00000,0.00000,0.00000,0.14623,0.00000,0.00000,0.00000,0.13400,0.00000,0.13636,0.13174,0.45167,0.00000,0.00000
33.62133,13,0.59017,0.00097,0.01136,0.02458,0.00383,0.05486,0.05211,0.01827,0.00657,0.06806,0.01125,0.03953,0.00080,0.09120,0.45185,0.16475,0.00000,0.00000,0.00000,0.00000,0.13172,0.00000,0.00000,0.00000,0.12803,0.00000,0.12020,0.03564,0.24189,0.00000,0.34252
33.64267,13,0.58067,0.00069,0.00788,0.01697,0.00274,0.03881,0.03659,0.01262,0.00456,0.13307,0.06984,0.04395,0.00407,0.06781,0.42716,0.13325,0.00000,0.00000,0.00000,0.00000,0.11328,0.00000,0.00000,0.00000,0.12645,0.00000,0.17820,0.00965,0.06546,0.33481,0.17215
33.66400,13,0.56585,0.00050,0.00561,0.01175,0.00264,0.19921,0.02869,0.00938,0.00481,0.19151,0.06295,0.03307,0.00324,0.04744,0.30534,0.09386,0.00000,0.00000,0.00000,0.00000,0.10000,0.00000,0.00000,0.00000,0.12634,0.00000,0.17843,0.00261,0.01771,0.45528,0.11963
33.68533,8,0.56162,0.00035,0.00678,0.00837,0.00292,0.21956,0.02220,0.00697,0.00338,0.34399,0.04978,0.02378,0.00253,0.03330,0.21093,0.06516,0.00000,0.00000,0.00000,0.00000,0.09654,0.00000,0.00000,0.00000,0.13129,0.00000,0.16694,0.00071,0.00479,0.49806,0.10167
33.70667,8,0.55653,0.00030,0.00832,0.00679,0.00278,0.17579,0.02318,0.00502,0.00244,0.33650,0.18811,0.02477,0.00223,0.02851,0.14557,0.04968,0.00000,0.00000,0.00000,0.00000,0.10564,0.00000,0.00000,0.00000,0.28552,0.00000,0.16901,0.05955,0.06700,0.26249,0.05078
33.72800,8,0.61042,0.00035,0.01050,0.00760,0.00603,0.13817,0.01828,0.00372,0.00222,0.36039,0.21128,0.03831,0.00248,0.03683,0.10140,0.06243,0.00000,0.00000,0.00000,0.00000,0.10928,0.00000,0.00000,0.00000,0.44992,0.00000,0.15436,0.09391,0.10780,0.07100,0.01374
33.74933,8,0.64702,0.00037,0.00795,0.00547,0.00428,0.09714,0.01303,0.00260,0.00153,0.25786,0.16357,0.04929,0.00176,0.02683,0.23076,0.13756,0.00000,0.00000,0.00000,0.00000,0.11303,0.00000,0.00000,0.00000,0.51906,0.00000,0.13642,0.09542,0.11314,0.01921,0.00372
33.77067,14,0.65548,0.00028,0.00575,0.00380,0.00297,0.06717,0.00954,0.00180,0.00106,0.18350,0.12254,0.04238,0.00136,0.02242,0.19948,0.33595,0.00000,0.00000,0.00000,0.00000,0.12108,0.00000,0.00000,0.00000,0.53524,0.00000,0.12785,0.09474,0.11488,0.00520,0.00101
33.79200,14,0.65539,0.00021,0.00427,0.00272,0.00210,0.04648,0.00744,0.00125,0.00076,0.12823,0.08814,0.03321,0.00118,0.01999,0.15505,0.50897,0.00000,0.00000,0.00000,0.00000,0.12826,0.00000,0.00000,0.00000,0.33659,0.00000,0.12294,0.04992,0.14405,0.00141,0.21684
33.81333,14,0.64564,0.00027,0.00357,0.00312,0.00189,0.04202,0.00860,0.00219,0.00110,0.10835,0.10998,0.02708,0.00217,0.02027,0.14656,0.52282,0.00000,0.00000,0.00000,0.00000,0.12359,0.00000,0.00000,0.00000,0.18200,0.00000,0.11328,0.01351,0.14946,0.00038,0.41778
33.83467,14,0.63131,0.00025,0.00355,0.00382,0.00240,0.16619,0.00924,0.00181,0.00092,0.16128,0.14718,0.01931,0.00155,0.01430,0.10122,0.36698,0.00000,0.00000,0.00000,0.00000,0.11975,0.00000,0.00000,0.00000,0.14028,0.00000,0.10832,0.00365,0.13749,0.00010,0.49040
33.85600,14,0.62413,0.00021,0.00389,0.00560,0.00551,0.20849,0.00906,0.00153,0.00115,0.17009,0.24382,0.01502,0.00115,0.01028,0.06986,0.25434,0.00000,0.00000,0.00000,0.00000,0.11948,0.00000,0.00000,0.00000,0.13358,0.00000,0.10806,0.00190,0.13148,0.00005,0.50544
33.87733,14,0.62739,0.00047,0.00352,0.00412,0.00510,0.16826,0.00733,0.00123,0.00092,0.13672,0.19134,0.17335,0.00269,0.03949,0.05192,0.21355,0.00000,0.00000,0.00000,0.00000,0.12230,0.00000,0.00000,0.00000,0.13058,0.00000,0.11159,0.00051,0.12271,0.00001,0.51229
33.89867,10,0.63048,0.00040,0.00283,0.00309,0.00404,0.12126,0.00536,0.00086,0.00069,0.13626,0.13668,0.26053,0.00302,0.07034,0.04123,0.21342,0.00000,0.00000,0.00000,0.00000,0.12867,0.00000,0.00000,0.00000,0.13324,0.00000,0.11935,0.00014,0.11875,0.00000,0.49985
33.92000,14,0.62476,0.00031,0.00251,0.00233,0.00306,0.08509,0.00420,0.00060,0.00052,0.13813,0.09569,0.21673,0.00270,0.05796,0.03905,0.35114,0.00000,0.00000,0.00000,0.00000,0.13601,0.00000,0.00000,0.00000,0.13753,0.00000,0.28419,0.06160,0.06155,0.06466,0.25446
33.94133,14,0.61359,0.00023,0.00196,0.00206,0.00218,0.05898,0.00321,0.00042,0.00039,0.10008,0.06634,0.15173,0.00196,0.04077,0.03181,0.53789,0.00000,0.00000,0.00000,0.00000,0.13114,0.00000,0.00000,0.00000,0.13287,0.00000,0.25277,0.04700,0.09990,0.05089,0.28544
33.96267,14,0.58601,0.00028,0.00201,0.00499,0.00264,0.07010,0.00260,0.00266,0.00309,0.09288,0.05082,0.11502,0.00195,0.03395,0.03446,0.58254,0.00000,0.00000,0.00000,0.00000,0.12437,0.00000,0.00000,0.00000,0.12688,0.00000,0.14841,0.01272,0.13751,0.01377,0.43634
33.98400,14,0.57573,0.00045,0.00414,0.00374,0.00211,0.07371,0.00649,0.00229,0.00217,0.32395,0.03715,0.08010,0.00141,0.02388,0.02388,0.41452,0.00000,0.00000,0.00000,0.00000,0.11997,0.00000,0.00000,0.00000,0.12537,0.00000,0.11782,0.00344,0.13426,0.00373,0.49541
34.00533,8,0.56296,0.00090,0.02813,0.00390,0.00209,0.06750,0.00752,0.00203,0.00154,0.41291,0.09096,0.05829,0.00105,0.01731,0.01649,0.28938,0.00000,0.00000,0.00000,0.00000,0.12042,0.00000,0.00000,0.00000,0.12690,0.00000,0.11178,0.00093,0.12561,0.00101,0.51334
34.02666,8,0.56886,0.00126,0.11260,0.00347,0.00183,0.04870,0.00575,0.00143,0.00110,0.38582,0.16284,0.04246,0.00106,0.01929,0.01140,0.20099,0.00000,0.00000,0.00000,0.00000,0.11815,0.00000,0.00000,0.00000,0.28181,0.00000,0.14403,0.05961,0.12930,0.00027,0.26683
34.04800,14,0.58697,0.00134,0.07847,0.00256,0.00145,0.03439,0.00480,0.00106,0.00077,0.26837,0.11736,0.03414,0.00076,0.01638,0.02715,0.41100,0.00000,0.00000,0.00000,0.00000,0.11266,0.00000,0.00000,0.00000,0.44890,0.00000,0.14761,0.09392,0.12465,0.00007,0.07219
34.06933,14,0.60931,0.00094,0.05418,0.00177,0.00101,0.02377,0.00343,0.00073,0.00053,0.18671,0.08131,0.02422,0.00056,0.01274,0.02091,0.58720,0.00000,0.00000,0.00000,0.00000,0.12094,0.00000,0.00000,0.00000,0.31702,0.00000,0.13002,0.04989,0.14602,0.00002,0.23609
34.09067,14,0.62235,0.00066,0.03742,0.00124,0.00071,0.01643,0.00241,0.00050,0.00037,0.12980,0.05639,0.01744,0.00040,0.00902,0.01647,0.71076,0.00000,0.00000,0.00000,0.00000,0.12161,0.00000,0.00000,0.00000,0.17672,0.00000,0.11520,0.01350,0.14999,0.00001,0.42298
34.11200,14,0.61228,0.00046,0.02584,0.00088,0.00056,0.01186,0.00171,0.00036,0.00026,0.09042,0.03897,0.01234,0.00034,0.00632,0.01240,0.79729,0.00000,0.00000,0.00000,0.00000,0.11922,0.00000,0.00000,0.00000,0.13886,0.00000,0.10884,0.00365,0.13764,0.00000,0.49179
34.13333,14,0.60610,0.00047,0.01806,0.00173,0.00206,0.08748,0.00145,0.00072,0.00039,0.09378,0.02738,0.00974,0.00068,0.00502,0.00953,0.74152,0.00000,0.00000,0.00000,0.00000,0.11920,0.00000,0.00000,0.00000,0.13284,0.00000,0.10833,0.00190,0.13156,0.00000,0.50616
34.15467,14,0.60004,0.00041,0.02920,0.00245,0.00521,0.07976,0.00149,0.00100,0.00053,0.29257,0.02309,0.00814,0.00065,0.00403,0.00664,0.54485,0.00000,0.00000,0.00000,0.00000,0.12223,0.00000,0.00000,0.00000,0.13038,0.00000,0.11167,0.00051,0.12273,0.00000,0.51248
34.17600,14,0.59641,0.00084,0.05795,0.00411,0.01098,0.06347,0.00168,0.00096,0.00078,0.38299,0.04055,0.01207,0.00086,0.00720,0.00486,0.41070,0.00000,0.00000,0.00000,0.00000,0.12865,0.00000,0.00000,0.00000,0.13319,0.00000,0.11937,0.00014,0.11876,0.00000,0.49990
34.19733,14,0.65169,0.00145,0.04998,0.00488,0.00911,0.04452,0.00314,0.00074,0.00063,0.31527,0.03596,0.03066,0.00078,0.01102,0.03855,0.45330,0.00000,0.00000,0.00000,0.00000,0.13702,0.00000,0.00000,0.00000,0.13762,0.00000,0.12977,0.00004,0.11872,0.00000,0.47683
34.21867,14,0.66061,0.00105,0.03459,0.00341,0.00634,0.03091,0.00240,0.00051,0.00045,0.22058,0.02577,0.02971,0.00070,0.01047,0.02952,0.60359,0.00000,0.00000,0.00000,0.00000,0.14570,0.00000,0.00000,0.00000,0.14204,0.00000,0.14116,0.00001,0.12115,0.00000,0.44994
34.24000,14,0.65478,0.00073,0.02390,0.00240,0.00438,0.02138,0.00168,0.00036,0.00031,0.15258,0.01789,0.02160,0.00051,0.00740,0.02189,0.72301,0.00000,0.00000,0.00000,0.00000,0.15295,0.00000,0.00000,0.00000,0.14535,0.00000,0.15187,0.00000,0.12443,0.00000,0.42539
34.26133,14,0.64440,0.00051,0.01651,0.00167,0.00303,0.01481,0.00118,0.00025,0.00021,0.10538,0.01237,0.01499,0.00036,0.00514,0.01541,0.80818,0.00000,0.00000,0.00000,0.00000,0.15624,0.00000,0.00000,0.00000,0.14690,0.00000,0.15782,0.00000,0.12665,0.00000,0.41238
34.28267,14,0.62845,0.00036,0.01195,0.00146,0.00222,0.01132,0.00099,0.00034,0.00022,0.09295,0.00887,0.01081,0.00048,0.00406,0.01091,0.84306,0.00000,0.00000,0.00000,0.00000,0.15773,0.00000,0.00000,0.00000,0.14775,0.00000,0.16138,0.00000,0.12827,0.00000,0.40486
34.30400,14,0.60976,0.00062,0.01400,0.00784,0.00430,0.06141,0.00098,0.00448,0.00076,0.15239,0.00807,0.00785,0.00048,0.00340,0.00767,0.72573,0.00000,0.00000,0.00000,0.00000,0.15857,0.00000,0.00000,0.00000,0.14830,0.00000,0.16375,0.00000,0.12945,0.00000,0.39993
34.32533,14,0.59697,0.00096,0.02966,0.01439,0.00904,0.05264,0.00161,0.00370,0.00120,0.24782,0.01789,0.00595,0.00040,0.00603,0.00533,0.60339,0.00000,0.00000,0.00000,0.00000,0.15881,0.00000,0.00000,0.00000,0.14846,0.00000,0.16445,0.00000,0.12979,0.00000,0.39849
34.34666,14,0.62849,0.00114,0.02398,0.01099,0.02383,0.04896,0.00256,0.00266,0.00112,0.36418,0.01467,0.03731,0.00086,0.03425,0.00422,0.42926,0.00000,0.00000,0.00000,0.00000,0.15888,0.00000,0.00000,0.00000,0.14851,0.00000,0.16463,0.00000,0.12989,0.00000,0.39810
34.36800,14,0.65203,0.00135,0.01729,0.00774,0.01715,0.03676,0.00349,0.00191,0.00080,0.27656,0.01246,0.08036,0.00088,0.03835,0.02809,0.47681,0.00000,0.00000,0.00000,0.00000,0.15890,0.00000,0.00000,0.00000,0.14852,0.00000,0.16468,0.00000,0.12991,0.00000,0.39799
34.38933,14,0.65677,0.00099,0.01209,0.00542,0.01185,0.02602,0.00253,0.00132,0.00055,0.20215,0.00928,0.06926,0.00064,0.02755,0.05635,0.57398,0.00000,0.00000,0.00000,0.00000,0.15890,0.00000,0.00000,0.00000,0.14852,0.00000,0.16469,0.00000,0.12992,0.00000,0.39797
34.41067,14,0.66122,0.00071,0.00863,0.00396,0.00820,0.01807,0.00186,0.00091,0.00038,0.14853,0.00768,0.05189,0.00046,0.01956,0.06740,0.66177,0.00000,0.00000,0.00000,0.00000,0.15890,0.00000,0.00000,0.00000,0.14852,0.00000,0.16470,0.00000,0.12992,0.00000,0.39796
34.43200,14,0.67106,0.00051,0.00712,0.00334,0.00569,0.01269,0.00180,0.00063,0.00027,0.10945,0.00584,0.03737,0.00035,0.01416,0.05137,0.74939,0.00000,0.00000,0.00000,0.00000,0.15890,0.00000,0.00000,0.00000,0.14852,0.00000,0.16470,0.00000,0.12992,0.00000,0.39795
34.45333,14,0.64729,0.00106,0.01976,0.02701,0.00426,0.01385,0.00172,0.00058,0.00028,0.08548,0.00977,0.03429,0.00063,0.01225,0.03784,0.75122,0.00000,0.00000,0.00000,0.00000,0.15890,0.00000,0.00000,0.00000,0.14852,0.00000,0.16470,0.00000,0.12992,0.00000,0.39795
34.47467,14,0.62896,0.00082,0.07484,0.06479,0.00374,0.02139,0.00158,0.00062,0.00027,0.11488,0.12141,0.02416,0.00050,0.00897,0.02615,0.53588,0.00000,0.00000,0.00000,0.00000,0.15890,0.00000,0.00000,0.00000,0.14852,0.00000,0.16470,0.00000,0.12992,0.00000,0.39795
34.49600,14,0.61067,0.00115,0.06855,0.05970,0.00381,0.02986,0.00355,0.00066,0.00027,0.09951,0.31557,0.01704,0.00036,0.00635,0.01807,0.37554,0.00000,0.00000,0.00000,0.00000,0.15890,0.00000,0.00000,0.00000,0.14852,0.00000,0.16470,0.00000,0.12992,0.00000,0.39795
34.51733,9,0.59780,0.00127,0.05235,0.04821,0.00294,0.02164,0.00287,0.00047,0.00021,0.07232,0.50373,0.01201,0.00027,0.00446,0.01250,0.26476,0.00000,0.00000,0.00000,0.00000,0.15890,0.00000,0.00000,0.00000,0.14852,0.00000,0.16470,0.00000,0.12992,0.00000,0.39795
34.53867,9,0.59732,0.00186,0.03754,0.03407,0.00230,0.01531,0.00231,0.00035,0.00017,0.06034,0.58287,0.01894,0.00031,0.01225,0.00954,0.22184,0.00000,0.00000,0.00000,0.00000,0.15485,0.00000,0.00000,0.00000,0.13690,0.21085,0.16610,0.00000,0.12427,0.00000,0.20704
34.56000,14,0.59583,0.00137,0.02622,0.02359,0.00160,0.01058,0.00173,0.00024,0.00012,0.04384,0.40908,0.01493,0.00024,0.00941,0.00958,0.44746,0.00000,0.00000,0.00000,0.00000,0.15429,0.00000,0.00000,0.00000,0.12245,0.38905,0.15668,0.00000,0.12152,0.00000,0.05601
34.58133,14,0.59567,0.00097,0.01829,0.01634,0.00111,0.00732,0.00122,0.00017,0.00009,0.03094,0.28394,0.01076,0.00018,0.00657,0.00973,0.61240,0.00000,0.00000,0.00000,0.00000,0.14354,0.00000,0.00000,0.00000,0.12229,0.22062,0.13501,0.00000,0.14682,0.00000,0.23172
34.60266,14,0.59033,0.00068,0.01276,0.01133,0.00077,0.00505,0.00085,0.00012,0.00006,0.02172,0.19717,0.00757,0.00013,0.00455,0.00754,0.72971,0.00000,0.00000,0.00000,0.00000,0.12772,0.00000,0.00000,0.00000,0.12402,0.05969,0.11655,0.00000,0.15020,0.00000,0.42181
34.62400,14,0.56930,0.00064,0.01085,0.01467,0.00087,0.00363,0.00109,0.00008,0.00005,0.01535,0.13610,0.00868,0.00019,0.00338,0.00571,0.79870,0.00000,0.00000,0.00000,0.00000,0.12087,0.00000,0.00000,0.00000,0.12460,0.01615,0.10920,0.00000,0.13770,0.00000,0.49149
34.64533,14,0.55140,0.00118,0.03024,0.07431,0.00246,0.00312,0.00334,0.00006,0.00010,0.01427,0.09504,0.00914,0.00026,0.00264,0.00437,0.75946,0.00000,0.00000,0.00000,0.00000,0.12067,0.00000,0.00000,0.00000,0.12670,0.00437,0.10945,0.00000,0.12654,0.00000,0.51228
34.66667,14,0.53457,0.00463,0.03377,0.08608,0.00361,0.00300,0.00551,0.00006,0.00013,0.01854,0.07423,0.00667,0.00021,0.00237,0.00334,0.75785,0.00000,0.00000,0.00000,0.00000,0.12246,0.00000,0.00000,0.00000,0.12837,0.00227,0.11172,0.00000,0.12274,0.00000,0.51244
34.68800,14,0.52735,0.00599,0.09177,0.16705,0.00425,0.00280,0.00504,0.00006,0.00017,0.06426,0.08210,0.00529,0.00028,0.00245,0.00240,0.56609,0.00000,0.00000,0.00000,0.00000,0.12871,0.00000,0.00000,0.00000,0.13264,0.00062,0.11938,0.00000,0.11876,0.00000,0.49989
34.70933,14,0.53043,0.00660,0.07582,0.16851,0.00386,0.00315,0.00460,0.00008,0.00018,0.18850,0.05960,0.01287,0.00026,0.00221,0.00216,0.47160,0.00000,0.00000,0.00000,0.00000,0.13704,0.00000,0.00000,0.00000,0.13747,0.00017,0.12977,0.00000,0.11872,0.00000,0.47683
34.73067,14,0.53058,0.00483,0.05259,0.11664,0.00272,0.00231,0.00343,0.00006,0.00012,0.14626,0.04146,0.01383,0.00020,0.00175,0.00235,0.61145,0.00000,0.00000,0.00000,0.00000,0.14570,0.00000,0.00000,0.00000,0.14200,0.00005,0.14117,0.00000,0.12115,0.00000,0.44994
34.75200,14,0.52620,0.00359,0.03662,0.08099,0.00192,0.00163,0.00251,0.00004,0.00009,0.10952,0.02894,0.01001,0.00014,0.00130,0.00291,0.71979,0.00000,0.00000,0.00000,0.00000,0.15295,0.00000,0.00000,0.00000,0.14534,0.00001,0.15187,0.00000,0.12443,0.00000,0.42539
34.77333,14,0.51616,0.00274,0.02607,0.05678,0.00157,0.00118,0.00190,0.00003,0.00007,0.09466,0.02058,0.00720,0.00013,0.00100,0.00264,0.78345,0.00000,0.00000,0.00000,0.00000,0.15624,0.00000,0.00000,0.00000,0.14690,0.00000,0.15782,0.00000,0.12665,0.00000,0.41238
34.79467,14,0.50312,0.00344,0.03696,0.06496,0.01675,0.00570,0.00701,0.00008,0.00016,0.08818,0.01435,0.01207,0.00039,0.00194,0.00260,0.74541,0.00000,0.00000,0.00000,0.00000,0.15773,0.00000,0.00000,0.00000,0.14775,0.00000,0.16138,0.00000,0.12827,0.00000,0.40486
34.81600,14,0.49431,0.00817,0.15776,0.06028,0.02123,0.01435,0.00908,0.00020,0.00100,0.11425,0.01043,0.00947,0.00049,0.00176,0.00197,0.58957,0.00000,0.00000,0.00000,0.00000,0.15857,0.00000,0.00000,0.00000,0.14830,0.00000,0.16375,0.00000,0.12945,0.00000,0.39993
34.83733,14,0.48834,0.01127,0.20643,0.08531,0.10434,0.01661,0.00753,0.00022,0.00137,0.13400,0.00984,0.00712,0.00049,0.00377,0.00138,0.41034,0.00000,0.00000,0.00000,0.00000,0.15881,0.00000,0.00000,0.00000,0.14846,0.00000,0.16445,0.00000,0.12979,0.00000,0.39849
34.85867,14,0.49267,0.01786,0.15686,0.06969,0.11211,0.02107,0.00599,0.00033,0.00156,0.26723,0.01065,0.01941,0.00130,0.00755,0.00111,0.30728,0.00000,0.00000,0.00000,0.00000,0.15888,0.00000,0.00000,0.00000,0.14851,0.00000,0.16463,0.00000,0.12989,0.00000,0.39810
34.88000,8,0.49508,0.01361,0.10972,0.04852,0.08024,0.01749,0.00467,0.00025,0.00111,0.40572,0.00823,0.03235,0.00115,0.01158,0.00219,0.26316,0.00000,0.00000,0.00000,0.00000,0.15890,0.00000,0.00000,0.00000,0.14852,0.00000,0.16468,0.00000,0.12991,0.00000,0.39799
34.90133,8,0.49413,0.00999,0.07685,0.03400,0.05704,0.01265,0.00364,0.00018,0.00087,0.48205,0.00628,0.02812,0.00100,0.01046,0.00364,0.27322,0.00000,0.00000,0.00000,0.00000,0.13717,0.00000,0.00000,0.00000,0.29223,0.00000,0.17096,0.05936,0.13328,0.00000,0.20700
34.92266,8,0.49551,0.00708,0.05372,0.02390,0.04035,0.00897,0.00288,0.00014,0.00063,0.46126,0.00558,0.02209,0.00089,0.00822,0.00358,0.36070,0.00000,0.00000,0.00000,0.00000,0.12455,0.00000,0.00000,0.00000,0.38765,0.00000,0.16495,0.08471,0.13044,0.00000,0.10770
34.94400,8,0.49224,0.00562,0.05172,0.03873,0.02986,0.02095,0.00263,0.00047,0.00077,0.39157,0.00420,0.04432,0.00180,0.01459,0.00398,0.38880,0.00000,0.00000,0.00000,0.00000,0.11511,0.00000,0.00000,0.00000,0.49380,0.00000,0.14481,0.09588,0.12126,0.00000,0.02914
34.96533,8,0.50478,0.00402,0.09127,0.02803,0.02121,0.01804,0.00197,0.00034,0.00056,0.49424,0.00300,0.03224,0.00161,0.01122,0.00285,0.28941,0.00000,0.00000,0.00000,0.00000,0.11772,0.00000,0.00000,0.00000,0.53255,0.00000,0.13088,0.09468,0.11629,0.00000,0.00788
34.98667,8,0.51211,0.00312,0.15555,0.02019,0.01762,0.01352,0.00168,0.00024,0.00039,0.54155,0.00431,0.02298,0.00130,0.00851,0.00199,0.20705,0.00000,0.00000,0.00000,0.00000,0.12684,0.00000,0.00000,0.00000,0.53004,0.00000,0.12743,0.09597,0.11759,0.00000,0.00213
35.00800,8,0.54928,0.00248,0.12551,0.01616,0.02699,0.00987,0.00153,0.00017,0.00031,0.60929,0.00785,0.02330,0.00144,0.01186,0.00144,0.16179,0.00000,0.00000,0.00000,0.00000,0.13894,0.00000,0.00000,0.00000,0.50170,0.00000,0.13270,0.10206,0.12402,0.00000,0.00058
35.02933,8,0.57950,0.00230,0.09233,0.01150,0.01978,0.00690,0.00192,0.00013,0.00024,0.46061,0.00857,0.15323,0.00240,0.02549,0.04858,0.16601,0.00000,0.00000,0.00000,0.00000,0.15103,0.00000,0.00000,0.00000,0.46008,0.00000,0.14327,0.11191,0.13356,0.00000,0.00016
35.05067,8,0.58278,0.00181,0.06537,0.00838,0.01402,0.00494,0.00184,0.00009,0.00019,0.34233,0.00736,0.17816,0.00245,0.02376,0.10185,0.24745,0.00000,0.00000,0.00000,0.00000,0.16025,0.00000,0.00000,0.00000,0.41693,0.00000,0.15530,0.12352,0.14395,0.00000,0.00004
35.07200,14,0.58202,0.00143,0.04599,0.00630,0.00987,0.00384,0.00155,0.00007,0.00014,0.24234,0.00610,0.13469,0.00216,0.01762,0.08267,0.44522,0.00000,0.00000,0.00000,0.00000,0.16381,0.00000,0.00000,0.00000,0.38382,0.00000,0.16482,0.13467,0.15287,0.00000,0.00001
35.09333,14,0.57804,0.00115,0.03374,0.02156,0.00693,0.00325,0.00136,0.00006,0.00011,0.17760,0.00470,0.10595,0.00193,0.01287,0.06261,0.56616,0.00000,0.00000,0.00000,0.00000,0.14752,0.00000,0.00000,0.00000,0.25650,0.00000,0.14315,0.07232,0.16395,0.00000,0.21657
35.11467,14,0.55985,0.00099,0.18831,0.02097,0.00530,0.00403,0.00182,0.00006,0.00013,0.24138,0.00337,0.07362,0.00137,0.00897,0.04341,0.40626,0.00000,0.00000,0.00000,0.00000,0.12880,0.00000,0.00000,0.00000,0.16034,0.00000,0.11875,0.01957,0.15484,0.00000,0.41769
35.13600,1,0.51693,0.00269,0.31744,0.03949,0.00497,0.01118,0.00283,0.00020,0.00111,0.24058,0.00245,0.05086,0.00096,0.00628,0.03007,0.28888,0.00000,0.00000,0.00000,0.00000,0.12117,0.00000,0.00000,0.00000,0.13443,0.00000,0.10980,0.00530,0.13895,0.00000,0.49036
35.15733,1,0.42792,0.01179,0.34627,0.02834,0.01044,0.11241,0.01422,0.00064,0.00126,0.18735,0.00171,0.03517,0.00068,0.00472,0.02084,0.22416,0.00000,0.22294,0.00000,0.00000,0.12588,0.00000,0.00000,0.00000,0.13037,0.00000,0.12999,0.00143,0.12650,0.00000,0.26289
35.17867,1,0.35924,0.01026,0.39242,0.02910,0.02815,0.15833,0.03936,0.00085,0.00237,0.13914,0.00119,0.02429,0.00049,0.00340,0.01442,0.15622,0.00000,0.45645,0.00000,0.00000,0.11069,0.00000,0.00000,0.00000,0.11337,0.00000,0.13328,0.00039,0.11469,0.00000,0.07112
35.20000,1,0.30881,0.00793,0.49079,0.06301,0.02626,0.11967,0.05008,0.00080,0.00207,0.10015,0.00108,0.01680,0.00036,0.00252,0.00996,0.10852,0.00000,0.51656,0.00000,0.00000,0.10045,0.00000,0.00000,0.00000,0.10402,0.00000,0.13050,0.00020,0.11128,0.00000,0.03699
35.22133,1,0.27669,0.00918,0.37987,0.13678,0.03014,0.10043,0.07455,0.00570,0.00663,0.14299,0.00982,0.01195,0.00038,0.00218,0.00692,0.08248,0.00000,0.57590,0.00000,0.00000,0.08402,0.00000,0.00000,0.00000,0.09001,0.00000,0.12905,0.00005,0.11095,0.00000,0.01001
35.24267,8,0.25377,0.04782,0.26535,0.09649,0.02176,0.07063,0.05619,0.00451,0.00706,0.31085,0.00999,0.00975,0.00050,0.00415,0.00510,0.08984,0.00000,0.58329,0.00000,0.00000,0.07567,0.00000,0.00000,0.00000,0.08377,0.00000,0.13629,0.00001,0.11826,0.00000,0.00271
35.26400,8,0.24351,0.23271,0.18711,0.07066,0.01854,0.05122,0.05223,0.00436,0.00720,0.24470,0.01683,0.01368,0.00910,0.00536,0.00489,0.08143,0.00000,0.29859,0.00000,0.00000,0.09323,0.00000,0.00000,0.00000,0.25828,0.00000,0.15956,0.05935,0.13025,0.00000,0.00073
35.28533,0,0.23125,0.34603,0.13192,0.05285,0.01864,0.03755,0.05741,0.00443,0.00800,0.17530,0.02011,0.02264,0.02502,0.00782,0.01049,0.08178,0.00000,0.08078,0.00000,0.00000,0.10592,0.00000,0.00000,0.00000,0.44254,0.00000,0.15181,0.09385,0.12490,0.00000,0.00020
35.30667,0,0.22294,0.43708,0.09435,0.03896,0.02133,0.02862,0.05301,0.00517,0.00800,0.12411,0.01643,0.02362,0.04839,0.01207,0.01012,0.07872,0.00000,0.04202,0.00000,0.00000,0.10893,0.00000,0.00000,0.00000,0.48903,0.00000,0.14321,0.09588,0.12083,0.00000,0.00010
35.32800,0,0.21647,1.00000,0.00000,0.00000,0.00000,0.00000,0.00000,0.00000,0.00000,0.00000,0.00000,0.00000,0.00000,0.00000,0.00000,0.00000,0.00000,0.04202,0.00000,0.00000,0.10893,0.00000,0.00000,0.00000,0.48903,0.00000,0.14321,0.09588,0.12083,0.00000,0.00010
35.34933,0,0.20821,1.00000,0.00000,0.00000,0.00000,0.00000,0.00000,0.00000,0.00000,0.00000,0.00000,0.00000,0.00000,0.00000,0.00000,0.00000,0.00000,0.04202,0.00000,0.00000,0.10893,0.00000,0.00000,0.00000,0.48903,0.00000,0.14321,0.09588,0.12083,0.00000,0.00010
35.37067,0,0.20344,1.00000,0.00000,0.00000,0.00000,0.00000,0.00000,0.00000,0.00000,0.00000,0.00000,0.00000,0.00000,0.00000,0.00000,0.00000,0.00000,0.04202,0.00000,0.00000,0.10893,0.00000,0.00000,0.00000,0.48903,0.00000,0.14321,0.09588,0.12083,0.00000,0.00010
35.39200,0,0.19696,1.00000,0.00000,0.00000,0.00000,0.00000,0.00000,0.00000,0.00000,0.00000,0.00000,0.00000,0.00000,0.00000,0.00000,0.00000,0.00000,0.04202,0.00000,0.00000,0.10893,0.00000,0.00000,0.00000,0.48903,0.00000,0.14321,0.09588,0.12083,0.00000,0.00010
35.41333,0,0.18712,0.42022,0.04484,0.03516,0.02464,0.01240,0.04758,0.00543,0.01005,0.02836,0.02758,0.11268,0.05081,0.01076,0.04537,0.12413,0.03541,0.04053,0.00000,0.00000,0.10507,0.00000,0.00000,0.00000,0.47172,0.00000,0.13814,0.09248,0.11655,0.00000,0.00010
35.43467,0,0.17371,0.29201,0.04899,0.03529,0.02039,0.00927,0.03629,0.00391,0.00782,0.02270,0.03878,0.09491,0.03772,0.00781,0.05851,0.28560,0.32382,0.02841,0.00000,0.00000,0.07366,0.00000,0.00000,0.00000,0.33068,0.00000,0.09683,0.06483,0.08170,0.00000,0.00007
35.45600,14,0.15749,0.20215,0.05283,0.03727,0.01621,0.00771,0.02956,0.00307,0.00638,0.01687,0.04275,0.06991,0.02703,0.00552,0.05349,0.42924,0.51110,0.02054,0.00000,0.00000,0.05326,0.00000,0.00000,0.00000,0.23909,0.00000,0.07001,0.04688,0.05907,0.00000,0.00005
35.47733,14,0.14778,0.13990,0.04573,0.03230,0.01211,0.00666,0.02592,0.00251,0.00516,0.01266,0.03825,0.05125,0.01933,0.00392,0.06157,0.54272,0.81229,0.00789,0.00000,0.00000,0.02045,0.00000,0.00000,0.00000,0.09180,0.00000,0.02688,0.01800,0.02268,0.00000,0.00002
35.49866,14,0.13593,0.09690,0.03957,0.02869,0.00908,0.00536,0.02284,0.00181,0.00393,0.00942,0.03041,0.03945,0.01380,0.00286,0.09779,0.59809,0.21982,0.00213,0.00000,0.00000,0.09768,0.00000,0.00000,0.00000,0.11661,0.00000,0.09057,0.00487,0.12582,0.00000,0.34250
35.52000,14,0.11332,0.06771,0.03102,0.02285,0.00665,0.00441,0.01864,0.00127,0.00307,0.00699,0.02609,0.03487,0.00985,0.00212,0.13720,0.62726,0.05947,0.00058,0.00000,0.00000,0.11342,0.00000,0.00000,0.00000,0.12227,0.00000,0.10270,0.00132,0.13703,0.00000,0.46321
35.54133,14,0.09495,0.04803,0.02476,0.01710,0.00499,0.00360,0.01486,0.00090,0.00223,0.00522,0.02941,0.02729,0.00737,0.00172,0.15102,0.66150,0.01609,0.00016,0.00000,0.00000,0.11738,0.00000,0.00000,0.00000,0.12491,0.00000,0.10607,0.00036,0.12961,0.00000,0.50543
35.56267,14,0.16626,0.03426,0.01823,0.01211,0.00373,0.00266,0.01089,0.00066,0.00158,0.00384,0.03127,0.02006,0.00585,0.00157,0.14575,0.70755,0.00435,0.00004,0.00000,0.00000,0.12174,0.00000,0.00000,0.00000,0.12823,0.00000,0.11105,0.00010,0.12220,0.00000,0.51228
35.58400,14,0.40284,0.02364,0.01272,0.00836,0.00258,0.00184,0.00752,0.00045,0.00109,0.00274,0.02203,0.01385,0.00403,0.00109,0.10106,0.79701,0.00118,0.00001,0.00000,0.00000,0.12851,0.00000,0.00000,0.00000,0.13260,0.00000,0.11921,0.00003,0.11862,0.00000,0.49984
35.60533,14,0.55029,0.01631,0.00919,0.00577,0.00178,0.00127,0.00522,0.00031,0.00075,0.00210,0.01622,0.00960,0.00279,0.00080,0.07300,0.85490,0.00032,0.00000,0.00000,0.00000,0.13698,0.00000,0.00000,0.00000,0.13746,0.00000,0.12972,0.00001,0.11868,0.00000,0.47682
35.62667,14,0.60944,0.01128,0.00720,0.00398,0.00124,0.00088,0.00366,0.00022,0.00052,0.00490,0.01221,0.00699,0.00194,0.00063,0.07431,0.87004,0.00009,0.00000,0.00000,0.00000,0.14569,0.00000,0.00000,0.00000,0.14200,0.00000,0.14115,0.00000,0.12114,0.00000,0.44994
35.64800,14,0.61398,0.00803,0.00870,0.00280,0.00089,0.00068,0.00267,0.00015,0.00036,0.01865,0.01051,0.00578,0.00135,0.00144,0.10983,0.82814,0.00002,0.00000,0.00000,0.00000,0.15295,0.00000,0.00000,0.00000,0.14534,0.00000,0.15187,0.00000,0.12443,0.00000,0.42539
35.66933,14,0.64222,0.00580,0.01066,0.00198,0.00078,0.00050,0.00194,0.00011,0.00025,0.01812,0.01033,0.00435,0.00094,0.00203,0.16490,0.77731,0.00001,0.00000,0.00000,0.00000,0.15624,0.00000,0.00000,0.00000,0.14690,0.00000,0.15782,0.00000,0.12665,0.00000,0.41238
35.69067,14,0.68409,0.00405,0.00800,0.00137,0.00054,0.00034,0.00136,0.00007,0.00017,0.01274,0.00723,0.00303,0.00065,0.00150,0.16327,0.79567,0.00000,0.00000,0.00000,0.00000,0.15773,0.00000,0.00000,0.00000,0.14775,0.00000,0.16138,0.00000,0.12827,0.00000,0.40486
35.71200,14,0.71907,0.00285,0.00586,0.00095,0.00038,0.00024,0.00095,0.00005,0.00012,0.00906,0.00533,0.00244,0.00046,0.00106,0.34470,0.62554,0.00000,0.00000,0.00000,0.00000,0.15857,0.00000,0.00000,0.00000,0.14830,0.00000,0.16375,0.00000,0.12945,0.00000,0.39993
35.73333,13,0.74232,0.00202,0.00412,0.00066,0.00026,0.00019,0.00066,0.00004,0.00008,0.00683,0.00476,0.00292,0.00033,0.00075,0.51677,0.45962,0.00000,0.00000,0.00000,0.00000,0.15873,0.00000,0.00000,0.00000,0.14841,0.00000,0.16421,0.00000,0.12967,0.00000,0.39898
35.75467,13,0.72274,0.00140,0.00285,0.00045,0.00018,0.00013,0.00046,0.00003,0.00006,0.00476,0.00351,0.00218,0.00023,0.00052,0.66418,0.31908,0.00000,0.00000,0.00000,0.00000,0.15886,0.00000,0.00000,0.00000,0.14849,0.00000,0.16457,0.00000,0.12985,0.00000,0.39823
35.77600,13,0.71163,0.00097,0.00196,0.00031,0.00012,0.00009,0.00032,0.00002,0.00004,0.00335,0.00251,0.00449,0.00016,0.00036,0.76032,0.22498,0.00000,0.00000,0.00000,0.00000,0.12061,0.00000,0.00000,0.00000,0.13198,0.00000,0.19021,0.00000,0.03513,0.33487,0.18720
35.79733,13,0.76462,0.00068,0.00136,0.00022,0.00009,0.00006,0.00022,0.00001,0.00003,0.00268,0.00182,0.06025,0.00016,0.00026,0.75393,0.17824,0.00000,0.00000,0.00000,0.00000,0.10198,0.00000,0.00000,0.00000,0.12784,0.00000,0.18168,0.00000,0.00950,0.45531,0.12370
35.81866,13,0.82933,0.00049,0.00094,0.00018,0.00006,0.00005,0.00015,0.00001,0.00004,0.00196,0.00140,0.15015,0.00018,0.00018,0.69608,0.14813,0.00000,0.00000,0.00000,0.00000,0.09708,0.00000,0.00000,0.00000,0.13170,0.00000,0.16782,0.00000,0.00257,0.49807,0.10277
35.84000,13,0.83053,0.00037,0.00065,0.00013,0.00005,0.00004,0.00011,0.00003,0.00003,0.00137,0.00127,0.22570,0.00015,0.00016,0.65984,0.11010,0.00000,0.00000,0.00000,0.00000,0.10215,0.00000,0.00000,0.00000,0.14108,0.00000,0.15573,0.00000,0.00070,0.50471,0.09564
35.86133,13,0.82496,0.00027,0.00045,0.00010,0.00004,0.00008,0.00008,0.00007,0.00003,0.00113,0.00118,0.31401,0.00031,0.00015,0.60551,0.07660,0.00000,0.00000,0.00000,0.00000,0.11404,0.00000,0.00000,0.00000,0.15402,0.00000,0.14659,0.00000,0.00019,0.49103,0.09413
35.88267,13,0.80525,0.00019,0.00032,0.00007,0.00003,0.00028,0.00006,0.00011,0.00002,0.00138,0.00137,0.37606,0.00110,0.00015,0.56561,0.05324,0.00000,0.00000,0.00000,0.00000,0.12971,0.00000,0.00000,0.00000,0.16867,0.00000,0.14002,0.00000,0.00005,0.46590,0.09565
35.90400,13,0.76979,0.00014,0.00022,0.00007,0.00003,0.00093,0.00005,0.00021,0.00003,0.00218,0.00450,0.47489,0.00177,0.00015,0.47761,0.03723,0.00000,0.00000,0.00000,0.00000,0.14621,0.00000,0.00000,0.00000,0.18323,0.00000,0.13517,0.00000,0.00001,0.43629,0.09909
35.92533,10,0.73504,0.00010,0.00016,0.00006,0.00002,0.00096,0.00003,0.00020,0.00003,0.00476,0.00614,0.56905,0.00686,0.00016,0.38563,0.02583,0.00000,0.00000,0.00000,0.00000,0.16057,0.00000,0.00000,0.00000,0.19590,0.00000,0.13111,0.00000,0.00000,0.40865,0.10377
35.94667,10,0.71495,0.00007,0.00011,0.00006,0.00001,0.00119,0.00003,0.00017,0.00003,0.00646,0.00826,0.63979,0.02028,0.00018,0.30545,0.01791,0.00000,0.00000,0.00000,0.00000,0.15251,0.00000,0.00000,0.00000,0.17125,0.00000,0.28680,0.06157,0.00000,0.27261,0.05526
35.96800,10,0.69782,0.00006,0.00008,0.00005,0.00001,0.00136,0.00004,0.00016,0.00005,0.00913,0.01185,0.66763,0.04688,0.00026,0.24997,0.01246,0.00000,0.00000,0.00000,0.00000,0.13094,0.00000,0.00000,0.00000,0.14829,0.00000,0.43217,0.10276,0.00000,0.17089,0.01495
35.98933,10,0.69637,0.00005,0.00007,0.00006,0.00002,0.00124,0.00012,0.00012,0.00004,0.01040,0.01695,0.62666,0.10072,0.00029,0.23452,0.00874,0.00000,0.00000,0.00000,0.00000,0.12437,0.00000,0.00000,0.00000,0.14550,0.00000,0.46299,0.10726,0.00000,0.15210,0.00778
36.01067,10,0.69575,0.00004,0.00006,0.00006,0.00003,0.00096,0.00020,0.00009,0.00003,0.00808,0.01498,0.65385,0.10048,0.00031,0.21476,0.00607,0.00000,0.00000,0.00000,0.00000,0.12111,0.00000,0.00000,0.00000,0.14794,0.00000,0.48505,0.10782,0.00000,0.13597,0.00210
36.03200,10,0.72319,0.00004,0.00008,0.00010,0.00003,0.00079,0.00030,0.00008,0.00003,0.00642,0.01205,0.69096,0.09509,0.00039,0.18943,0.00422,0.00000,0.00000,0.00000,0.00000,0.12938,0.00000,0.00000,0.00000,0.15577,0.00000,0.47718,0.10682,0.00000,0.13029,0.00057
36.05333,10,0.74178,0.00004,0.00013,0.00013,0.00006,0.00081,0.00058,0.00010,0.00003,0.00507,0.00994,0.73538,0.07440,0.00058,0.16978,0.00296,0.00000,0.00000,0.00000,0.00000,0.14584,0.00000,0.00000,0.00000,0.16532,0.00000,0.45317,0.10757,0.00000,0.12795,0.00015
36.07467,10,0.74302,0.00005,0.00358,0.00023,0.00042,0.00080,0.00062,0.00009,0.00006,0.00891,0.00807,0.78381,0.05362,0.00041,0.13474,0.00459,0.00000,0.00000,0.00000,0.00000,0.16666,0.00000,0.00000,0.00000,0.17394,0.00000,0.42173,0.11032,0.00000,0.12731,0.00004
36.09600,10,0.73464,0.00014,0.01123,0.00096,0.00252,0.00148,0.00058,0.00011,0.00017,0.08992,0.01247,0.60798,0.03914,0.00030,0.09934,0.13366,0.00000,0.00000,0.00000,0.00000,0.18788,0.00000,0.00000,0.00000,0.17926,0.00000,0.39018,0.11444,0.00000,0.12823,0.00001
36.11733,10,0.72586,0.00012,0.00791,0.00081,0.00184,0.00126,0.00046,0.00008,0.00014,0.18101,0.01099,0.48648,0.02717,0.00021,0.06883,0.21270,0.00000,0.00000,0.00000,0.00000,0.20548,0.00000,0.00000,0.00000,0.17897,0.00000,0.36550,0.11910,0.00000,0.13095,0.00000
36.13867,10,0.72410,0.00009,0.00546,0.00057,0.00127,0.00096,0.00034,0.00005,0.00010,0.15584,0.00810,0.59270,0.01877,0.00015,0.04761,0.16798,0.00000,0.00000,0.00000,0.00000,0.21378,0.00000,0.00000,0.00000,0.17051,0.00000,0.35550,0.12377,0.00000,0.13644,0.00000
36.16000,10,0.71363,0.00007,0.00377,0.00040,0.00088,0.00082,0.00024,0.00004,0.00007,0.11169,0.00586,0.67860,0.01296,0.00011,0.03299,0.15152,0.00000,0.00000,0.00000,0.00000,0.21789,0.00000,0.00000,0.00000,0.15870,0.00000,0.35184,0.12842,0.00000,0.14315,0.00000
36.18133,10,0.70762,0.00009,0.00260,0.00027,0.00061,0.00073,0.00018,0.00003,0.00005,0.07814,0.00682,0.75197,0.00895,0.00009,0.02304,0.12642,0.00000,0.00000,0.00000,0.00000,0.22034,0.00000,0.00000,0.00000,0.14862,0.00000,0.35015,0.13214,0.00000,0.14875,0.00000
36.20267,10,0.69422,0.00059,0.00202,0.00020,0.00050,0.00155,0.00023,0.00002,0.00008,0.09626,0.01908,0.67840,0.00658,0.00065,0.01745,0.17638,0.00000,0.00000,0.00000,0.00000,0.22106,0.00000,0.00000,0.00000,0.14563,0.00000,0.34967,0.13324,0.00000,0.15041,0.00000
36.22400,10,0.67734,0.00152,0.00279,0.00031,0.00100,0.00391,0.00053,0.00002,0.00023,0.14284,0.01772,0.63774,0.00464,0.00079,0.01717,0.16881,0.00000,0.00000,0.00000,0.00000,0.22125,0.00000,0.00000,0.00000,0.14482,0.00000,0.34954,0.13353,0.00000,0.15085,0.00000
36.24533,10,0.65204,0.00330,0.00536,0.00056,0.00121,0.00769,0.00122,0.00002,0.00039,0.18444,0.01473,0.48785,0.00322,0.00093,0.02008,0.26901,0.00000,0.00000,0.00000,0.00000,0.22131,0.00000,0.00000,0.00000,0.14460,0.00000,0.34950,0.13362,0.00000,0.15097,0.00000
36.26667,14,0.63336,0.00291,0.00699,0.00048,0.00115,0.00655,0.00171,0.00003,0.00032,0.19723,0.01506,0.33922,0.00223,0.00082,0.01988,0.40541,0.00000,0.00000,0.00000,0.00000,0.22132,0.00000,0.00000,0.00000,0.14456,0.00000,0.34950,0.13363,0.00000,0.15100,0.00000
36.28800,14,0.61919,0.00244,0.00705,0.00040,0.00203,0.00505,0.00142,0.00003,0.00032,0.16267,0.02384,0.23506,0.00154,0.00070,0.02049,0.53697,0.00000,0.00000,0.00000,0.00000,0.22132,0.00000,0.00000,0.00000,0.14453,0.00000,0.34949,0.13364,0.00000,0.15101,0.00000
36.30933,14,0.61843,0.00202,0.00786,0.00030,0.00224,0.00415,0.00191,0.00002,0.00028,0.25683,0.02192,0.16279,0.00107,0.00057,0.02224,0.51581,0.00000,0.00000,0.00000,0.00000,0.15204,0.00000,0.00000,0.00000,0.13088,0.00000,0.17786,0.03616,0.11969,0.04086,0.34252
36.33067,8,0.60586,0.00243,0.01248,0.00028,0.00246,0.00401,0.00277,0.00002,0.00041,0.41071,0.01872,0.11308,0.00075,0.00048,0.02717,0.40424,0.00000,0.00000,0.00000,0.00000,0.12813,0.00000,0.00000,0.00000,0.12613,0.00000,0.12631,0.00978,0.13537,0.01105,0.46322
36.35200,8,0.59676,0.01668,0.01522,0.00040,0.00965,0.00877,0.00573,0.00011,0.00595,0.49572,0.01454,0.08081,0.00062,0.00137,0.04423,0.30019,0.00000,0.00000,0.00000,0.00000,0.11868,0.00000,0.00000,0.00000,0.28031,0.00000,0.14603,0.06201,0.13491,0.00299,0.25507
36.37333,8,0.58738,0.01951,0.02717,0.00070,0.01090,0.01552,0.01626,0.00017,0.00555,0.53112,0.01278,0.05684,0.00048,0.00181,0.03716,0.26404,0.00000,0.00000,0.00000,0.00000,0.11281,0.00000,0.00000,0.00000,0.44848,0.00000,0.14815,0.09456,0.12617,0.00081,0.06902
36.39466,8,0.58439,0.01714,0.02610,0.00079,0.00889,0.01454,0.01764,0.00023,0.00489,0.47330,0.01459,0.03942,0.00038,0.00222,0.03112,0.34875,0.00000,0.00000,0.00000,0.00000,0.11398,0.00000,0.00000,0.00000,0.51868,0.00000,0.13474,0.09560,0.11811,0.00022,0.01867
36.41600,14,0.59057,0.01395,0.02640,0.00073,0.00669,0.01053,0.01407,0.00021,0.00343,0.34884,0.01719,0.02740,0.00031,0.00468,0.02689,0.49870,0.00000,0.00000,0.00000,0.00000,0.12134,0.00000,0.00000,0.00000,0.53514,0.00000,0.12740,0.09479,0.11623,0.00006,0.00505
36.43733,14,0.60043,0.01113,0.03918,0.00070,0.00481,0.00732,0.00986,0.00015,0.00237,0.24372,0.01587,0.01904,0.00026,0.00435,0.02725,0.61399,0.00000,0.00000,0.00000,0.00000,0.12833,0.00000,0.00000,0.00000,0.33656,0.00000,0.12282,0.04993,0.14441,0.00002,0.21793
36.45867,14,0.63138,0.00894,0.03569,0.00088,0.00339,0.00518,0.00706,0.00014,0.00165,0.17163,0.01181,0.01367,0.00021,0.00542,0.16331,0.57104,0.00000,0.00000,0.00000,0.00000,0.12361,0.00000,0.00000,0.00000,0.18198,0.00000,0.11325,0.01351,0.14955,0.00000,0.41810
36.48000,14,0.67405,0.00639,0.02541,0.00069,0.00235,0.00361,0.00503,0.00011,0.00114,0.11949,0.00871,0.00993,0.00022,0.00475,0.23928,0.57290,0.00000,0.00000,0.00000,0.00000,0.11976,0.00000,0.00000,0.00000,0.14028,0.00000,0.10831,0.00365,0.13752,0.00000,0.49047
36.50133,14,0.67331,0.00443,0.01763,0.00048,0.00162,0.00252,0.00351,0.00008,0.00078,0.08268,0.00608,0.00693,0.00015,0.00345,0.33905,0.53061,0.00000,0.00000,0.00000,0.00000,0.12037,0.00000,0.00000,0.00000,0.13094,0.00000,0.10921,0.00099,0.12649,0.00000,0.51201
36.52267,13,0.64346,0.00307,0.01225,0.00034,0.00112,0.00175,0.00243,0.00005,0.00054,0.05720,0.00457,0.00498,0.00011,0.00240,0.46612,0.44307,0.00000,0.00000,0.00000,0.00000,0.12230,0.00000,0.00000,0.00000,0.13058,0.00000,0.11159,0.00051,0.12271,0.00000,0.51230
36.54400,13,0.60335,0.00218,0.00855,0.00031,0.00078,0.00122,0.00172,0.00004,0.00037,0.04398,0.00501,0.00502,0.00008,0.00170,0.56004,0.36899,0.00000,0.00000,0.00000,0.00000,0.12867,0.00000,0.00000,0.00000,0.13324,0.00000,0.11935,0.00014,0.11876,0.00000,0.49985
36.56533,13,0.58353,0.00152,0.00593,0.00024,0.00054,0.00085,0.00123,0.00003,0.00026,0.03244,0.00402,0.00868,0.00006,0.00119,0.67265,0.27037,0.00000,0.00000,0.00000,0.00000,0.11245,0.00000,0.00000,0.00000,0.12786,0.00000,0.17798,0.00004,0.03213,0.33484,0.21470
36.58667,13,0.60560,0.00106,0.00410,0.00019,0.00037,0.00060,0.00086,0.00002,0.00018,0.02295,0.00287,0.05764,0.00005,0.00082,0.71542,0.19287,0.00000,0.00000,0.00000,0.00000,0.09977,0.00000,0.00000,0.00000,0.12672,0.00000,0.17837,0.00001,0.00869,0.45531,0.13113
36.60800,13,0.64784,0.00074,0.00283,0.00014,0.00026,0.00042,0.00060,0.00001,0.00012,0.01596,0.00205,0.09413,0.00004,0.00057,0.74583,0.13630,0.00000,0.00000,0.00000,0.00000,0.09648,0.00000,0.00000,0.00000,0.13139,0.00000,0.16692,0.00000,0.00235,0.49807,0.10478
36.62933,13,0.68342,0.00051,0.00195,0.00011,0.00018,0.00029,0.00043,0.00001,0.00009,0.01112,0.00158,0.09196,0.00003,0.00040,0.79461,0.09672,0.00000,0.00000,0.00000,0.00000,0.10199,0.00000,0.00000,0.00000,0.14100,0.00000,0.15548,0.00000,0.00064,0.50471,0.09618
36.65067,13,0.70890,0.00037,0.00135,0.00008,0.00014,0.00026,0.00030,0.00005,0.00007,0.00790,0.00172,0.12028,0.00007,0.00028,0.79906,0.06806,0.00000,0.00000,0.00000,0.00000,0.11399,0.00000,0.00000,0.00000,0.15400,0.00000,0.14653,0.00000,0.00017,0.49103,0.09428
36.67200,13,0.69603,0.00026,0.00093,0.00006,0.00010,0.00027,0.00021,0.00016,0.00006,0.00560,0.00182,0.15084,0.00014,0.00021,0.79194,0.04739,0.00000,0.00000,0.00000,0.00000,0.12970,0.00000,0.00000,0.00000,0.16866,0.00000,0.14000,0.00000,0.00005,0.46590,0.09569
36.69333,13,0.67091,0.00018,0.00065,0.00005,0.00007,0.00032,0.00015,0.00029,0.00005,0.00409,0.00250,0.14831,0.00058,0.00019,0.80965,0.03293,0.00000,0.00000,0.00000,0.00000,0.14621,0.00000,0.00000,0.00000,0.18323,0.00000,0.13517,0.00000,0.00001,0.43629,0.09910
36.71466,13,0.64847,0.00013,0.00045,0.00005,0.00005,0.00060,0.00012,0.00031,0.00004,0.00476,0.00687,0.24657,0.00352,0.00023,0.71332,0.02298,0.00000,0.00000,0.00000,0.00000,0.16057,0.00000,0.00000,0.00000,0.19590,0.00000,0.13111,0.00000,0.00000,0.40865,0.10377
36.73600,13,0.62664,0.00009,0.00031,0.00005,0.00004,0.00098,0.00010,0.00024,0.00003,0.01210,0.01123,0.38569,0.00741,0.00028,0.56534,0.01610,0.00000,0.00000,0.00000,0.00000,0.16652,0.00000,0.00000,0.00000,0.20344,0.00000,0.12776,0.00000,0.00000,0.39357,0.10872
36.75733,13,0.61724,0.00007,0.00022,0.00005,0.00004,0.00117,0.00011,0.00019,0.00003,0.02065,0.01298,0.45177,0.01250,0.00036,0.48857,0.01130,0.00000,0.00000,0.00000,0.00000,0.16839,0.00000,0.00000,0.00000,0.20860,0.00000,0.12477,0.00000,0.00000,0.38458,0.11365
36.77867,10,0.61470,0.00006,0.00016,0.00005,0.00005,0.00112,0.00015,0.00016,0.00003,0.02577,0.01403,0.48145,0.01694,0.00035,0.45156,0.00813,0.00000,0.00000,0.00000,0.00000,0.16909,0.00000,0.00000,0.00000,0.21226,0.00000,0.12246,0.00000,0.00000,0.37860,0.11759
36.80000,13,0.61418,0.00005,0.00012,0.00006,0.00007,0.00099,0.00025,0.00012,0.00002,0.02287,0.01277,0.44904,0.01827,0.00034,0.48918,0.00585,0.00000,0.00000,0.00000,0.00000,0.16921,0.00000,0.00000,0.00000,0.21297,0.00000,0.12201,0.00000,0.00000,0.37745,0.11836
36.82133,13,0.61118,0.00005,0.00012,0.00012,0.00016,0.00087,0.00070,0.00012,0.00002,0.02092,0.01012,0.43956,0.01941,0.00041,0.50322,0.00421,0.00000,0.00000,0.00000,0.00000,0.14191,0.00000,0.00000,0.00000,0.15930,0.00000,0.37646,0.09036,0.00000,0.19996,0.03201
36.84267,13,0.62149,0.00005,0.00011,0.00017,0.00015,0.00066,0.00104,0.00009,0.00002,0.01783,0.00750,0.42420,0.01894,0.00048,0.52578,0.00298,0.00000,0.00000,0.00000,0.00000,0.11603,0.00000,0.00000,0.00000,0.13491,0.00000,0.24755,0.02445,0.00000,0.38892,0.08813
36.86400,13,0.63837,0.00006,0.00015,0.00028,0.00018,0.00058,0.00161,0.00007,0.00002,0.02225,0.00585,0.42249,0.01503,0.00054,0.52868,0.00222,0.00000,0.00000,0.00000,0.00000,0.10075,0.00000,0.00000,0.00000,0.12863,0.00000,0.19719,0.00662,0.00000,0.46992,0.09689
36.88533,13,0.65979,0.00005,0.00012,0.00029,0.00015,0.00048,0.00150,0.00005,0.00002,0.02011,0.00494,0.45858,0.01114,0.00052,0.50044,0.00161,0.00000,0.00000,0.00000,0.00000,0.09674,0.00000,0.00000,0.00000,0.13191,0.00000,0.17202,0.00179,0.00000,0.50203,0.09551
36.90667,13,0.67475,0.00006,0.00012,0.00030,0.00025,0.00046,0.00135,0.00004,0.00002,0.01954,0.00555,0.43744,0.00808,0.00047,0.52495,0.00138,0.00000,0.00000,0.00000,0.00000,0.10206,0.00000,0.00000,0.00000,0.14114,0.00000,0.15686,0.00048,0.00000,0.50578,0.09367
36.92800,13,0.67363,0.00010,0.00041,0.00045,0.00103,0.00183,0.00330,0.00026,0.00006,0.01830,0.01182,0.46232,0.00743,0.00193,0.48803,0.00274,0.00000,0.00000,0.00000,0.00000,0.11401,0.00000,0.00000,0.00000,0.15404,0.00000,0.14690,0.00013,0.00000,0.49132,0.09360
36.94933,13,0.67042,0.00029,0.00656,0.00231,0.00452,0.00650,0.00543,0.00070,0.00046,0.02130,0.02289,0.40816,0.00931,0.00221,0.47339,0.03596,0.00000,0.00000,0.00000,0.00000,0.12970,0.00000,0.00000,0.00000,0.16867,0.00000,0.14010,0.00004,0.00000,0.46599,0.09550
36.97066,13,0.67638,0.00026,0.00628,0.00282,0.00572,0.00566,0.00413,0.00051,0.00048,0.09801,0.03097,0.31074,0.00703,0.00157,0.34398,0.18185,0.00000,0.00000,0.00000,0.00000,0.14621,0.00000,0.00000,0.00000,0.18323,0.00000,0.13519,0.00001,0.00000,0.43632,0.09905
36.99200,8,0.68691,0.00025,0.00439,0.00203,0.00424,0.00486,0.00299,0.00036,0.00042,0.32638,0.03214,0.22825,0.00503,0.00117,0.23856,0.14894,0.00000,0.00000,0.00000,0.00000,0.16057,0.00000,0.00000,0.00000,0.19590,0.00000,0.13111,0.00000,0.00000,0.40866,0.10376
37.01333,8,0.71342,0.00019,0.00305,0.00143,0.00296,0.00402,0.00213,0.00025,0.00032,0.49452,0.03137,0.16030,0.00355,0.00083,0.16527,0.12981,0.00000,0.00000,0.00000,0.00000,0.14004,0.00000,0.00000,0.00000,0.31910,0.00000,0.15258,0.05936,0.06571,0.20795,0.05526
37.03467,8,0.77713,0.00014,0.00211,0.00103,0.00205,0.00376,0.00173,0.00017,0.00025,0.56762,0.02253,0.16350,0.00250,0.00066,0.11898,0.11297,0.00000,0.00000,0.00000,0.00000,0.11858,0.00000,0.00000,0.00000,0.45900,0.00000,0.14992,0.09385,0.10745,0.05625,0.01495
37.05600,8,0.78389,0.00017,0.00152,0.00076,0.00142,0.00558,0.00138,0.00012,0.00021,0.48818,0.01716,0.21384,0.00176,0.00063,0.10211,0.16516,0.00000,0.00000,0.00000,0.00000,0.11552,0.00000,0.00000,0.00000,0.49760,0.00000,0.14222,0.09588,0.11175,0.02926,0.00778
37.07733,8,0.77975,0.00046,0.00133,0.00060,0.00100,0.00825,0.00113,0.00009,0.00019,0.39171,0.01286,0.27156,0.00125,0.00088,0.09427,0.21442,0.00000,0.00000,0.00000,0.00000,0.11783,0.00000,0.00000,0.00000,0.53358,0.00000,0.13018,0.09468,0.11371,0.00792,0.00210
37.09867,8,0.77484,0.00235,0.00159,0.00123,0.00081,0.00927,0.00152,0.00008,0.00022,0.32242,0.01186,0.27234,0.00094,0.00238,0.11446,0.25853,0.00000,0.00000,0.00000,0.00000,0.12687,0.00000,0.00000,0.00000,0.53031,0.00000,0.12724,0.09597,0.11690,0.00214,0.00057
37.12000,14,0.76094,0.00648,0.00245,0.00418,0.00069,0.00761,0.00170,0.00006,0.00026,0.24612,0.01503,0.20012,0.00075,0.00280,0.16749,0.34425,0.00000,0.00000,0.00000,0.00000,0.13895,0.00000,0.00000,0.00000,0.50177,0.00000,0.13265,0.10207,0.12383,0.00058,0.00015
37.14133,14,0.73723,0.01186,0.00340,0.01328,0.00056,0.00567,0.00188,0.00006,0.00028,0.17591,0.02106,0.13945,0.00054,0.00277,0.16531,0.45796,0.00000,0.00000,0.00000,0.00000,0.13797,0.00000,0.00000,0.00000,0.31152,0.00000,0.12820,0.05545,0.15005,0.00016,0.21665
37.16267,14,0.71783,0.01239,0.00543,0.01097,0.00043,0.00407,0.00192,0.00005,0.00025,0.12768,0.01981,0.09696,0.00038,0.00244,0.24521,0.47202,0.00000,0.00000,0.00000,0.00000,0.12622,0.00000,0.00000,0.00000,0.17522,0.00000,0.11471,0.01500,0.15108,0.00004,0.41773
37.18400,14,0.69823,0.01373,0.01094,0.00867,0.00031,0.00289,0.00169,0.00004,0.00020,0.09283,0.02195,0.06715,0.00027,0.00181,0.36948,0.40802,0.00000,0.00000,0.00000,0.00000,0.12047,0.00000,0.00000,0.00000,0.13845,0.00000,0.10870,0.00406,0.13794,0.00001,0.49037
37.20533,13,0.67664,0.01780,0.02828,0.00661,0.00023,0.00207,0.00174,0.00004,0.00020,0.07406,0.02574,0.04686,0.00020,0.00207,0.41857,0.37553,0.00000,0.00000,0.00000,0.00000,0.12056,0.00000,0.00000,0.00000,0.13044,0.00000,0.10931,0.00110,0.12660,0.00000,0.51198
37.22667,14,0.66217,0.01581,0.07931,0.00481,0.00017,0.00145,0.00143,0.00003,0.00016,0.05835,0.02307,0.03261,0.00018,0.00178,0.37651,0.40432,0.00000,0.00000,0.00000,0.00000,0.11777,0.00000,0.00000,0.00000,0.12881,0.00000,0.15781,0.00030,0.06386,0.21095,0.32050
37.24800,14,0.64882,0.01412,0.14278,0.00345,0.00013,0.00104,0.00114,0.00003,0.00013,0.05649,0.01952,0.02299,0.00015,0.00163,0.28149,0.45491,0.00000,0.00000,0.00000,0.00000,0.12007,0.00000,0.00000,0.00000,0.12702,0.00000,0.14816,0.00008,0.10052,0.17417,0.32999
37.26933,14,0.64743,0.01141,0.12328,0.00246,0.00010,0.00073,0.00093,0.00002,0.00009,0.04754,0.01492,0.01610,0.00011,0.00130,0.20837,0.57265,0.00000,0.00000,0.00000,0.00000,0.12137,0.00000,0.00000,0.00000,0.12530,0.00000,0.12010,0.00002,0.13768,0.04711,0.44840
37.29066,14,0.64017,0.00831,0.09438,0.00172,0.00008,0.00051,0.00072,0.00001,0.00007,0.03495,0.01095,0.01126,0.00008,0.00104,0.16637,0.66954,0.00000,0.00000,0.00000,0.00000,0.11916,0.00000,0.00000,0.00000,0.12494,0.00000,0.11016,0.00001,0.13431,0.01275,0.49867
37.31200,14,0.64364,0.00764,0.07243,0.00134,0.00008,0.00039,0.00059,0.00002,0.00006,0.02819,0.00980,0.00943,0.00014,0.00090,0.25859,0.61039,0.00000,0.00000,0.00000,0.00000,0.12020,0.00000,0.00000,0.00000,0.12679,0.00000,0.10971,0.00000,0.12562,0.00345,0.51423
37.33333,14,0.63599,0.00622,0.05337,0.00107,0.00006,0.00029,0.00050,0.00002,0.00005,0.02193,0.00986,0.00732,0.00018,0.00080,0.35114,0.54718,0.00000,0.00000,0.00000,0.00000,0.12222,0.00000,0.00000,0.00000,0.12842,0.00000,0.11185,0.00000,0.12226,0.00179,0.51345
37.35467,14,0.64667,0.00446,0.04065,0.00113,0.00006,0.00025,0.00065,0.00001,0.00005,0.02083,0.03331,0.00715,0.00026,0.00073,0.41741,0.47305,0.00000,0.00000,0.00000,0.00000,0.12864,0.00000,0.00000,0.00000,0.13266,0.00000,0.11942,0.00000,0.11863,0.00049,0.50016
37.37600,14,0.64823,0.00359,0.03370,0.00101,0.00012,0.00028,0.00058,0.00002,0.00005,0.01836,0.03726,0.00998,0.00033,0.00091,0.43362,0.46018,0.00000,0.00000,0.00000,0.00000,0.13702,0.00000,0.00000,0.00000,0.13748,0.00000,0.12978,0.00000,0.11869,0.00013,0.47690
37.39733,13,0.66532,0.00325,0.02634,0.00079,0.00013,0.00040,0.00056,0.00004,0.00005,0.01972,0.03617,0.00869,0.00026,0.00204,0.45527,0.44630,0.00000,0.00000,0.00000,0.00000,0.14570,0.00000,0.00000,0.00000,0.14200,0.00000,0.14117,0.00000,0.12114,0.00004,0.44996
37.41867,13,0.66389,0.00249,0.01924,0.00061,0.00012,0.00047,0.00043,0.00004,0.00004,0.02651,0.02596,0.00627,0.00018,0.00179,0.47139,0.44446,0.00000,0.00000,0.00000,0.00000,0.13192,0.00000,0.00000,0.00000,0.13586,0.00000,0.17605,0.00000,0.06386,0.21096,0.28134
37.44000,13,0.65727,0.00185,0.01344,0.00043,0.00008,0.00034,0.00031,0.00003,0.00003,0.02002,0.01815,0.00452,0.00013,0.00133,0.57991,0.35942,0.00000,0.00000,0.00000,0.00000,0.10800,0.00000,0.00000,0.00000,0.12806,0.00000,0.18504,0.00000,0.01728,0.40958,0.15203
37.46133,13,0.65913,0.00140,0.00930,0.00030,0.00006,0.00023,0.00022,0.00002,0.00002,0.01448,0.01311,0.00369,0.00009,0.00093,0.69267,0.26348,0.00000,0.00000,0.00000,0.00000,0.09772,0.00000,0.00000,0.00000,0.12876,0.00000,0.17406,0.00000,0.00468,0.48279,0.11200
37.48267,13,0.65615,0.00105,0.00642,0.00022,0.00004,0.00016,0.00016,0.00002,0.00001,0.01016,0.00956,0.01061,0.00009,0.00065,0.77079,0.19004,0.00000,0.00000,0.00000,0.00000,0.09848,0.00000,0.00000,0.00000,0.13578,0.00000,0.16123,0.00000,0.00126,0.50464,0.09861
37.50400,13,0.65247,0.00080,0.00444,0.00019,0.00003,0.00013,0.00017,0.00001,0.00010,0.00730,0.00771,0.15640,0.00035,0.00060,0.65023,0.17154,0.00000,0.00000,0.00000,0.00000,0.10741,0.00000,0.00000,0.00000,0.14721,0.00000,0.15075,0.00000,0.00034,0.49978,0.09451
37.52533,13,0.64863,0.00083,0.00307,0.00014,0.00005,0.00012,0.00021,0.00006,0.00010,0.00516,0.00642,0.17560,0.00177,0.00087,0.67683,0.12878,0.00000,0.00000,0.00000,0.00000,0.12158,0.00000,0.00000,0.00000,0.16124,0.00000,0.14302,0.00000,0.00009,0.47945,0.09462
37.54667,13,0.64836,0.00061,0.00213,0.00010,0.00005,0.00011,0.00020,0.00010,0.00008,0.00369,0.00500,0.34110,0.00184,0.00086,0.54794,0.09620,0.00000,0.00000,0.00000,0.00000,0.13804,0.00000,0.00000,0.00000,0.17607,0.00000,0.13743,0.00000,0.00003,0.45125,0.09718
37.56800,13,0.64758,0.00043,0.00147,0.00008,0.00006,0.00023,0.00015,0.00098,0.00007,0.00286,0.00459,0.41516,0.00158,0.00074,0.50430,0.06732,0.00000,0.00000,0.00000,0.00000,0.15384,0.00000,0.00000,0.00000,0.18991,0.00000,0.13310,0.00000,0.00001,0.42183,0.10131
37.58933,10,0.64103,0.00030,0.00102,0.00006,0.00006,0.00050,0.00011,0.00193,0.00007,0.00307,0.00538,0.48967,0.00206,0.00068,0.44783,0.04727,0.00000,0.00000,0.00000,0.00000,0.16057,0.00000,0.00000,0.00000,0.19590,0.00000,0.13111,0.00000,0.00000,0.40865,0.10377
37.61066,10,0.63044,0.00022,0.00071,0.00006,0.00011,0.00183,0.00032,0.01567,0.00027,0.00389,0.00458,0.58908,0.00324,0.00081,0.34602,0.03317,0.00000,0.00000,0.00000,0.00000,0.16652,0.00000,0.00000,0.00000,0.20344,0.00000,0.12776,0.00000,0.00000,0.39356,0.10872
37.63200,10,0.62770,0.00016,0.00051,0.00012,0.00015,0.00157,0.00059,0.01831,0.00028,0.00337,0.00343,0.70377,0.00311,0.00081,0.24037,0.02347,0.00000,0.00000,0.00000,0.00000,0.14119,0.00000,0.00000,0.00000,0.15673,0.00000,0.37797,0.09034,0.00000,0.20434,0.02942
37.65333,10,0.62677,0.00014,0.00080,0.00104,0.00040,0.00161,0.00168,0.01414,0.00041,0.00340,0.00246,0.78644,0.00315,0.00106,0.16598,0.01729,0.00000,0.00000,0.00000,0.00000,0.12453,0.00000,0.00000,0.00000,0.14574,0.00000,0.46287,0.10726,0.00000,0.15165,0.00796
37.67467,10,0.63286,0.00031,0.00113,0.00419,0.00108,0.01943,0.01156,0.01398,0.00753,0.00324,0.00179,0.80024,0.00391,0.00488,0.11455,0.01217,0.00000,0.00000,0.00000,0.00000,0.12115,0.00000,0.00000,0.00000,0.14801,0.00000,0.48501,0.10782,0.00000,0.13585,0.00215
37.69600,10,0.63589,0.00024,0.00090,0.00366,0.00148,0.06461,0.00907,0.01204,0.04867,0.00270,0.00127,0.72563,0.00363,0.03845,0.07923,0.00841,0.00000,0.00000,0.00000,0.00000,0.12939,0.00000,0.00000,0.00000,0.15578,0.00000,0.47717,0.10682,0.00000,0.13026,0.00058
37.71733,10,0.61817,0.00020,0.00068,0.00299,0.00143,0.05569,0.00904,0.00903,0.04525,0.00224,0.00094,0.55069,0.00326,0.25766,0.05507,0.00584,0.00000,0.00000,0.00000,0.00000,0.14584,0.00000,0.00000,0.00000,0.16532,0.00000,0.45317,0.10757,0.00000,0.12794,0.00016
37.73867,12,0.60065,0.00016,0.00049,0.00215,0.00102,0.03911,0.00706,0.00629,0.03188,0.00166,0.00068,0.38342,0.00265,0.48122,0.03815,0.00406,0.00000,0.00000,0.00000,0.00000,0.16666,0.00000,0.00000,0.00000,0.17394,0.00000,0.42173,0.11032,0.00000,0.12731,0.00004
37.76000,12,0.58287,0.00013,0.00034,0.00151,0.00072,0.02714,0.00513,0.00435,0.02217,0.00120,0.00052,0.26495,0.00191,0.64062,0.02644,0.00287,0.00000,0.00000,0.00000,0.00000,0.16591,0.00000,0.00000,0.00000,0.15733,0.00000,0.27306,0.11508,0.22225,0.06635,0.00001
37.78133,12,0.57205,0.00015,0.00024,0.00108,0.00051,0.01888,0.00369,0.00301,0.01543,0.00100,0.00043,0.18306,0.00148,0.74852,0.01843,0.00410,0.00000,0.00000,0.00000,0.00000,0.13882,0.00000,0.00000,0.00000,0.13184,0.00000,0.15087,0.11718,0.44333,0.01796,0.00000
37.80267,12,0.55997,0.00029,0.00027,0.00096,0.00038,0.01314,0.00319,0.00210,0.01083,0.00174,0.00040,0.12646,0.00171,0.79831,0.01288,0.02733,0.00000,0.00000,0.00000,0.00000,0.11928,0.00000,0.00000,0.00000,0.12040,0.00000,0.10609,0.11858,0.53080,0.00486,0.00000
37.82400,12,0.55714,0.00040,0.00169,0.00119,0.00036,0.00920,0.00584,0.00153,0.00766,0.02183,0.00031,0.08735,0.00219,0.77062,0.00917,0.08067,0.00000,0.00000,0.00000,0.00000,0.11031,0.00000,0.00000,0.00000,0.11904,0.00000,0.09080,0.12061,0.55793,0.00131,0.00000
37.84533,12,0.55456,0.00047,0.01040,0.00131,0.00036,0.00646,0.00787,0.00112,0.00565,0.04514,0.00026,0.06040,0.00200,0.74299,0.00639,0.10917,0.00000,0.00000,0.00000,0.00000,0.11027,0.00000,0.00000,0.00000,0.12449,0.00000,0.08978,0.12328,0.55182,0.00036,0.00000
37.86666,12,0.55365,0.00144,0.05495,0.00204,0.00043,0.00500,0.01519,0.00132,0.00636,0.09501,0.00023,0.04182,0.00244,0.65307,0.00444,0.11626,0.00000,0.00000,0.00000,0.00000,0.11272,0.00000,0.00000,0.00000,0.12881,0.00000,0.09249,0.12476,0.54104,0.00018,0.00000
37.88800,12,0.56894,0.00146,0.09985,0.00157,0.00034,0.00360,0.01183,0.00101,0.00461,0.12885,0.00020,0.02893,0.00176,0.61496,0.00308,0.09794,0.00000,0.00000,0.00000,0.00000,0.12055,0.00000,0.00000,0.00000,0.13873,0.00000,0.10169,0.12773,0.51126,0.00005,0.00000
37.90933,12,0.57616,0.00150,0.13517,0.00126,0.00029,0.00271,0.00897,0.00077,0.00346,0.23343,0.00018,0.02001,0.00125,0.50743,0.00214,0.08144,0.00000,0.00000,0.00000,0.00000,0.12954,0.00000,0.00000,0.00000,0.14783,0.00000,0.11301,0.13035,0.47925,0.00001,0.00000
37.93067,12,0.60548,0.00151,0.14895,0.00116,0.00026,0.00215,0.00658,0.00060,0.00298,0.30867,0.00017,0.01384,0.00092,0.43593,0.00150,0.07476,0.00000,0.00000,0.00000,0.00000,0.13636,0.00000,0.00000,0.00000,0.15311,0.00000,0.12322,0.13215,0.45515,0.00000,0.00000
37.95200,12,0.60748,0.00142,0.12835,0.00133,0.00025,0.00174,0.00479,0.00048,0.00242,0.29190,0.00015,0.00959,0.00076,0.46254,0.00109,0.09319,0.00000,0.00000,0.00000,0.00000,0.14023,0.00000,0.00000,0.00000,0.14990,0.00000,0.12896,0.13250,0.44841,0.00000,0.00000
37.97333,12,0.62697,0.00216,0.10386,0.00367,0.00043,0.00176,0.00382,0.00073,0.00212,0.24667,0.00039,0.00672,0.00116,0.46393,0.00086,0.16173,0.00000,0.00000,0.00000,0.00000,0.14317,0.00000,0.00000,0.00000,0.14291,0.00000,0.13271,0.13223,0.44898,0.00000,0.00000
37.99467,12,0.66259,0.00234,0.07206,0.00314,0.00153,0.00167,0.01526,0.00212,0.00147,0.17250,0.00073,0.00575,0.01185,0.59314,0.00122,0.11520,0.00000,0.00000,0.00000,0.00000,0.14535,0.00000,0.00000,0.00000,0.13658,0.00000,0.13531,0.13188,0.45088,0.00000,0.00000
38.01600,12,0.64545,0.00201,0.04987,0.00229,0.00152,0.00164,0.04252,0.00319,0.00102,0.11946,0.00293,0.00666,0.18496,0.50063,0.00092,0.08039,0.00000,0.00000,0.00000,0.00000,0.14599,0.00000,0.00000,0.00000,0.13470,0.00000,0.13608,0.13178,0.45145,0.00000,0.00000
38.03733,11,0.62163,0.00165,0.03454,0.00179,0.00126,0.00208,0.04321,0.00292,0.00073,0.08258,0.00559,0.01039,0.40374,0.35251,0.00102,0.05598,0.00000,0.00000,0.00000,0.00000,0.14617,0.00000,0.00000,0.00000,0.13419,0.00000,0.13628,0.13175,0.45161,0.00000,0.00000
38.05867,11,0.60749,0.00168,0.02421,0.00144,0.00130,0.00262,0.03562,0.00281,0.00078,0.05736,0.00773,0.02541,0.55460,0.24463,0.00103,0.03879,0.00000,0.00000,0.00000,0.00000,0.13715,0.00000,0.00000,0.00000,0.12765,0.00000,0.14319,0.28152,0.31050,0.00000,0.00000
38.08000,11,0.59058,0.00146,0.01675,0.00102,0.00108,0.00197,0.02624,0.00256,0.00111,0.03962,0.00654,0.02534,0.67931,0.16927,0.00095,0.02678,0.00000,0.00000,0.00000,0.00000,0.12307,0.00000,0.00000,0.00000,0.12768,0.00000,0.13686,0.43179,0.18060,0.00000,0.00000
38.10133,11,0.58040,0.00107,0.01158,0.00072,0.00079,0.00140,0.01848,0.00202,0.00103,0.02736,0.00554,0.02355,0.77025,0.11696,0.00075,0.01849,0.00000,0.00000,0.00000,0.00000,0.11765,0.00000,0.00000,0.00000,0.13649,0.00000,0.12450,0.49164,0.12972,0.00000,0.00000
38.12267,11,0.56717,0.00078,0.00801,0.00052,0.00057,0.00104,0.01299,0.00146,0.00079,0.01903,0.00407,0.07767,0.77839,0.08083,0.00105,0.01280,0.00000,0.00000,0.00000,0.00000,0.11824,0.00000,0.00000,0.00000,0.14264,0.00000,0.11881,0.50436,0.11596,0.00000,0.00000
38.14400,11,0.56190,0.00060,0.00559,0.00043,0.00045,0.00183,0.00925,0.00104,0.00062,0.01450,0.00347,0.08482,0.81063,0.05591,0.00183,0.00904,0.00000,0.00000,0.00000,0.00000,0.12506,0.00000,0.00000,0.00000,0.15671,0.00000,0.10972,0.50863,0.09988,0.00000,0.00000
38.16533,11,0.55515,0.00058,0.00411,0.00058,0.00041,0.00240,0.00658,0.00074,0.00052,0.01315,0.00400,0.20869,0.70994,0.03863,0.00288,0.00679,0.00000,0.00000,0.00000,0.00000,0.13778,0.00000,0.00000,0.00000,0.17142,0.00000,0.10370,0.49408,0.09302,0.00000,0.00000
38.18666,11,0.55680,0.00091,0.00339,0.00061,0.00057,0.01174,0.00532,0.00060,0.00048,0.01080,0.00941,0.32075,0.59714,0.02675,0.00327,0.00825,0.00000,0.00000,0.00000,0.00000,0.15426,0.00000,0.00000,0.00000,0.18491,0.00000,0.10014,0.46890,0.09179,0.00000,0.00000
38.20800,11,0.57848,0.00138,0.00263,0.00072,0.00058,0.01252,0.00424,0.00052,0.00055,0.01009,0.01109,0.42021,0.50487,0.01868,0.00477,0.00714,0.00000,0.00000,0.00000,0.00000,0.17229,0.00000,0.00000,0.00000,0.19540,0.00000,0.09814,0.44014,0.09403,0.00000,0.00000
38.22933,10,0.57865,0.00151,0.00213,0.00113,0.00048,0.01147,0.00337,0.00046,0.00068,0.00930,0.01375,0.52134,0.40633,0.01302,0.00818,0.00686,0.00000,0.00000,0.00000,0.00000,0.18968,0.00000,0.00000,0.00000,0.20113,0.00000,0.09678,0.41450,0.09791,0.00000,0.00000
38.25067,10,0.58972,0.00164,0.00314,0.00934,0.00049,0.01449,0.00248,0.00062,0.00109,0.01067,0.01874,0.60991,0.29809,0.00900,0.00793,0.01239,0.00000,0.00000,0.00000,0.00000,0.16906,0.00000,0.00000,0.00000,0.17172,0.00000,0.26966,0.27294,0.05196,0.06466,0.00000
38.27200,10,0.61562,0.00118,0.00219,0.00672,0.00035,0.01027,0.00175,0.00044,0.00078,0.00871,0.01384,0.72309,0.20588,0.00621,0.00694,0.01165,0.00000,0.00000,0.00000,0.00000,0.13542,0.00000,0.00000,0.00000,0.14842,0.00000,0.42754,0.15994,0.01406,0.11463,0.00000
38.29333,10,0.63645,0.00084,0.00151,0.00468,0.00025,0.00714,0.00125,0.00031,0.00055,0.00673,0.00973,0.80710,0.14210,0.00429,0.00517,0.00834,0.00000,0.00000,0.00000,0.00000,0.12235,0.00000,0.00000,0.00000,0.14577,0.00000,0.47781,0.12368,0.00380,0.12660,0.00000
38.31467,10,0.65517,0.00059,0.00104,0.00324,0.00017,0.00493,0.00087,0.00021,0.00038,0.00494,0.00700,0.86586,0.09805,0.00296,0.00370,0.00605,0.00000,0.00000,0.00000,0.00000,0.12432,0.00000,0.00000,0.00000,0.15146,0.00000,0.48346,0.11137,0.00103,0.12837,0.00000
38.33600,10,0.64896,0.00047,0.00072,0.00225,0.00012,0.00343,0.00063,0.00015,0.00027,0.00428,0.00596,0.90342,0.06766,0.00205,0.00359,0.00499,0.00000,0.00000,0.00000,0.00000,0.13690,0.00000,0.00000,0.00000,0.16050,0.00000,0.46651,0.10806,0.00028,0.12775,0.00000
38.35733,10,0.66159,0.00055,0.00050,0.00157,0.00008,0.00242,0.00046,0.00010,0.00019,0.00380,0.00531,0.91629,0.04670,0.00142,0.00600,0.01460,0.00000,0.00000,0.00000,0.00000,0.15598,0.00000,0.00000,0.00000,0.16990,0.00000,0.43788,0.10903,0.00008,0.12714,0.00000
38.37867,10,0.65798,0.00093,0.00035,0.00112,0.00006,0.00171,0.00037,0.00007,0.00016,0.00428,0.00471,0.84124,0.03234,0.00114,0.01170,0.09982,0.00000,0.00000,0.00000,0.00000,0.17748,0.00000,0.00000,0.00000,0.17716,0.00000,0.40552,0.11234,0.00002,0.12748,0.00000
38.40000,10,0.68555,0.00218,0.00025,0.00090,0.00005,0.00120,0.00050,0.00005,0.00016,0.00474,0.00517,0.70668,0.02319,0.00128,0.02521,0.22844,0.00000,0.00000,0.00000,0.00000,0.18788,0.00000,0.00000,0.00000,0.17926,0.00000,0.39018,0.11448,0.00001,0.12819,0.00000
38.42133,10,0.69557,0.00397,0.00019,0.00090,0.00008,0.00086,0.00097,0.00004,0.00018,0.00475,0.00491,0.51931,0.01677,0.00145,0.03680,0.40881,0.00000,0.00000,0.00000,0.00000,0.20548,0.00000,0.00000,0.00000,0.17897,0.00000,0.36550,0.11912,0.00000,0.13093,0.00000
38.44267,14,0.67883,0.00549,0.00016,0.00093,0.00014,0.00067,0.00103,0.00003,0.00021,0.00510,0.00486,0.36226,0.01193,0.00142,0.03773,0.56804,0.00000,0.00000,0.00000,0.00000,0.21378,0.00000,0.00000,0.00000,0.17051,0.00000,0.35550,0.12377,0.00000,0.13644,0.00000
38.46400,14,0.65861,0.00529,0.00020,0.00075,0.00019,0.00066,0.00081,0.00002,0.00022,0.00693,0.00593,0.25331,0.00829,0.00109,0.03870,0.67760,0.00000,0.00000,0.00000,0.00000,0.17486,0.00000,0.00000,0.00000,0.14666,0.00000,0.24046,0.06560,0.08322,0.07269,0.21651
38.48533,14,0.63432,0.00515,0.00025,0.00057,0.00017,0.00051,0.00064,0.00002,0.00020,0.00753,0.00826,0.17689,0.00575,0.00081,0.03601,0.75724,0.00000,0.00000,0.00000,0.00000,0.13620,0.00000,0.00000,0.00000,0.13061,0.00000,0.14508,0.01775,0.13300,0.01967,0.41769
38.50667,14,0.61648,0.00691,0.00039,0.00047,0.00015,0.00045,0.00060,0.00001,0.00015,0.01006,0.02020,0.12435,0.00399,0.00061,0.03526,0.79639,0.00000,0.00000,0.00000,0.00000,0.12317,0.00000,0.00000,0.00000,0.12638,0.00000,0.11692,0.00480,0.13304,0.00532,0.49037
38.52800,14,0.60877,0.00605,0.00032,0.00035,0.00012,0.00035,0.00048,0.00001,0.00014,0.01014,0.01825,0.08936,0.00281,0.00055,0.03199,0.83908,0.00000,0.00000,0.00000,0.00000,0.12129,0.00000,0.00000,0.00000,0.12718,0.00000,0.11153,0.00130,0.12528,0.00144,0.51198
38.54933,14,0.60998,0.00582,0.00044,0.00029,0.00019,0.00047,0.00057,0.00002,0.00034,0.01414,0.01615,0.06421,0.00221,0.00077,0.03370,0.86070,0.00000,0.00000,0.00000,0.00000,0.12538,0.00000,0.00000,0.00000,0.13052,0.00000,0.11567,0.00035,0.11984,0.00039,0.50786
38.57067,14,0.62525,0.00468,0.00034,0.00024,0.00014,0.00036,0.00041,0.00001,0.00031,0.01114,0.01989,0.04493,0.00175,0.00095,0.07335,0.84151,0.00000,0.00000,0.00000,0.00000,0.13277,0.00000,0.00000,0.00000,0.13507,0.00000,0.12450,0.00010,0.11824,0.00011,0.48922
38.59200,14,0.60823,0.00336,0.00026,0.00017,0.00010,0.00025,0.00029,0.00001,0.00021,0.00813,0.02276,0.03253,0.00131,0.00080,0.24451,0.68531,0.00000,0.00000,0.00000,0.00000,0.14145,0.00000,0.00000,0.00000,0.13984,0.00000,0.13549,0.00003,0.11970,0.00003,0.46347
38.61333,14,0.59155,0.00245,0.00018,0.00012,0.00007,0.00017,0.00020,0.00001,0.00015,0.00573,0.01639,0.02643,0.00095,0.00058,0.43545,0.51112,0.00000,0.00000,0.00000,0.00000,0.14962,0.00000,0.00000,0.00000,0.14388,0.00000,0.14672,0.00001,0.12278,0.00001,0.43699
38.63467,13,0.58833,0.00173,0.00013,0.00008,0.00005,0.00012,0.00014,0.00001,0.00010,0.00399,0.01158,0.02336,0.00073,0.00042,0.59337,0.36419,0.00000,0.00000,0.00000,0.00000,0.15499,0.00000,0.00000,0.00000,0.14627,0.00000,0.15537,0.00000,0.12567,0.00000,0.41770
38.65600,13,0.61141,0.00122,0.00009,0.00006,0.00003,0.00008,0.00010,0.00001,0.00007,0.00278,0.00814,0.02743,0.00052,0.00029,0.70078,0.25841,0.00000,0.00000,0.00000,0.00000,0.15625,0.00000,0.00000,0.00000,0.14690,0.00000,0.15783,0.00000,0.12665,0.00000,0.41238
38.67733,13,0.63457,0.00085,0.00006,0.00004,0.00003,0.00006,0.00008,0.00001,0.00005,0.00200,0.00582,0.03910,0.00039,0.00020,0.77177,0.17955,0.00000,0.00000,0.00000,0.00000,0.11991,0.00000,0.00000,0.00000,0.13156,0.00000,0.18839,0.00000,0.03427,0.33481,0.19106
38.69867,13,0.66547,0.00059,0.00004,0.00003,0.00002,0.00004,0.00005,0.00001,0.00004,0.00140,0.00409,0.03804,0.00027,0.00014,0.83107,0.12417,0.00000,0.00000,0.00000,0.00000,0.10179,0.00000,0.00000,0.00000,0.12772,0.00000,0.18118,0.00000,0.00927,0.45528,0.12475
38.72000,13,0.66368,0.00041,0.00003,0.00002,0.00001,0.00003,0.00004,0.00003,0.00003,0.00097,0.00299,0.03909,0.00020,0.00010,0.86994,0.08612,0.00000,0.00000,0.00000,0.00000,0.09703,0.00000,0.00000,0.00000,0.13167,0.00000,0.16768,0.00000,0.00251,0.49806,0.10305
38.74133,13,0.65973,0.00029,0.00002,0.00002,0.00003,0.00003,0.00003,0.00006,0.00002,0.00079,0.00210,0.03417,0.00021,0.00007,0.90263,0.05955,0.00000,0.00000,0.00000,0.00000,0.10214,0.00000,0.00000,0.00000,0.14108,0.00000,0.15569,0.00000,0.00068,0.50471,0.09571
38.76266,13,0.64762,0.00020,0.00001,0.00001,0.00002,0.00002,0.00002,0.00006,0.00001,0.00067,0.00149,0.03601,0.00016,0.00006,0.91991,0.04134,0.00000,0.00000,0.00000,0.00000,0.11403,0.00000,0.00000,0.00000,0.15402,0.00000,0.14658,0.00000,0.00018,0.49103,0.09415
38.78400,13,0.63670,0.00014,0.00001,0.00001,0.00002,0.00013,0.00002,0.00007,0.00001,0.00074,0.00138,0.04317,0.00016,0.00005,0.92545,0.02866,0.00000,0.00000,0.00000,0.00000,0.12971,0.00000,0.00000,0.00000,0.16867,0.00000,0.14001,0.00000,0.00005,0.46591,0.09565
38.80533,13,0.61972,0.00010,0.00001,0.00001,0.00002,0.00017,0.00003,0.00008,0.00001,0.00231,0.00140,0.04729,0.00022,0.00004,0.92851,0.01982,0.00000,0.00000,0.00000,0.00000,0.14621,0.00000,0.00000,0.00000,0.18322,0.00000,0.13517,0.00000,0.00001,0.43629,0.09909
38.82667,13,0.59813,0.00008,0.00001,0.00014,0.00004,0.00107,0.00160,0.00171,0.00006,0.00302,0.00305,0.15085,0.00119,0.00041,0.82276,0.01401,0.00000,0.00000,0.00000,0.00000,0.16057,0.00000,0.00000,0.00000,0.19590,0.00000,0.13111,0.00000,0.00000,0.40865,0.10377
38.84800,13,0.58422,0.00006,0.00003,0.00020,0.00011,0.00241,0.00324,0.00305,0.00013,0.00253,0.00463,0.37254,0.00189,0.00081,0.59828,0.01011,0.00000,0.00000,0.00000,0.00000,0.16652,0.00000,0.00000,0.00000,0.20344,0.00000,0.12776,0.00000,0.00000,0.39357,0.10872
38.86933,10,0.57087,0.00005,0.00006,0.00035,0.00013,0.00248,0.00539,0.00322,0.00021,0.00198,0.00369,0.55681,0.00189,0.00109,0.41522,0.00744,0.00000,0.00000,0.00000,0.00000,0.16839,0.00000,0.00000,0.00000,0.20860,0.00000,0.12477,0.00000,0.00000,0.38458,0.11365
38.89067,10,0.56711,0.00005,0.00021,0.00087,0.00037,0.00278,0.00651,0.00237,0.00064,0.00180,0.00280,0.68389,0.00253,0.00247,0.28695,0.00576,0.00000,0.00000,0.00000,0.00000,0.15481,0.00000,0.00000,0.00000,0.17682,0.00000,0.28367,0.06157,0.00000,0.26274,0.06040
38.91200,10,0.55617,0.00022,0.00225,0.00345,0.00113,0.00543,0.03460,0.00195,0.00176,0.00485,0.00276,0.68891,0.03248,0.01324,0.20188,0.00508,0.00000,0.00000,0.00000,0.00000,0.13157,0.00000,0.00000,0.00000,0.14980,0.00000,0.43131,0.10275,0.00000,0.16823,0.01634
38.93333,10,0.55396,0.00074,0.00186,0.00726,0.00235,0.02197,0.02834,0.00183,0.00408,0.00451,0.00267,0.72778,0.03210,0.02053,0.14005,0.00395,0.00000,0.00000,0.00000,0.00000,0.12470,0.00000,0.00000,0.00000,0.14629,0.00000,0.46254,0.10726,0.00000,0.15072,0.00850
38.95467,10,0.57423,0.00108,0.00148,0.00628,0.00287,0.09940,0.02022,0.00687,0.13270,0.00385,0.00223,0.58214,0.02321,0.01675,0.09804,0.00288,0.00000,0.00000,0.00000,0.00000,0.12120,0.00000,0.00000,0.00000,0.14815,0.00000,0.48493,0.10782,0.00000,0.13560,0.00230
38.97600,10,0.57012,0.00132,0.00124,0.00513,0.00345,0.13959,0.01443,0.00619,0.29193,0.00345,0.00164,0.42832,0.01641,0.01606,0.06873,0.00211,0.00000,0.00000,0.00000,0.00000,0.12940,0.00000,0.00000,0.00000,0.15583,0.00000,0.47715,0.10682,0.00000,0.13019,0.00062
38.99733,10,0.56589,0.00234,0.00092,0.00390,0.00280,0.11045,0.01341,0.00498,0.22335,0.00276,0.00117,0.33201,0.01185,0.23866,0.04983,0.00156,0.00000,0.00000,0.00000,0.00000,0.14585,0.00000,0.00000,0.00000,0.16533,0.00000,0.45316,0.10757,0.00000,0.12792,0.00017
39.01867,12,0.55293,0.00192,0.00064,0.00270,0.00196,0.07766,0.00998,0.00348,0.15487,0.00208,0.00082,0.23233,0.00835,0.46744,0.03468,0.00109,0.00000,0.00000,0.00000,0.00000,0.16666,0.00000,0.00000,0.00000,0.17394,0.00000,0.42173,0.11032,0.00000,0.12730,0.00005
39.04000,12,0.54515,0.00159,0.00045,0.00188,0.00137,0.05422,0.00712,0.00242,0.10710,0.00178,0.00058,0.16129,0.00611,0.62899,0.02430,0.00081,0.00000,0.00000,0.00000,0.00000,0.16591,0.00000,0.00000,0.00000,0.15733,0.00000,0.27306,0.11508,0.22225,0.06635,0.00001
39.06133,12,0.53557,0.00140,0.00032,0.00133,0.00098,0.03764,0.00565,0.00170,0.07401,0.00167,0.00043,0.11179,0.00643,0.73869,0.01712,0.00084,0.00000,0.00000,0.00000,0.00000,0.13881,0.00000,0.00000,0.00000,0.13184,0.00000,0.15086,0.11718,0.44335,0.01795,0.00000
39.08266,12,0.53197,0.00115,0.00025,0.00094,0.00069,0.02604,0.00467,0.00119,0.05114,0.00172,0.00031,0.07724,0.00781,0.81320,0.01202,0.00162,0.00000,0.00000,0.00000,0.00000,0.11927,0.00000,0.00000,0.00000,0.12039,0.00000,0.10608,0.11858,0.53081,0.00486,0.00000
39.10400,12,0.53000,0.00094,0.00030,0.00067,0.00050,0.01803,0.00404,0.00086,0.03532,0.00211,0.00022,0.05334,0.00875,0.86322,0.00834,0.00336,0.00000,0.00000,0.00000,0.00000,0.11031,0.00000,0.00000,0.00000,0.11904,0.00000,0.09080,0.12061,0.55793,0.00131,0.00000
39.12533,12,0.53119,0.00088,0.00090,0.00051,0.00036,0.01254,0.00333,0.00064,0.02439,0.00475,0.00016,0.03685,0.00696,0.89457,0.00576,0.00738,0.00000,0.00000,0.00000,0.00000,0.11027,0.00000,0.00000,0.00000,0.12449,0.00000,0.08978,0.12328,0.55182,0.00036,0.00000
39.14667,12,0.56824,0.00082,0.00203,0.00043,0.00027,0.00877,0.00335,0.00052,0.01687,0.00730,0.00013,0.02549,0.00510,0.91417,0.00399,0.01076,0.00000,0.00000,0.00000,0.00000,0.11628,0.00000,0.00000,0.00000,0.13368,0.00000,0.09661,0.12626,0.52707,0.00010,0.00000
39.16800,12,0.58290,0.00068,0.00182,0.00035,0.00019,0.00609,0.00284,0.00039,0.01165,0.00574,0.00009,0.01761,0.00370,0.93507,0.00276,0.01103,0.00000,0.00000,0.00000,0.00000,0.12511,0.00000,0.00000,0.00000,0.14357,0.00000,0.10729,0.12911,0.49489,0.00003,0.00000
39.18933,12,0.62375,0.00084,0.00146,0.00046,0.00015,0.00450,0.00271,0.00047,0.00806,0.00512,0.00009,0.01223,0.00338,0.93419,0.00197,0.02438,0.00000,0.00000,0.00000,0.00000,0.12954,0.00000,0.00000,0.00000,0.14784,0.00000,0.11301,0.13035,0.47925,0.00001,0.00000
39.21067,12,0.62175,0.00086,0.00109,0.00040,0.00046,0.00366,0.01001,0.00080,0.00557,0.00490,0.00026,0.01096,0.00867,0.91073,0.00152,0.04009,0.00000,0.00000,0.00000,0.00000,0.13636,0.00000,0.00000,0.00000,0.15311,0.00000,0.12322,0.13215,0.45515,0.00000,0.00000
39.23200,12,0.61878,0.00077,0.00085,0.00034,0.00077,0.00281,0.03734,0.00171,0.00386,0.00428,0.00154,0.01054,0.11330,0.78974,0.00110,0.03104,0.00000,0.00000,0.00000,0.00000,0.14022,0.00000,0.00000,0.00000,0.14990,0.00000,0.12896,0.13250,0.44841,0.00000,0.00000
39.25333,12,0.60659,0.00063,0.00067,0.00028,0.00060,0.00213,0.03626,0.00191,0.00268,0.00316,0.00237,0.01086,0.34508,0.57064,0.00082,0.02191,0.00000,0.00000,0.00000,0.00000,0.14317,0.00000,0.00000,0.00000,0.14291,0.00000,0.13271,0.13223,0.44898,0.00000,0.00000
39.27467,11,0.59823,0.00076,0.00054,0.00024,0.00065,0.00180,0.02695,0.00159,0.00201,0.00261,0.00332,0.02142,0.52707,0.39490,0.00094,0.01521,0.00000,0.00000,0.00000,0.00000,0.14535,0.00000,0.00000,0.00000,0.13658,0.00000,0.13531,0.13188,0.45088,0.00000,0.00000
39.29600,11,0.58894,0.00092,0.00048,0.00032,0.00065,0.00141,0.02010,0.00143,0.00213,0.00194,0.00602,0.03942,0.64042,0.27320,0.00098,0.01057,0.00000,0.00000,0.00000,0.00000,0.13693,0.00000,0.00000,0.00000,0.12830,0.00000,0.14293,0.28152,0.31033,0.00000,0.00000
39.31733,11,0.58305,0.00075,0.00043,0.00085,0.00053,0.00119,0.01465,0.00105,0.00188,0.00175,0.00738,0.07798,0.69298,0.18884,0.00212,0.00762,0.00000,0.00000,0.00000,0.00000,0.12301,0.00000,0.00000,0.00000,0.12786,0.00000,0.13679,0.43181,0.18053,0.00000,0.00000
39.33867,11,0.60194,0.00058,0.00081,0.00176,0.00038,0.00111,0.01031,0.00074,0.00133,0.00391,0.00903,0.26085,0.55239,0.13043,0.01974,0.00663,0.00000,0.00000,0.00000,0.00000,0.11764,0.00000,0.00000,0.00000,0.13654,0.00000,0.12448,0.49165,0.12970,0.00000,0.00000
39.36000,11,0.60248,0.00057,0.00067,0.00221,0.00038,0.00151,0.01167,0.00061,0.00116,0.00566,0.00726,0.26407,0.58521,0.09022,0.02357,0.00523,0.00000,0.00000,0.00000,0.00000,0.12078,0.00000,0.00000,0.00000,0.14948,0.00000,0.11386,0.50946,0.10642,0.00000,0.00000
39.38133,10,0.60760,0.00047,0.00068,0.00209,0.00035,0.00203,0.00830,0.00044,0.00087,0.01022,0.00739,0.44122,0.43818,0.06226,0.02051,0.00498,0.00000,0.00000,0.00000,0.00000,0.13081,0.00000,0.00000,0.00000,0.16411,0.00000,0.10636,0.50315,0.09558,0.00000,0.00000
39.40267,10,0.62628,0.00036,0.00065,0.00161,0.00030,0.00196,0.00590,0.00032,0.00064,0.02198,0.00791,0.58017,0.31050,0.04296,0.01977,0.00498,0.00000,0.00000,0.00000,0.00000,0.13865,0.00000,0.00000,0.00000,0.15629,0.00000,0.27346,0.31856,0.04838,0.06466,0.00000
39.42400,10,0.62342,0.00048,0.00065,0.00187,0.00036,0.00383,0.00879,0.00035,0.00062,0.03373,0.01898,0.57964,0.23574,0.02994,0.07909,0.00594,0.00000,0.00000,0.00000,0.00000,0.12719,0.00000,0.00000,0.00000,0.14424,0.00000,0.42858,0.17227,0.01309,0.11463,0.00000
39.44533,10,0.62427,0.00177,0.00182,0.00305,0.00138,0.01414,0.03085,0.00411,0.00235,0.08446,0.04105,0.50493,0.19130,0.02269,0.07732,0.01877,0.00000,0.00000,0.00000,0.00000,0.12012,0.00000,0.00000,0.00000,0.14464,0.00000,0.47809,0.12702,0.00354,0.12660,0.00000
39.46667,10,0.61102,0.00147,0.00183,0.00233,0.00279,0.19988,0.02173,0.00687,0.00750,0.09803,0.03110,0.35490,0.18498,0.01694,0.05522,0.01443,0.00000,0.00000,0.00000,0.00000,0.12058,0.00000,0.00000,0.00000,0.14737,0.00000,0.48454,0.11761,0.00184,0.12806,0.00000
39.48800,4,0.59360,0.00105,0.00147,0.00179,0.00268,0.34092,0.01519,0.00532,0.00519,0.17038,0.02172,0.24544,0.12854,0.01193,0.03820,0.01018,0.00000,0.00000,0.00000,0.00000,0.12923,0.00000,0.00000,0.00000,0.15561,0.00000,0.47704,0.10946,0.00050,0.12815,0.00000
39.50933,4,0.59062,0.00076,0.01606,0.00149,0.00221,0.33687,0.01165,0.00393,0.00360,0.30682,0.01524,0.17019,0.08885,0.00848,0.02638,0.00747,0.00000,0.00000,0.00000,0.00000,0.28619,0.05799,0.00000,0.00000,0.15475,0.00000,0.31697,0.05633,0.06132,0.06645,0.00000
39.53067,8,0.58322,0.00113,0.12080,0.00369,0.00256,0.28318,0.00926,0.00336,0.00252,0.34606,0.01210,0.12049,0.06139,0.00613,0.01825,0.00908,0.00000,0.00000,0.00000,0.00000,0.43277,0.10479,0.00000,0.00000,0.13055,0.00000,0.18979,0.01524,0.10888,0.01798,0.00000
39.55200,8,0.58226,0.00168,0.19203,0.00587,0.00324,0.21190,0.01087,0.00265,0.00177,0.36704,0.01341,0.08469,0.04244,0.00482,0.01260,0.04500,0.00000,0.00000,0.00000,0.00000,0.29700,0.05928,0.00000,0.00000,0.27687,0.00000,0.17106,0.06349,0.12744,0.00486,0.00000
39.57333,8,0.57640,0.00387,0.15129,0.00584,0.00509,0.17292,0.00927,0.08425,0.05068,0.36088,0.01014,0.05909,0.02938,0.01581,0.00872,0.03278,0.00000,0.00000,0.00000,0.00000,0.16106,0.01604,0.00000,0.00000,0.44755,0.00000,0.15492,0.09497,0.12414,0.00132,0.00000
39.59467,8,0.58849,0.00965,0.12500,0.00449,0.00712,0.14165,0.00815,0.05879,0.03531,0.49526,0.00809,0.04175,0.02056,0.01437,0.00603,0.02380,0.00000,0.00000,0.00000,0.00000,0.12704,0.00434,0.00000,0.00000,0.51843,0.00000,0.13657,0.09571,0.11756,0.00036,0.00000
39.61600,8,0.58816,0.00754,0.09387,0.00320,0.01166,0.10770,0.00629,0.04073,0.02440,0.62372,0.00590,0.02906,0.01427,0.01053,0.00416,0.01698,0.00000,0.00000,0.00000,0.00000,0.12487,0.00117,0.00000,0.00000,0.53507,0.00000,0.12790,0.09482,0.11608,0.00010,0.00000
39.63733,8,0.60594,0.00561,0.07410,0.00225,0.01088,0.07529,0.00450,0.02813,0.01684,0.72465,0.00416,0.02023,0.00991,0.00868,0.00287,0.01189,0.00000,0.00000,0.00000,0.00000,0.13357,0.00032,0.00000,0.00000,0.51820,0.00000,0.12917,0.09847,0.12025,0.00003,0.00000
39.65866,8,0.60350,0.00434,0.06078,0.00159,0.00946,0.05397,0.00320,0.01946,0.01164,0.79472,0.00294,0.01413,0.00690,0.00654,0.00198,0.00835,0.00000,0.00000,0.00000,0.00000,0.14540,0.00009,0.00000,0.00000,0.48177,0.00000,0.13756,0.10664,0.12853,0.00001,0.00000
39.68000,8,0.62089,0.00348,0.05487,0.00221,0.01487,0.03873,0.00395,0.01348,0.00922,0.82894,0.00269,0.00991,0.00479,0.00511,0.00137,0.00638,0.00000,0.00000,0.00000,0.00000,0.15624,0.00002,0.00000,0.00000,0.43796,0.00000,0.14935,0.11764,0.13879,0.00000,0.00000
39.70133,8,0.63889,0.00304,0.06215,0.00175,0.02092,0.02700,0.01271,0.00930,0.00711,0.81485,0.00415,0.01262,0.00354,0.00622,0.00139,0.01326,0.00000,0.00000,0.00000,0.00000,0.16293,0.00001,0.00000,0.00000,0.39840,0.00000,0.16063,0.12930,0.14874,0.00000,0.00000
39.72267,8,0.67162,0.00275,0.04828,0.00127,0.01457,0.01871,0.01010,0.00644,0.00536,0.63145,0.02626,0.01881,0.00258,0.00523,0.17549,0.03269,0.00000,0.00000,0.00000,0.00000,0.16382,0.00000,0.00000,0.00000,0.38382,0.00000,0.16482,0.13467,0.15287,0.00000,0.00000
39.74400,8,0.66798,0.00201,0.03390,0.00090,0.01006,0.01294,0.00725,0.00444,0.00370,0.43701,0.04068,0.01612,0.00185,0.00372,0.39660,0.02882,0.00000,0.00000,0.00000,0.00000,0.16269,0.00000,0.00000,0.00000,0.37211,0.00000,0.16605,0.14280,0.15636,0.00000,0.00000
39.76533,13,0.66185,0.00145,0.02371,0.00066,0.00694,0.00896,0.00505,0.00307,0.00256,0.30200,0.02973,0.01248,0.00128,0.00258,0.57398,0.02555,0.00000,0.00000,0.00000,0.00000,0.16026,0.00000,0.00000,0.00000,0.36946,0.00000,0.16346,0.14954,0.15728,0.00000,0.00000
39.78667,13,0.66165,0.00102,0.01693,0.00048,0.00479,0.00622,0.00351,0.00212,0.00177,0.20885,0.02090,0.00921,0.00089,0.00183,0.69369,0.02781,0.00000,0.00000,0.00000,0.00000,0.13676,0.00000,0.00000,0.00000,0.25307,0.00000,0.18385,0.07945,0.08189,0.21095,0.05404
39.80800,13,0.65277,0.00072,0.01239,0.00044,0.00331,0.00434,0.00250,0.00146,0.00122,0.14733,0.01506,0.00832,0.00063,0.00157,0.74348,0.05724,0.00000,0.00000,0.00000,0.00000,0.10931,0.00000,0.00000,0.00000,0.15978,0.00000,0.18716,0.02150,0.02216,0.40958,0.09052
39.82933,13,0.64960,0.00050,0.00867,0.00032,0.00228,0.00301,0.00176,0.00101,0.00084,0.10296,0.01067,0.00658,0.00044,0.00113,0.79764,0.06219,0.00000,0.00000,0.00000,0.00000,0.09808,0.00000,0.00000,0.00000,0.13735,0.00000,0.17463,0.00582,0.00600,0.48278,0.09535
39.85067,13,0.66760,0.00035,0.00599,0.00023,0.00158,0.00208,0.00123,0.00070,0.00058,0.07263,0.00745,0.00526,0.00031,0.00078,0.84150,0.05934,0.00000,0.00000,0.00000,0.00000,0.09857,0.00000,0.00000,0.00000,0.13810,0.00000,0.16138,0.00157,0.00162,0.50464,0.09410
39.87200,13,0.66298,0.00024,0.00414,0.00016,0.00109,0.00143,0.00085,0.00048,0.00040,0.05192,0.00524,0.03135,0.00022,0.00054,0.79792,0.10401,0.00000,0.00000,0.00000,0.00000,0.10743,0.00000,0.00000,0.00000,0.14784,0.00000,0.15079,0.00043,0.00044,0.49978,0.09329
39.89333,13,0.65323,0.00019,0.00286,0.00014,0.00078,0.00103,0.00060,0.00033,0.00029,0.04221,0.00562,0.09301,0.00019,0.00044,0.70769,0.14462,0.00000,0.00000,0.00000,0.00000,0.12159,0.00000,0.00000,0.00000,0.16141,0.00000,0.14303,0.00012,0.00012,0.47944,0.09429
39.91467,13,0.63363,0.00015,0.00199,0.00010,0.00054,0.00255,0.00048,0.00066,0.00024,0.03102,0.01182,0.27093,0.00032,0.00043,0.57780,0.10095,0.00000,0.00000,0.00000,0.00000,0.13804,0.00000,0.00000,0.00000,0.17612,0.00000,0.13744,0.00003,0.00003,0.45125,0.09709
39.93600,10,0.61284,0.00011,0.00144,0.00008,0.00040,0.00241,0.00037,0.00122,0.00017,0.02248,0.01251,0.46926,0.00535,0.00059,0.41332,0.07028,0.00000,0.00000,0.00000,0.00000,0.15384,0.00000,0.00000,0.00000,0.18992,0.00000,0.13310,0.00001,0.00001,0.42183,0.10129
39.95733,10,0.60554,0.00011,0.00117,0.00010,0.00048,0.00187,0.00043,0.00115,0.00013,0.02276,0.01369,0.58696,0.03501,0.00075,0.28640,0.04899,0.00000,0.00000,0.00000,0.00000,0.15050,0.00000,0.00000,0.00000,0.16902,0.00000,0.28772,0.06157,0.00000,0.27722,0.05397
39.97866,10,0.59341,0.00011,0.00092,0.00011,0.00046,0.00150,0.00041,0.00115,0.00011,0.03101,0.01372,0.66123,0.05571,0.00069,0.19847,0.03439,0.00000,0.00000,0.00000,0.00000,0.13040,0.00000,0.00000,0.00000,0.14769,0.00000,0.43242,0.10276,0.00000,0.17213,0.01460
40.00000,10,0.58646,0.00009,0.00070,0.00013,0.00042,0.00116,0.00035,0.00084,0.00010,0.04281,0.01160,0.71603,0.06348,0.00057,0.13773,0.02399,0.00000,0.00000,0.00000,0.00000,0.12409,0.00000,0.00000,0.00000,0.14519,0.00000,0.46312,0.10726,0.00000,0.15275,0.00759
40.02133,10,0.57276,0.00012,0.00548,0.00424,0.00077,0.00262,0.00051,0.00067,0.00048,0.20561,0.00881,0.56537,0.07354,0.00052,0.09563,0.03561,0.00000,0.00000,0.00000,0.00000,0.12104,0.00000,0.00000,0.00000,0.14786,0.00000,0.48509,0.10782,0.00000,0.13615,0.00205
40.04267,10,0.55283,0.00023,0.11485,0.09601,0.03408,0.01644,0.00053,0.00300,0.01137,0.17460,0.00644,0.39590,0.05432,0.00055,0.06608,0.02560,0.00000,0.00000,0.00000,0.00000,0.12936,0.00000,0.00000,0.00000,0.15574,0.00000,0.47719,0.10682,0.00000,0.13034,0.00056
40.06400,8,0.54283,0.00016,0.20786,0.06683,0.02466,0.01687,0.00056,0.00207,0.00786,0.29384,0.00450,0.27343,0.03750,0.00044,0.04560,0.01782,0.00000,0.00000,0.00000,0.00000,0.14583,0.00000,0.00000,0.00000,0.16531,0.00000,0.45318,0.10757,0.00000,0.12796,0.00015
40.08533,8,0.54992,0.00015,0.28079,0.04674,0.04137,0.02510,0.00122,0.00143,0.00559,0.32760,0.00437,0.19339,0.02601,0.00091,0.03149,0.01384,0.00000,0.00000,0.00000,0.00000,0.13563,0.00000,0.00000,0.00000,0.30335,0.00000,0.31307,0.11591,0.06571,0.06629,0.00004
40.10667,8,0.54969,0.00019,0.31871,0.03245,0.05069,0.02238,0.00293,0.00099,0.00418,0.37023,0.00434,0.13537,0.01810,0.00096,0.02174,0.01677,0.00000,0.00000,0.00000,0.00000,0.11739,0.00000,0.00000,0.00000,0.45473,0.00000,0.19334,0.10915,0.10744,0.01794,0.00001
40.12800,8,0.56179,0.00042,0.35163,0.02255,0.06027,0.01842,0.00400,0.00069,0.00365,0.39546,0.00367,0.09405,0.01260,0.00089,0.01501,0.01669,0.00000,0.00000,0.00000,0.00000,0.11522,0.00000,0.00000,0.00000,0.52037,0.00000,0.14696,0.09955,0.11304,0.00485,0.00000
40.14933,8,0.57608,0.00123,0.33826,0.01572,0.06554,0.01605,0.00527,0.00049,0.00356,0.39167,0.00671,0.06528,0.00880,0.00092,0.01046,0.07004,0.00000,0.00000,0.00000,0.00000,0.12168,0.00000,0.00000,0.00000,0.53560,0.00000,0.13071,0.09585,0.11485,0.00131,0.00000
40.17067,8,0.57389,0.00215,0.34265,0.01106,0.06098,0.01323,0.00711,0.00035,0.00396,0.40867,0.01066,0.04528,0.00610,0.00095,0.00731,0.07955,0.00000,0.00000,0.00000,0.00000,0.13270,0.00000,0.00000,0.00000,0.51834,0.00000,0.12994,0.09875,0.11992,0.00036,0.00000
40.19200,8,0.58371,0.00221,0.38232,0.00776,0.04640,0.00997,0.00643,0.00025,0.00315,0.43405,0.00855,0.03129,0.00422,0.00110,0.00506,0.05724,0.00000,0.00000,0.00000,0.00000,0.14516,0.00000,0.00000,0.00000,0.48182,0.00000,0.13777,0.10672,0.12844,0.00010,0.00000
40.21333,8,0.57835,0.00240,0.39889,0.00545,0.03643,0.00731,0.00583,0.00017,0.00247,0.46319,0.00643,0.02161,0.00293,0.00215,0.00351,0.04122,0.00000,0.00000,0.00000,0.00000,0.15617,0.00000,0.00000,0.00000,0.43797,0.00000,0.14941,0.11766,0.13876,0.00003,0.00000
40.23466,8,0.57801,0.00372,0.33344,0.00388,0.02652,0.00706,0.00532,0.00018,0.00246,0.55637,0.00700,0.01513,0.00210,0.00444,0.00244,0.02994,0.00000,0.00000,0.00000,0.00000,0.16292,0.00000,0.00000,0.00000,0.39840,0.00000,0.16064,0.12930,0.14873,0.00001,0.00000
40.25600,8,0.57654,0.00477,0.27148,0.00273,0.01918,0.00707,0.00571,0.00021,0.00212,0.63629,0.00705,0.01048,0.00147,0.00685,0.00169,0.02290,0.00000,0.00000,0.00000,0.00000,0.16381,0.00000,0.00000,0.00000,0.38382,0.00000,0.16483,0.13467,0.15287,0.00000,0.00000
40.27733,8,0.57245,0.00554,0.22747,0.00302,0.02963,0.00790,0.01139,0.00040,0.00737,0.65649,0.00756,0.00728,0.00104,0.01251,0.00117,0.02124,0.00000,0.00000,0.00000,0.00000,0.16268,0.00000,0.00000,0.00000,0.37211,0.00000,0.16605,0.14280,0.15636,0.00000,0.00000
40.29867,8,0.58412,0.01008,0.21815,0.00224,0.03091,0.01114,0.01166,0.00172,0.01449,0.64607,0.00680,0.00520,0.00081,0.02093,0.00091,0.01890,0.00000,0.00000,0.00000,0.00000,0.16026,0.00000,0.00000,0.00000,0.36946,0.00000,0.16346,0.14954,0.15728,0.00000,0.00000
40.32000,8,0.57960,0.00786,0.19013,0.00569,0.05298,0.01244,0.01437,0.00336,0.01060,0.55007,0.04181,0.00513,0.00076,0.08247,0.00078,0.02154,0.00000,0.00000,0.00000,0.00000,0.15808,0.00000,0.00000,0.00000,0.36912,0.00000,0.16064,0.15465,0.15751,0.00000,0.00000
40.34133,8,0.61999,0.00596,0.16899,0.00410,0.05258,0.00959,0.01368,0.00244,0.00781,0.61101,0.03005,0.00801,0.00182,0.06433,0.00075,0.01889,0.00000,0.00000,0.00000,0.00000,0.15743,0.00000,0.00000,0.00000,0.36904,0.00000,0.15980,0.15616,0.15757,0.00000,0.00000
40.36267,8,0.63609,0.00491,0.13136,0.00293,0.03731,0.00705,0.01051,0.00173,0.00546,0.54169,0.02499,0.02979,0.00195,0.05392,0.08560,0.06081,0.00000,0.00000,0.00000,0.00000,0.15725,0.00000,0.00000,0.00000,0.36902,0.00000,0.15957,0.15657,0.15759,0.00000,0.00000
40.38400,8,0.65448,0.00340,0.09077,0.00202,0.02575,0.00487,0.00727,0.00119,0.00377,0.37757,0.01783,0.02105,0.00135,0.03730,0.36088,0.04498,0.00000,0.00000,0.00000,0.00000,0.15721,0.00000,0.00000,0.00000,0.36901,0.00000,0.15951,0.15668,0.15760,0.00000,0.00000
40.40533,13,0.67946,0.00236,0.06269,0.00140,0.01777,0.00337,0.00502,0.00082,0.00260,0.26142,0.01260,0.01488,0.00094,0.02577,0.55628,0.03208,0.00000,0.00000,0.00000,0.00000,0.15719,0.00000,0.00000,0.00000,0.36901,0.00000,0.15949,0.15671,0.15760,0.00000,0.00000
40.42667,13,0.67289,0.00163,0.04336,0.00097,0.01226,0.00233,0.00347,0.00057,0.00179,0.18059,0.00916,0.01038,0.00065,0.01778,0.69245,0.02261,0.00000,0.00000,0.00000,0.00000,0.13587,0.00000,0.00000,0.00000,0.25296,0.00000,0.18270,0.08151,0.08197,0.21095,0.05404
40.44800,13,0.67106,0.00113,0.03035,0.00071,0.00846,0.00161,0.00242,0.00039,0.00124,0.12515,0.00802,0.00742,0.00045,0.01232,0.78257,0.01776,0.00000,0.00000,0.00000,0.00000,0.10907,0.00000,0.00000,0.00000,0.15974,0.00000,0.18684,0.02205,0.02218,0.40959,0.09052
40.46933,13,0.67329,0.00078,0.02099,0.00049,0.00584,0.00111,0.00167,0.00027,0.00085,0.08656,0.00890,0.00519,0.00031,0.00852,0.84507,0.01343,0.00000,0.00000,0.00000,0.00000,0.09801,0.00000,0.00000,0.00000,0.13733,0.00000,0.17454,0.00597,0.00600,0.48279,0.09536
40.49067,13,0.67084,0.00054,0.01458,0.00035,0.00403,0.00077,0.00117,0.00019,0.00059,0.06152,0.00641,0.00427,0.00022,0.00588,0.86427,0.03521,0.00000,0.00000,0.00000,0.00000,0.09855,0.00000,0.00000,0.00000,0.13810,0.00000,0.16136,0.00161,0.00162,0.50464,0.09410
40.51200,13,0.68481,0.00038,0.01007,0.00024,0.00278,0.00053,0.00082,0.00013,0.00041,0.04316,0.00450,0.02844,0.00016,0.00406,0.75931,0.14502,0.00000,0.00000,0.00000,0.00000,0.10743,0.00000,0.00000,0.00000,0.14784,0.00000,0.15078,0.00044,0.00044,0.49978,0.09329
40.53333,13,0.67663,0.00028,0.00696,0.00018,0.00193,0.00038,0.00057,0.00009,0.00029,0.03113,0.00350,0.12348,0.00017,0.00284,0.64711,0.18109,0.00000,0.00000,0.00000,0.00000,0.11403,0.00000,0.00000,0.00000,0.15434,0.00000,0.14658,0.00023,0.00023,0.49103,0.09355
40.55466,13,0.66597,0.00021,0.00483,0.00013,0.00135,0.00087,0.00041,0.00010,0.00022,0.02208,0.00361,0.31774,0.00026,0.00204,0.51977,0.12638,0.00000,0.00000,0.00000,0.00000,0.12971,0.00000,0.00000,0.00000,0.16876,0.00000,0.14001,0.00006,0.00006,0.46590,0.09549
40.57600,10,0.66358,0.00015,0.00334,0.00009,0.00094,0.00151,0.00030,0.00022,0.00017,0.01573,0.00259,0.51683,0.00033,0.00158,0.36893,0.08729,0.00000,0.00000,0.00000,0.00000,0.14621,0.00000,0.00000,0.00000,0.18325,0.00000,0.13517,0.00002,0.00002,0.43629,0.09905
40.59733,10,0.65400,0.00010,0.00231,0.00007,0.00079,0.00132,0.00038,0.00062,0.00013,0.01124,0.00188,0.66345,0.00102,0.00133,0.25504,0.06031,0.00000,0.00000,0.00000,0.00000,0.14701,0.00000,0.00000,0.00000,0.16591,0.00000,0.28875,0.06157,0.00000,0.28407,0.05269
40.61867,10,0.64102,0.00008,0.00188,0.00037,0.00100,0.00134,0.00522,0.00260,0.00012,0.00887,0.00131,0.75512,0.00188,0.00243,0.17599,0.04178,0.00000,0.00000,0.00000,0.00000,0.12945,0.00000,0.00000,0.00000,0.14685,0.00000,0.43269,0.10275,0.00000,0.17400,0.01426
40.64000,10,0.63063,0.00013,0.00138,0.00070,0.00072,0.00338,0.01594,0.00257,0.00014,0.00774,0.00092,0.78427,0.00231,0.02948,0.12145,0.02888,0.00000,0.00000,0.00000,0.00000,0.12074,0.00000,0.00000,0.00000,0.14534,0.00000,0.47920,0.10821,0.00000,0.14266,0.00386
40.66133,10,0.61620,0.00020,0.00126,0.00567,0.00144,0.03795,0.14004,0.00396,0.00185,0.07018,0.00066,0.59684,0.00235,0.03376,0.08387,0.02000,0.00000,0.00000,0.00000,0.00000,0.12388,0.00000,0.00000,0.00000,0.15134,0.00000,0.48383,0.10718,0.00000,0.13271,0.00104
40.68267,10,0.60940,0.00015,0.00093,0.00393,0.00100,0.02705,0.37105,0.00274,0.00129,0.08207,0.00045,0.41211,0.00164,0.02393,0.05787,0.01380,0.00000,0.00000,0.00000,0.00000,0.13679,0.00000,0.00000,0.00000,0.16048,0.00000,0.46660,0.10693,0.00000,0.12892,0.00028
40.70400,5,0.60511,0.00011,0.00130,0.00276,0.00102,0.02882,0.49295,0.00196,0.00090,0.11789,0.00034,0.28440,0.00113,0.01677,0.03993,0.00969,0.00000,0.00000,0.00000,0.00000,0.15594,0.00000,0.00000,0.00000,0.16989,0.00000,0.43791,0.10873,0.00000,0.12746,0.00008
40.72533,5,0.59023,0.00027,0.00685,0.00297,0.01082,0.10896,0.47804,0.00286,0.00087,0.14396,0.00040,0.19630,0.00079,0.01176,0.02756,0.00759,0.00000,0.00000,0.00000,0.00000,0.15251,0.22298,0.00000,0.00000,0.14404,0.00000,0.28292,0.05738,0.07393,0.06622,0.00002
40.74667,5,0.57628,0.00314,0.03273,0.00314,0.03665,0.16048,0.41108,0.00368,0.00082,0.17618,0.00077,0.13551,0.00058,0.00856,0.01902,0.00767,0.00000,0.00000,0.00000,0.00000,0.12822,0.45406,0.00000,0.00000,0.10619,0.00000,0.16492,0.01553,0.11316,0.01792,0.00001
40.76800,5,0.55281,0.01204,0.04960,0.00298,0.06913,0.22759,0.31547,0.00841,0.00314,0.18946,0.00103,0.09362,0.00044,0.00651,0.01313,0.00746,0.00000,0.00000,0.00000,0.00000,0.11310,0.54903,0.00000,0.00000,0.08741,0.00000,0.13075,0.00420,0.11066,0.00485,0.00000
40.78933,5,0.51382,0.03807,0.04952,0.00249,0.07257,0.25168,0.30355,0.01003,0.00375,0.18212,0.00087,0.06474,0.00033,0.00505,0.00907,0.00617,0.00000,0.00000,0.00000,0.00000,0.10906,0.56916,0.00000,0.00000,0.08316,0.00000,0.12611,0.00219,0.10780,0.00252,0.00000
40.81067,4,0.46328,0.07354,0.10592,0.00228,0.06727,0.27642,0.25091,0.01109,0.00287,0.14872,0.00073,0.04482,0.00025,0.00368,0.00627,0.00524,0.00000,0.00000,0.00000,0.00000,0.10702,0.57461,0.00000,0.00000,0.08243,0.00000,0.12851,0.00059,0.10616,0.00068,0.00000
40.83200,4,0.42949,0.07722,0.14364,0.00532,0.09965,0.30224,0.20260,0.01355,0.00243,0.10982,0.00071,0.03111,0.00020,0.00269,0.00434,0.00449,0.00000,0.00000,0.00000,0.00000,0.27145,0.35178,0.00000,0.00000,0.11557,0.00000,0.14353,0.00016,0.11732,0.00018,0.00000
40.85333,4,0.40293,0.05342,0.09917,0.00370,0.06905,0.48617,0.14077,0.02610,0.00240,0.07606,0.00051,0.02185,0.00023,0.00895,0.00307,0.00857,0.00000,0.00000,0.00000,0.00000,0.42878,0.18427,0.00000,0.00000,0.11995,0.00000,0.14287,0.00004,0.12403,0.00005,0.00000
40.87467,4,0.41447,0.04061,0.06974,0.00340,0.04828,0.39447,0.10222,0.20315,0.03844,0.05470,0.00087,0.01738,0.00025,0.01433,0.00224,0.00992,0.00000,0.00000,0.00000,0.00000,0.48355,0.14116,0.00000,0.00000,0.10650,0.00000,0.13898,0.00001,0.12979,0.00001,0.00000
40.89600,6,0.64867,0.02802,0.04826,0.00235,0.03340,0.27637,0.11423,0.31207,0.02655,0.03783,0.00097,0.01279,0.00056,0.05813,0.00156,0.04691,0.00000,0.00000,0.00000,0.00000,0.49134,0.13267,0.00000,0.00000,0.09667,0.00000,0.14032,0.00000,0.13900,0.00000,0.00000
40.91733,6,0.78856,0.01934,0.03332,0.00162,0.02305,0.19119,0.10145,0.28208,0.01832,0.02611,0.00082,0.01638,0.15377,0.09825,0.00111,0.03320,0.00000,0.00000,0.00000,0.00000,0.33679,0.06908,0.21948,0.05761,0.04914,0.00000,0.12241,0.00000,0.14548,0.00000,0.00000
40.93867,12,0.87483,0.01335,0.02309,0.00112,0.01595,0.13202,0.07310,0.23446,0.01266,0.01842,0.00111,0.05725,0.15337,0.23479,0.00483,0.02447,0.00000,0.00000,0.00000,0.00000,0.20271,0.01869,0.42319,0.09516,0.01330,0.00000,0.11062,0.00000,0.13634,0.00000,0.00000
40.96000,12,0.86820,0.00922,0.01608,0.00078,0.01116,0.09118,0.05048,0.16348,0.00875,0.02843,0.00160,0.06095,0.12000,0.38598,0.03320,0.01873,0.00000,0.00000,0.00000,0.00000,0.16266,0.00506,0.24484,0.05115,0.06878,0.00000,0.12037,0.05669,0.29045,0.00000,0.00000
40.98133,12,0.80264,0.00636,0.01113,0.00107,0.00837,0.06310,0.03490,0.11283,0.00608,0.24509,0.00138,0.09001,0.09637,0.26947,0.04019,0.01364,0.00000,0.00000,0.00000,0.00000,0.13794,0.00137,0.06626,0.01384,0.10788,0.00000,0.10955,0.10138,0.46178,0.00000,0.00000
41.00267,5,0.66754,0.00441,0.00808,0.00107,0.01429,0.04728,0.21406,0.07790,0.00585,0.20473,0.00117,0.09568,0.06997,0.18772,0.04423,0.02356,0.00000,0.00000,0.00000,0.00000,0.11904,0.00037,0.01793,0.00374,0.11391,0.00000,0.09491,0.11431,0.53579,0.00000,0.00000
41.02400,5,0.54850,0.00305,0.00559,0.00075,0.00991,0.03586,0.45179,0.05381,0.00407,0.14127,0.00082,0.06790,0.04832,0.12956,0.03054,0.01677,0.00000,0.00000,0.00000,0.00000,0.12481,0.22312,0.00485,0.00101,0.11354,0.00000,0.11050,0.06099,0.36117,0.00000,0.00000
41.04533,5,0.45633,0.00212,0.00389,0.00052,0.00709,0.02983,0.61614,0.03719,0.00288,0.09748,0.00057,0.04690,0.03334,0.08940,0.02108,0.01157,0.00000,0.00000,0.00000,0.00000,0.12072,0.45413,0.00131,0.00027,0.09793,0.00000,0.11826,0.01650,0.19088,0.00000,0.00000
41.06667,5,0.44395,0.00151,0.00269,0.00036,0.00490,0.02071,0.73390,0.02570,0.00221,0.06727,0.00043,0.03289,0.02306,0.06179,0.01460,0.00799,0.00000,0.00000,0.00000,0.00000,0.11555,0.51265,0.00068,0.00014,0.09059,0.00000,0.11796,0.00858,0.15385,0.00000,0.00000
41.08800,5,0.41419,0.00154,0.00186,0.00025,0.00339,0.01440,0.80416,0.01798,0.00273,0.04807,0.00103,0.02910,0.01597,0.04296,0.01041,0.00613,0.00000,0.00000,0.00000,0.00000,0.10801,0.56916,0.00018,0.00004,0.08200,0.00000,0.11955,0.00232,0.11874,0.00000,0.00000
41.10933,5,0.36897,0.00170,0.00136,0.00020,0.00254,0.01011,0.82991,0.01258,0.00253,0.03949,0.00278,0.04124,0.01106,0.03011,0.00765,0.00674,0.00000,0.00000,0.00000,0.00000,0.10674,0.57461,0.00005,0.00001,0.08211,0.00000,0.12673,0.00063,0.10912,0.00000,0.00000
41.13066,5,0.32228,0.00362,0.00132,0.00050,0.00228,0.00745,0.80146,0.00875,0.00194,0.08561,0.00282,0.04180,0.00770,0.02098,0.00615,0.00761,0.00000,0.00000,0.00000,0.00000,0.11117,0.54896,0.00001,0.00000,0.08920,0.00000,0.13843,0.00017,0.11206,0.00000,0.00000
41.15200,5,0.48481,0.00293,0.04527,0.00044,0.00208,0.00676,0.68592,0.00609,0.00136,0.12260,0.00820,0.07526,0.00612,0.01554,0.00801,0.01342,0.00000,0.00000,0.00000,0.00000,0.11938,0.50633,0.00000,0.00000,0.10063,0.00000,0.15194,0.00005,0.12167,0.00000,0.00000
41.17333,5,0.62700,0.00205,0.03537,0.00032,0.00147,0.00476,0.55395,0.00424,0.00094,0.14323,0.00661,0.16365,0.00546,0.01305,0.02350,0.04141,0.00000,0.00000,0.00000,0.00000,0.12909,0.45927,0.00000,0.00000,0.11353,0.00000,0.16415,0.00001,0.13395,0.00000,0.00000
41.19467,5,0.65646,0.00144,0.02458,0.00022,0.00102,0.00334,0.38353,0.00293,0.00065,0.16647,0.00723,0.13704,0.00406,0.01046,0.15129,0.10572,0.00000,0.00000,0.00000,0.00000,0.13791,0.41986,0.00000,0.00000,0.12499,0.00000,0.17181,0.00000,0.14543,0.00000,0.00000
41.21600,13,0.68902,0.00101,0.01705,0.00016,0.00071,0.00243,0.26517,0.00203,0.00048,0.20237,0.00775,0.11315,0.00307,0.00775,0.28537,0.09149,0.00000,0.00000,0.00000,0.00000,0.14338,0.40438,0.00000,0.00000,0.13017,0.00000,0.17087,0.00000,0.15120,0.00000,0.00000
41.23733,13,0.70497,0.00071,0.01179,0.00012,0.00050,0.00176,0.18314,0.00142,0.00058,0.23377,0.00690,0.08568,0.00241,0.00600,0.39900,0.06623,0.00000,0.00000,0.00000,0.00000,0.12977,0.20881,0.00000,0.00000,0.12940,0.00000,0.18752,0.00000,0.07952,0.21095,0.05404
41.25867,13,0.65789,0.00051,0.00822,0.00020,0.00055,0.00245,0.12702,0.00177,0.09710,0.27135,0.00536,0.06714,0.00184,0.00493,0.34989,0.06168,0.00000,0.00000,0.00000,0.00000,0.10741,0.05648,0.00000,0.00000,0.12631,0.00000,0.18815,0.00000,0.02151,0.40961,0.09052
41.28000,13,0.54580,0.00038,0.00591,0.00069,0.01380,0.02859,0.10763,0.00229,0.06743,0.22908,0.00422,0.04727,0.00130,0.00361,0.24500,0.24279,0.00000,0.00000,0.00000,0.00000,0.09756,0.01528,0.00000,0.00000,0.12829,0.00000,0.17490,0.00000,0.00582,0.48279,0.09536
41.30133,4,0.45072,0.00036,0.00443,0.00122,0.04963,0.20997,0.10914,0.03052,0.04694,0.16796,0.00326,0.03386,0.00093,0.00281,0.16954,0.16945,0.00000,0.00000,0.00000,0.00000,0.09843,0.00414,0.00000,0.00000,0.13565,0.00000,0.16146,0.00000,0.00157,0.50464,0.09410
41.32267,4,0.36805,0.00078,0.00490,0.00138,0.04590,0.26895,0.23541,0.03014,0.03265,0.11685,0.00230,0.02391,0.00064,0.00199,0.11710,0.11709,0.00000,0.00000,0.00000,0.00000,0.10208,0.00215,0.00000,0.00000,0.14099,0.00000,0.15575,0.00000,0.00082,0.50471,0.09350
41.34400,5,0.30353,0.00744,0.00779,0.00343,0.09512,0.25832,0.31971,0.02152,0.02293,0.08100,0.00162,0.01717,0.00047,0.00141,0.08087,0.08120,0.00000,0.00000,0.00000,0.00000,0.36763,0.08903,0.00000,0.00000,0.13798,0.00000,0.15098,0.00000,0.09254,0.13655,0.02530
41.36533,5,0.29902,0.00791,0.02090,0.00452,0.16581,0.19132,0.26266,0.01488,0.01589,0.09793,0.00152,0.05799,0.00095,0.00205,0.06360,0.09208,0.00000,0.00000,0.00000,0.00000,0.28839,0.27764,0.00000,0.00000,0.12006,0.00000,0.13952,0.00000,0.13060,0.03694,0.00684
41.38667,5,0.29385,0.00952,0.10674,0.00823,0.13108,0.14276,0.28534,0.01036,0.01270,0.08359,0.00113,0.04417,0.00097,0.00213,0.04836,0.11293,0.00000,0.00000,0.00000,0.00000,0.16497,0.46889,0.00000,0.00000,0.09969,0.00000,0.12611,0.00000,0.12849,0.00999,0.00185
41.40800,5,0.28364,0.01092,0.09826,0.00997,0.09684,0.11389,0.34343,0.00730,0.00926,0.06137,0.00114,0.03795,0.00090,0.00158,0.07589,0.13129,0.00000,0.00000,0.00000,0.00000,0.12305,0.55303,0.00000,0.00000,0.08565,0.00000,0.12025,0.00000,0.11481,0.00270,0.00050
41.42933,5,0.26693,0.00923,0.14515,0.01244,0.06925,0.09689,0.27786,0.00521,0.00677,0.04880,0.00261,0.09021,0.00105,0.00145,0.10193,0.13115,0.00000,0.00000,0.00000,0.00000,0.10981,0.57787,0.00000,0.00000,0.08117,0.00000,0.12302,0.00000,0.10726,0.00073,0.00014
41.45066,5,0.25328,0.01591,0.19175,0.01066,0.05442,0.08630,0.22151,0.00405,0.00599,0.04516,0.00554,0.12305,0.00214,0.00193,0.12806,0.10352,0.00000,0.00000,0.00000,0.00000,0.10922,0.56502,0.00000,0.00000,0.08497,0.00000,0.13232,0.00000,0.10823,0.00020,0.00004
41.47200,1,0.45355,0.04225,0.28207,0.00964,0.04128,0.07963,0.17578,0.00331,0.00542,0.04330,0.00595,0.11110,0.00263,0.00247,0.11140,0.08376,0.00000,0.00000,0.00000,0.00000,0.11518,0.52905,0.00000,0.00000,0.09455,0.00000,0.14519,0.00000,0.11597,0.00005,0.00001
41.49333,14,0.58875,0.02919,0.19541,0.00670,0.02850,0.05499,0.12217,0.00228,0.00374,0.03650,0.00539,0.07728,0.00186,0.00196,0.16504,0.26899,0.00000,0.22294,0.00000,0.00000,0.12551,0.26338,0.00000,0.00000,0.11482,0.00000,0.15242,0.00000,0.12091,0.00001,0.00000
41.51467,14,0.62301,0.02032,0.13503,0.00464,0.01988,0.03848,0.08505,0.00158,0.00276,0.04770,0.04995,0.08053,0.00679,0.02556,0.23906,0.24268,0.00000,0.18958,0.00000,0.00000,0.12495,0.07128,0.00000,0.00000,0.12069,0.00000,0.13284,0.00000,0.14415,0.00000,0.21651
41.53600,8,0.66338,0.01403,0.09973,0.00339,0.01461,0.03360,0.06058,0.00120,0.00312,0.28538,0.03702,0.06214,0.00563,0.02119,0.18522,0.17316,0.00000,0.05129,0.00000,0.00000,0.12270,0.01928,0.00000,0.00000,0.12359,0.00000,0.11596,0.00000,0.14948,0.00000,0.41769
41.55733,8,0.66072,0.00971,0.07306,0.00238,0.01039,0.02445,0.20302,0.00083,0.00217,0.33772,0.02591,0.04307,0.00391,0.01469,0.12852,0.12017,0.00000,0.01388,0.00000,0.00000,0.11731,0.00522,0.00000,0.00000,0.27945,0.00000,0.14327,0.05936,0.14058,0.00000,0.24093
41.57867,8,0.64974,0.00675,0.05808,0.00257,0.01207,0.03350,0.28005,0.00077,0.00171,0.36863,0.01908,0.02977,0.00272,0.01203,0.08890,0.08337,0.00000,0.00376,0.00000,0.00000,0.11244,0.00141,0.00000,0.00000,0.44826,0.00000,0.14740,0.09385,0.12770,0.00000,0.06518
41.60000,8,0.62581,0.00485,0.04608,0.00453,0.01685,0.10248,0.29099,0.00174,0.00152,0.36291,0.01397,0.02060,0.00189,0.01128,0.06137,0.05894,0.00000,0.00195,0.00000,0.00000,0.11232,0.00073,0.00000,0.00000,0.49201,0.00000,0.14091,0.09588,0.12228,0.00000,0.03390
41.62133,5,0.60068,0.00387,0.07069,0.00715,0.02118,0.13405,0.32238,0.00262,0.00119,0.30432,0.01069,0.01436,0.00132,0.00949,0.04235,0.05434,0.00000,0.00053,0.00000,0.00000,0.11696,0.00020,0.00000,0.00000,0.53207,0.00000,0.12982,0.09468,0.11656,0.00000,0.00917
41.64267,8,0.58996,0.00382,0.14163,0.00794,0.01875,0.10264,0.25034,0.00267,0.00089,0.28346,0.01273,0.01019,0.00093,0.00942,0.02929,0.12532,0.00000,0.00014,0.00000,0.00000,0.12892,0.22303,0.00000,0.00000,0.33191,0.00000,0.12979,0.04927,0.13444,0.00000,0.00248
41.66400,1,0.58613,0.00293,0.34613,0.00602,0.01344,0.07143,0.17391,0.00187,0.00062,0.25119,0.00960,0.00758,0.00067,0.00736,0.02022,0.08705,0.00000,0.00004,0.00000,0.00000,0.12063,0.18910,0.00000,0.00000,0.32931,0.00000,0.15143,0.07268,0.13614,0.00000,0.00067
41.68533,1,0.58971,0.00455,0.35518,0.00581,0.01437,0.06718,0.13805,0.00193,0.00060,0.31829,0.00739,0.00579,0.00050,0.00553,0.01397,0.06087,0.00000,0.22295,0.00000,0.00000,0.12365,0.05116,0.00000,0.00000,0.27416,0.00000,0.15389,0.04767,0.12634,0.00000,0.00018
41.70667,1,0.57782,0.00393,0.43228,0.00439,0.01143,0.04809,0.09970,0.00137,0.00045,0.33011,0.00662,0.00403,0.00036,0.00405,0.00965,0.04355,0.00000,0.45645,0.00000,0.00000,0.11009,0.01384,0.00000,0.00000,0.15228,0.00000,0.13975,0.01290,0.11465,0.00000,0.00005
41.72800,1,0.57555,0.00562,0.43059,0.00339,0.00942,0.03846,0.07593,0.00106,0.00079,0.37932,0.00941,0.00285,0.00026,0.00325,0.00666,0.03297,0.00000,0.55445,0.00000,0.00000,0.09115,0.00374,0.00000,0.00000,0.10660,0.00000,0.13052,0.00349,0.11004,0.00000,0.00001
41.74933,1,0.57272,0.01200,0.40452,0.00281,0.01199,0.02880,0.05428,0.00085,0.00188,0.40410,0.00887,0.00220,0.00025,0.03434,0.00465,0.02847,0.00000,0.58464,0.00000,0.00000,0.07877,0.00101,0.00000,0.00000,0.08878,0.00000,0.13207,0.00094,0.11377,0.00000,0.00000
41.77067,12,0.57934,0.00914,0.28838,0.00199,0.00859,0.02023,0.03758,0.00063,0.00278,0.29430,0.00619,0.00157,0.00019,0.30505,0.00322,0.02014,0.00000,0.57392,0.00000,0.00000,0.07443,0.00027,0.00000,0.00000,0.08411,0.00000,0.14292,0.00026,0.12408,0.00000,0.00000
41.79200,12,0.59685,0.00656,0.20097,0.00151,0.00596,0.01409,0.02599,0.00054,0.00221,0.21237,0.00433,0.00115,0.00017,0.50428,0.00223,0.01766,0.00000,0.29041,0.00000,0.00000,0.11255,0.00007,0.00000,0.00000,0.10931,0.00000,0.14055,0.05676,0.29034,0.00000,0.00000
41.81333,12,0.61375,0.00492,0.15157,0.00215,0.00417,0.00983,0.01812,0.00053,0.00244,0.19029,0.00758,0.00144,0.00026,0.45558,0.00167,0.14945,0.00000,0.07857,0.00000,0.00000,0.12438,0.00002,0.00000,0.00000,0.11885,0.00000,0.11501,0.10141,0.46177,0.00000,0.00000
41.83467,12,0.62076,0.00379,0.15492,0.00395,0.00290,0.00684,0.01300,0.00042,0.00173,0.20540,0.00828,0.00124,0.00026,0.32727,0.00145,0.26856,0.00000,0.02125,0.00000,0.00000,0.11537,0.00001,0.00000,0.00000,0.11688,0.00000,0.09638,0.11432,0.53579,0.00000,0.00000
41.85600,14,0.58952,0.00367,0.10944,0.03165,0.00338,0.00558,0.00996,0.00074,0.00385,0.20813,0.00643,0.00150,0.00034,0.22998,0.00107,0.38429,0.00000,0.01105,0.00000,0.00000,0.11149,0.00000,0.00000,0.00000,0.11684,0.00000,0.09101,0.11728,0.55232,0.00000,0.00000
41.87733,14,0.57524,0.00952,0.08091,0.03646,0.00359,0.05393,0.01366,0.00186,0.00548,0.27297,0.03551,0.00254,0.00057,0.17191,0.00162,0.30946,0.00000,0.00299,0.00000,0.00000,0.10879,0.00000,0.00000,0.00000,0.12061,0.00000,0.08764,0.12128,0.55868,0.00000,0.00000
41.89867,8,0.56805,0.00817,0.07752,0.02532,0.00266,0.04514,0.01749,0.00148,0.00386,0.41852,0.04820,0.00865,0.00120,0.11994,0.00130,0.22057,0.00000,0.00081,0.00000,0.00000,0.12159,0.00000,0.00000,0.00000,0.12441,0.00000,0.10702,0.03282,0.27087,0.00000,0.34249
41.92000,8,0.56465,0.00631,0.13264,0.01754,0.00199,0.03275,0.01301,0.00104,0.00272,0.48962,0.03383,0.01233,0.00123,0.08426,0.01331,0.15743,0.00000,0.00022,0.00000,0.00000,0.11751,0.00000,0.00000,0.00000,0.27968,0.00000,0.14131,0.06824,0.17579,0.00000,0.21726
41.94133,8,0.62184,0.00446,0.09522,0.01223,0.00154,0.02410,0.00947,0.00074,0.00191,0.47766,0.02371,0.13225,0.00208,0.06391,0.03165,0.11909,0.00000,0.00006,0.00000,0.00000,0.11249,0.00000,0.00000,0.00000,0.44833,0.00000,0.14687,0.09625,0.13722,0.00000,0.05878
41.96267,8,0.67906,0.00314,0.06604,0.00846,0.00109,0.01680,0.00680,0.00053,0.00132,0.39400,0.01664,0.10782,0.00159,0.04481,0.23767,0.09328,0.00000,0.00002,0.00000,0.00000,0.11390,0.00000,0.00000,0.00000,0.51864,0.00000,0.13439,0.09606,0.12110,0.00000,0.01590
41.98400,13,0.71116,0.00217,0.04560,0.00584,0.00075,0.01160,0.00470,0.00037,0.00091,0.27425,0.01162,0.07455,0.00110,0.03095,0.46725,0.06834,0.00000,0.00000,0.00000,0.00000,0.12132,0.00000,0.00000,0.00000,0.53513,0.00000,0.12731,0.09491,0.11703,0.00000,0.00430
42.00533,13,0.71358,0.00150,0.03147,0.00403,0.00052,0.00800,0.00324,0.00026,0.00063,0.18936,0.00810,0.05146,0.00076,0.02136,0.63135,0.04797,0.00000,0.00000,0.00000,0.00000,0.11998,0.00000,0.00000,0.00000,0.33670,0.00000,0.16586,0.04998,0.06141,0.21089,0.05519
42.02666,13,0.70259,0.00104,0.02176,0.00279,0.00036,0.00552,0.00224,0.00018,0.00043,0.13586,0.00581,0.03585,0.00052,0.01474,0.72311,0.04980,0.00000,0.00000,0.00000,0.00000,0.10477,0.00000,0.00000,0.00000,0.18240,0.00000,0.18229,0.01352,0.01661,0.40958,0.09083
42.04800,13,0.72867,0.00072,0.01503,0.00193,0.00025,0.00381,0.00155,0.00012,0.00030,0.10286,0.00411,0.03338,0.00037,0.01017,0.72164,0.10376,0.00000,0.00000,0.00000,0.00000,0.09685,0.00000,0.00000,0.00000,0.14347,0.00000,0.17331,0.00366,0.00449,0.48278,0.09544
42.06933,13,0.74701,0.00051,0.01038,0.00134,0.00018,0.00264,0.00107,0.00008,0.00021,0.07405,0.00475,0.19347,0.00032,0.00704,0.61621,0.08776,0.00000,0.00000,0.00000,0.00000,0.09824,0.00000,0.00000,0.00000,0.13976,0.00000,0.16103,0.00099,0.00122,0.50464,0.09413
42.09067,13,0.72204,0.00035,0.00717,0.00093,0.00013,0.00199,0.00079,0.00006,0.00016,0.07918,0.01629,0.36353,0.00063,0.00489,0.46272,0.06118,0.00000,0.00000,0.00000,0.00000,0.10734,0.00000,0.00000,0.00000,0.14829,0.00000,0.15069,0.00027,0.00033,0.49978,0.09330
42.11200,13,0.70139,0.00024,0.00498,0.00064,0.00009,0.00151,0.00090,0.00005,0.00012,0.31171,0.01262,0.29990,0.00060,0.00341,0.32084,0.04240,0.00000,0.00000,0.00000,0.00000,0.12156,0.00000,0.00000,0.00000,0.16153,0.00000,0.14300,0.00007,0.00009,0.47945,0.09430
42.13333,8,0.68241,0.00017,0.00356,0.00044,0.00008,0.00113,0.00168,0.00003,0.00008,0.52326,0.00872,0.20730,0.00045,0.00243,0.22139,0.02929,0.00000,0.00000,0.00000,0.00000,0.12970,0.00000,0.00000,0.00000,0.16882,0.00000,0.14000,0.00004,0.00005,0.46591,0.09549
42.15467,8,0.68169,0.00012,0.00362,0.00033,0.00096,0.00412,0.01740,0.00005,0.00007,0.64747,0.00602,0.14371,0.00034,0.00276,0.15278,0.02024,0.00000,0.00000,0.00000,0.00000,0.14621,0.00000,0.00000,0.00000,0.18327,0.00000,0.13517,0.00001,0.00001,0.43629,0.09905
42.17600,8,0.66939,0.00011,0.00664,0.00028,0.00477,0.00980,0.02268,0.00010,0.00008,0.71825,0.00418,0.09987,0.00036,0.01306,0.10546,0.01436,0.00000,0.00000,0.00000,0.00000,0.12111,0.00000,0.00000,0.00000,0.39710,0.00000,0.15696,0.08472,0.09530,0.11802,0.02679
42.19733,8,0.62245,0.00019,0.00799,0.00081,0.00779,0.08240,0.03135,0.00092,0.00057,0.70405,0.00289,0.06894,0.00025,0.00914,0.07277,0.00993,0.00000,0.00000,0.00000,0.00000,0.11418,0.00000,0.00000,0.00000,0.49636,0.00000,0.14265,0.09588,0.11175,0.03193,0.00725
42.21867,8,0.52664,0.00030,0.00860,0.07681,0.02309,0.09446,0.14112,0.00540,0.00338,0.53346,0.00200,0.04760,0.00019,0.00650,0.05023,0.00687,0.00000,0.00000,0.00000,0.00000,0.11747,0.00000,0.00000,0.00000,0.53324,0.00000,0.13030,0.09468,0.11371,0.00864,0.00196
42.24000,8,0.43823,0.00112,0.00726,0.25709,0.06853,0.07406,0.13818,0.00426,0.00264,0.36851,0.00138,0.03289,0.00013,0.00455,0.03466,0.00475,0.00000,0.00000,0.00000,0.00000,0.12677,0.00000,0.00000,0.00000,0.53022,0.00000,0.12728,0.09597,0.11690,0.00234,0.00053
42.26133,2,0.36492,0.00194,0.00570,0.45652,0.06915,0.05177,0.10090,0.00301,0.00190,0.25444,0.00104,0.02296,0.00011,0.00332,0.02392,0.00330,0.00000,0.00000,0.00000,0.00000,0.13892,0.00000,0.00000,0.00000,0.50174,0.00000,0.13266,0.10207,0.12383,0.00063,0.00014
42.28267,2,0.36805,0.00155,0.00534,0.57587,0.08143,0.04551,0.07078,0.00216,0.00136,0.17595,0.00198,0.01659,0.00015,0.00251,0.01652,0.00231,0.00000,0.00000,0.22472,0.00000,0.14024,0.00000,0.00000,0.00000,0.25062,0.05235,0.14578,0.05547,0.13062,0.00017,0.00004
42.30400,2,0.34265,0.00125,0.04009,0.40806,0.05716,0.06734,0.26447,0.00213,0.00114,0.12578,0.00157,0.01282,0.00022,0.00464,0.01145,0.00189,0.00000,0.00000,0.43022,0.00000,0.12156,0.00000,0.00000,0.00000,0.06779,0.09541,0.13930,0.01500,0.13065,0.00005,0.00001
42.32533,5,0.31637,0.00097,0.11295,0.28340,0.03957,0.05255,0.28492,0.00153,0.00093,0.19185,0.00114,0.00971,0.00072,0.00924,0.00816,0.00237,0.00000,0.00000,0.50223,0.00000,0.10432,0.00000,0.00000,0.00000,0.01835,0.11028,0.12838,0.00406,0.13238,0.00001,0.00000
42.34666,5,0.29273,0.00087,0.08299,0.19593,0.02744,0.04702,0.47647,0.00137,0.00079,0.14117,0.00107,0.00689,0.00101,0.00911,0.00581,0.00208,0.00000,0.00000,0.26876,0.00000,0.11671,0.22292,0.00000,0.00000,0.05852,0.05968,0.12835,0.00110,0.14395,0.00000,0.00000
42.36800,8,0.53548,0.00062,0.05792,0.13846,0.02061,0.03580,0.33199,0.00130,0.00064,0.33386,0.03684,0.00672,0.00283,0.00985,0.01182,0.01072,0.00000,0.00000,0.07271,0.00000,0.11853,0.45407,0.00000,0.00000,0.08304,0.01615,0.12309,0.00030,0.13211,0.00000,0.00000
42.38933,8,0.63596,0.00048,0.04107,0.09712,0.01465,0.02550,0.22957,0.00124,0.00050,0.35204,0.07389,0.04357,0.00878,0.01326,0.08323,0.01512,0.00000,0.00000,0.03782,0.00000,0.11441,0.51263,0.00000,0.00000,0.08284,0.00840,0.12047,0.00015,0.12327,0.00000,0.00000
42.41067,8,0.64192,0.00036,0.10424,0.06713,0.01018,0.01813,0.15868,0.00090,0.00035,0.26266,0.09436,0.18332,0.01111,0.01403,0.05877,0.01578,0.00000,0.00000,0.01023,0.00000,0.11251,0.13867,0.00000,0.00000,0.36993,0.00227,0.15299,0.08476,0.12864,0.00000,0.00000
42.43200,8,0.65435,0.00035,0.24644,0.04667,0.00715,0.01270,0.11158,0.00063,0.00025,0.30140,0.07178,0.13025,0.00790,0.01016,0.04119,0.01155,0.00000,0.00000,0.00277,0.00000,0.11186,0.03752,0.00000,0.00000,0.48901,0.00061,0.14157,0.09589,0.12077,0.00000,0.00000
42.45333,8,0.63888,0.00255,0.22566,0.03582,0.00820,0.02270,0.07899,0.00074,0.00039,0.42595,0.05713,0.09061,0.00553,0.00715,0.02859,0.00999,0.00000,0.00000,0.00075,0.00000,0.11684,0.01015,0.00000,0.00000,0.53125,0.00017,0.13000,0.09468,0.11616,0.00000,0.00000
42.47467,8,0.62689,0.00316,0.31758,0.06534,0.01099,0.02893,0.05846,0.00121,0.00058,0.34236,0.07112,0.06275,0.00389,0.00498,0.01981,0.00885,0.00000,0.00000,0.00020,0.00000,0.12660,0.00275,0.00000,0.00000,0.52968,0.00005,0.12720,0.09597,0.11756,0.00000,0.00000
42.49600,1,0.60164,0.00605,0.33092,0.08015,0.01320,0.04336,0.04748,0.00160,0.00082,0.32312,0.08129,0.04345,0.00272,0.00348,0.01370,0.00865,0.00000,0.00000,0.00005,0.00000,0.13888,0.00074,0.00000,0.00000,0.50160,0.00001,0.13264,0.10207,0.12401,0.00000,0.00000
42.51733,1,0.57000,0.01276,0.39904,0.06925,0.01142,0.07610,0.04504,0.00269,0.00106,0.26946,0.06236,0.03019,0.00189,0.00248,0.00947,0.00679,0.00000,0.22299,0.00001,0.00000,0.13883,0.00020,0.00000,0.00000,0.31302,0.00000,0.14491,0.05545,0.12457,0.00000,0.00000
42.53867,1,0.51225,0.01955,0.38481,0.06696,0.02296,0.08160,0.04406,0.00329,0.02812,0.26958,0.04333,0.02120,0.00134,0.00185,0.00655,0.00478,0.00000,0.45646,0.00000,0.00000,0.11420,0.00005,0.00000,0.00000,0.16279,0.00000,0.13732,0.01500,0.11417,0.00000,0.00000
42.56000,1,0.42604,0.05361,0.36079,0.11195,0.03645,0.09533,0.04288,0.00444,0.03511,0.20387,0.03002,0.01501,0.00098,0.00155,0.00457,0.00343,0.00000,0.55444,0.00000,0.00000,0.09226,0.00001,0.00000,0.00000,0.10945,0.00000,0.12986,0.00406,0.10991,0.00000,0.00000
42.58133,1,0.36413,0.05031,0.25383,0.21547,0.14931,0.08519,0.03221,0.00359,0.02630,0.14485,0.02084,0.01065,0.00072,0.00112,0.00318,0.00244,0.00000,0.58463,0.00000,0.00000,0.07907,0.00000,0.00000,0.00000,0.08956,0.00000,0.13190,0.00110,0.11374,0.00000,0.00000
42.60266,2,0.33134,0.03603,0.17673,0.30141,0.14670,0.14105,0.02723,0.02176,0.01941,0.10122,0.01507,0.00748,0.00055,0.00130,0.00222,0.00184,0.00000,0.57392,0.00000,0.00000,0.07451,0.00000,0.00000,0.00000,0.08432,0.00000,0.14288,0.00030,0.12408,0.00000,0.00000
42.62400,2,0.28116,0.02773,0.12543,0.44209,0.13433,0.10956,0.02354,0.01666,0.01742,0.07088,0.01976,0.00715,0.00071,0.00147,0.00173,0.00153,0.00000,0.29035,0.22477,0.00000,0.10372,0.00000,0.00000,0.00000,0.04417,0.05236,0.15265,0.00008,0.13191,0.00000,0.00000
42.64533,2,0.35636,0.02017,0.08910,0.32074,0.11867,0.18340,0.16703,0.01282,0.01432,0.04920,0.01382,0.00506,0.00191,0.00140,0.00121,0.00114,0.00000,0.07855,0.43022,0.00000,0.11168,0.00000,0.00000,0.00000,0.01195,0.09541,0.14116,0.00002,0.13100,0.00000,0.00000
42.66667,5,0.35144,0.01645,0.06747,0.22359,0.08265,0.14438,0.34989,0.00993,0.01057,0.03463,0.00961,0.00464,0.03809,0.00600,0.00098,0.00110,0.00000,0.04087,0.47562,0.00000,0.10717,0.00000,0.00000,0.00000,0.00622,0.10439,0.13446,0.00001,0.13126,0.00000,0.00000
42.68800,5,0.31944,0.01744,0.04969,0.15717,0.05806,0.11505,0.48394,0.01094,0.00930,0.02558,0.00715,0.00526,0.04494,0.01244,0.00140,0.00165,0.00000,0.01106,0.51658,0.00000,0.09645,0.00000,0.00000,0.00000,0.00168,0.11472,0.12483,0.00000,0.13468,0.00000,0.00000
42.70933,5,0.27835,0.03006,0.03600,0.11136,0.04310,0.09013,0.49706,0.01371,0.00869,0.02055,0.00684,0.01157,0.10788,0.01753,0.00278,0.00276,0.00000,0.00299,0.13979,0.00000,0.12037,0.36341,0.00000,0.00000,0.07554,0.03104,0.12647,0.00000,0.14038,0.00000,0.00000
42.73067,5,0.49435,0.02293,0.03288,0.07731,0.03115,0.06594,0.45415,0.01074,0.00634,0.02985,0.00625,0.06358,0.16287,0.02944,0.00298,0.00358,0.00000,0.00081,0.03782,0.00000,0.11431,0.51263,0.00000,0.00000,0.08227,0.00840,0.12049,0.00000,0.12327,0.00000,0.00000
42.75200,5,0.68995,0.01592,0.02627,0.05394,0.02183,0.04566,0.33474,0.00785,0.00455,0.09244,0.00785,0.15539,0.13516,0.03213,0.05267,0.01359,0.00000,0.00022,0.01023,0.00000,0.10767,0.56916,0.00000,0.00000,0.07975,0.00227,0.12023,0.00000,0.11046,0.00000,0.00000
42.77333,10,0.73063,0.01099,0.01846,0.03726,0.01509,0.03175,0.23735,0.00544,0.00316,0.08659,0.00553,0.34070,0.10531,0.03736,0.04855,0.01646,0.00000,0.00006,0.00277,0.00000,0.10665,0.57461,0.00000,0.00000,0.08151,0.00061,0.12692,0.00000,0.10688,0.00000,0.00000
42.79467,8,0.69900,0.00759,0.01315,0.02572,0.01042,0.02283,0.16474,0.00376,0.00218,0.30423,0.00387,0.27540,0.07345,0.03054,0.04713,0.01498,0.00000,0.00002,0.00075,0.00000,0.12332,0.29374,0.00000,0.00000,0.11114,0.00017,0.28832,0.06157,0.05633,0.06466,0.00000
42.81600,8,0.75821,0.00525,0.00938,0.01776,0.00722,0.01766,0.11421,0.00260,0.00151,0.42743,0.00292,0.21296,0.05256,0.02223,0.09504,0.01127,0.00000,0.00000,0.00020,0.00000,0.11976,0.07949,0.00000,0.00000,0.27978,0.00005,0.28253,0.10635,0.08095,0.05089,0.00000
42.83733,8,0.81452,0.00363,0.00699,0.01226,0.00501,0.01257,0.07891,0.00180,0.00105,0.53566,0.00240,0.16132,0.03744,0.01569,0.11716,0.00813,0.00000,0.00000,0.00005,0.00000,0.11310,0.02151,0.00000,0.00000,0.44835,0.00001,0.18508,0.10656,0.11157,0.01377,0.00000
42.85867,8,0.78680,0.00256,0.03185,0.00869,0.00405,0.01256,0.05649,0.00134,0.00100,0.63413,0.00518,0.11647,0.02599,0.01118,0.08241,0.00609,0.00000,0.00000,0.00001,0.00000,0.11406,0.00582,0.00000,0.00000,0.51865,0.00000,0.14473,0.09885,0.11416,0.00372,0.00000
42.88000,8,0.76837,0.00183,0.12485,0.00676,0.00499,0.05857,0.04099,0.00105,0.00073,0.58241,0.00804,0.08114,0.01794,0.00778,0.05694,0.00598,0.00000,0.00000,0.00000,0.00000,0.12136,0.00157,0.00000,0.00000,0.53513,0.00000,0.13010,0.09566,0.11516,0.00101,0.00000
42.90133,8,0.73977,0.00130,0.17369,0.00571,0.00794,0.11820,0.03181,0.00122,0.00054,0.53008,0.01015,0.05632,0.01238,0.00558,0.03931,0.00575,0.00000,0.00000,0.00000,0.00000,0.13262,0.00043,0.00000,0.00000,0.51821,0.00000,0.12977,0.09870,0.12000,0.00027,0.00000
42.92266,8,0.71240,0.00103,0.21415,0.00553,0.02510,0.11394,0.02469,0.00102,0.00042,0.51158,0.01583,0.03931,0.00855,0.00486,0.02715,0.00685,0.00000,0.00000,0.00000,0.00000,0.13889,0.00022,0.00000,0.00000,0.50166,0.00000,0.13301,0.10219,0.12388,0.00014,0.00000
42.94400,8,0.68466,0.00091,0.25640,0.00437,0.02092,0.09862,0.01883,0.00083,0.00033,0.51960,0.01626,0.02791,0.00593,0.00484,0.01880,0.00545,0.00000,0.00000,0.00000,0.00000,0.15101,0.00006,0.00000,0.00000,0.46006,0.00000,0.14336,0.11195,0.13352,0.00004,0.00000
42.96533,8,0.65855,0.00150,0.29816,0.00413,0.01763,0.07266,0.01505,0.00102,0.00041,0.52011,0.01920,0.02022,0.00420,0.00469,0.01311,0.00791,0.00000,0.00000,0.00000,0.00000,0.16025,0.00002,0.00000,0.00000,0.41693,0.00000,0.15533,0.12353,0.14394,0.00001,0.00000
42.98667,8,0.61307,0.00581,0.27292,0.02075,0.05568,0.05387,0.01123,0.00089,0.00360,0.49830,0.02627,0.01804,0.00479,0.00589,0.00989,0.01208,0.00000,0.00000,0.00000,0.00000,0.16381,0.00000,0.00000,0.00000,0.38382,0.00000,0.16483,0.13467,0.15287,0.00000,0.00000
43.00800,8,0.54842,0.09016,0.23651,0.03305,0.07781,0.06104,0.01381,0.00108,0.00579,0.38673,0.02484,0.02364,0.00820,0.00780,0.01132,0.01821,0.00000,0.00000,0.00000,0.00000,0.16268,0.00000,0.00000,0.00000,0.37211,0.00000,0.16605,0.14280,0.15636,0.00000,0.00000
43.02933,8,0.45912,0.10188,0.22144,0.03994,0.06658,0.11549,0.03052,0.00173,0.00581,0.32866,0.02354,0.01927,0.00684,0.00635,0.00947,0.02250,0.00000,0.00000,0.00000,0.00000,0.16026,0.00000,0.00000,0.00000,0.36946,0.00000,0.16346,0.14954,0.15728,0.00000,0.00000
43.05067,8,0.37876,0.11846,0.21637,0.04804,0.06121,0.10594,0.03567,0.00174,0.00585,0.33166,0.01789,0.01630,0.00567,0.00485,0.00898,0.02138,0.00000,0.00000,0.00000,0.00000,0.15808,0.00000,0.00000,0.00000,0.36912,0.00000,0.16064,0.15465,0.15751,0.00000,0.00000
43.07200,8,0.36709,0.11907,0.21746,0.04663,0.05020,0.09351,0.05641,0.00147,0.00622,0.34164,0.01374,0.01702,0.00575,0.00390,0.00854,0.01842,0.00000,0.00000,0.00000,0.00000,0.15743,0.00000,0.00000,0.00000,0.36904,0.00000,0.15980,0.15616,0.15757,0.00000,0.00000
43.09333,8,0.43605,0.11181,0.20959,0.03741,0.04259,0.12020,0.10377,0.00223,0.01004,0.26944,0.01275,0.03053,0.02054,0.00523,0.00955,0.01430,0.00000,0.00000,0.00000,0.00000,0.15725,0.00000,0.00000,0.00000,0.36902,0.00000,0.15957,0.15657,0.15759,0.00000,0.00000
43.11467,5,0.43519,0.08895,0.16461,0.02896,0.03188,0.12328,0.26526,0.00413,0.00844,0.18724,0.01272,0.04221,0.01529,0.00538,0.00900,0.01266,0.00000,0.00000,0.00000,0.00000,0.15721,0.00000,0.00000,0.00000,0.36901,0.00000,0.15951,0.15668,0.15760,0.00000,0.00000
43.13600,5,0.44251,0.07241,0.13472,0.02270,0.02334,0.09366,0.35975,0.00417,0.00769,0.14615,0.03695,0.04335,0.01721,0.01511,0.00855,0.01425,0.00000,0.00000,0.00000,0.00000,0.14759,0.22298,0.00000,0.00000,0.24551,0.00000,0.14652,0.08150,0.15590,0.00000,0.00000
43.15733,5,0.40460,0.07650,0.09914,0.01899,0.02006,0.09423,0.29438,0.00570,0.00932,0.10719,0.02839,0.07166,0.02467,0.06705,0.00774,0.07499,0.00000,0.00000,0.00000,0.00000,0.12689,0.45407,0.00000,0.00000,0.13364,0.00000,0.12800,0.02206,0.13534,0.00000,0.00000
43.17867,5,0.36430,0.07289,0.07591,0.02133,0.05067,0.11737,0.26684,0.04560,0.00921,0.07571,0.03268,0.06958,0.02060,0.06089,0.00906,0.07165,0.00000,0.00000,0.00000,0.00000,0.11274,0.54903,0.00000,0.00000,0.09484,0.00000,0.12076,0.00597,0.11666,0.00000,0.00000
43.20000,5,0.33204,0.06552,0.06109,0.02046,0.06412,0.14379,0.30176,0.08402,0.00801,0.05321,0.02426,0.05351,0.01562,0.04632,0.00771,0.05062,0.00000,0.00000,0.00000,0.00000,0.10887,0.56916,0.00000,0.00000,0.08703,0.00000,0.12092,0.00310,0.11092,0.00000,0.00000
43.22133,5,0.32000,0.05458,0.06278,0.02167,0.10983,0.15204,0.26275,0.06117,0.00734,0.03926,0.02331,0.08355,0.02866,0.04713,0.00819,0.03773,0.00000,0.00000,0.00000,0.00000,0.10697,0.57461,0.00000,0.00000,0.08347,0.00000,0.12710,0.00084,0.10700,0.00000,0.00000
43.24266,5,0.30506,0.06469,0.06087,0.02504,0.10911,0.14670,0.25953,0.07231,0.01517,0.02982,0.02891,0.07903,0.02789,0.04755,0.00596,0.02743,0.00000,0.00000,0.00000,0.00000,0.11123,0.54896,0.00000,0.00000,0.08956,0.00000,0.13853,0.00023,0.11149,0.00000,0.00000
43.26400,5,0.29131,0.09627,0.05383,0.03994,0.09783,0.15237,0.26370,0.06174,0.02915,0.02197,0.02599,0.06189,0.02922,0.04086,0.00484,0.02040,0.00000,0.00000,0.00000,0.00000,0.11940,0.50634,0.00000,0.00000,0.10072,0.00000,0.15197,0.00006,0.12151,0.00000,0.00000
43.28533,5,0.28168,0.14408,0.04324,0.04992,0.07265,0.14224,0.23219,0.08992,0.04628,0.01598,0.02240,0.04714,0.03664,0.03644,0.00416,0.01671,0.00000,0.00000,0.00000,0.00000,0.12909,0.45926,0.00000,0.00000,0.11356,0.00000,0.16416,0.00002,0.13391,0.00000,0.00000
43.30667,5,0.27645,0.20858,0.03617,0.05950,0.05443,0.12010,0.22224,0.08079,0.04585,0.01242,0.01902,0.03649,0.05396,0.03187,0.00395,0.01462,0.00000,0.00000,0.00000,0.00000,0.13791,0.41986,0.00000,0.00000,0.12500,0.00000,0.17182,0.00000,0.14541,0.00000,0.00000
43.32800,0,0.26722,0.30713,0.02930,0.05147,0.04447,0.08711,0.19802,0.05963,0.03423,0.01008,0.01624,0.02915,0.08376,0.02890,0.00399,0.01654,0.00000,0.00000,0.00000,0.00000,0.14338,0.40438,0.00000,0.00000,0.13017,0.00000,0.17087,0.00000,0.15120,0.00000,0.00000
43.34933,0,0.25305,0.27176,0.03620,0.05973,0.05084,0.06748,0.17934,0.04337,0.02832,0.00963,0.01829,0.04575,0.12912,0.02670,0.00613,0.02733,0.00000,0.00000,0.00000,0.00000,0.14546,0.40145,0.00000,0.00000,0.13145,0.00000,0.16876,0.00000,0.15288,0.00000,0.00000
43.37067,0,0.23185,0.21518,0.04634,0.07269,0.06700,0.05800,0.14338,0.03330,0.02594,0.00953,0.01868,0.04561,0.20458,0.02620,0.00539,0.02820,0.00000,0.00000,0.00000,0.00000,0.14546,0.40145,0.00000,0.00000,0.13145,0.00000,0.16876,0.00000,0.15288,0.00000,0.00000
43.39200,11,0.20317,0.15199,0.06468,0.07790,0.10001,0.05410,0.11428,0.02834,0.02381,0.00942,0.01469,0.04271,0.26492,0.02433,0.00397,0.02485,0.00000,0.00000,0.00000,0.00000,0.14546,0.40145,0.00000,0.00000,0.13145,0.00000,0.16876,0.00000,0.15288,0.00000,0.00000
43.41333,11,0.17882,0.10691,0.05519,0.07137,0.14634,0.07024,0.09075,0.02623,0.02544,0.01166,0.01054,0.03458,0.30562,0.02350,0.00276,0.01886,0.00000,0.00000,0.00000,0.00000,0.13676,0.20881,0.00000,0.00000,0.12627,0.00000,0.16006,0.21296,0.15513,0.00000,0.00000
43.43467,11,0.16575,0.07440,0.04972,0.06920,0.19967,0.06045,0.06994,0.02447,0.02370,0.01034,0.00745,0.02686,0.34208,0.02595,0.00192,0.01385,0.00000,0.00000,0.00000,0.00000,0.12296,0.05648,0.00000,0.00000,0.12731,0.00000,0.14143,0.41326,0.13855,0.00000,0.00000
43.45600,11,0.15819,0.05273,0.03514,0.07045,0.18732,0.04621,0.05957,0.03079,0.14637,0.00812,0.00518,0.02150,0.30339,0.02215,0.00136,0.00974,0.00000,0.00000,0.00000,0.00000,0.11917,0.02938,0.00000,0.00000,0.13117,0.00000,0.13307,0.45917,0.12805,0.00000,0.00000
43.47733,11,0.39239,0.03652,0.11785,0.04984,0.20001,0.03496,0.04159,0.02136,0.10106,0.13724,0.00445,0.01675,0.21316,0.01597,0.00094,0.00832,0.00000,0.00000,0.00000,0.00000,0.11822,0.00795,0.00000,0.00000,0.14259,0.00000,0.11945,0.50175,0.11004,0.00000,0.00000
43.49866,8,0.56772,0.02521,0.23018,0.03478,0.14104,0.02488,0.02908,0.01477,0.06973,0.24776,0.00344,0.01186,0.14722,0.01110,0.00065,0.00829,0.00000,0.00000,0.00000,0.00000,0.12506,0.00215,0.00000,0.00000,0.15670,0.00000,0.10989,0.50792,0.09828,0.00000,0.00000
43.52000,1,0.67070,0.01740,0.41170,0.02403,0.09744,0.01718,0.02008,0.01019,0.04811,0.22758,0.00240,0.00823,0.10161,0.00770,0.00045,0.00589,0.00000,0.00000,0.00000,0.00000,0.12256,0.00058,0.00000,0.00000,0.30033,0.00000,0.14066,0.32088,0.11499,0.00000,0.00000
43.54133,1,0.66950,0.01220,0.52993,0.01729,0.06816,0.01198,0.01403,0.00704,0.03320,0.21753,0.00170,0.00583,0.07018,0.00611,0.00031,0.00453,0.00000,0.22294,0.00000,0.00000,0.12418,0.00016,0.00000,0.00000,0.26632,0.00000,0.15098,0.11482,0.12061,0.00000,0.00000
43.56267,1,0.64073,0.00917,0.45006,0.01926,0.07855,0.03772,0.03908,0.00533,0.02296,0.25582,0.00175,0.00418,0.04852,0.00738,0.00025,0.01997,0.00000,0.45647,0.00000,0.00000,0.11023,0.00004,0.00000,0.00000,0.15015,0.00000,0.13896,0.03106,0.11310,0.00000,0.00000
43.58400,1,0.59807,0.00639,0.31520,0.01344,0.05669,0.10422,0.24495,0.00655,0.01644,0.17686,0.00122,0.00292,0.03351,0.00551,0.00018,0.01590,0.00000,0.55444,0.00000,0.00000,0.09119,0.00001,0.00000,0.00000,0.10603,0.00000,0.13031,0.00840,0.10962,0.00000,0.00000
43.60533,1,0.58390,0.00473,0.24887,0.01141,0.04455,0.20718,0.20623,0.09206,0.01345,0.12429,0.00190,0.00229,0.02318,0.00557,0.00025,0.01404,0.00000,0.58463,0.00000,0.00000,0.07878,0.00000,0.00000,0.00000,0.08863,0.00000,0.13202,0.00227,0.11366,0.00000,0.00000
43.62667,5,0.61522,0.00328,0.17440,0.00792,0.03113,0.14787,0.42414,0.07109,0.00977,0.08765,0.00149,0.00173,0.01633,0.01294,0.00018,0.01009,0.00000,0.57392,0.00000,0.00000,0.07443,0.00000,0.00000,0.00000,0.08407,0.00000,0.14291,0.00062,0.12406,0.00000,0.00000
43.64800,5,0.77441,0.00228,0.12375,0.00572,0.02178,0.10626,0.43152,0.07145,0.00735,0.09647,0.05608,0.00858,0.01537,0.03703,0.00027,0.01609,0.00000,0.29041,0.00000,0.00000,0.10478,0.22298,0.00000,0.00000,0.09769,0.00000,0.14197,0.00017,0.14202,0.00000,0.00000
43.66933,5,0.77305,0.00158,0.09007,0.00417,0.01526,0.07445,0.33830,0.06654,0.00523,0.08628,0.05434,0.03370,0.01844,0.05102,0.00256,0.15805,0.00000,0.07855,0.00000,0.00000,0.11530,0.45410,0.00000,0.00000,0.09364,0.00000,0.12677,0.00005,0.13158,0.00000,0.00000
43.69067,14,0.73509,0.00129,0.06700,0.01598,0.01136,0.05406,0.24245,0.04632,0.00379,0.06872,0.04650,0.04044,0.01369,0.04005,0.00605,0.34231,0.00000,0.02126,0.00000,0.00000,0.10961,0.54903,0.00000,0.00000,0.08402,0.00000,0.12043,0.00001,0.11565,0.00000,0.00000
43.71200,2,0.68499,0.00099,0.05374,0.28240,0.00907,0.03903,0.16860,0.03209,0.00275,0.05233,0.03339,0.02990,0.00950,0.02804,0.00512,0.25306,0.00000,0.00575,0.00000,0.00000,0.11824,0.29611,0.00000,0.00000,0.10326,0.00000,0.11947,0.00000,0.14065,0.00000,0.21651
43.73333,2,0.61531,0.00109,0.04135,0.48062,0.00804,0.02805,0.11765,0.02226,0.00197,0.03895,0.02324,0.02107,0.00657,0.01956,0.00406,0.18552,0.00000,0.00299,0.00000,0.00000,0.12117,0.15402,0.00000,0.00000,0.11380,0.00000,0.11597,0.00000,0.14955,0.00000,0.34249
43.75467,2,0.54676,0.01064,0.04882,0.49194,0.02397,0.03099,0.16520,0.01661,0.00147,0.02860,0.01631,0.01467,0.00454,0.01357,0.00312,0.12954,0.00000,0.00081,0.35402,0.00000,0.12487,0.04167,0.00000,0.00000,0.03079,0.08014,0.13855,0.00000,0.13649,0.00000,0.09266
43.77600,2,0.49865,0.04350,0.09488,0.44202,0.04982,0.03161,0.14628,0.01221,0.00112,0.03549,0.01279,0.01209,0.00319,0.00984,0.00547,0.09970,0.00000,0.00022,0.47563,0.00000,0.11056,0.01127,0.00000,0.00000,0.00833,0.10439,0.13191,0.00000,0.13262,0.00000,0.02506
43.79733,2,0.48151,0.03083,0.08741,0.37333,0.03510,0.02367,0.14861,0.00847,0.00088,0.03151,0.00925,0.09378,0.00232,0.00695,0.05413,0.09376,0.00000,0.00006,0.51659,0.00000,0.09736,0.00305,0.00000,0.00000,0.00225,0.11472,0.12414,0.00000,0.13505,0.00000,0.00678
43.81866,13,0.60263,0.02128,0.06039,0.25890,0.02425,0.01672,0.10920,0.00585,0.00061,0.02287,0.00642,0.09815,0.00172,0.00484,0.30320,0.06559,0.00000,0.00002,0.52204,0.00000,0.08943,0.00083,0.00000,0.00000,0.00061,0.12208,0.12137,0.00000,0.14180,0.00000,0.00184
43.84000,13,0.83072,0.01472,0.05031,0.17877,0.01706,0.01223,0.10094,0.00436,0.00043,0.03314,0.01939,0.07919,0.00388,0.00571,0.33356,0.14630,0.00000,0.00000,0.26888,0.00000,0.09962,0.00022,0.00000,0.00000,0.06119,0.06532,0.16320,0.00000,0.07608,0.21095,0.05453
43.86133,13,0.92789,0.01017,0.04356,0.12339,0.01195,0.00861,0.07147,0.00307,0.00030,0.04812,0.03207,0.07207,0.01097,0.05404,0.26005,0.25017,0.00000,0.00000,0.07275,0.00000,0.09926,0.00006,0.00000,0.00000,0.10786,0.01767,0.18157,0.00000,0.02058,0.40959,0.09066
43.88267,14,0.96119,0.00728,0.03179,0.08517,0.00843,0.00629,0.05000,0.00216,0.00025,0.04552,0.03948,0.09188,0.01378,0.06390,0.21941,0.33467,0.00000,0.00000,0.01968,0.00000,0.09536,0.00002,0.00000,0.00000,0.12330,0.00478,0.17312,0.00000,0.00557,0.48279,0.09539
43.90400,14,0.90654,0.00511,0.02198,0.05969,0.00596,0.00712,0.03605,0.00530,0.00347,0.03311,0.02931,0.07867,0.00967,0.04545,0.20385,0.45524,0.00000,0.00000,0.00532,0.00000,0.11222,0.00000,0.00000,0.00000,0.12790,0.00129,0.14352,0.00000,0.08474,0.25907,0.26593
43.92533,14,0.77657,0.00375,0.01533,0.04142,0.00441,0.01971,0.18142,0.00594,0.00242,0.02337,0.02099,0.05928,0.00675,0.03275,0.14812,0.43435,0.00000,0.00000,0.00144,0.00000,0.11925,0.00000,0.00000,0.00000,0.12554,0.00035,0.11885,0.00000,0.13341,0.07011,0.43105
43.94667,5,0.63505,0.00285,0.01061,0.02860,0.00314,0.05221,0.39114,0.00468,0.00168,0.01617,0.01461,0.04212,0.00469,0.02293,0.10241,0.30217,0.00000,0.00000,0.00039,0.00000,0.11858,0.00000,0.00000,0.00000,0.12501,0.00009,0.10982,0.00000,0.13315,0.01897,0.49398
43.96800,5,0.51557,0.00472,0.00752,0.01975,0.00262,0.10945,0.50103,0.00461,0.00131,0.01124,0.01013,0.02926,0.00325,0.01587,0.07072,0.20851,0.00000,0.00000,0.00011,0.00000,0.12765,0.22298,0.00000,0.00000,0.11892,0.00003,0.12017,0.00000,0.14114,0.00513,0.26387
43.98933,5,0.43044,0.02176,0.00678,0.01369,0.00433,0.16003,0.54294,0.00632,0.00103,0.00871,0.00702,0.02091,0.00227,0.01111,0.04889,0.14420,0.00000,0.00000,0.00005,0.00000,0.12643,0.36344,0.00000,0.00000,0.10909,0.00001,0.12215,0.00000,0.13890,0.00267,0.13725
44.01067,5,0.40156,0.05121,0.02661,0.01016,0.01322,0.16841,0.53241,0.00682,0.00114,0.01951,0.00629,0.01563,0.00182,0.00888,0.03389,0.10399,0.00000,0.00000,0.00001,0.00000,0.11595,0.51265,0.00000,0.00000,0.09134,0.00000,0.11932,0.00000,0.12287,0.00072,0.03713
44.03200,5,0.45458,0.03814,0.02506,0.00722,0.00943,0.11926,0.63430,0.00482,0.00108,0.01886,0.00518,0.02661,0.00180,0.00629,0.02614,0.07581,0.00000,0.00000,0.00000,0.00000,0.10812,0.56916,0.00000,0.00000,0.08221,0.00000,0.11992,0.00000,0.11035,0.00020,0.01004
44.05333,5,0.51868,0.02712,0.02016,0.00531,0.00677,0.08555,0.70761,0.00351,0.00079,0.01461,0.01850,0.02089,0.00146,0.00447,0.02449,0.05877,0.00000,0.00000,0.00000,0.00000,0.10677,0.57461,0.00000,0.00000,0.08217,0.00000,0.12683,0.00000,0.10685,0.00005,0.00272
44.07467,5,0.60874,0.01925,0.06580,0.00864,0.01029,0.06715,0.64316,0.00264,0.00065,0.02793,0.04667,0.02402,0.00132,0.00388,0.01795,0.06065,0.00000,0.00000,0.00000,0.00000,0.11118,0.54896,0.00000,0.00000,0.08921,0.00000,0.13845,0.00000,0.11145,0.00001,0.00074
44.09600,5,0.71928,0.01352,0.29116,0.00655,0.00808,0.04766,0.44734,0.00187,0.00046,0.05200,0.04470,0.02040,0.00105,0.00322,0.01251,0.04949,0.00000,0.00000,0.00000,0.00000,0.11938,0.50633,0.00000,0.00000,0.10063,0.00000,0.15195,0.00000,0.12151,0.00000,0.00020
44.11733,1,0.78862,0.00935,0.49606,0.00460,0.00599,0.03294,0.30871,0.00129,0.00032,0.04863,0.03151,0.01430,0.00076,0.00238,0.00864,0.03452,0.00000,0.00000,0.00000,0.00000,0.12909,0.45926,0.00000,0.00000,0.11354,0.00000,0.16415,0.00000,0.13391,0.00000,0.00005
44.13867,1,0.78698,0.00647,0.63605,0.00326,0.00490,0.02278,0.21318,0.00089,0.00022,0.04824,0.02186,0.00991,0.00055,0.00173,0.00596,0.02400,0.00000,0.22294,0.00000,0.00000,0.13292,0.22774,0.00000,0.00000,0.12470,0.00000,0.16115,0.00000,0.13052,0.00000,0.00001
44.16000,1,0.77911,0.00453,0.72096,0.00241,0.00461,0.01600,0.14742,0.00062,0.00017,0.05825,0.01533,0.00689,0.00043,0.00134,0.00414,0.01690,0.00000,0.45643,0.00000,0.00000,0.11260,0.06163,0.00000,0.00000,0.11184,0.00000,0.14172,0.00000,0.11578,0.00000,0.00000
44.18133,1,0.76856,0.00320,0.78797,0.00180,0.00364,0.01115,0.10188,0.00043,0.00015,0.05712,0.01101,0.00477,0.00031,0.00112,0.00287,0.01258,0.00000,0.55443,0.00000,0.00000,0.09183,0.01668,0.00000,0.00000,0.09567,0.00000,0.13105,0.00000,0.11035,0.00000,0.00000
44.20267,1,0.75129,0.00365,0.74339,0.01378,0.00591,0.01697,0.07594,0.01925,0.02100,0.04992,0.01451,0.00360,0.00032,0.01278,0.00210,0.01688,0.00000,0.58463,0.00000,0.00000,0.07895,0.00451,0.00000,0.00000,0.08582,0.00000,0.13222,0.00000,0.11386,0.00000,0.00000
44.22400,1,0.74493,0.00418,0.54052,0.01529,0.00670,0.02382,0.05598,0.01496,0.01496,0.06446,0.01105,0.00293,0.00035,0.23018,0.00150,0.01311,0.00000,0.57392,0.00000,0.00000,0.07448,0.00122,0.00000,0.00000,0.08331,0.00000,0.14296,0.00000,0.12411,0.00000,0.00000
44.24533,1,0.72962,0.00786,0.39208,0.01252,0.00599,0.06279,0.05494,0.05221,0.01190,0.09123,0.01364,0.00518,0.00089,0.21572,0.00117,0.07189,0.00000,0.53811,0.00000,0.00000,0.07678,0.00033,0.00000,0.00000,0.08679,0.00000,0.15958,0.00000,0.13841,0.00000,0.00000
44.26667,1,0.69753,0.01205,0.31016,0.00955,0.00456,0.05513,0.05767,0.03661,0.00827,0.23951,0.01308,0.00686,0.00109,0.16676,0.00105,0.07764,0.00000,0.51486,0.00000,0.00000,0.07980,0.00017,0.00000,0.00000,0.09016,0.00000,0.16881,0.00000,0.14620,0.00000,0.00000
44.28800,8,0.64071,0.01538,0.22142,0.00845,0.00504,0.06768,0.08026,0.02857,0.00631,0.32377,0.01351,0.04371,0.00273,0.12181,0.00449,0.05688,0.00000,0.46519,0.00000,0.00000,0.08812,0.00005,0.00000,0.00000,0.09884,0.00000,0.18653,0.00000,0.16127,0.00000,0.00000
44.30933,8,0.61092,0.04324,0.15766,0.00728,0.00419,0.05621,0.10407,0.02050,0.00476,0.25212,0.01350,0.10890,0.00474,0.08678,0.08969,0.04635,0.00000,0.22978,0.00000,0.00000,0.10280,0.00001,0.00000,0.00000,0.26886,0.00000,0.18618,0.05936,0.15300,0.00000,0.00000
44.33067,13,0.72416,0.02997,0.11251,0.00638,0.00294,0.04078,0.07288,0.01416,0.00330,0.18010,0.00948,0.11115,0.00353,0.06006,0.30708,0.04568,0.00000,0.06217,0.00000,0.00000,0.10851,0.00000,0.00000,0.00000,0.44540,0.00000,0.15901,0.09385,0.13106,0.00000,0.00000
44.35200,13,0.88250,0.02110,0.08238,0.00459,0.00264,0.02863,0.05583,0.00984,0.00231,0.13472,0.01123,0.08617,0.00327,0.04293,0.39673,0.11763,0.00000,0.01682,0.00000,0.00000,0.11147,0.00000,0.00000,0.00000,0.31613,0.00000,0.17618,0.04986,0.06450,0.21099,0.05405
44.37333,13,0.94994,0.01460,0.05918,0.00317,0.00191,0.01984,0.03901,0.00680,0.00160,0.09718,0.00843,0.06105,0.00251,0.02997,0.51765,0.13712,0.00000,0.00455,0.00000,0.00000,0.10247,0.00000,0.00000,0.00000,0.17685,0.00000,0.18508,0.01349,0.01745,0.40959,0.09052
44.39466,13,0.94052,0.01012,0.04537,0.00272,0.00135,0.01383,0.02718,0.00471,0.00111,0.07692,0.00657,0.04304,0.00180,0.02098,0.54483,0.19947,0.00000,0.00123,0.00000,0.00000,0.09622,0.00000,0.00000,0.00000,0.14196,0.00000,0.17407,0.00365,0.00472,0.48279,0.09536
44.41600,13,0.88815,0.00715,0.03475,0.19030,0.00102,0.01005,0.01921,0.00331,0.00079,0.05598,0.00631,0.03416,0.00131,0.01458,0.45261,0.16849,0.00000,0.00033,0.00000,0.00000,0.09807,0.00000,0.00000,0.00000,0.13935,0.00000,0.16123,0.00099,0.00128,0.50464,0.09410
44.43733,13,0.85432,0.00552,0.05884,0.22276,0.00156,0.01469,0.09170,0.00232,0.00084,0.07421,0.02012,0.02515,0.00093,0.01029,0.33233,0.13874,0.00000,0.00009,0.00000,0.00000,0.10730,0.00000,0.00000,0.00000,0.14818,0.00000,0.15075,0.00027,0.00035,0.49978,0.09329
44.45867,13,0.83914,0.00393,0.18950,0.17370,0.00290,0.01171,0.09050,0.00162,0.00059,0.14405,0.02148,0.01857,0.00077,0.00819,0.23331,0.09918,0.00000,0.00002,0.00000,0.00000,0.12155,0.00000,0.00000,0.00000,0.16150,0.00000,0.14302,0.00007,0.00009,0.47944,0.09429
44.48000,1,0.84864,0.00276,0.31846,0.12036,0.00245,0.00856,0.07527,0.00112,0.00041,0.19199,0.01918,0.01806,0.00063,0.00657,0.16130,0.07288,0.00000,0.00001,0.00000,0.00000,0.13803,0.00000,0.00000,0.00000,0.17614,0.00000,0.13743,0.00002,0.00003,0.45125,0.09709
44.50133,1,0.84472,0.00192,0.39442,0.08315,0.00223,0.00636,0.07161,0.00078,0.00029,0.23019,0.01499,0.02364,0.00056,0.00579,0.11132,0.05272,0.00000,0.22294,0.00000,0.00000,0.13939,0.00000,0.00000,0.00000,0.15780,0.00000,0.14368,0.00001,0.05772,0.22694,0.05152
44.52267,1,0.84982,0.00137,0.45398,0.05743,0.00352,0.00482,0.06872,0.00055,0.00022,0.25522,0.01391,0.01858,0.00046,0.00446,0.07692,0.03984,0.00000,0.36435,0.00000,0.00000,0.12738,0.00000,0.00000,0.00000,0.13725,0.00000,0.14190,0.00000,0.08425,0.11807,0.02680
44.54400,1,0.83396,0.00138,0.48813,0.03977,0.00955,0.00813,0.08517,0.00041,0.00046,0.25635,0.01043,0.01302,0.00035,0.00330,0.05316,0.03038,0.00000,0.51654,0.00000,0.00000,0.10235,0.00000,0.00000,0.00000,0.10788,0.00000,0.13243,0.00000,0.10160,0.03194,0.00725
44.56533,1,0.82103,0.00303,0.38495,0.02790,0.01225,0.01642,0.20258,0.00054,0.00131,0.26745,0.00817,0.00910,0.00026,0.00240,0.03675,0.02690,0.00000,0.57590,0.00000,0.00000,0.08454,0.00000,0.00000,0.00000,0.09106,0.00000,0.12957,0.00000,0.10833,0.00864,0.00196
44.58667,1,0.79715,0.01082,0.32682,0.01962,0.01400,0.01952,0.31106,0.00064,0.00204,0.22971,0.00676,0.00639,0.00019,0.00184,0.02539,0.02519,0.00000,0.58329,0.00000,0.00000,0.07581,0.00000,0.00000,0.00000,0.08405,0.00000,0.13643,0.00000,0.11755,0.00234,0.00053
44.60800,5,0.76787,0.02756,0.27598,0.01481,0.01693,0.04306,0.35788,0.00161,0.00280,0.20782,0.00646,0.00447,0.00014,0.00190,0.01753,0.02105,0.00000,0.55832,0.00000,0.00000,0.07493,0.00000,0.00000,0.00000,0.08451,0.00000,0.15074,0.00000,0.13073,0.00063,0.00014
44.62933,5,0.72994,0.03326,0.24079,0.01223,0.01765,0.08074,0.32172,0.00321,0.00256,0.24435,0.00663,0.00313,0.00010,0.00344,0.01211,0.01807,0.00000,0.27990,0.00000,0.00000,0.10577,0.22298,0.00000,0.00000,0.09874,0.00000,0.14654,0.00000,0.14587,0.00017,0.00004
44.65067,5,0.68829,0.03768,0.21587,0.01053,0.02785,0.09097,0.28380,0.00460,0.00412,0.28242,0.00888,0.00222,0.00009,0.00494,0.00838,0.01765,0.00000,0.07574,0.00000,0.00000,0.11557,0.45407,0.00000,0.00000,0.09392,0.00000,0.12801,0.00000,0.13262,0.00005,0.00001
44.67200,5,0.64209,0.04615,0.18737,0.00871,0.03061,0.12605,0.28603,0.00545,0.00517,0.27291,0.00693,0.00161,0.00008,0.00391,0.00581,0.01321,0.00000,0.02049,0.00000,0.00000,0.10968,0.54903,0.00000,0.00000,0.08409,0.00000,0.12076,0.00000,0.11593,0.00001,0.00000
44.69333,8,0.60292,0.06036,0.17174,0.00928,0.03605,0.15100,0.21721,0.00632,0.00747,0.30946,0.00886,0.00120,0.00010,0.00369,0.00404,0.01321,0.00000,0.00554,0.00000,0.00000,0.10619,0.57679,0.00000,0.00000,0.08075,0.00000,0.12316,0.00000,0.10756,0.00000,0.00000
44.71466,1,0.59093,0.04265,0.23350,0.02881,0.08957,0.18652,0.15132,0.00494,0.00541,0.22945,0.00673,0.00187,0.00152,0.00362,0.00283,0.01126,0.00000,0.00150,0.00000,0.00000,0.10993,0.29895,0.00000,0.00000,0.25757,0.00000,0.15140,0.05934,0.12130,0.00000,0.00000
44.73600,5,0.63880,0.03371,0.18542,0.02275,0.09023,0.15509,0.21328,0.00521,0.00434,0.20096,0.00829,0.03167,0.01744,0.01157,0.00270,0.01734,0.00000,0.22335,0.00000,0.00000,0.12076,0.08088,0.00000,0.00000,0.25475,0.00000,0.15388,0.04406,0.12232,0.00000,0.00000
44.75733,8,0.63057,0.02887,0.16830,0.01626,0.06570,0.13457,0.15952,0.00492,0.00323,0.22654,0.02123,0.04061,0.01310,0.01226,0.00284,0.10206,0.00000,0.18962,0.00000,0.00000,0.12704,0.24487,0.00000,0.00000,0.15120,0.00000,0.14012,0.01192,0.13523,0.00000,0.00000
44.77867,14,0.58892,0.04675,0.11724,0.01265,0.04615,0.10395,0.11475,0.00369,0.00330,0.17511,0.04625,0.03145,0.00913,0.00880,0.00464,0.27613,0.00000,0.05130,0.00000,0.00000,0.12011,0.19496,0.00000,0.00000,0.28045,0.00000,0.15423,0.06259,0.13636,0.00000,0.00000
44.80000,14,0.58414,0.08694,0.08667,0.01034,0.03210,0.07846,0.20490,0.00258,0.00236,0.12281,0.03508,0.02532,0.00643,0.00621,0.06592,0.23388,0.00000,0.02668,0.00000,0.00000,0.11567,0.10141,0.00000,0.00000,0.38155,0.00000,0.15625,0.08639,0.13204,0.00000,0.00000
44.82133,5,0.82004,0.06051,0.06204,0.00736,0.02226,0.05484,0.29054,0.00184,0.00166,0.08748,0.02746,0.02722,0.00513,0.00735,0.09688,0.24742,0.00000,0.00722,0.00000,0.00000,0.12345,0.02743,0.00000,0.00000,0.19499,0.00000,0.12558,0.02337,0.15542,0.00000,0.34254
44.84267,5,0.92334,0.04182,0.04354,0.00508,0.01537,0.03813,0.26570,0.00134,0.00115,0.06089,0.02018,0.02072,0.00375,0.00677,0.26500,0.21056,0.00000,0.00195,0.00000,0.00000,0.12931,0.23034,0.00000,0.00000,0.13738,0.00000,0.12459,0.00632,0.15277,0.00000,0.21733
44.86400,13,0.91775,0.02888,0.03009,0.00352,0.01060,0.02635,0.18350,0.00092,0.00079,0.04358,0.01616,0.01512,0.00260,0.00470,0.46924,0.16393,0.00000,0.00053,0.00000,0.00000,0.12194,0.45606,0.00000,0.00000,0.10438,0.00000,0.12207,0.00171,0.13450,0.00000,0.05881
44.88533,13,0.90182,0.01998,0.03397,0.00367,0.00732,0.01826,0.13231,0.00064,0.00055,0.04858,0.03027,0.01198,0.00190,0.00467,0.55107,0.13484,0.00000,0.00014,0.00000,0.00000,0.11454,0.26718,0.00000,0.00000,0.10989,0.00000,0.16213,0.00046,0.06476,0.21095,0.06995
44.90667,13,0.86978,0.01386,0.04359,0.00265,0.00505,0.01285,0.13305,0.00044,0.00038,0.21690,0.02971,0.00855,0.00134,0.00423,0.42609,0.10131,0.00000,0.00004,0.00000,0.00000,0.10330,0.07229,0.00000,0.00000,0.12103,0.00000,0.18128,0.00013,0.01752,0.40959,0.09483
44.92800,8,0.84953,0.00957,0.05547,0.00184,0.00350,0.00941,0.09922,0.00031,0.00026,0.41033,0.02506,0.00594,0.00093,0.00328,0.29712,0.07777,0.00000,0.00001,0.00000,0.00000,0.09645,0.01955,0.00000,0.00000,0.12686,0.00000,0.17304,0.00003,0.00474,0.48279,0.09652
44.94933,8,0.82165,0.00661,0.07424,0.00142,0.00342,0.00729,0.07366,0.00022,0.00020,0.52400,0.02098,0.00422,0.00065,0.00263,0.20639,0.07407,0.00000,0.00000,0.00000,0.00000,0.10457,0.00529,0.00000,0.00000,0.28288,0.00000,0.17212,0.05935,0.06697,0.25913,0.04968
44.97066,8,0.79840,0.00460,0.09164,0.00102,0.00386,0.00564,0.06794,0.00015,0.00014,0.47242,0.04328,0.00338,0.00047,0.00188,0.14292,0.16066,0.00000,0.00000,0.00000,0.00000,0.10899,0.00143,0.00000,0.00000,0.44917,0.00000,0.15521,0.09385,0.10778,0.07012,0.01344
44.99200,8,0.77551,0.00325,0.14514,0.00079,0.00604,0.00618,0.05588,0.00011,0.00012,0.45520,0.04449,0.00272,0.00034,0.00141,0.09892,0.17942,0.00000,0.00000,0.00000,0.00000,0.11295,0.00039,0.00000,0.00000,0.51886,0.00000,0.13665,0.09541,0.11313,0.01897,0.00364
45.01333,8,0.73735,0.00307,0.16249,0.00247,0.01953,0.02399,0.04479,0.00017,0.00104,0.43395,0.05417,0.00229,0.00027,0.00130,0.06881,0.18166,0.00000,0.00000,0.00000,0.00000,0.12106,0.00010,0.00000,0.00000,0.53519,0.00000,0.12792,0.09473,0.11488,0.00513,0.00098
45.03467,8,0.72146,0.00328,0.12092,0.00222,0.05661,0.05266,0.04450,0.00023,0.00100,0.32723,0.03821,0.08766,0.02493,0.05963,0.04827,0.13266,0.00000,0.00000,0.00000,0.00000,0.13254,0.00003,0.00000,0.00000,0.51823,0.00000,0.12918,0.09844,0.11993,0.00139,0.00027
45.05600,8,0.76948,0.00237,0.08976,0.00201,0.05817,0.09843,0.14105,0.00042,0.00092,0.23354,0.02677,0.14270,0.03385,0.04329,0.03471,0.09201,0.00000,0.00000,0.00000,0.00000,0.13885,0.00001,0.00000,0.00000,0.50167,0.00000,0.13270,0.10207,0.12384,0.00072,0.00014
45.07733,10,0.76217,0.00192,0.06255,0.00149,0.04193,0.10159,0.19950,0.00044,0.00168,0.16254,0.01860,0.22587,0.05580,0.03295,0.02944,0.06369,0.00000,0.00000,0.00000,0.00000,0.15100,0.00000,0.00000,0.00000,0.46007,0.00000,0.14327,0.11191,0.13351,0.00020,0.00004
45.09867,10,0.75873,0.00137,0.04333,0.00106,0.02907,0.08169,0.15359,0.00033,0.00152,0.11227,0.01292,0.41699,0.04974,0.02307,0.02908,0.04397,0.00000,0.00000,0.00000,0.00000,0.14821,0.00000,0.00000,0.00000,0.29497,0.00000,0.29717,0.12275,0.07219,0.06469,0.00001
45.12000,10,0.75433,0.00097,0.02992,0.00074,0.02008,0.05684,0.10618,0.00024,0.00108,0.07750,0.00899,0.57938,0.05087,0.01618,0.02067,0.03035,0.00000,0.00000,0.00000,0.00000,0.12978,0.00000,0.00000,0.00000,0.18176,0.00000,0.43498,0.11931,0.01953,0.11464,0.00000
45.14133,10,0.74221,0.00067,0.02066,0.00051,0.01386,0.03990,0.07347,0.00022,0.00076,0.05350,0.00629,0.69410,0.04906,0.01152,0.01450,0.02096,0.00000,0.00000,0.00000,0.00000,0.12082,0.00000,0.00000,0.00000,0.15479,0.00000,0.47982,0.11269,0.00528,0.12660,0.00000
45.16267,10,0.71952,0.00049,0.01431,0.00040,0.00962,0.04496,0.05175,0.00224,0.00065,0.03808,0.00459,0.72380,0.07580,0.00843,0.01024,0.01464,0.00000,0.00000,0.00000,0.00000,0.12391,0.00000,0.00000,0.00000,0.15390,0.00000,0.48400,0.10840,0.00143,0.12837,0.00000
45.18400,10,0.69403,0.00036,0.01094,0.00035,0.00673,0.04667,0.05789,0.00235,0.00057,0.29434,0.00319,0.50044,0.05314,0.00585,0.00707,0.01011,0.00000,0.00000,0.00000,0.00000,0.13679,0.00000,0.00000,0.00000,0.16116,0.00000,0.46665,0.10725,0.00039,0.12775,0.00000
45.20533,8,0.66639,0.00026,0.00833,0.00029,0.00470,0.03916,0.08656,0.00178,0.00040,0.45826,0.00224,0.34538,0.03668,0.00407,0.00489,0.00700,0.00000,0.00000,0.00000,0.00000,0.15594,0.00000,0.00000,0.00000,0.17007,0.00000,0.43793,0.10881,0.00010,0.12714,0.00000
45.22667,8,0.62575,0.00024,0.00692,0.00097,0.00490,0.08886,0.10221,0.00767,0.00076,0.51017,0.00162,0.23836,0.02531,0.00376,0.00340,0.00487,0.00000,0.00000,0.00000,0.00000,0.14120,0.00000,0.00000,0.00000,0.30550,0.00000,0.30466,0.11676,0.06573,0.06614,0.00000
45.24800,8,0.63832,0.00025,0.00524,0.00086,0.01875,0.19682,0.21321,0.00658,0.00086,0.35591,0.00204,0.17036,0.01770,0.00473,0.00243,0.00428,0.00000,0.00000,0.00000,0.00000,0.11890,0.00000,0.00000,0.00000,0.45531,0.00000,0.19106,0.10938,0.10745,0.01789,0.00000
45.26933,5,0.70906,0.00022,0.00388,0.00069,0.01779,0.23288,0.31827,0.00473,0.00090,0.24581,0.00172,0.13495,0.02702,0.00622,0.00191,0.00301,0.00000,0.00000,0.00000,0.00000,0.11563,0.00000,0.00000,0.00000,0.52053,0.00000,0.14635,0.09961,0.11305,0.00484,0.00000
45.29066,10,0.72479,0.00032,0.00286,0.00060,0.01297,0.21651,0.24367,0.00341,0.00094,0.16988,0.00124,0.24472,0.09283,0.00566,0.00226,0.00213,0.00000,0.00000,0.00000,0.00000,0.12713,0.22292,0.00000,0.00000,0.33089,0.00000,0.13428,0.05040,0.13307,0.00131,0.00000
45.31200,10,0.74668,0.00024,0.00209,0.00046,0.00917,0.15227,0.16862,0.00239,0.00072,0.11733,0.00088,0.30049,0.23804,0.00416,0.00166,0.00148,0.00000,0.00000,0.00000,0.00000,0.13261,0.18907,0.00000,0.00000,0.18122,0.00000,0.28683,0.07519,0.07008,0.06499,0.00000
45.33333,11,0.72597,0.00018,0.00180,0.00037,0.00648,0.10657,0.11665,0.00167,0.00052,0.08116,0.00071,0.28259,0.39583,0.00306,0.00133,0.00107,0.00000,0.00000,0.00000,0.00000,0.13027,0.09834,0.00000,0.00000,0.16103,0.00000,0.37844,0.09744,0.03645,0.09802,0.00000
45.35467,11,0.68813,0.00016,0.00224,0.00032,0.00450,0.08632,0.08112,0.00119,0.00038,0.05643,0.00069,0.21390,0.54831,0.00224,0.00140,0.00080,0.00000,0.00000,0.00000,0.00000,0.12157,0.02661,0.00000,0.00000,0.14690,0.00000,0.46299,0.10917,0.00986,0.12289,0.00000
45.37600,11,0.63725,0.00027,0.00534,0.00108,0.00314,0.15242,0.05810,0.00087,0.00032,0.03989,0.00086,0.18403,0.55006,0.00161,0.00122,0.00077,0.00000,0.00000,0.00000,0.00000,0.12249,0.00720,0.00000,0.00000,0.12957,0.00000,0.23018,0.36751,0.10982,0.03324,0.00000
45.39733,11,0.59000,0.00062,0.00757,0.01036,0.00320,0.18539,0.09777,0.00296,0.00259,0.03273,0.00175,0.16988,0.48175,0.00119,0.00099,0.00125,0.00000,0.00000,0.00000,0.00000,0.11742,0.00195,0.00000,0.00000,0.13230,0.00000,0.15461,0.46716,0.11758,0.00899,0.00000
45.41867,11,0.54152,0.00085,0.00882,0.01139,0.00319,0.16868,0.28642,0.00400,0.00472,0.04048,0.00143,0.12470,0.34251,0.00096,0.00072,0.00113,0.00000,0.00000,0.00000,0.00000,0.11775,0.00053,0.00000,0.00000,0.14289,0.00000,0.12528,0.50391,0.10721,0.00243,0.00000
45.44000,5,0.50720,0.00080,0.02231,0.01388,0.00292,0.14386,0.37802,0.00552,0.00379,0.09751,0.00192,0.08851,0.23658,0.00103,0.00066,0.00269,0.00000,0.00000,0.00000,0.00000,0.12493,0.00014,0.00000,0.00000,0.15678,0.00000,0.11147,0.50851,0.09752,0.00066,0.00000
45.46133,5,0.47470,0.00087,0.02796,0.01793,0.00442,0.10660,0.47114,0.00576,0.00354,0.12691,0.00270,0.06140,0.16325,0.00150,0.00064,0.00538,0.00000,0.00000,0.00000,0.00000,0.13383,0.22302,0.00000,0.00000,0.13895,0.00000,0.11935,0.26168,0.12300,0.00018,0.00000
45.48267,5,0.44611,0.00229,0.04607,0.02307,0.02503,0.09463,0.43927,0.00670,0.00369,0.15630,0.00850,0.04250,0.11270,0.00938,0.00051,0.02935,0.00000,0.00000,0.00000,0.00000,0.12316,0.45410,0.00000,0.00000,0.10480,0.00000,0.12065,0.07080,0.12644,0.00005,0.00000
45.50400,5,0.44365,0.00163,0.03377,0.01618,0.01901,0.06591,0.57296,0.00466,0.00324,0.11985,0.00800,0.04249,0.07780,0.00705,0.00078,0.02669,0.00000,0.00000,0.00000,0.00000,0.11173,0.54905,0.00000,0.00000,0.08703,0.00000,0.11877,0.01915,0.11425,0.00001,0.00000
45.52533,5,0.47619,0.00118,0.02511,0.01124,0.01323,0.04590,0.49755,0.00330,0.00231,0.19174,0.00658,0.08446,0.05419,0.00706,0.03013,0.02603,0.00000,0.00000,0.00000,0.00000,0.10675,0.57679,0.00000,0.00000,0.08155,0.00000,0.12262,0.00518,0.10711,0.00000,0.00000
45.54667,5,0.49160,0.00087,0.01811,0.00785,0.00913,0.03176,0.34878,0.00229,0.00161,0.31688,0.00743,0.10720,0.03778,0.00522,0.07702,0.02807,0.00000,0.00000,0.00000,0.00000,0.10839,0.56473,0.00000,0.00000,0.08507,0.00000,0.13221,0.00140,0.10818,0.00000,0.00000
45.56800,8,0.47537,0.00125,0.01848,0.00596,0.00631,0.02268,0.24303,0.00159,0.00112,0.42485,0.01093,0.08806,0.02628,0.00418,0.07133,0.07395,0.00000,0.00000,0.00000,0.00000,0.11495,0.52897,0.00000,0.00000,0.09458,0.00000,0.14516,0.00038,0.11596,0.00000,0.00000
45.58933,8,0.45972,0.00094,0.03487,0.00445,0.00457,0.01945,0.17441,0.00112,0.00084,0.45258,0.06002,0.06200,0.01816,0.00323,0.04961,0.11378,0.00000,0.00000,0.00000,0.00000,0.11939,0.50633,0.00000,0.00000,0.10065,0.00000,0.15195,0.00020,0.12149,0.00000,0.00000
45.61066,8,0.44760,0.00092,0.05585,0.00372,0.00412,0.01652,0.12383,0.00080,0.00068,0.39850,0.17660,0.04309,0.01254,0.00230,0.03449,0.12604,0.00000,0.00000,0.00000,0.00000,0.11385,0.13696,0.00000,0.00000,0.37475,0.00000,0.16150,0.08477,0.12816,0.00000,0.00000
45.63200,8,0.42847,0.00099,0.06919,0.00317,0.00903,0.01403,0.08864,0.00057,0.00050,0.32960,0.29230,0.03013,0.00867,0.00166,0.02399,0.12753,0.00000,0.00000,0.00000,0.00000,0.11222,0.03705,0.00000,0.00000,0.49031,0.00000,0.14388,0.09590,0.12064,0.00000,0.00000
45.65333,9,0.40146,0.00148,0.07301,0.00361,0.02132,0.01683,0.06663,0.00046,0.00096,0.31162,0.31818,0.02166,0.00600,0.00132,0.01683,0.14010,0.00000,0.00000,0.00000,0.00000,0.11694,0.01003,0.00000,0.00000,0.53160,0.00000,0.13063,0.09468,0.11612,0.00000,0.00000
45.67467,9,0.39541,0.00569,0.09482,0.01869,0.08701,0.04611,0.04968,0.00078,0.00520,0.24478,0.24959,0.04605,0.00563,0.00315,0.01819,0.12463,0.00000,0.00000,0.00000,0.00000,0.13529,0.00271,0.00000,0.00000,0.33786,0.21090,0.14688,0.04928,0.11708,0.00000,0.00000
45.69600,8,0.43410,0.00428,0.12734,0.03488,0.17646,0.06797,0.03838,0.00091,0.00423,0.18740,0.18300,0.04574,0.02228,0.00284,0.01394,0.09035,0.00000,0.00000,0.00000,0.00000,0.14899,0.00073,0.00000,0.00000,0.17682,0.38906,0.15149,0.01333,0.11957,0.00000,0.00000
45.71733,3,0.44459,0.00319,0.09168,0.02707,0.21088,0.05059,0.02689,0.00079,0.00366,0.13299,0.12695,0.10306,0.14711,0.00225,0.00999,0.06290,0.00000,0.00000,0.00000,0.00000,0.13416,0.00020,0.00000,0.00000,0.29108,0.22059,0.16224,0.06298,0.12876,0.00000,0.00000
45.73867,11,0.43213,0.00230,0.06368,0.01914,0.14825,0.03577,0.01873,0.00067,0.00289,0.09272,0.08779,0.14875,0.32668,0.00194,0.00718,0.04350,0.06816,0.00000,0.00000,0.19928,0.14115,0.00005,0.00000,0.00000,0.27777,0.05968,0.14224,0.04504,0.06662,0.00000,0.00000
45.76000,11,0.43056,0.00164,0.04406,0.01327,0.10243,0.02511,0.01313,0.00051,0.00203,0.06428,0.06063,0.16240,0.47366,0.00154,0.00524,0.03008,0.05129,0.00000,0.00000,0.15977,0.13812,0.00001,0.00000,0.00000,0.17048,0.01615,0.14538,0.22515,0.09364,0.00000,0.00000
45.78133,11,0.42363,0.00115,0.03052,0.00917,0.07070,0.01874,0.00926,0.00042,0.00140,0.04454,0.04216,0.18403,0.56207,0.00113,0.00379,0.02089,0.01388,0.00000,0.00000,0.04323,0.12333,0.00000,0.00000,0.00000,0.13928,0.00437,0.13746,0.41653,0.12191,0.00000,0.00000
45.80267,11,0.41589,0.00083,0.02118,0.00650,0.04882,0.01606,0.01518,0.00375,0.00102,0.03092,0.02947,0.26316,0.54490,0.00090,0.00267,0.01463,0.00376,0.00000,0.00000,0.01170,0.11772,0.00000,0.00000,0.00000,0.13963,0.00118,0.12466,0.48752,0.11384,0.00000,0.00000
45.82400,11,0.40574,0.00071,0.01577,0.00506,0.03395,0.02345,0.21931,0.01868,0.00271,0.05749,0.02053,0.19975,0.38954,0.00104,0.00185,0.01017,0.00102,0.00000,0.00000,0.00316,0.12080,0.00000,0.00000,0.00000,0.15032,0.00032,0.11390,0.50834,0.10213,0.00000,0.00000
45.84533,5,0.39373,0.00053,0.01268,0.00381,0.02347,0.02221,0.33063,0.01710,0.00191,0.15701,0.01423,0.13808,0.26883,0.00120,0.00128,0.00704,0.00027,0.00000,0.00000,0.00086,0.13082,0.00000,0.00000,0.00000,0.16434,0.00009,0.10637,0.50284,0.09441,0.00000,0.00000
45.86666,5,0.37818,0.00044,0.01078,0.00373,0.01684,0.03298,0.40096,0.05275,0.00258,0.17603,0.01011,0.09548,0.18553,0.00598,0.00092,0.00489,0.00014,0.00000,0.00000,0.00045,0.13778,0.00000,0.00000,0.00000,0.17154,0.00005,0.10371,0.49392,0.09241,0.00000,0.00000
45.88800,5,0.42625,0.00033,0.00773,0.00272,0.01221,0.03313,0.50424,0.04330,0.00197,0.12201,0.00937,0.10006,0.12992,0.02499,0.00069,0.00733,0.00004,0.00000,0.00000,0.00012,0.13155,0.36344,0.00000,0.00000,0.12150,0.00001,0.12076,0.13363,0.12894,0.00000,0.00000
45.90933,5,0.47621,0.00025,0.00547,0.00191,0.00921,0.02951,0.51160,0.03262,0.00143,0.08478,0.00927,0.15626,0.11218,0.03342,0.00350,0.00859,0.00001,0.00000,0.00000,0.00003,0.11734,0.51263,0.00000,0.00000,0.09470,0.00000,0.11894,0.03616,0.12018,0.00000,0.00000
45.93067,5,0.47320,0.00028,0.00382,0.00137,0.00686,0.02524,0.39367,0.02259,0.00103,0.05904,0.00657,0.24534,0.20021,0.02486,0.00306,0.00606,0.00000,0.00000,0.00000,0.00001,0.10849,0.56916,0.00000,0.00000,0.08312,0.00000,0.11981,0.00978,0.10963,0.00000,0.00000
45.95200,10,0.46363,0.00022,0.00283,0.00126,0.00487,0.03231,0.27289,0.01563,0.00074,0.04145,0.00539,0.39902,0.19661,0.01788,0.00457,0.00434,0.00000,0.00000,0.00000,0.00000,0.10687,0.57461,0.00000,0.00000,0.08242,0.00000,0.12681,0.00265,0.10665,0.00000,0.00000
45.97333,10,0.44390,0.00023,0.00207,0.00112,0.00351,0.03198,0.19046,0.01089,0.00062,0.02945,0.00847,0.52026,0.17929,0.01329,0.00507,0.00328,0.00000,0.00000,0.00000,0.00000,0.12338,0.29374,0.00000,0.00000,0.11139,0.00000,0.28829,0.06228,0.05627,0.06466,0.00000
45.99467,10,0.42919,0.00037,0.00367,0.00097,0.00251,0.02758,0.13234,0.00755,0.00045,0.02214,0.01235,0.54682,0.21630,0.00985,0.00821,0.00888,0.00000,0.00000,0.00000,0.00000,0.12306,0.07949,0.00000,0.00000,0.13209,0.00000,0.43256,0.10295,0.01523,0.11462,0.00000
46.01600,10,0.40878,0.00102,0.01099,0.00360,0.00188,0.04967,0.10338,0.00556,0.00038,0.02610,0.05626,0.44463,0.25468,0.00807,0.01234,0.02144,0.00000,0.00000,0.00000,0.00000,0.11901,0.02151,0.00000,0.00000,0.14135,0.00000,0.47916,0.10826,0.00412,0.12659,0.00000
46.03733,10,0.37751,0.00137,0.01201,0.01222,0.00197,0.05901,0.27037,0.00462,0.00062,0.02196,0.05003,0.32322,0.21042,0.00587,0.00884,0.01744,0.00000,0.00000,0.00000,0.00000,0.12342,0.00582,0.00000,0.00000,0.15026,0.00000,0.48382,0.10720,0.00111,0.12837,0.00000
46.05867,5,0.35699,0.00159,0.08133,0.01734,0.00198,0.07234,0.22799,0.00399,0.00125,0.14146,0.04308,0.22562,0.14690,0.00423,0.00686,0.02403,0.00000,0.00000,0.00000,0.00000,0.13666,0.00157,0.00000,0.00000,0.16018,0.00000,0.46660,0.10693,0.00030,0.12775,0.00000
46.08000,8,0.34087,0.00141,0.12205,0.01779,0.00210,0.06113,0.21726,0.00396,0.00163,0.25127,0.03351,0.15604,0.10144,0.00324,0.00517,0.02201,0.00000,0.00000,0.00000,0.00000,0.14164,0.22340,0.00000,0.00000,0.13948,0.00000,0.29927,0.05595,0.07401,0.06625,0.00000
46.10133,8,0.33519,0.00144,0.12133,0.02986,0.00477,0.05814,0.25080,0.00637,0.00253,0.27086,0.04421,0.10779,0.07002,0.00280,0.00385,0.02523,0.00000,0.00000,0.00000,0.00000,0.12407,0.18914,0.00000,0.00000,0.27728,0.00000,0.19730,0.07450,0.11979,0.01793,0.00000
46.12267,5,0.37699,0.00121,0.10440,0.02815,0.00336,0.04215,0.28486,0.00450,0.00180,0.21898,0.03120,0.09131,0.04851,0.00353,0.00621,0.12983,0.00000,0.00000,0.00000,0.00000,0.11773,0.09840,0.00000,0.00000,0.37988,0.00000,0.17866,0.09259,0.12342,0.00933,0.00000
46.14400,8,0.42461,0.00084,0.07258,0.01964,0.00233,0.02936,0.19716,0.00312,0.00125,0.39115,0.02171,0.11708,0.03355,0.00288,0.01308,0.09428,0.00000,0.00000,0.00000,0.00000,0.11327,0.02662,0.00000,0.00000,0.49170,0.00000,0.14852,0.09801,0.11936,0.00252,0.00000
46.16533,8,0.42168,0.00059,0.05025,0.01372,0.00161,0.02035,0.13609,0.00215,0.00086,0.55106,0.01504,0.10713,0.02317,0.00210,0.01049,0.06539,0.00000,0.00000,0.00000,0.00000,0.11940,0.12318,0.00000,0.00000,0.37587,0.00000,0.15853,0.08588,0.13645,0.00068,0.00000
46.18666,8,0.40533,0.00052,0.03564,0.01102,0.00120,0.01445,0.09848,0.00150,0.00072,0.67702,0.01059,0.07621,0.01602,0.00155,0.00759,0.04749,0.00000,0.00000,0.00000,0.00000,0.11300,0.03332,0.00000,0.00000,0.47436,0.00000,0.15153,0.10103,0.12658,0.00018,0.00000
46.20800,8,0.38948,0.00039,0.05232,0.00771,0.00186,0.01261,0.06964,0.00104,0.00051,0.74205,0.00780,0.05327,0.01106,0.00116,0.00530,0.03325,0.00000,0.00000,0.00000,0.00000,0.11403,0.00902,0.00000,0.00000,0.52567,0.00000,0.13566,0.09735,0.11822,0.00005,0.00000
46.22933,8,0.37747,0.00029,0.12351,0.00535,0.00288,0.00962,0.06289,0.00073,0.00036,0.71582,0.00573,0.03711,0.00764,0.00090,0.00368,0.02349,0.00000,0.00000,0.00000,0.00000,0.12136,0.00244,0.00000,0.00000,0.53703,0.00000,0.12765,0.09526,0.11626,0.00001,0.00000
46.25067,8,0.36279,0.00028,0.18314,0.00370,0.01012,0.00963,0.05290,0.00050,0.00026,0.68315,0.00428,0.02634,0.00528,0.00070,0.00254,0.01717,0.00000,0.00000,0.00000,0.00000,0.13261,0.00066,0.00000,0.00000,0.51873,0.00000,0.12911,0.09859,0.12030,0.00000,0.00000
46.27200,8,0.34848,0.00042,0.20509,0.00260,0.01910,0.01202,0.04252,0.00037,0.00023,0.67512,0.00388,0.01840,0.00364,0.00065,0.00176,0.01420,0.00000,0.00000,0.00000,0.00000,0.14514,0.00018,0.00000,0.00000,0.48192,0.00000,0.13754,0.10667,0.12854,0.00000,0.00000
46.29333,8,0.33130,0.00086,0.21233,0.00218,0.09948,0.01800,0.03052,0.00037,0.00141,0.60399,0.00302,0.01288,0.00253,0.00118,0.00122,0.01005,0.00000,0.00000,0.00000,0.00000,0.15617,0.00005,0.00000,0.00000,0.43799,0.00000,0.14935,0.11765,0.13879,0.00000,0.00000
46.31467,8,0.34187,0.00193,0.24902,0.00350,0.13365,0.01931,0.02171,0.00034,0.00134,0.51866,0.00224,0.01984,0.00338,0.01639,0.00089,0.00781,0.00000,0.00000,0.00000,0.00000,0.16291,0.00001,0.00000,0.00000,0.39841,0.00000,0.16062,0.12930,0.14874,0.00000,0.00000
46.33600,8,0.38366,0.00154,0.17906,0.00643,0.10600,0.02338,0.03356,0.00207,0.00162,0.46219,0.00304,0.05832,0.07774,0.01926,0.01761,0.00818,0.00000,0.00000,0.00000,0.00000,0.16353,0.00000,0.00000,0.00000,0.37600,0.00000,0.16626,0.13903,0.15517,0.00000,0.00000
46.35733,8,0.40324,0.00131,0.12453,0.00513,0.07820,0.09208,0.02982,0.00170,0.00181,0.39450,0.00355,0.14773,0.07950,0.01662,0.01730,0.00620,0.00000,0.00000,0.00000,0.00000,0.16155,0.00000,0.00000,0.00000,0.37025,0.00000,0.16498,0.14625,0.15697,0.00000,0.00000
46.37867,8,0.41726,0.00100,0.08645,0.00454,0.05546,0.07128,0.02170,0.00133,0.00162,0.27438,0.00323,0.21393,0.23408,0.01322,0.01319,0.00458,0.00000,0.00000,0.00000,0.00000,0.15890,0.00000,0.00000,0.00000,0.36922,0.00000,0.16171,0.15274,0.15743,0.00000,0.00000
46.40000,11,0.40533,0.00081,0.06060,0.00341,0.03853,0.05348,0.01565,0.00108,0.00117,0.19013,0.00245,0.24829,0.35943,0.01023,0.01151,0.00326,0.00000,0.00000,0.00000,0.00000,0.15808,0.00000,0.00000,0.00000,0.36912,0.00000,0.16064,0.15465,0.15751,0.00000,0.00000
46.42133,11,0.39482,0.00068,0.04197,0.00240,0.02665,0.03810,0.01107,0.00086,0.00090,0.13238,0.00195,0.31108,0.41237,0.00862,0.00865,0.00231,0.00000,0.00000,0.00000,0.00000,0.15743,0.00000,0.00000,0.00000,0.36904,0.00000,0.15980,0.15616,0.15757,0.00000,0.00000
46.44267,11,0.39173,0.00054,0.02982,0.00174,0.01845,0.03078,0.00788,0.00066,0.00064,0.09238,0.00211,0.31950,0.48026,0.00621,0.00714,0.00189,0.00000,0.00000,0.00000,0.00000,0.13219,0.00000,0.00000,0.00000,0.18968,0.00000,0.14817,0.38018,0.14978,0.00000,0.00000
46.46400,11,0.38447,0.00053,0.02155,0.00366,0.01314,0.03361,0.08549,0.00384,0.00130,0.06550,0.00175,0.23948,0.51904,0.00445,0.00524,0.00143,0.00000,0.00000,0.00000,0.00000,0.12005,0.00000,0.00000,0.00000,0.14857,0.00000,0.13242,0.47057,0.12839,0.00000,0.00000
46.48533,11,0.37953,0.00039,0.01511,0.00508,0.00949,0.02479,0.34279,0.00574,0.00689,0.04939,0.00125,0.16630,0.36504,0.00312,0.00362,0.00099,0.00000,0.00000,0.00000,0.00000,0.11846,0.00000,0.00000,0.00000,0.14730,0.00000,0.11927,0.50484,0.11013,0.00000,0.00000
46.50666,5,0.37549,0.00028,0.01160,0.00367,0.00658,0.01797,0.51369,0.00411,0.00478,0.06429,0.00087,0.11480,0.25197,0.00220,0.00250,0.00069,0.00000,0.00000,0.00000,0.00000,0.12512,0.00000,0.00000,0.00000,0.15797,0.00000,0.10984,0.50876,0.09831,0.00000,0.00000
46.52800,5,0.36689,0.00022,0.01178,0.00342,0.00711,0.03391,0.56362,0.00399,0.00333,0.11437,0.00071,0.07925,0.17388,0.00206,0.00173,0.00062,0.00000,0.00000,0.00000,0.00000,0.13388,0.22298,0.00000,0.00000,0.13927,0.00000,0.11891,0.26174,0.12321,0.00000,0.00000
46.54933,5,0.38849,0.00016,0.01061,0.00373,0.00733,0.03046,0.66755,0.01123,0.00261,0.08112,0.00265,0.05516,0.12009,0.00549,0.00120,0.00061,0.00000,0.00000,0.00000,0.00000,0.12318,0.45406,0.00000,0.00000,0.10490,0.00000,0.12053,0.07083,0.12650,0.00000,0.00000
46.57067,5,0.46208,0.00012,0.00744,0.00262,0.00571,0.02233,0.75298,0.00805,0.00182,0.05605,0.00205,0.04771,0.08537,0.00609,0.00093,0.00076,0.00000,0.00000,0.00000,0.00000,0.11174,0.54902,0.00000,0.00000,0.08706,0.00000,0.11874,0.01917,0.11427,0.00000,0.00000
46.59200,5,0.50918,0.00019,0.00520,0.00184,0.00461,0.03929,0.68371,0.00562,0.00135,0.03946,0.00147,0.09975,0.10621,0.00767,0.00302,0.00063,0.00000,0.00000,0.00000,0.00000,0.10675,0.57679,0.00000,0.00000,0.08155,0.00000,0.12261,0.00519,0.10711,0.00000,0.00000
46.61333,5,0.55191,0.00016,0.00363,0.00128,0.00343,0.02880,0.47538,0.00389,0.00103,0.02729,0.00102,0.29535,0.14985,0.00564,0.00281,0.00044,0.00000,0.00000,0.00000,0.00000,0.10839,0.56473,0.00000,0.00000,0.08508,0.00000,0.13221,0.00140,0.10819,0.00000,0.00000
46.63467,10,0.54531,0.00012,0.00283,0.00091,0.00242,0.02829,0.32818,0.00286,0.00075,0.01919,0.00086,0.47018,0.13625,0.00434,0.00242,0.00041,0.00000,0.00000,0.00000,0.00000,0.11495,0.52896,0.00000,0.00000,0.09458,0.00000,0.14516,0.00038,0.11596,0.00000,0.00000
46.65600,10,0.52396,0.00010,0.00364,0.00073,0.00214,0.03630,0.26831,0.00455,0.00058,0.01478,0.00226,0.54425,0.11544,0.00349,0.00181,0.00159,0.00000,0.00000,0.00000,0.00000,0.11939,0.50633,0.00000,0.00000,0.10065,0.00000,0.15195,0.00020,0.12149,0.00000,0.00000
46.67733,5,0.48929,0.00039,0.00807,0.00162,0.00358,0.04924,0.42255,0.00681,0.00073,0.01344,0.00266,0.40180,0.08298,0.00259,0.00126,0.00228,0.00000,0.00000,0.00000,0.00000,0.12843,0.13702,0.00000,0.00000,0.12891,0.00000,0.38452,0.09040,0.03288,0.09784,0.00000
46.69867,5,0.46108,0.00035,0.01153,0.00285,0.00290,0.03954,0.58262,0.00517,0.00051,0.01259,0.00187,0.27835,0.05734,0.00188,0.00088,0.00164,0.00000,0.00000,0.00000,0.00000,0.13063,0.26000,0.00000,0.00000,0.12342,0.00000,0.29003,0.05347,0.08281,0.05963,0.00000
46.72000,5,0.43837,0.00030,0.02735,0.00388,0.00435,0.03337,0.60632,0.00368,0.00035,0.08310,0.00153,0.19237,0.03958,0.00185,0.00064,0.00132,0.00000,0.00000,0.00000,0.00000,0.12230,0.46410,0.00000,0.00000,0.10060,0.00000,0.16683,0.01447,0.11556,0.01613,0.00000
46.74133,5,0.48930,0.00023,0.01901,0.00273,0.00361,0.02437,0.69208,0.00256,0.00026,0.05845,0.00142,0.15607,0.02866,0.00701,0.00057,0.00296,0.00000,0.00000,0.00000,0.00000,0.11150,0.55175,0.00000,0.00000,0.08590,0.00000,0.13126,0.00391,0.11131,0.00437,0.00000
46.76266,5,0.52808,0.00018,0.01315,0.00189,0.00276,0.01850,0.73395,0.00198,0.00029,0.04065,0.00100,0.13832,0.03057,0.00753,0.00682,0.00239,0.00000,0.00000,0.00000,0.00000,0.10669,0.57753,0.00000,0.00000,0.08124,0.00000,0.12600,0.00106,0.10631,0.00118,0.00000
46.78400,5,0.55368,0.00025,0.00910,0.00133,0.00199,0.01374,0.52116,0.00140,0.00051,0.02816,0.00073,0.24291,0.16140,0.00588,0.00977,0.00167,0.00000,0.00000,0.00000,0.00000,0.10838,0.56493,0.00000,0.00000,0.08499,0.00000,0.13313,0.00029,0.10797,0.00032,0.00000
46.80533,10,0.58672,0.00018,0.00629,0.00095,0.00139,0.01002,0.35995,0.00097,0.00039,0.01948,0.00053,0.37307,0.21323,0.00420,0.00819,0.00118,0.00000,0.00000,0.00000,0.00000,0.11495,0.52903,0.00000,0.00000,0.09456,0.00000,0.14541,0.00008,0.11590,0.00009,0.00000
46.82667,10,0.57523,0.00013,0.00437,0.00072,0.00097,0.01394,0.24882,0.00071,0.00030,0.01348,0.00041,0.48807,0.21802,0.00314,0.00607,0.00084,0.00000,0.00000,0.00000,0.00000,0.12908,0.26338,0.00000,0.00000,0.11947,0.00000,0.29862,0.06159,0.06318,0.06468,0.00000
46.84800,10,0.55673,0.00010,0.00319,0.00060,0.00069,0.05092,0.17428,0.00108,0.00024,0.01007,0.00089,0.45086,0.29860,0.00251,0.00516,0.00081,0.00000,0.00000,0.00000,0.00000,0.12460,0.07126,0.00000,0.00000,0.13428,0.00000,0.43537,0.10276,0.01709,0.11463,0.00000
46.86933,10,0.54063,0.00013,0.00281,0.00222,0.00081,0.05502,0.27755,0.00564,0.00059,0.00833,0.00268,0.34930,0.28801,0.00208,0.00377,0.00106,0.00000,0.00000,0.00000,0.00000,0.11942,0.01928,0.00000,0.00000,0.14194,0.00000,0.47993,0.10821,0.00462,0.12660,0.00000
46.89067,5,0.52679,0.00037,0.00336,0.00323,0.00084,0.05072,0.44649,0.00634,0.00201,0.01008,0.00246,0.26712,0.20119,0.00212,0.00261,0.00106,0.00000,0.00000,0.00000,0.00000,0.12353,0.00522,0.00000,0.00000,0.15042,0.00000,0.48403,0.10719,0.00125,0.12837,0.00000
46.91200,5,0.51057,0.00029,0.00538,0.00306,0.00073,0.03680,0.58364,0.00466,0.00141,0.03369,0.00175,0.18489,0.13892,0.00204,0.00181,0.00093,0.00000,0.00000,0.00000,0.00000,0.13299,0.22433,0.00000,0.00000,0.13432,0.00000,0.31186,0.05557,0.07425,0.06667,0.00000
46.93333,5,0.49459,0.00025,0.00422,0.00484,0.00253,0.03175,0.67334,0.00664,0.00491,0.04110,0.00176,0.12784,0.09591,0.00294,0.00126,0.00070,0.00000,0.00000,0.00000,0.00000,0.12921,0.36415,0.00000,0.00000,0.11710,0.00000,0.22186,0.02891,0.10411,0.03468,0.00000
46.95467,5,0.55011,0.00018,0.00293,0.00335,0.00186,0.02226,0.66294,0.00492,0.00341,0.02876,0.00180,0.17577,0.07450,0.01526,0.00094,0.00112,0.00000,0.00000,0.00000,0.00000,0.11670,0.51283,0.00000,0.00000,0.09351,0.00000,0.14629,0.00782,0.11346,0.00938,0.00000
46.97600,5,0.57277,0.00021,0.00206,0.00234,0.00182,0.01613,0.58982,0.00345,0.00246,0.02008,0.00127,0.21377,0.13238,0.01216,0.00121,0.00084,0.00000,0.00000,0.00000,0.00000,0.10832,0.56922,0.00000,0.00000,0.08279,0.00000,0.12721,0.00212,0.10781,0.00254,0.00000
46.99733,5,0.60868,0.00022,0.00144,0.00164,0.00140,0.01146,0.41917,0.00240,0.00180,0.01398,0.00089,0.30555,0.22869,0.00891,0.00185,0.00060,0.00000,0.00000,0.00000,0.00000,0.10682,0.57463,0.00000,0.00000,0.08233,0.00000,0.12881,0.00057,0.10616,0.00069,0.00000
47.01867,10,0.61279,0.00017,0.00102,0.00118,0.00100,0.00923,0.28954,0.00166,0.00127,0.00979,0.00066,0.43050,0.24395,0.00641,0.00314,0.00048,0.00000,0.00000,0.00000,0.00000,0.11119,0.54897,0.00000,0.00000,0.08926,0.00000,0.13899,0.00015,0.11126,0.00019,0.00000
47.04000,10,0.61920,0.00013,0.00087,0.00097,0.00074,0.00885,0.19993,0.00118,0.00092,0.00729,0.00062,0.45932,0.31032,0.00474,0.00358,0.00054,0.00000,0.00000,0.00000,0.00000,0.12677,0.27521,0.00000,0.00000,0.11631,0.00000,0.29513,0.06159,0.06029,0.06469,0.00000
47.06133,10,0.60328,0.00010,0.00405,0.00241,0.00102,0.07068,0.13912,0.00166,0.00079,0.00991,0.00097,0.40851,0.35169,0.00337,0.00409,0.00163,0.00000,0.00000,0.00000,0.00000,0.12398,0.07446,0.00000,0.00000,0.13343,0.00000,0.43443,0.10276,0.01631,0.11464,0.00000
47.08266,10,0.57087,0.00015,0.02074,0.02012,0.00531,0.21734,0.13443,0.01106,0.00135,0.00980,0.00117,0.30887,0.26231,0.00239,0.00291,0.00205,0.00000,0.00000,0.00000,0.00000,0.11925,0.02014,0.00000,0.00000,0.14171,0.00000,0.47967,0.10821,0.00441,0.12660,0.00000
47.10400,5,0.52635,0.00020,0.02193,0.02727,0.01414,0.16344,0.35521,0.00852,0.00098,0.00713,0.00086,0.21352,0.18107,0.00205,0.00205,0.00162,0.00000,0.00000,0.00000,0.00000,0.12348,0.00545,0.00000,0.00000,0.15036,0.00000,0.48396,0.10718,0.00119,0.12837,0.00000
47.12533,5,0.49578,0.00059,0.03082,0.05766,0.02053,0.13613,0.45680,0.01050,0.00082,0.00673,0.00076,0.14767,0.12501,0.00188,0.00155,0.00257,0.00000,0.00000,0.00000,0.00000,0.13298,0.22445,0.00000,0.00000,0.13430,0.00000,0.31180,0.05556,0.07425,0.06666,0.00000
47.14667,5,0.49361,0.00066,0.03218,0.04249,0.01744,0.09904,0.58181,0.00786,0.00069,0.01934,0.00128,0.10328,0.08631,0.00165,0.00162,0.00436,0.00000,0.00000,0.00000,0.00000,0.12294,0.45446,0.00000,0.00000,0.10355,0.00000,0.17273,0.01504,0.11325,0.01804,0.00000
47.16800,5,0.58401,0.00057,0.04538,0.03219,0.01209,0.07118,0.54217,0.00559,0.00049,0.08661,0.00318,0.11575,0.05972,0.00278,0.00874,0.01357,0.00000,0.00000,0.00000,0.00000,0.11167,0.54914,0.00000,0.00000,0.08670,0.00000,0.13286,0.00407,0.11068,0.00488,0.00000
47.18933,5,0.64303,0.00044,0.03634,0.02267,0.00835,0.04969,0.37785,0.00387,0.00034,0.27223,0.00304,0.14187,0.04126,0.00424,0.02355,0.01425,0.00000,0.00000,0.00000,0.00000,0.10832,0.56921,0.00000,0.00000,0.08279,0.00000,0.12721,0.00212,0.10781,0.00254,0.00000
47.21067,8,0.62660,0.00045,0.02918,0.01593,0.00578,0.03507,0.26169,0.00269,0.00025,0.46378,0.00223,0.11450,0.02853,0.00453,0.01932,0.01609,0.00000,0.00000,0.00000,0.00000,0.10682,0.57462,0.00000,0.00000,0.08233,0.00000,0.12881,0.00057,0.10616,0.00069,0.00000
47.23200,8,0.60702,0.00049,0.08237,0.01114,0.00480,0.02824,0.18108,0.00186,0.00018,0.55739,0.00177,0.08146,0.01971,0.00335,0.01347,0.01269,0.00000,0.00000,0.00000,0.00000,0.11090,0.29374,0.00000,0.00000,0.25922,0.00000,0.15460,0.05951,0.12184,0.00019,0.00000
47.25333,8,0.59058,0.00053,0.25102,0.00783,0.01037,0.02627,0.12556,0.00130,0.00013,0.48225,0.00149,0.05664,0.01361,0.00244,0.00937,0.01119,0.00000,0.00000,0.00000,0.00000,0.11070,0.07949,0.00000,0.00000,0.44277,0.00000,0.15047,0.09389,0.12263,0.00005,0.00000
47.27467,8,0.56244,0.00288,0.30299,0.00560,0.01611,0.06439,0.08851,0.00098,0.00031,0.43556,0.00360,0.04005,0.00943,0.00183,0.00659,0.02116,0.00000,0.00000,0.00000,0.00000,0.11341,0.02151,0.00000,0.00000,0.51713,0.00000,0.13537,0.09542,0.11715,0.00001,0.00000
47.29600,8,0.51472,0.01122,0.30270,0.00514,0.04124,0.11774,0.06447,0.00108,0.00731,0.38717,0.00285,0.02793,0.00652,0.00134,0.00469,0.01862,0.00000,0.00000,0.00000,0.00000,0.12119,0.00582,0.00000,0.00000,0.53472,0.00000,0.12757,0.09474,0.11597,0.00000,0.00000
47.31733,8,0.48184,0.03478,0.26385,0.00783,0.03550,0.10477,0.13321,0.00277,0.02582,0.34024,0.00211,0.02238,0.00489,0.00128,0.00606,0.01451,0.00000,0.00000,0.00000,0.00000,0.13257,0.00157,0.00000,0.00000,0.51810,0.00000,0.12909,0.09845,0.12022,0.00000,0.00000
47.33867,8,0.48867,0.02758,0.19154,0.00616,0.02683,0.08644,0.22402,0.00221,0.01849,0.32588,0.02164,0.03224,0.00528,0.00681,0.00606,0.01882,0.00000,0.00000,0.00000,0.00000,0.14513,0.00043,0.00000,0.00000,0.48175,0.00000,0.13754,0.10663,0.12852,0.00000,0.00000
47.36000,5,0.52890,0.01960,0.13282,0.00556,0.02001,0.06102,0.25244,0.00178,0.01314,0.22933,0.01752,0.14842,0.06413,0.01359,0.00517,0.01548,0.00000,0.00000,0.00000,0.00000,0.15616,0.00012,0.00000,0.00000,0.43796,0.00000,0.14935,0.11763,0.13878,0.00000,0.00000
47.38133,11,0.58616,0.01400,0.09255,0.00682,0.01679,0.04390,0.20115,0.00272,0.01087,0.16249,0.01555,0.13526,0.26705,0.01070,0.00657,0.01357,0.00000,0.00000,0.00000,0.00000,0.14918,0.22301,0.00000,0.00000,0.27044,0.00000,0.14433,0.06425,0.14880,0.00000,0.00000
47.40267,11,0.61352,0.00991,0.06394,0.00483,0.01219,0.03064,0.14126,0.00214,0.00812,0.11786,0.01464,0.16065,0.39102,0.00929,0.02173,0.01178,0.00000,0.00000,0.00000,0.00000,0.13269,0.18905,0.00000,0.00000,0.15563,0.00000,0.14235,0.23034,0.14993,0.00000,0.00000
47.42400,11,0.58713,0.00706,0.04619,0.00831,0.01047,0.11926,0.12286,0.01697,0.02085,0.10770,0.01093,0.15641,0.33785,0.00733,0.01593,0.01187,0.00000,0.00000,0.00000,0.00000,0.12186,0.05115,0.00000,0.00000,0.13526,0.00000,0.13664,0.41795,0.13714,0.00000,0.00000
47.44533,4,0.53670,0.00516,0.03523,0.05890,0.01509,0.25291,0.08627,0.02272,0.05012,0.08982,0.00794,0.11271,0.23828,0.00524,0.01131,0.00831,0.00000,0.00000,0.00000,0.00000,0.11733,0.01384,0.00000,0.00000,0.13854,0.00000,0.12443,0.48791,0.11796,0.00000,0.00000
47.46667,4,0.48807,0.00367,0.04285,0.09411,0.01366,0.28985,0.14594,0.02516,0.03499,0.08338,0.00559,0.07813,0.16449,0.00447,0.00794,0.00578,0.00000,0.00000,0.00000,0.00000,0.11807,0.00720,0.00000,0.00000,0.14370,0.00000,0.11878,0.50241,0.10984,0.00000,0.00000
47.48800,5,0.45906,0.00256,0.03248,0.06729,0.01015,0.20750,0.39422,0.01825,0.02419,0.05801,0.00407,0.05398,0.11351,0.00424,0.00548,0.00405,0.00000,0.00000,0.00000,0.00000,0.37196,0.09039,0.00000,0.00000,0.13872,0.00000,0.14097,0.13593,0.12203,0.00000,0.00000
47.50933,5,0.59978,0.00177,0.02246,0.04652,0.00720,0.14435,0.55388,0.01264,0.01669,0.04010,0.00401,0.05367,0.07974,0.00938,0.00380,0.00379,0.00000,0.00000,0.00000,0.00000,0.28955,0.27801,0.00000,0.00000,0.12026,0.00000,0.13682,0.03678,0.13858,0.00000,0.00000
47.53067,5,0.69210,0.00123,0.01551,0.03210,0.00499,0.10077,0.64933,0.00881,0.01182,0.02768,0.00288,0.07379,0.05784,0.00703,0.00332,0.00290,0.00000,0.00000,0.00000,0.00000,0.16529,0.46898,0.00000,0.00000,0.09975,0.00000,0.12538,0.00995,0.13065,0.00000,0.00000
47.55200,5,0.69678,0.00087,0.01071,0.02216,0.00345,0.06985,0.58830,0.00609,0.00912,0.01912,0.00220,0.19689,0.04810,0.00522,0.01587,0.00203,0.00000,0.00000,0.00000,0.00000,0.12313,0.55307,0.00000,0.00000,0.08566,0.00000,0.12005,0.00269,0.11539,0.00000,0.00000
47.57333,10,0.66034,0.00062,0.00740,0.01533,0.00240,0.04894,0.40890,0.00423,0.00658,0.01326,0.00178,0.42599,0.04388,0.00441,0.01488,0.00141,0.00000,0.00000,0.00000,0.00000,0.10983,0.57788,0.00000,0.00000,0.08118,0.00000,0.12297,0.00073,0.10741,0.00000,0.00000
47.59467,5,0.57290,0.00050,0.00551,0.01765,0.00764,0.17293,0.38176,0.00456,0.03071,0.00954,0.00169,0.32029,0.03227,0.00311,0.01086,0.00098,0.00000,0.00000,0.00000,0.00000,0.12339,0.29918,0.00000,0.00000,0.10987,0.00000,0.28558,0.06176,0.05556,0.06466,0.00000
47.61600,5,0.47322,0.00055,0.00578,0.01412,0.00593,0.22124,0.45758,0.00396,0.02167,0.00691,0.00155,0.22754,0.02277,0.00217,0.00755,0.00069,0.00000,0.00000,0.00000,0.00000,0.13109,0.30394,0.00000,0.00000,0.11803,0.00000,0.26005,0.04705,0.08896,0.05089,0.00000
47.63733,5,0.39373,0.00223,0.00756,0.01085,0.00469,0.20404,0.55542,0.00387,0.01644,0.00487,0.00195,0.16397,0.01674,0.00154,0.00537,0.00048,0.00000,0.00000,0.00000,0.00000,0.12242,0.47599,0.00000,0.00000,0.09914,0.00000,0.15872,0.01273,0.11723,0.01377,0.00000
47.65866,5,0.33762,0.00661,0.00669,0.01396,0.00715,0.20565,0.51418,0.02002,0.05927,0.00464,0.00566,0.13768,0.01258,0.00124,0.00428,0.00040,0.00000,0.00000,0.00000,0.00000,0.11153,0.55497,0.00000,0.00000,0.08550,0.00000,0.12907,0.00344,0.11176,0.00372,0.00000
47.68000,5,0.29756,0.02695,0.00500,0.01541,0.00504,0.15221,0.37921,0.03449,0.06435,0.00407,0.01186,0.28659,0.00917,0.00132,0.00389,0.00044,0.00000,0.00000,0.00000,0.00000,0.10670,0.57840,0.00000,0.00000,0.08113,0.00000,0.12541,0.00093,0.10643,0.00101,0.00000
47.70133,10,0.27076,0.05425,0.00409,0.01505,0.00357,0.11300,0.26508,0.16513,0.05381,0.00382,0.01570,0.29022,0.00852,0.00181,0.00479,0.00116,0.00000,0.00000,0.00000,0.00000,0.10838,0.56516,0.00000,0.00000,0.08496,0.00000,0.13297,0.00025,0.10800,0.00027,0.00000
47.72267,6,0.24763,0.06966,0.00320,0.01277,0.00267,0.08228,0.18658,0.34988,0.04717,0.00385,0.01331,0.20794,0.01014,0.00509,0.00362,0.00186,0.00000,0.00000,0.00000,0.00000,0.11119,0.54919,0.00000,0.00000,0.08921,0.00000,0.13884,0.00013,0.11130,0.00014,0.00000
47.74400,6,0.23170,0.07064,0.00310,0.01193,0.00310,0.06077,0.13445,0.47658,0.04568,0.00296,0.00983,0.14516,0.02054,0.00986,0.00261,0.00280,0.00000,0.00000,0.00000,0.00000,0.12622,0.14858,0.00000,0.00000,0.12582,0.00000,0.38099,0.09039,0.03011,0.09789,0.00000
47.76533,6,0.22117,0.08368,0.00409,0.01726,0.00550,0.04840,0.10677,0.46955,0.04145,0.00236,0.00714,0.10307,0.08027,0.02450,0.00204,0.00393,0.00000,0.00000,0.00000,0.00000,0.15572,0.04020,0.34669,0.08423,0.03404,0.00000,0.17757,0.02445,0.11062,0.02648,0.00000
47.78667,6,0.20947,0.08561,0.00496,0.01972,0.00908,0.04081,0.08483,0.45534,0.04260,0.00205,0.00517,0.07605,0.13226,0.03542,0.00158,0.00455,0.00000,0.00000,0.00000,0.00000,0.14497,0.01087,0.47072,0.09833,0.00921,0.00000,0.12938,0.00661,0.12273,0.00716,0.00000
47.80800,6,0.19980,0.07731,0.00568,0.01735,0.01230,0.03407,0.07013,0.43077,0.04264,0.00191,0.00381,0.05927,0.19489,0.04342,0.00123,0.00522,0.00000,0.00000,0.00000,0.00000,0.12803,0.00294,0.52002,0.09585,0.00249,0.00000,0.12581,0.00179,0.12113,0.00194,0.00000
47.82933,6,0.18887,0.06538,0.00582,0.01441,0.01420,0.02745,0.06522,0.37522,0.03296,0.00196,0.00302,0.04941,0.29409,0.04233,0.00106,0.00749,0.00000,0.00000,0.00000,0.00000,0.11351,0.00080,0.53776,0.09108,0.00067,0.00000,0.13551,0.00048,0.11966,0.00052,0.00000
47.85067,11,0.17521,0.07066,0.00677,0.01311,0.01678,0.02405,0.05891,0.33415,0.02882,0.00244,0.00278,0.04097,0.34849,0.03938,0.00100,0.01170,0.00000,0.00000,0.00000,0.00000,0.10319,0.00022,0.53872,0.08771,0.00018,0.00000,0.14858,0.00013,0.12112,0.00014,0.00000
47.87200,11,0.16249,0.05845,0.01113,0.01994,0.01817,0.02100,0.05590,0.31863,0.02348,0.00288,0.00557,0.03849,0.37144,0.03298,0.00098,0.02096,0.00000,0.00000,0.00000,0.00000,0.11291,0.00006,0.27841,0.04517,0.05795,0.00000,0.15291,0.21299,0.13956,0.00004,0.00000
47.89333,11,0.15033,0.04378,0.00874,0.01545,0.01414,0.01573,0.04620,0.23582,0.01679,0.00291,0.00519,0.03168,0.51635,0.03092,0.00072,0.01559,0.00000,0.00000,0.00000,0.00000,0.11651,0.00002,0.07531,0.01222,0.10883,0.00000,0.13949,0.41328,0.13434,0.00001,0.00000
47.91467,11,0.12974,0.03201,0.00700,0.01114,0.01382,0.01423,0.03883,0.17163,0.01253,0.00617,0.00391,0.02679,0.59676,0.05359,0.00051,0.01110,0.00000,0.00000,0.00000,0.00000,0.11588,0.00000,0.02037,0.00331,0.13139,0.00000,0.12521,0.48664,0.11720,0.00000,0.00000
47.93600,11,0.11126,0.02314,0.00564,0.00783,0.01527,0.01131,0.03055,0.12098,0.00901,0.00662,0.00285,0.02085,0.67344,0.06433,0.00036,0.00782,0.00000,0.00000,0.00000,0.00000,0.12030,0.00000,0.00551,0.00089,0.14809,0.00000,0.11405,0.50810,0.10304,0.00000,0.00000
47.95733,11,0.09596,0.01653,0.00417,0.00543,0.01161,0.00816,0.02357,0.08430,0.00631,0.00565,0.00205,0.01620,0.71189,0.09841,0.00025,0.00546,0.00000,0.00000,0.00000,0.00000,0.13069,0.00000,0.00149,0.00024,0.16373,0.00000,0.10641,0.50278,0.09466,0.00000,0.00000
47.97866,11,0.25046,0.01150,0.00595,0.00376,0.01166,0.00621,0.02041,0.05930,0.00438,0.03325,0.00155,0.01211,0.54691,0.27883,0.00018,0.00398,0.00000,0.00000,0.00000,0.00000,0.14565,0.00000,0.00040,0.00007,0.17833,0.00000,0.10168,0.48227,0.09160,0.00000,0.00000
48.00000,12,0.39931,0.00793,0.00422,0.00259,0.00806,0.00431,0.01410,0.04093,0.00302,0.02888,0.00107,0.00836,0.37741,0.49610,0.00012,0.00290,0.00000,0.00000,0.00000,0.00000,0.15424,0.00000,0.00021,0.00003,0.18486,0.00000,0.10014,0.46885,0.09166,0.00000,0.00000
48.02133,12,0.50307,0.00548,0.00293,0.00179,0.00556,0.00298,0.00977,0.02824,0.00208,0.04499,0.00074,0.00577,0.26048,0.61907,0.00008,0.01003,0.00000,0.00000,0.00000,0.00000,0.17229,0.00000,0.00006,0.00001,0.19539,0.00000,0.09814,0.44012,0.09399,0.00000,0.00000
48.04267,12,0.61196,0.00378,0.00203,0.00123,0.00384,0.00206,0.00676,0.01949,0.00144,0.03277,0.00051,0.00398,0.17980,0.71050,0.00006,0.03174,0.00000,0.00000,0.00000,0.00000,0.15061,0.00000,0.00002,0.00000,0.14746,0.00000,0.11331,0.20514,0.38346,0.00000,0.00000
48.06400,12,0.75724,0.00261,0.00141,0.00089,0.00265,0.00146,0.00466,0.01345,0.00099,0.02282,0.00036,0.00275,0.12406,0.63418,0.00004,0.18766,0.00000,0.00000,0.00000,0.00000,0.12735,0.00000,0.00000,0.00000,0.12597,0.00000,0.10057,0.14185,0.50425,0.00000,0.00000
48.08533,12,0.89659,0.00180,0.00098,0.00062,0.00183,0.00108,0.00322,0.00929,0.00068,0.01584,0.00027,0.00191,0.08561,0.44621,0.00129,0.42936,0.00000,0.00000,0.00000,0.00000,0.11342,0.00000,0.00000,0.00000,0.11903,0.00000,0.08997,0.12600,0.55158,0.00000,0.00000
48.10667,14,0.94088,0.00124,0.00073,0.00045,0.00126,0.00079,0.00223,0.00641,0.00047,0.01113,0.00035,0.00134,0.05907,0.30822,0.00531,0.60100,0.00000,0.00000,0.00000,0.00000,0.10931,0.00000,0.00000,0.00000,0.12120,0.00000,0.08736,0.12364,0.55849,0.00000,0.00000
48.12800,14,0.90072,0.00086,0.00141,0.00051,0.00087,0.00074,0.00187,0.00443,0.00033,0.00953,0.00364,0.00122,0.04076,0.21414,0.01040,0.70928,0.00000,0.00000,0.00000,0.00000,0.11981,0.00000,0.00000,0.00000,0.12571,0.00000,0.10292,0.06460,0.37040,0.00000,0.21656
48.14933,14,0.79483,0.00082,0.00632,0.00061,0.00062,0.00070,0.00766,0.00307,0.00023,0.00803,0.01743,0.00167,0.02820,0.14794,0.00820,0.76850,0.00000,0.00000,0.00000,0.00000,0.12130,0.00000,0.00000,0.00000,0.12495,0.00000,0.10787,0.01748,0.21071,0.00000,0.41769
48.17067,14,0.71356,0.00101,0.06256,0.00115,0.00044,0.00101,0.05652,0.00213,0.00016,0.00612,0.01896,0.00147,0.01949,0.10223,0.00602,0.72072,0.00000,0.00000,0.00000,0.00000,0.11914,0.00000,0.00000,0.00000,0.12485,0.00000,0.10685,0.00473,0.15407,0.00000,0.49037
48.19200,14,0.73162,0.00070,0.04325,0.00081,0.00031,0.00071,0.03930,0.00147,0.00011,0.00437,0.01349,0.00108,0.01379,0.07058,0.00422,0.80581,0.00000,0.00000,0.00000,0.00000,0.12020,0.00000,0.00000,0.00000,0.12676,0.00000,0.10881,0.00128,0.13097,0.00000,0.51198
48.21333,14,0.74668,0.00055,0.03049,0.00058,0.00023,0.00052,0.02898,0.00103,0.00008,0.00381,0.02297,0.00445,0.00984,0.26858,0.00293,0.62495,0.00000,0.00000,0.00000,0.00000,0.12509,0.00000,0.00000,0.00000,0.13041,0.00000,0.11493,0.00035,0.12138,0.00000,0.50785
48.23466,12,0.73662,0.00038,0.02107,0.00042,0.00016,0.00041,0.02032,0.00072,0.00006,0.00267,0.01591,0.00313,0.00694,0.49294,0.00203,0.43283,0.00000,0.00000,0.00000,0.00000,0.13269,0.00000,0.00000,0.00000,0.13505,0.00000,0.12430,0.00009,0.11866,0.00000,0.48921
48.25600,12,0.71720,0.00027,0.01459,0.00035,0.00013,0.00032,0.01443,0.00065,0.00010,0.00190,0.01098,0.00223,0.00489,0.64853,0.00141,0.29922,0.00000,0.00000,0.00000,0.00000,0.13702,0.00000,0.00000,0.00000,0.13747,0.00000,0.12975,0.00005,0.11889,0.00000,0.47682
48.27733,12,0.67874,0.00019,0.01215,0.00314,0.00044,0.00032,0.01007,0.00049,0.00050,0.00192,0.00759,0.00164,0.00341,0.74985,0.00098,0.20731,0.00000,0.00000,0.00000,0.00000,0.14106,0.00000,0.00000,0.00000,0.13179,0.00000,0.12186,0.08605,0.39020,0.00000,0.12903
48.29867,12,0.62979,0.00018,0.00854,0.00271,0.00133,0.00056,0.00754,0.00035,0.00057,0.02072,0.00975,0.00151,0.00237,0.67766,0.00091,0.26531,0.00000,0.00000,0.00000,0.00000,0.12477,0.00000,0.00000,0.00000,0.12173,0.00000,0.10289,0.10962,0.50607,0.00000,0.03492
48.32000,14,0.57772,0.00019,0.00601,0.00193,0.00105,0.00092,0.00526,0.00025,0.00045,0.01455,0.00695,0.00111,0.00165,0.46988,0.00140,0.48840,0.00000,0.00000,0.00000,0.00000,0.11272,0.00000,0.00000,0.00000,0.11788,0.00000,0.09060,0.11728,0.55207,0.00000,0.00945
48.34133,14,0.60702,0.00013,0.00416,0.00133,0.00072,0.00064,0.00367,0.00017,0.00031,0.01012,0.00518,0.00078,0.00115,0.32426,0.00175,0.64561,0.00000,0.00000,0.00000,0.00000,0.11962,0.00000,0.00000,0.00000,0.12263,0.00000,0.10242,0.06213,0.37408,0.00000,0.21912
48.36267,14,0.67983,0.00009,0.00292,0.00092,0.00050,0.00044,0.00258,0.00012,0.00022,0.00729,0.00384,0.00150,0.00146,0.22409,0.00137,0.75266,0.00000,0.00000,0.00000,0.00000,0.12125,0.00000,0.00000,0.00000,0.12412,0.00000,0.10773,0.01681,0.21168,0.00000,0.41841
48.38400,14,0.71781,0.00006,0.00202,0.00064,0.00034,0.00031,0.00182,0.00008,0.00015,0.00506,0.00273,0.00110,0.00118,0.45784,0.00095,0.52572,0.00000,0.00000,0.00000,0.00000,0.11912,0.00000,0.00000,0.00000,0.12462,0.00000,0.10681,0.00455,0.15434,0.00000,0.49056
48.40533,12,0.71909,0.00005,0.00141,0.00044,0.00024,0.00022,0.00131,0.00006,0.00010,0.00356,0.00191,0.00079,0.00145,0.62487,0.00066,0.36294,0.00000,0.00000,0.00000,0.00000,0.12020,0.00000,0.00000,0.00000,0.12670,0.00000,0.10880,0.00123,0.13104,0.00000,0.51203
48.42667,12,0.69709,0.00004,0.00167,0.00037,0.00036,0.00030,0.00206,0.00016,0.00014,0.00539,0.00137,0.00068,0.00124,0.73510,0.00047,0.25068,0.00000,0.00000,0.00000,0.00000,0.13717,0.00000,0.00000,0.00000,0.13196,0.00000,0.12006,0.05703,0.28731,0.00000,0.26647
48.44800,12,0.66189,0.00006,0.00138,0.00027,0.00035,0.00026,0.00185,0.00016,0.00011,0.00406,0.00337,0.00054,0.00090,0.64409,0.00042,0.34217,0.00000,0.00000,0.00000,0.00000,0.13104,0.00000,0.00000,0.00000,0.12498,0.00000,0.10947,0.10148,0.46095,0.00000,0.07209
48.46933,14,0.65202,0.00005,0.00096,0.00019,0.00025,0.00018,0.00128,0.00011,0.00008,0.00281,0.00248,0.00038,0.00063,0.44520,0.00035,0.54504,0.00000,0.00000,0.00000,0.00000,0.11717,0.00000,0.00000,0.00000,0.11854,0.00000,0.09488,0.11434,0.53557,0.00000,0.01950
48.49067,14,0.68769,0.00004,0.00069,0.00013,0.00017,0.00013,0.00108,0.00008,0.00005,0.00219,0.00174,0.00058,0.00049,0.30765,0.00029,0.68469,0.00000,0.00000,0.00000,0.00000,0.12094,0.00000,0.00000,0.00000,0.12215,0.00000,0.10359,0.06102,0.37051,0.00000,0.22179
48.51200,14,0.72627,0.00005,0.00051,0.00009,0.00012,0.00014,0.00193,0.00005,0.00005,0.00250,0.00153,0.04914,0.02867,0.28822,0.00035,0.62666,0.00000,0.00000,0.00000,0.00000,0.12161,0.00000,0.00000,0.00000,0.12398,0.00000,0.10805,0.01651,0.21074,0.00000,0.41910
48.53333,14,0.72999,0.00005,0.00037,0.00006,0.00009,0.00017,0.00212,0.00004,0.00005,0.00263,0.00133,0.06738,0.08302,0.38120,0.00031,0.46120,0.00000,0.00000,0.00000,0.00000,0.12016,0.00000,0.00000,0.00000,0.12416,0.00000,0.10734,0.00859,0.17581,0.00000,0.46394
48.55466,12,0.72709,0.00004,0.00737,0.00007,0.00010,0.00083,0.02147,0.00003,0.00004,0.20419,0.00094,0.04700,0.05834,0.33958,0.00022,0.31978,0.00000,0.00000,0.00000,0.00000,0.11920,0.00000,0.00000,0.00000,0.12542,0.00000,0.10733,0.00232,0.14011,0.00000,0.50562
48.57600,12,0.71256,0.00006,0.03627,0.00036,0.00009,0.00393,0.11754,0.00005,0.00004,0.20630,0.00164,0.03254,0.04111,0.28601,0.00026,0.27381,0.00000,0.00000,0.00000,0.00000,0.13613,0.00000,0.00000,0.00000,0.13108,0.00000,0.11873,0.05732,0.29037,0.00000,0.26636
48.59733,14,0.70262,0.00010,0.03391,0.00029,0.00009,0.00567,0.11248,0.00004,0.00004,0.19419,0.00177,0.02247,0.02839,0.19875,0.00027,0.40153,0.00000,0.00000,0.00000,0.00000,0.13076,0.00000,0.00000,0.00000,0.12474,0.00000,0.10911,0.10156,0.46179,0.00000,0.07205
48.61867,14,0.72593,0.00011,0.03069,0.00023,0.00038,0.00410,0.07905,0.00003,0.00003,0.13891,0.00207,0.01585,0.01972,0.13767,0.00033,0.57082,0.00000,0.00000,0.00000,0.00000,0.12672,0.00000,0.00000,0.00000,0.12384,0.00000,0.10938,0.05706,0.34693,0.00000,0.23606
48.64000,14,0.75476,0.00014,0.02298,0.00016,0.00039,0.00288,0.05679,0.00002,0.00003,0.09784,0.00186,0.08734,0.03477,0.23111,0.00029,0.46340,0.00000,0.00000,0.00000,0.00000,0.12317,0.00000,0.00000,0.00000,0.12444,0.00000,0.10962,0.01544,0.20436,0.00000,0.42297
48.66133,12,0.76722,0.00024,0.01664,0.00012,0.00032,0.00215,0.03989,0.00003,0.00013,0.07239,0.00219,0.10057,0.06860,0.35955,0.00027,0.33691,0.00000,0.00000,0.00000,0.00000,0.11964,0.00000,0.00000,0.00000,0.12471,0.00000,0.10732,0.00418,0.15235,0.00000,0.49180
48.68267,12,0.76185,0.00019,0.01528,0.00010,0.00027,0.00191,0.02794,0.00003,0.00012,0.08192,0.00178,0.07422,0.05582,0.49775,0.00022,0.24247,0.00000,0.00000,0.00000,0.00000,0.13572,0.00000,0.00000,0.00000,0.13045,0.00000,0.11807,0.05782,0.29466,0.00000,0.26328
48.70400,12,0.75198,0.00015,0.01166,0.00012,0.00021,0.00387,0.02075,0.00003,0.00010,0.05803,0.00152,0.05150,0.03882,0.45079,0.00030,0.36214,0.00000,0.00000,0.00000,0.00000,0.13065,0.00000,0.00000,0.00000,0.12457,0.00000,0.10893,0.10170,0.46295,0.00000,0.07122
48.72533,14,0.75201,0.00013,0.00809,0.00009,0.00015,0.00288,0.01436,0.00002,0.00007,0.04086,0.00112,0.03569,0.02683,0.31184,0.00060,0.55727,0.00000,0.00000,0.00000,0.00000,0.11707,0.00000,0.00000,0.00000,0.11843,0.00000,0.09474,0.11439,0.53610,0.00000,0.01927
48.74667,14,0.77342,0.00010,0.00564,0.00007,0.00010,0.00200,0.01031,0.00002,0.00005,0.03677,0.00247,0.02560,0.01892,0.21595,0.00272,0.67928,0.00000,0.00000,0.00000,0.00000,0.12091,0.00000,0.00000,0.00000,0.12212,0.00000,0.10356,0.06104,0.37065,0.00000,0.22172
48.76800,14,0.78771,0.00010,0.00402,0.00006,0.00007,0.00147,0.01035,0.00001,0.00006,0.03524,0.03278,0.08569,0.02885,0.20993,0.00263,0.58874,0.00000,0.00000,0.00000,0.00000,0.12160,0.00000,0.00000,0.00000,0.12398,0.00000,0.10804,0.01651,0.21076,0.00000,0.41911
48.78933,14,0.79796,0.00010,0.00316,0.00007,0.00007,0.00109,0.01175,0.00001,0.00008,0.02798,0.03093,0.10115,0.06947,0.31455,0.00219,0.43740,0.00000,0.00000,0.00000,0.00000,0.12015,0.00000,0.00000,0.00000,0.12416,0.00000,0.10733,0.00859,0.17582,0.00000,0.46394
48.81067,12,0.79782,0.00010,0.01069,0.00008,0.00015,0.00144,0.01180,0.00001,0.00006,0.06032,0.02263,0.07246,0.06254,0.43568,0.00176,0.32025,0.00000,0.00000,0.00000,0.00000,0.11920,0.00000,0.00000,0.00000,0.12542,0.00000,0.10733,0.00232,0.14011,0.00000,0.50562
48.83200,12,0.81098,0.00024,0.02151,0.00069,0.00023,0.00262,0.01237,0.00002,0.00006,0.06091,0.02723,0.06509,0.04964,0.38038,0.00419,0.37484,0.00000,0.00000,0.00000,0.00000,0.13613,0.00000,0.00000,0.00000,0.13108,0.00000,0.11873,0.05732,0.29037,0.00000,0.26636
48.85333,14,0.82572,0.00023,0.01543,0.00098,0.00018,0.00342,0.00995,0.00001,0.00005,0.05345,0.02767,0.06367,0.03459,0.26655,0.02211,0.50171,0.00000,0.00000,0.00000,0.00000,0.13076,0.00000,0.00000,0.00000,0.12474,0.00000,0.10911,0.10155,0.46176,0.00000,0.07208
48.87466,14,0.83180,0.00021,0.01778,0.00077,0.00014,0.00240,0.01282,0.00002,0.00004,0.08049,0.02091,0.04928,0.02682,0.19115,0.03466,0.56253,0.00000,0.00000,0.00000,0.00000,0.12672,0.00000,0.00000,0.00000,0.12384,0.00000,0.10938,0.05706,0.34693,0.00000,0.23607
48.89600,14,0.84519,0.00028,0.01464,0.00056,0.00024,0.00176,0.01629,0.00003,0.00013,0.07538,0.01599,0.05646,0.04667,0.31155,0.03619,0.42385,0.00000,0.00000,0.00000,0.00000,0.12317,0.00000,0.00000,0.00000,0.12444,0.00000,0.10962,0.01544,0.20434,0.00000,0.42299
48.91733,12,0.84084,0.00032,0.01632,0.00040,0.00045,0.00139,0.01285,0.00003,0.00024,0.13032,0.01193,0.05442,0.05877,0.36582,0.02597,0.32076,0.00000,0.00000,0.00000,0.00000,0.11964,0.00000,0.00000,0.00000,0.12471,0.00000,0.10732,0.00418,0.15234,0.00000,0.49181
48.93867,12,0.83446,0.00043,0.05141,0.00033,0.00084,0.00134,0.02284,0.00002,0.00028,0.24083,0.01165,0.04561,0.04454,0.28259,0.02240,0.27489,0.00000,0.00000,0.00000,0.00000,0.13572,0.00000,0.00000,0.00000,0.13045,0.00000,0.11807,0.05782,0.29465,0.00000,0.26328
48.96000,8,0.82366,0.00051,0.04474,0.00047,0.00075,0.00151,0.03489,0.00002,0.00031,0.29330,0.01336,0.04878,0.03151,0.20055,0.04070,0.28860,0.00000,0.00000,0.00000,0.00000,0.13065,0.00000,0.00000,0.00000,0.12457,0.00000,0.10893,0.10169,0.46293,0.00000,0.07123
48.98133,8,0.81527,0.00049,0.03483,0.00040,0.00065,0.00174,0.03202,0.00002,0.00027,0.38592,0.01326,0.03865,0.02194,0.14073,0.07111,0.25796,0.00000,0.00000,0.00000,0.00000,0.11875,0.00000,0.00000,0.00000,0.27776,0.00000,0.13794,0.11646,0.32981,0.00000,0.01928
49.00267,8,0.80218,0.00049,0.03425,0.00034,0.00049,0.00133,0.02355,0.00001,0.00021,0.43049,0.01215,0.03466,0.01537,0.09808,0.09786,0.25071,0.00000,0.00000,0.00000,0.00000,0.11282,0.00000,0.00000,0.00000,0.44781,0.00000,0.14596,0.10930,0.17890,0.00000,0.00522
49.02400,8,0.79612,0.00069,0.02473,0.00030,0.00131,0.00105,0.02085,0.00006,0.00028,0.32683,0.01344,0.05453,0.05408,0.19602,0.08029,0.22554,0.00000,0.00000,0.00000,0.00000,0.11399,0.00000,0.00000,0.00000,0.51849,0.00000,0.13415,0.09959,0.13237,0.00000,0.00141
49.04533,8,0.79134,0.00089,0.02210,0.00024,0.00146,0.00083,0.01835,0.00009,0.00029,0.27669,0.01032,0.05999,0.08973,0.26389,0.05762,0.19752,0.00000,0.00000,0.00000,0.00000,0.12134,0.00000,0.00000,0.00000,0.53509,0.00000,0.12724,0.09586,0.12008,0.00000,0.00038
49.06667,8,0.78625,0.00097,0.02595,0.00024,0.00158,0.00065,0.03274,0.00007,0.00036,0.26114,0.02173,0.09798,0.08227,0.21892,0.04216,0.21324,0.00000,0.00000,0.00000,0.00000,0.12665,0.00000,0.00000,0.00000,0.52989,0.00000,0.12709,0.09655,0.11962,0.00000,0.00020
49.08800,14,0.77329,0.00103,0.02401,0.00031,0.00121,0.00053,0.03058,0.00005,0.00028,0.22222,0.03967,0.08429,0.05794,0.15478,0.03603,0.34708,0.00000,0.00000,0.00000,0.00000,0.13889,0.00000,0.00000,0.00000,0.50165,0.00000,0.13261,0.10222,0.12457,0.00000,0.00005
49.10933,14,0.76545,0.00128,0.02748,0.00029,0.00096,0.00045,0.02977,0.00004,0.00025,0.28500,0.06382,0.06539,0.04095,0.10803,0.05409,0.32222,0.00000,0.00000,0.00000,0.00000,0.13795,0.00000,0.00000,0.00000,0.31153,0.00000,0.12819,0.05551,0.15024,0.00000,0.21658
49.13066,14,0.75846,0.00266,0.04086,0.00023,0.00123,0.00067,0.03545,0.00007,0.00068,0.26071,0.07931,0.07731,0.03856,0.09795,0.04256,0.32174,0.00000,0.00000,0.00000,0.00000,0.12621,0.00000,0.00000,0.00000,0.17522,0.00000,0.11470,0.01502,0.15113,0.00000,0.41771
49.15200,14,0.75495,0.00317,0.05749,0.00030,0.00150,0.00094,0.04156,0.00023,0.00084,0.20689,0.10078,0.08495,0.05251,0.13335,0.03405,0.28144,0.00000,0.00000,0.00000,0.00000,0.12046,0.00000,0.00000,0.00000,0.13845,0.00000,0.10870,0.00406,0.13795,0.00000,0.49038
49.17333,8,0.74365,0.00386,0.11078,0.00034,0.00230,0.00156,0.03907,0.00019,0.00141,0.27606,0.07965,0.06763,0.04676,0.12060,0.02504,0.22475,0.00000,0.00000,0.00000,0.00000,0.12056,0.00000,0.00000,0.00000,0.13044,0.00000,0.10931,0.00110,0.12661,0.00000,0.51198
49.19467,8,0.73599,0.00429,0.10115,0.00059,0.00228,0.00142,0.05887,0.00013,0.00125,0.36045,0.07758,0.05024,0.03274,0.08479,0.02632,0.19789,0.00000,0.00000,0.00000,0.00000,0.11819,0.00000,0.00000,0.00000,0.28276,0.00000,0.14337,0.05966,0.12956,0.00000,0.26646
49.21600,8,0.72910,0.00355,0.08317,0.00087,0.00175,0.00136,0.05366,0.00010,0.00102,0.45841,0.07154,0.03954,0.02275,0.05900,0.02866,0.17462,0.00000,0.00000,0.00000,0.00000,0.11267,0.00000,0.00000,0.00000,0.44913,0.00000,0.14742,0.09392,0.12472,0.00000,0.07213
49.23733,8,0.72452,0.00277,0.07132,0.00067,0.00159,0.00120,0.04452,0.00009,0.00117,0.44639,0.06569,0.03116,0.01625,0.04215,0.02289,0.25215,0.00000,0.00000,0.00000,0.00000,0.11395,0.00000,0.00000,0.00000,0.51885,0.00000,0.13454,0.09543,0.11772,0.00000,0.01951
49.25867,8,0.71259,0.00238,0.05801,0.00057,0.00203,0.00094,0.03886,0.00011,0.00130,0.39285,0.05079,0.04291,0.01530,0.07728,0.01734,0.29933,0.00000,0.00000,0.00000,0.00000,0.12133,0.00000,0.00000,0.00000,0.53519,0.00000,0.12734,0.09474,0.11612,0.00000,0.00528
49.28000,8,0.69638,0.00231,0.04768,0.00045,0.00273,0.00093,0.03233,0.00012,0.00155,0.30872,0.03557,0.06307,0.03614,0.21616,0.01250,0.23974,0.00000,0.00000,0.00000,0.00000,0.13261,0.00000,0.00000,0.00000,0.51823,0.00000,0.12903,0.09845,0.12026,0.00000,0.00143
49.30133,12,0.68417,0.00340,0.04532,0.00086,0.00480,0.00135,0.03945,0.00022,0.00213,0.24309,0.02584,0.09277,0.04823,0.25620,0.01148,0.22487,0.00000,0.00000,0.00000,0.00000,0.14514,0.00000,0.00000,0.00000,0.48179,0.00000,0.13752,0.10663,0.12853,0.00000,0.00039
49.32267,14,0.66500,0.00326,0.03690,0.00116,0.00386,0.00228,0.04482,0.00018,0.00181,0.20209,0.02374,0.14154,0.03461,0.20150,0.07281,0.22944,0.00000,0.00000,0.00000,0.00000,0.15101,0.00000,0.00000,0.00000,0.46008,0.00000,0.14325,0.11191,0.13355,0.00000,0.00020
49.34400,8,0.65056,0.00246,0.03373,0.00641,0.00277,0.00265,0.04504,0.00013,0.00148,0.28436,0.05028,0.13060,0.02418,0.14166,0.06620,0.20806,0.00000,0.00000,0.00000,0.00000,0.14485,0.00000,0.00000,0.00000,0.21907,0.00000,0.12552,0.11632,0.39419,0.00000,0.00005
49.36533,14,0.64239,0.00178,0.02813,0.00617,0.00206,0.00206,0.03568,0.00011,0.00105,0.21744,0.21903,0.09140,0.01715,0.09827,0.05214,0.22754,0.00000,0.00000,0.00000,0.00000,0.12619,0.00000,0.00000,0.00000,0.30594,0.00000,0.14873,0.09083,0.21565,0.00000,0.11266
49.38667,8,0.63966,0.00154,0.03104,0.00856,0.00273,0.00209,0.02698,0.00009,0.00091,0.24361,0.17890,0.15228,0.01457,0.09818,0.03998,0.19853,0.00000,0.00000,0.00000,0.00000,0.12427,0.00000,0.00000,0.00000,0.26626,0.00000,0.13645,0.05257,0.17337,0.00000,0.24708
49.40800,10,0.63352,0.00110,0.02361,0.00633,0.00197,0.00151,0.01891,0.00007,0.00064,0.18887,0.15468,0.32285,0.01329,0.09526,0.03078,0.14012,0.00000,0.00000,0.00000,0.00000,0.11918,0.00000,0.00000,0.00000,0.31827,0.00000,0.15021,0.07358,0.15235,0.00000,0.18642
49.42933,10,0.62276,0.00086,0.04596,0.00592,0.00148,0.00166,0.01492,0.00005,0.00046,0.19190,0.11972,0.39182,0.01172,0.07892,0.03119,0.10342,0.00000,0.00000,0.00000,0.00000,0.12690,0.00000,0.00000,0.00000,0.27582,0.00000,0.29971,0.10948,0.07301,0.06466,0.05043
49.45066,8,0.61484,0.00070,0.05747,0.00568,0.00131,0.00167,0.03371,0.00003,0.00033,0.31538,0.09232,0.29748,0.00821,0.05479,0.03363,0.09726,0.00000,0.00000,0.00000,0.00000,0.12401,0.00000,0.00000,0.00000,0.17660,0.00000,0.43564,0.11572,0.01976,0.11462,0.01365
49.47200,8,0.60976,0.00064,0.04931,0.00428,0.00130,0.00204,0.02977,0.00003,0.00025,0.45808,0.07034,0.21101,0.00570,0.03808,0.03469,0.09447,0.00000,0.00000,0.00000,0.00000,0.11733,0.00000,0.00000,0.00000,0.29832,0.00000,0.32705,0.11866,0.07105,0.06389,0.00369
49.49333,8,0.59892,0.00089,0.04240,0.00329,0.00216,0.00313,0.02306,0.00004,0.00041,0.48516,0.06647,0.16549,0.00469,0.03345,0.06369,0.10565,0.00000,0.00000,0.00000,0.00000,0.11244,0.00000,0.00000,0.00000,0.45338,0.00000,0.19711,0.10989,0.10889,0.01728,0.00100
49.51467,8,0.58941,0.00103,0.03759,0.00335,0.00176,0.00345,0.01844,0.00003,0.00045,0.45235,0.08382,0.15432,0.00356,0.02470,0.07965,0.13550,0.00000,0.00000,0.00000,0.00000,0.11388,0.00000,0.00000,0.00000,0.52000,0.00000,0.14799,0.09975,0.11343,0.00468,0.00027
49.53600,8,0.58460,0.00109,0.02911,0.00322,0.00125,0.00253,0.01309,0.00003,0.00036,0.45392,0.12966,0.13377,0.00271,0.01783,0.07505,0.13638,0.00000,0.00000,0.00000,0.00000,0.12131,0.00000,0.00000,0.00000,0.53550,0.00000,0.13098,0.09591,0.11496,0.00127,0.00007
49.55733,8,0.58340,0.00117,0.02492,0.00448,0.00094,0.00181,0.01056,0.00002,0.00031,0.36866,0.15701,0.11612,0.00239,0.01315,0.18089,0.11757,0.00000,0.00000,0.00000,0.00000,0.13260,0.00000,0.00000,0.00000,0.51831,0.00000,0.13001,0.09876,0.11995,0.00034,0.00002
49.57867,8,0.57861,0.00247,0.02996,0.00509,0.00121,0.00222,0.01449,0.00004,0.00175,0.48805,0.11496,0.08333,0.00179,0.00933,0.16261,0.08271,0.00000,0.00000,0.00000,0.00000,0.14514,0.00000,0.00000,0.00000,0.48181,0.00000,0.13779,0.10672,0.12845,0.00009,0.00001
49.60000,8,0.56345,0.00309,0.02450,0.00472,0.01010,0.01085,0.01488,0.00011,0.00160,0.61113,0.08011,0.05804,0.00135,0.00660,0.11558,0.05735,0.00000,0.00000,0.00000,0.00000,0.15101,0.00000,0.00000,0.00000,0.46008,0.00000,0.14339,0.11196,0.13351,0.00005,0.00000
49.62133,8,0.56110,0.00230,0.01847,0.00368,0.26187,0.02355,0.01226,0.00011,0.00278,0.45244,0.05702,0.04039,0.00096,0.00462,0.07982,0.03973,0.00000,0.00000,0.00000,0.00000,0.16025,0.00000,0.00000,0.00000,0.41693,0.00000,0.15534,0.12354,0.14393,0.00001,0.00000
49.64267,8,0.55627,0.00173,0.01380,0.00290,0.31358,0.03792,0.00898,0.00011,0.00199,0.32368,0.03998,0.16557,0.00098,0.00397,0.05587,0.02894,0.00000,0.00000,0.00000,0.00000,0.16381,0.00000,0.00000,0.00000,0.38382,0.00000,0.16483,0.13467,0.15287,0.00000,0.00000
49.66400,8,0.56456,0.00161,0.01226,0.00279,0.21802,0.04374,0.00667,0.00012,0.00141,0.26734,0.04365,0.18759,0.00128,0.00423,0.10391,0.10539,0.00000,0.00000,0.00000,0.00000,0.16268,0.00000,0.00000,0.00000,0.37211,0.00000,0.16605,0.14279,0.15636,0.00000,0.00000
49.68533,8,0.58856,0.00155,0.01336,0.00489,0.15166,0.03439,0.00521,0.00017,0.00123,0.29684,0.06129,0.14100,0.00205,0.00608,0.12083,0.15944,0.00000,0.00000,0.00000,0.00000,0.16026,0.00000,0.00000,0.00000,0.36946,0.00000,0.16346,0.14954,0.15728,0.00000,0.00000
49.70667,8,0.59530,0.00159,0.01091,0.00421,0.10568,0.02664,0.00445,0.00013,0.00220,0.41592,0.05030,0.13111,0.00334,0.00609,0.12464,0.11279,0.00000,0.00000,0.00000,0.00000,0.15808,0.00000,0.00000,0.00000,0.36912,0.00000,0.16064,0.15465,0.15751,0.00000,0.00000
49.72800,8,0.58283,0.00387,0.01069,0.00730,0.07464,0.02732,0.01790,0.00019,0.00286,0.52867,0.04315,0.09882,0.00265,0.00527,0.09731,0.07937,0.00000,0.00000,0.00000,0.00000,0.15743,0.00000,0.00000,0.00000,0.36904,0.00000,0.15980,0.15616,0.15757,0.00000,0.00000
49.74933,8,0.57566,0.00290,0.00920,0.00554,0.05211,0.02047,0.02037,0.00019,0.00201,0.65914,0.03089,0.06862,0.00190,0.00383,0.06769,0.05515,0.00000,0.00000,0.00000,0.00000,0.15725,0.00000,0.00000,0.00000,0.36902,0.00000,0.15957,0.15657,0.15759,0.00000,0.00000
49.77067,8,0.60549,0.00218,0.00765,0.00477,0.04776,0.01507,0.01511,0.00015,0.00141,0.73823,0.02355,0.05187,0.00138,0.00336,0.04700,0.04051,0.00000,0.00000,0.00000,0.00000,0.15721,0.00000,0.00000,0.00000,0.36901,0.00000,0.15951,0.15668,0.15760,0.00000,0.00000
49.79200,8,0.68693,0.00184,0.00712,0.00377,0.03951,0.01357,0.03001,0.00019,0.00113,0.71815,0.01925,0.08410,0.00286,0.01027,0.03306,0.03516,0.00000,0.00000,0.00000,0.00000,0.15719,0.00000,0.00000,0.00000,0.36901,0.00000,0.15949,0.15671,0.15760,0.00000,0.00000
49.81333,8,0.69430,0.00138,0.00514,0.00296,0.03823,0.01124,0.02290,0.00019,0.00129,0.54024,0.01516,0.22072,0.01594,0.05970,0.02796,0.03697,0.00000,0.00000,0.00000,0.00000,0.15719,0.00000,0.00000,0.00000,0.36901,0.00000,0.15949,0.15671,0.15760,0.00000,0.00000
49.83467,8,0.67109,0.00128,0.00611,0.00627,0.03017,0.00967,0.01644,0.00058,0.00263,0.38716,0.03702,0.28718,0.02115,0.10487,0.04830,0.04116,0.00000,0.00000,0.00000,0.00000,0.15719,0.00000,0.00000,0.00000,0.36901,0.00000,0.15949,0.15672,0.15760,0.00000,0.00000
49.85600,8,0.63980,0.00140,0.00535,0.20708,0.02703,0.01220,0.01260,0.00154,0.00815,0.27719,0.02752,0.25557,0.01526,0.07829,0.03957,0.03124,0.00000,0.00000,0.00000,0.00000,0.15719,0.00000,0.00000,0.00000,0.36901,0.00000,0.15949,0.15672,0.15760,0.00000,0.00000
49.87733,2,0.61806,0.00110,0.00497,0.37393,0.02576,0.04759,0.01126,0.00185,0.00648,0.21470,0.02043,0.17732,0.01058,0.05457,0.02739,0.02205,0.00000,0.00000,0.00000,0.00000,0.15719,0.00000,0.00000,0.00000,0.36901,0.00000,0.15949,0.15672,0.15760,0.00000,0.00000
49.89867,2,0.63432,0.00110,0.00461,0.39734,0.01861,0.03706,0.00848,0.00140,0.00478,0.21009,0.02250,0.15484,0.00742,0.03814,0.02660,0.06701,0.00000,0.00000,0.22460,0.00000,0.14650,0.00000,0.00000,0.00000,0.19203,0.05232,0.15720,0.08156,0.14579,0.00000,0.00000
49.92000,2,0.68819,0.00078,0.00370,0.40584,0.01312,0.02658,0.00620,0.00110,0.00337,0.20062,0.04965,0.13803,0.00534,0.02658,0.05829,0.06079,0.00000,0.00000,0.43017,0.00000,0.12325,0.00000,0.00000,0.00000,0.05195,0.09540,0.14239,0.02206,0.13476,0.00000,0.00000
49.94133,2,0.68360,0.00057,0.00324,0.33396,0.00932,0.01853,0.00460,0.00083,0.00239,0.16716,0.05854,0.19222,0.00420,0.01920,0.13631,0.04893,0.00000,0.00000,0.50222,0.00000,0.10477,0.00000,0.00000,0.00000,0.01406,0.11028,0.12921,0.00597,0.13349,0.00000,0.00000
49.96267,13,0.68222,0.00043,0.00305,0.23114,0.00653,0.01293,0.00372,0.00058,0.00167,0.12833,0.04140,0.17637,0.00336,0.01405,0.34029,0.03615,0.00000,0.00000,0.52242,0.00000,0.09306,0.00000,0.00000,0.00000,0.00380,0.11852,0.12251,0.00161,0.13807,0.00000,0.00000
49.98400,13,0.67334,0.00032,0.00562,0.16045,0.00454,0.00907,0.01064,0.00043,0.00116,0.11793,0.04741,0.13404,0.00344,0.00980,0.46941,0.02575,0.00000,0.00000,0.27153,0.00000,0.10072,0.00000,0.00000,0.00000,0.06205,0.06350,0.16299,0.00044,0.07378,0.21095,0.05404
50.00533,13,0.66266,0.00030,0.00634,0.11215,0.00318,0.00635,0.00855,0.00031,0.00081,0.12360,0.08397,0.10287,0.00310,0.00686,0.52252,0.01909,0.00000,0.00000,0.07350,0.00000,0.09956,0.00000,0.00000,0.00000,0.10808,0.01719,0.18151,0.00012,0.01997,0.40955,0.09051
50.02666,13,0.64343,0.00025,0.00558,0.07772,0.00223,0.00450,0.01486,0.00022,0.00060,0.20770,0.09197,0.07394,0.00225,0.00524,0.49953,0.01341,0.00000,0.00000,0.01989,0.00000,0.09544,0.00000,0.00000,0.00000,0.12336,0.00465,0.17310,0.00003,0.00540,0.48278,0.09535
50.04800,8,0.63208,0.00021,0.00494,0.05372,0.00159,0.00342,0.04311,0.00017,0.00047,0.38852,0.08465,0.05198,0.00159,0.00394,0.35235,0.00933,0.00000,0.00000,0.00538,0.00000,0.09786,0.00000,0.00000,0.00000,0.13432,0.00126,0.16097,0.00001,0.00146,0.50464,0.09410
50.06933,8,0.62160,0.00016,0.00767,0.03716,0.00123,0.00263,0.13955,0.00013,0.00037,0.41712,0.10241,0.03708,0.00111,0.00307,0.24372,0.00657,0.00000,0.00000,0.00146,0.00000,0.10746,0.00000,0.00000,0.00000,0.28792,0.00034,0.16617,0.05935,0.06608,0.26258,0.04865
50.09067,8,0.61755,0.00013,0.00714,0.02572,0.00100,0.00204,0.15208,0.00009,0.00029,0.38537,0.20933,0.03079,0.00102,0.01101,0.16883,0.00515,0.00000,0.00000,0.00039,0.00000,0.10977,0.00000,0.00000,0.00000,0.45055,0.00009,0.15360,0.09385,0.10754,0.07104,0.01316
50.11200,9,0.61211,0.00012,0.00544,0.01779,0.00089,0.00146,0.20793,0.00007,0.00023,0.27629,0.28490,0.06125,0.00555,0.01480,0.11682,0.00648,0.00000,0.00000,0.00011,0.00000,0.11316,0.00000,0.00000,0.00000,0.51922,0.00002,0.13622,0.09541,0.11307,0.01923,0.00356
50.13333,9,0.61457,0.00020,0.00538,0.01233,0.00090,0.00104,0.25055,0.00006,0.00019,0.21591,0.28613,0.10651,0.00867,0.01621,0.08677,0.00917,0.00000,0.00000,0.00006,0.00000,0.11659,0.00000,0.00000,0.00000,0.53238,0.00001,0.13070,0.09468,0.11373,0.01000,0.00185
50.15467,9,0.61374,0.00037,0.01123,0.00907,0.00099,0.00151,0.20983,0.00013,0.00048,0.19025,0.24151,0.11525,0.01019,0.02524,0.17147,0.01248,0.00000,0.00000,0.00001,0.00000,0.14227,0.00000,0.00000,0.00000,0.23241,0.32575,0.15317,0.02562,0.11756,0.00271,0.00050
50.17600,8,0.60947,0.00093,0.01731,0.00934,0.03112,0.00432,0.15893,0.00027,0.00053,0.22778,0.17263,0.14858,0.00908,0.02294,0.14535,0.05091,0.00000,0.00000,0.00000,0.00000,0.15278,0.00000,0.00000,0.00000,0.14606,0.42417,0.14814,0.00693,0.12105,0.00073,0.00014
50.19733,8,0.62409,0.00088,0.01417,0.00722,0.03697,0.01325,0.11497,0.00075,0.00060,0.21098,0.14622,0.14462,0.02174,0.04899,0.14690,0.09174,0.00000,0.00000,0.00000,0.00000,0.13592,0.00000,0.00000,0.00000,0.28226,0.23063,0.16002,0.06123,0.12971,0.00020,0.00004
50.21867,13,0.62042,0.00072,0.01048,0.00540,0.02629,0.00980,0.08807,0.00053,0.00047,0.18511,0.10769,0.13676,0.01741,0.04065,0.26373,0.10689,0.00000,0.00000,0.00000,0.00000,0.11747,0.00000,0.00000,0.00000,0.44902,0.06240,0.15193,0.09436,0.12476,0.00005,0.00001
50.24000,13,0.59100,0.00081,0.00978,0.01603,0.01939,0.00780,0.10087,0.00047,0.00089,0.14384,0.07630,0.11683,0.01257,0.03126,0.37197,0.09118,0.00000,0.00000,0.00000,0.00000,0.11389,0.00000,0.00000,0.00000,0.31724,0.01689,0.17425,0.05003,0.06284,0.21085,0.05401
50.26133,13,0.52752,0.00122,0.00742,0.01257,0.01453,0.00952,0.28550,0.00058,0.00132,0.11157,0.05315,0.08606,0.00897,0.02247,0.30290,0.08223,0.00000,0.00000,0.00000,0.00000,0.10312,0.00000,0.00000,0.00000,0.17713,0.00457,0.18456,0.01354,0.01700,0.40957,0.09051
50.28267,5,0.47484,0.00181,0.00733,0.00916,0.01083,0.00954,0.49254,0.00071,0.00097,0.07836,0.03682,0.05964,0.00622,0.01567,0.21332,0.05707,0.00000,0.00000,0.00000,0.00000,0.09640,0.00000,0.00000,0.00000,0.14204,0.00124,0.17393,0.00366,0.00460,0.48278,0.09535
50.30400,5,0.47138,0.00130,0.00547,0.00639,0.00784,0.00693,0.64309,0.00051,0.00073,0.05582,0.02711,0.04215,0.00437,0.01096,0.14761,0.03973,0.00000,0.00000,0.00000,0.00000,0.11587,0.22298,0.00000,0.00000,0.12562,0.00033,0.15062,0.00099,0.07517,0.25907,0.04935
50.32533,5,0.61223,0.00090,0.00397,0.00442,0.00594,0.00497,0.72897,0.00036,0.00066,0.04005,0.01927,0.04631,0.00337,0.01007,0.10214,0.02860,0.00000,0.00000,0.00000,0.00000,0.11830,0.45409,0.00000,0.00000,0.10120,0.00009,0.12911,0.00027,0.11350,0.07009,0.01335
50.34666,5,0.65354,0.00064,0.00302,0.00312,0.00436,0.00443,0.57984,0.00028,0.00073,0.03794,0.01530,0.12027,0.00549,0.03702,0.08328,0.10427,0.00000,0.00000,0.00000,0.00000,0.11042,0.54902,0.00000,0.00000,0.08606,0.00002,0.12106,0.00007,0.11075,0.01897,0.00361
50.36800,5,0.67303,0.00048,0.00295,0.00235,0.00304,0.00904,0.40271,0.00037,0.00071,0.04350,0.01482,0.16327,0.00517,0.04348,0.07127,0.23683,0.00000,0.00000,0.00000,0.00000,0.10639,0.57679,0.00000,0.00000,0.08128,0.00001,0.12324,0.00002,0.10616,0.00513,0.00098
50.38933,14,0.66152,0.00041,0.00387,0.00219,0.00215,0.00696,0.28129,0.00032,0.00063,0.06226,0.01894,0.11660,0.00398,0.03167,0.06120,0.40755,0.00000,0.00000,0.00000,0.00000,0.10665,0.57461,0.00000,0.00000,0.08224,0.00000,0.12715,0.00001,0.10617,0.00267,0.00051
50.41067,14,0.65516,0.00055,0.00481,0.00197,0.00152,0.00508,0.19627,0.00023,0.00050,0.05333,0.01613,0.08535,0.00291,0.02348,0.05557,0.55229,0.00000,0.00000,0.00000,0.00000,0.11114,0.54896,0.00000,0.00000,0.08923,0.00000,0.13854,0.00000,0.11126,0.00072,0.00014
50.43200,14,0.64230,0.00046,0.00448,0.00151,0.00105,0.00352,0.13612,0.00016,0.00035,0.03953,0.01558,0.06005,0.00204,0.01662,0.12513,0.59338,0.00000,0.00000,0.00000,0.00000,0.12223,0.14852,0.00000,0.00000,0.11592,0.00000,0.12079,0.00000,0.14979,0.00020,0.34256
50.45333,14,0.63864,0.00036,0.00372,0.00150,0.00073,0.00245,0.09513,0.00012,0.00026,0.02821,0.05993,0.04395,0.00215,0.01769,0.24416,0.49963,0.00000,0.00000,0.00000,0.00000,0.12006,0.04018,0.00000,0.00000,0.12208,0.00000,0.11087,0.00000,0.14352,0.00005,0.46323
50.47467,14,0.62566,0.00033,0.00319,0.00140,0.00056,0.00178,0.06989,0.00009,0.00020,0.02765,0.15581,0.03795,0.00165,0.01379,0.32526,0.36043,0.00000,0.00000,0.00000,0.00000,0.11918,0.01088,0.00000,0.00000,0.12485,0.00000,0.10829,0.00000,0.13137,0.00001,0.50542
50.49600,13,0.62252,0.00044,0.00622,0.00235,0.00063,0.00132,0.05521,0.00007,0.00018,0.02948,0.24650,0.03638,0.00175,0.01024,0.32372,0.28552,0.00000,0.00000,0.00000,0.00000,0.12222,0.00294,0.00000,0.00000,0.12822,0.00000,0.11165,0.00000,0.12268,0.00000,0.51228
50.51733,9,0.60924,0.00088,0.01609,0.01103,0.00072,0.00166,0.05047,0.00009,0.00039,0.04693,0.38514,0.03085,0.00153,0.00752,0.23741,0.20931,0.00000,0.00000,0.00000,0.00000,0.11917,0.00080,0.00000,0.00000,0.12880,0.00000,0.15959,0.00000,0.06249,0.21095,0.31819
50.53867,9,0.60799,0.00077,0.01509,0.01233,0.00085,0.00151,0.03838,0.00007,0.00056,0.03846,0.55034,0.02180,0.00112,0.00535,0.16586,0.14752,0.00000,0.00000,0.00000,0.00000,0.13018,0.00022,0.00000,0.00000,0.12573,0.21090,0.17240,0.00000,0.07359,0.17418,0.11279
50.56000,9,0.60558,0.00138,0.01831,0.01436,0.00436,0.00574,0.03200,0.00025,0.00249,0.04984,0.62699,0.01787,0.00132,0.00626,0.11514,0.10370,0.00000,0.00000,0.00000,0.00000,0.14761,0.00006,0.00000,0.00000,0.11943,0.38906,0.15839,0.00000,0.10781,0.04712,0.03052
50.58133,9,0.59819,0.00245,0.02311,0.01203,0.00504,0.01154,0.05367,0.00031,0.00192,0.17162,0.46462,0.07233,0.00225,0.00666,0.09303,0.07943,0.00000,0.00000,0.00000,0.00000,0.15629,0.00002,0.00000,0.00000,0.11392,0.44338,0.14542,0.00000,0.11995,0.01276,0.00826
50.60266,9,0.58802,0.00214,0.01729,0.00850,0.00401,0.00853,0.03856,0.00024,0.00149,0.15241,0.33542,0.25328,0.01016,0.03744,0.07459,0.05595,0.00000,0.00000,0.00000,0.00000,0.16311,0.00000,0.00000,0.00000,0.11098,0.45739,0.13605,0.00000,0.12678,0.00345,0.00223
50.62400,9,0.57165,0.00159,0.02798,0.02158,0.00482,0.00758,0.04200,0.00018,0.00137,0.16771,0.23269,0.21579,0.00854,0.02789,0.18856,0.05172,0.00000,0.00000,0.00000,0.00000,0.16952,0.00000,0.00000,0.00000,0.11055,0.45569,0.13022,0.00000,0.13249,0.00093,0.00060
50.64533,8,0.54367,0.00155,0.04018,0.11978,0.01170,0.01223,0.03133,0.00020,0.00132,0.22221,0.16185,0.16931,0.00604,0.01986,0.16196,0.04048,0.00000,0.00000,0.00000,0.00000,0.17548,0.00000,0.00000,0.00000,0.11205,0.44696,0.12718,0.00000,0.13791,0.00025,0.00016
50.66667,8,0.52404,0.00139,0.10762,0.09348,0.01727,0.01655,0.02571,0.00017,0.00101,0.33953,0.11688,0.11846,0.00420,0.01386,0.11330,0.03058,0.00000,0.00000,0.00000,0.00000,0.17817,0.00000,0.00000,0.00000,0.11330,0.44140,0.12641,0.00000,0.14050,0.00013,0.00009
50.68800,8,0.51497,0.00140,0.13542,0.06517,0.02071,0.02001,0.06413,0.00027,0.00075,0.40285,0.08361,0.08454,0.00304,0.01381,0.07832,0.02596,0.00000,0.00000,0.00000,0.00000,0.12976,0.00000,0.00000,0.00000,0.37815,0.11942,0.15460,0.08471,0.13330,0.00004,0.00002
50.70933,8,0.52504,0.00153,0.10120,0.04587,0.02168,0.01697,0.05346,0.00028,0.00076,0.41748,0.06308,0.12244,0.01232,0.05513,0.05449,0.03331,0.00000,0.00000,0.00000,0.00000,0.11653,0.00000,0.00000,0.00000,0.49121,0.03232,0.14201,0.09588,0.12203,0.00001,0.00001
50.73067,8,0.53640,0.00127,0.07009,0.03227,0.01602,0.01386,0.04106,0.00031,0.00075,0.30945,0.04828,0.21101,0.03708,0.15480,0.03870,0.02505,0.00000,0.00000,0.00000,0.00000,0.11810,0.00000,0.00000,0.00000,0.53185,0.00875,0.13012,0.09468,0.11650,0.00000,0.00000
50.75200,10,0.52835,0.00207,0.05007,0.03656,0.01197,0.01616,0.04596,0.00078,0.00145,0.24460,0.03918,0.24488,0.02695,0.12965,0.03861,0.11111,0.00000,0.00000,0.00000,0.00000,0.12694,0.00000,0.00000,0.00000,0.52985,0.00237,0.12723,0.09597,0.11765,0.00000,0.00000
50.77333,14,0.53981,0.00434,0.03534,0.02838,0.00854,0.02012,0.03987,0.00073,0.00116,0.17274,0.02952,0.18200,0.01891,0.09212,0.03502,0.33119,0.00000,0.00000,0.00000,0.00000,0.13604,0.00000,0.00000,0.00000,0.33665,0.00064,0.28666,0.11277,0.06258,0.06466,0.00000
50.79467,14,0.57707,0.00383,0.02469,0.01966,0.00594,0.01482,0.02772,0.00053,0.00081,0.12110,0.02064,0.12693,0.01310,0.06392,0.02647,0.52985,0.00000,0.00000,0.00000,0.00000,0.13115,0.00000,0.00000,0.00000,0.18674,0.00017,0.25346,0.06085,0.10017,0.05090,0.21656
50.81600,14,0.57115,0.00276,0.01706,0.01357,0.00410,0.01024,0.01938,0.00037,0.00056,0.08378,0.01506,0.08775,0.00922,0.04513,0.02054,0.67048,0.00000,0.00000,0.00000,0.00000,0.12437,0.00000,0.00000,0.00000,0.14147,0.00005,0.14861,0.01647,0.13758,0.01378,0.41767
50.83733,14,0.56389,0.00256,0.01290,0.00948,0.00284,0.00738,0.01429,0.00028,0.00045,0.06408,0.02589,0.06493,0.00888,0.04234,0.02569,0.71801,0.00000,0.00000,0.00000,0.00000,0.11997,0.00000,0.00000,0.00000,0.12932,0.00001,0.11788,0.00446,0.13428,0.00373,0.49036
50.85867,14,0.62356,0.00189,0.00930,0.00671,0.00197,0.00524,0.01064,0.00020,0.00044,0.05119,0.02657,0.07006,0.00856,0.05306,0.01995,0.73421,0.00000,0.00000,0.00000,0.00000,0.12042,0.00000,0.00000,0.00000,0.12797,0.00000,0.11179,0.00121,0.12561,0.00101,0.51198
50.88000,14,0.62641,0.00138,0.00744,0.00524,0.00139,0.00381,0.00779,0.00015,0.00043,0.04509,0.07196,0.06556,0.00720,0.04415,0.01762,0.72080,0.00000,0.00000,0.00000,0.00000,0.12515,0.00000,0.00000,0.00000,0.13073,0.00000,0.11574,0.00033,0.11993,0.00027,0.50785
50.90133,14,0.63760,0.00156,0.00643,0.00667,0.00229,0.00537,0.00615,0.00022,0.02491,0.06734,0.09057,0.07518,0.00561,0.03959,0.01581,0.65230,0.00000,0.00000,0.00000,0.00000,0.13270,0.00000,0.00000,0.00000,0.13513,0.00000,0.12452,0.00009,0.11827,0.00007,0.48921
50.92266,14,0.65451,0.00120,0.02371,0.00724,0.00207,0.00543,0.00612,0.00045,0.01873,0.14462,0.12753,0.06685,0.00483,0.03498,0.01203,0.54419,0.00000,0.00000,0.00000,0.00000,0.13703,0.00000,0.00000,0.00000,0.13752,0.00000,0.12986,0.00005,0.11869,0.00004,0.47682
50.94400,14,0.71779,0.00162,0.01925,0.00655,0.00676,0.01567,0.00985,0.00096,0.01660,0.18853,0.18019,0.06914,0.00396,0.05266,0.00915,0.41911,0.00000,0.00000,0.00000,0.00000,0.14570,0.00000,0.00000,0.00000,0.14201,0.00000,0.14119,0.00001,0.12114,0.00001,0.44994
50.96533,14,0.74903,0.00127,0.01347,0.00461,0.00610,0.01241,0.00947,0.00073,0.01225,0.25648,0.14643,0.06649,0.00312,0.05179,0.00989,0.40550,0.00000,0.00000,0.00000,0.00000,0.15295,0.00000,0.00000,0.00000,0.14534,0.00000,0.15188,0.00000,0.12443,0.00000,0.42539
50.98667,14,0.72991,0.00094,0.00938,0.00332,0.00512,0.00963,0.00706,0.00052,0.00867,0.30747,0.10352,0.07894,0.00295,0.06593,0.01029,0.38626,0.00000,0.00000,0.00000,0.00000,0.15624,0.00000,0.00000,0.00000,0.14690,0.00000,0.15783,0.00000,0.12665,0.00000,0.41238
51.00800,14,0.69802,0.00072,0.00656,0.00255,0.00406,0.00708,0.00509,0.00037,0.00626,0.25165,0.07309,0.09021,0.00299,0.06437,0.00987,0.47512,0.00000,0.00000,0.00000,0.00000,0.15773,0.00000,0.00000,0.00000,0.14775,0.00000,0.16138,0.00000,0.12827,0.00000,0.40486
51.02933,14,0.67776,0.00060,0.00545,0.00286,0.00347,0.00547,0.00509,0.00033,0.00506,0.19889,0.05308,0.07420,0.00310,0.05529,0.01168,0.57544,0.00000,0.00000,0.00000,0.00000,0.15857,0.00000,0.00000,0.00000,0.14830,0.00000,0.16375,0.00000,0.12945,0.00000,0.39993
51.05067,14,0.66117,0.00044,0.00445,0.00210,0.00283,0.00475,0.00539,0.00053,0.00394,0.15018,0.03757,0.05201,0.00239,0.04199,0.00895,0.68247,0.00000,0.00000,0.00000,0.00000,0.15881,0.00000,0.00000,0.00000,0.14846,0.00000,0.16445,0.00000,0.12979,0.00000,0.39849
51.07200,14,0.63910,0.00037,0.00833,0.00181,0.00210,0.00573,0.00645,0.00093,0.00323,0.15368,0.02785,0.03727,0.00188,0.03091,0.00686,0.71261,0.00000,0.00000,0.00000,0.00000,0.15888,0.00000,0.00000,0.00000,0.14851,0.00000,0.16463,0.00000,0.12989,0.00000,0.39810
51.09333,14,0.61408,0.00032,0.01359,0.00329,0.00182,0.00564,0.00696,0.00175,0.00295,0.13408,0.02107,0.02801,0.00172,0.02541,0.00494,0.74845,0.00000,0.00000,0.00000,0.00000,0.15890,0.00000,0.00000,0.00000,0.14852,0.00000,0.16468,0.00000,0.12991,0.00000,0.39799
51.11467,14,0.60360,0.00098,0.02076,0.01782,0.04121,0.00756,0.00980,0.00128,0.00230,0.19160,0.01739,0.03855,0.00358,0.03419,0.00480,0.60818,0.00000,0.00000,0.00000,0.00000,0.15890,0.00000,0.00000,0.00000,0.14852,0.00000,0.16470,0.00000,0.12992,0.00000,0.39796
51.13600,14,0.60226,0.00186,0.01567,0.01418,0.03779,0.00556,0.00923,0.00100,0.00167,0.14652,0.01362,0.10481,0.08702,0.12921,0.00371,0.42815,0.00000,0.00000,0.00000,0.00000,0.15890,0.00000,0.00000,0.00000,0.14852,0.00000,0.16470,0.00000,0.12992,0.00000,0.39795
51.15733,14,0.62311,0.00252,0.01126,0.01821,0.04188,0.00492,0.01043,0.00154,0.00156,0.10563,0.01219,0.16256,0.13786,0.18817,0.00275,0.29851,0.00000,0.00000,0.00000,0.00000,0.15890,0.00000,0.00000,0.00000,0.14852,0.00000,0.16470,0.00000,0.12992,0.00000,0.39795
51.17867,10,0.61259,0.00273,0.00796,0.01283,0.03256,0.01852,0.00750,0.00128,0.00145,0.07894,0.01324,0.24516,0.16987,0.19699,0.00238,0.20860,0.00000,0.00000,0.00000,0.00000,0.15890,0.00000,0.00000,0.00000,0.14852,0.00000,0.16470,0.00000,0.12992,0.00000,0.39795
51.20000,10,0.60677,0.00217,0.00805,0.01080,0.02277,0.15839,0.00522,0.00091,0.00107,0.06015,0.01486,0.29371,0.12057,0.14494,0.00978,0.14660,0.00000,0.00000,0.00000,0.00000,0.15890,0.00000,0.00000,0.00000,0.14852,0.00000,0.16470,0.00000,0.12992,0.00000,0.39795
51.22133,4,0.58957,0.00224,0.00689,0.01584,0.01583,0.25105,0.00371,0.00064,0.00084,0.08659,0.01465,0.22311,0.08378,0.10101,0.03583,0.15801,0.00000,0.00000,0.00000,0.00000,0.13913,0.00000,0.00000,0.00000,0.14187,0.00000,0.38800,0.09036,0.03514,0.09785,0.10765
51.24266,14,0.56182,0.00196,0.01012,0.01902,0.01140,0.17493,0.00459,0.00045,0.00059,0.15337,0.01831,0.15765,0.05833,0.07040,0.03174,0.28712,0.00000,0.00000,0.00000,0.00000,0.28277,0.05799,0.00000,0.00000,0.14466,0.00000,0.30169,0.05345,0.07069,0.05962,0.02912
51.26400,10,0.54117,0.00163,0.00758,0.01319,0.00857,0.12089,0.00379,0.00032,0.00085,0.12736,0.01722,0.25351,0.05209,0.16859,0.02266,0.20175,0.00000,0.00000,0.00000,0.00000,0.25770,0.04603,0.00000,0.00000,0.13271,0.00000,0.17482,0.01447,0.13381,0.01614,0.22433
51.28533,12,0.49995,0.00141,0.00541,0.00914,0.00654,0.08614,0.00335,0.00027,0.00097,0.09169,0.01288,0.18661,0.04178,0.39845,0.01583,0.13954,0.00000,0.00000,0.00000,0.00000,0.16774,0.01245,0.00000,0.00000,0.13428,0.00000,0.29482,0.06548,0.07594,0.06902,0.18026
51.30667,12,0.54860,0.00126,0.00485,0.00698,0.00944,0.06753,0.00632,0.00036,0.00244,0.08383,0.01085,0.16321,0.04481,0.48682,0.01172,0.09959,0.00000,0.00000,0.00000,0.00000,0.15087,0.00337,0.00000,0.00000,0.13624,0.00000,0.26113,0.10475,0.24279,0.05208,0.04877
51.32800,12,0.51606,0.00127,0.00453,0.00639,0.01204,0.06625,0.00596,0.00038,0.00561,0.07494,0.01055,0.15926,0.05627,0.51595,0.01027,0.07033,0.00000,0.00000,0.00000,0.00000,0.13474,0.00091,0.00000,0.00000,0.12613,0.00000,0.14762,0.11439,0.44892,0.01409,0.01319
51.34933,12,0.48593,0.00105,0.00827,0.03608,0.01394,0.11846,0.00462,0.00040,0.00478,0.12960,0.00813,0.14720,0.05274,0.41736,0.00845,0.04892,0.00000,0.00000,0.00000,0.00000,0.11817,0.00025,0.00000,0.00000,0.11885,0.00000,0.10521,0.11783,0.53231,0.00381,0.00357
51.37067,12,0.49322,0.00228,0.00906,0.05354,0.01993,0.11189,0.00569,0.00104,0.02027,0.22238,0.00684,0.11944,0.04076,0.31223,0.03814,0.03653,0.00000,0.00000,0.00000,0.00000,0.11001,0.00007,0.00000,0.00000,0.11862,0.00000,0.09057,0.12041,0.55834,0.00103,0.00097
51.39200,8,0.45634,0.00483,0.00806,0.04107,0.02548,0.09698,0.00482,0.00142,0.03562,0.31384,0.01304,0.09552,0.04047,0.26125,0.03011,0.02748,0.00000,0.00000,0.00000,0.00000,0.11019,0.00002,0.00000,0.00000,0.12438,0.00000,0.08972,0.12323,0.55193,0.00028,0.00026
51.41333,12,0.43879,0.00448,0.00589,0.02923,0.02277,0.07188,0.00425,0.00165,0.03663,0.26467,0.02187,0.09859,0.05040,0.34205,0.02222,0.02343,0.00000,0.00000,0.00000,0.00000,0.11313,0.00000,0.00000,0.00000,0.28195,0.00000,0.13339,0.12424,0.34715,0.00008,0.00007
51.43467,12,0.44003,0.00434,0.00459,0.02198,0.01633,0.05201,0.00381,0.00143,0.02729,0.22768,0.02525,0.09950,0.07482,0.40179,0.02058,0.01861,0.00000,0.00000,0.00000,0.00000,0.13188,0.00000,0.00000,0.00000,0.26403,0.00000,0.13776,0.11831,0.34798,0.00002,0.00002
51.45600,12,0.44075,0.00391,0.00341,0.01555,0.01176,0.04382,0.00324,0.00104,0.01955,0.21474,0.01967,0.11251,0.05948,0.33635,0.13915,0.01581,0.00000,0.00000,0.00000,0.00000,0.13431,0.00000,0.00000,0.00000,0.19802,0.00000,0.12610,0.11810,0.42346,0.00001,0.00001
51.47733,8,0.42329,0.00285,0.00348,0.01305,0.00885,0.03164,0.00239,0.00074,0.01376,0.43462,0.01395,0.09030,0.04152,0.23418,0.09706,0.01159,0.00000,0.00000,0.00000,0.00000,0.12294,0.00000,0.00000,0.00000,0.13965,0.00000,0.10403,0.11829,0.51508,0.00000,0.00000
51.49866,8,0.39581,0.00222,0.05718,0.19747,0.01198,0.04116,0.00380,0.00096,0.00963,0.31934,0.01004,0.07816,0.02911,0.16229,0.06786,0.00880,0.00000,0.00000,0.00000,0.00000,0.11526,0.00000,0.00000,0.00000,0.28158,0.00000,0.13530,0.12116,0.34669,0.00000,0.00000
51.52000,2,0.36380,0.00396,0.19408,0.23159,0.02010,0.05566,0.00615,0.00232,0.00674,0.22812,0.00733,0.05695,0.02012,0.11211,0.04735,0.00743,0.00000,0.00000,0.00000,0.00000,0.11188,0.00000,0.00000,0.00000,0.44884,0.00000,0.14524,0.11057,0.18346,0.00000,0.00000
51.54133,1,0.35632,0.00732,0.31837,0.18280,0.06351,0.07554,0.00692,0.00328,0.00480,0.16155,0.00560,0.03990,0.01389,0.07740,0.03276,0.00635,0.00000,0.00000,0.22472,0.00000,0.12301,0.00000,0.00000,0.00000,0.25607,0.05235,0.14695,0.05440,0.14251,0.00000,0.00000
51.56267,1,0.35438,0.00565,0.29972,0.13516,0.20944,0.05461,0.00524,0.00247,0.00370,0.15368,0.00657,0.02938,0.00975,0.05386,0.02265,0.00813,0.00000,0.22294,0.18415,0.00000,0.12701,0.00000,0.00000,0.00000,0.13174,0.04169,0.14880,0.01471,0.12895,0.00000,0.00000
51.58400,8,0.34464,0.00562,0.22538,0.09417,0.18126,0.03868,0.00420,0.00197,0.00311,0.30821,0.00775,0.04921,0.00707,0.04532,0.01575,0.01231,0.00000,0.45645,0.04982,0.00000,0.11100,0.00000,0.00000,0.00000,0.11375,0.01128,0.13837,0.00398,0.11535,0.00000,0.00000
51.60533,8,0.35830,0.00465,0.16387,0.06536,0.13020,0.02684,0.00310,0.00149,0.00257,0.42406,0.00769,0.09122,0.00590,0.04874,0.01120,0.01310,0.00000,0.26881,0.01349,0.00000,0.10685,0.00000,0.00000,0.00000,0.26910,0.00305,0.15454,0.06041,0.12376,0.00000,0.00000
51.62667,8,0.35766,0.00336,0.11533,0.04532,0.09379,0.01906,0.00244,0.00123,0.00203,0.45139,0.01265,0.11836,0.00573,0.07709,0.01286,0.03936,0.00000,0.07273,0.00365,0.00000,0.10960,0.00000,0.00000,0.00000,0.44546,0.00083,0.15045,0.09413,0.12315,0.00000,0.00000
51.64800,8,0.35623,0.00249,0.08412,0.03296,0.06873,0.01579,0.00396,0.00129,0.00153,0.48798,0.01448,0.12761,0.01043,0.06771,0.01595,0.06497,0.00000,0.01968,0.00099,0.00000,0.11312,0.00000,0.00000,0.00000,0.51786,0.00022,0.13536,0.09548,0.11729,0.00000,0.00000
51.66933,8,0.35003,0.00177,0.05900,0.02345,0.04833,0.01216,0.00585,0.00100,0.00109,0.37900,0.02929,0.23515,0.03582,0.10100,0.01486,0.05224,0.00000,0.00532,0.00027,0.00000,0.12111,0.00000,0.00000,0.00000,0.53492,0.00006,0.12757,0.09475,0.11600,0.00000,0.00000
51.69067,8,0.32915,0.00152,0.04111,0.01655,0.03389,0.02172,0.00485,0.00133,0.00090,0.26494,0.03954,0.23585,0.06046,0.20807,0.01523,0.05403,0.00000,0.00144,0.00007,0.00000,0.13255,0.00000,0.00000,0.00000,0.51816,0.00002,0.12909,0.09845,0.12023,0.00000,0.00000
51.71200,10,0.32029,0.00163,0.03691,0.01397,0.02373,0.02827,0.00520,0.00123,0.00145,0.19118,0.06199,0.24753,0.12612,0.20339,0.01893,0.03846,0.00000,0.00039,0.00002,0.00000,0.14512,0.00000,0.00000,0.00000,0.48177,0.00000,0.13754,0.10664,0.12853,0.00000,0.00000
51.73333,12,0.31524,0.00253,0.06631,0.01716,0.01662,0.02959,0.00482,0.00103,0.00340,0.14511,0.09259,0.20341,0.13747,0.21291,0.03180,0.03526,0.00000,0.00020,0.00001,0.00000,0.15100,0.00000,0.00000,0.00000,0.46007,0.00000,0.14326,0.11191,0.13355,0.00000,0.00000
51.75467,11,0.30985,0.00498,0.05373,0.01735,0.01179,0.03323,0.01159,0.00123,0.00417,0.11470,0.14416,0.17891,0.18705,0.17925,0.03131,0.02654,0.00000,0.00005,0.00000,0.00000,0.13699,0.00000,0.00000,0.00000,0.22616,0.00000,0.38219,0.12063,0.03613,0.09785,0.00000
51.77600,9,0.30834,0.00962,0.04537,0.01485,0.00850,0.02584,0.02342,0.00398,0.01446,0.08272,0.27064,0.15291,0.15019,0.15121,0.02543,0.02086,0.00000,0.00001,0.00000,0.00000,0.13645,0.00000,0.00000,0.00000,0.15299,0.00000,0.20800,0.27508,0.20099,0.02647,0.00000
51.79733,8,0.29680,0.01188,0.09557,0.01151,0.00619,0.03675,0.03094,0.00288,0.01072,0.21074,0.20246,0.11423,0.11005,0.12211,0.01801,0.01597,0.00000,0.00000,0.00000,0.00000,0.13918,0.00000,0.00000,0.00000,0.13209,0.21090,0.17172,0.19260,0.14634,0.00716,0.00000
51.81866,8,0.28060,0.02440,0.07872,0.01112,0.00492,0.10392,0.07801,0.00383,0.00854,0.26223,0.14643,0.08577,0.07896,0.08921,0.01254,0.01140,0.00000,0.00000,0.00000,0.00000,0.13024,0.00000,0.00000,0.00000,0.28055,0.16943,0.17127,0.11147,0.13510,0.00194,0.00000
51.84000,8,0.27511,0.08136,0.05855,0.01057,0.00367,0.13701,0.05537,0.00276,0.00627,0.24337,0.10498,0.09210,0.05826,0.06832,0.04770,0.02971,0.00000,0.00000,0.00000,0.00000,0.11593,0.00000,0.00000,0.00000,0.44853,0.04586,0.15498,0.10795,0.12622,0.00052,0.00000
51.86133,10,0.27611,0.05776,0.04167,0.00742,0.00257,0.11418,0.03882,0.00191,0.00433,0.18462,0.07284,0.18928,0.04094,0.04968,0.16522,0.02877,0.00000,0.00000,0.00000,0.00000,0.11483,0.00000,0.00000,0.00000,0.51869,0.01241,0.13659,0.09922,0.11812,0.00014,0.00000
51.88267,13,0.28380,0.04075,0.03113,0.00554,0.00183,0.08665,0.02799,0.00133,0.00300,0.14207,0.05155,0.16837,0.03020,0.03743,0.32494,0.04719,0.00000,0.00000,0.00000,0.00000,0.12808,0.00000,0.00000,0.00000,0.34390,0.00336,0.28760,0.11185,0.06052,0.06469,0.00000
51.90400,8,0.31370,0.02845,0.02159,0.00394,0.00196,0.06069,0.02683,0.00156,0.00809,0.28456,0.05656,0.15194,0.03132,0.04312,0.24549,0.03392,0.00000,0.00000,0.00000,0.00000,0.12064,0.00000,0.00000,0.00000,0.18878,0.00091,0.29680,0.06060,0.01637,0.26186,0.05404
51.92533,8,0.30509,0.01973,0.01495,0.00276,0.00226,0.04360,0.01874,0.00109,0.00565,0.49958,0.03928,0.10579,0.02283,0.03043,0.16982,0.02350,0.00000,0.00000,0.00000,0.00000,0.11290,0.00000,0.00000,0.00000,0.29730,0.00025,0.21439,0.07575,0.07014,0.18794,0.04134
51.94667,8,0.27473,0.01410,0.01046,0.00473,0.06023,0.06219,0.01359,0.00143,0.00507,0.55585,0.02723,0.07353,0.01593,0.02216,0.11723,0.01627,0.00000,0.00000,0.00000,0.00000,0.11124,0.00000,0.00000,0.00000,0.45306,0.00007,0.16665,0.09828,0.10863,0.05087,0.01119
51.96800,8,0.26491,0.02863,0.00891,0.00636,0.06220,0.15991,0.01194,0.00179,0.00816,0.52137,0.01905,0.05186,0.01123,0.01620,0.08108,0.01129,0.00000,0.00000,0.00000,0.00000,0.11356,0.00000,0.00000,0.00000,0.51992,0.00002,0.13975,0.09661,0.11337,0.01376,0.00303
51.98933,8,0.28987,0.02009,0.00876,0.00635,0.08327,0.11963,0.03356,0.00134,0.00581,0.37420,0.02733,0.16884,0.02168,0.06099,0.05792,0.01023,0.00000,0.00000,0.00000,0.00000,0.11680,0.00000,0.00000,0.00000,0.53274,0.00001,0.13253,0.09530,0.11388,0.00716,0.00157
52.01067,8,0.32878,0.01472,0.01000,0.01251,0.12224,0.08451,0.02646,0.00102,0.00412,0.27122,0.07145,0.20262,0.02602,0.09998,0.04039,0.01274,0.00000,0.00000,0.00000,0.00000,0.12659,0.00000,0.00000,0.00000,0.53009,0.00000,0.12788,0.09613,0.11694,0.00194,0.00043
52.03200,10,0.32178,0.01091,0.00848,0.02275,0.10067,0.05896,0.01902,0.00087,0.00307,0.19285,0.05250,0.31462,0.05359,0.12264,0.02812,0.01095,0.00000,0.00000,0.00000,0.00000,0.13887,0.00000,0.00000,0.00000,0.50171,0.00000,0.13282,0.10211,0.12385,0.00052,0.00012
52.05333,10,0.31007,0.00817,0.00612,0.01760,0.07101,0.04394,0.01561,0.00189,0.00271,0.13856,0.03831,0.35755,0.10569,0.16525,0.01958,0.00801,0.00000,0.00000,0.00000,0.00000,0.14247,0.00000,0.00000,0.00000,0.31774,0.00000,0.29111,0.11704,0.06681,0.06480,0.00003
52.07467,10,0.30876,0.00659,0.00930,0.01307,0.04954,0.03641,0.01242,0.00159,0.00205,0.10095,0.02794,0.27855,0.15497,0.21598,0.05793,0.03272,0.00000,0.00000,0.00000,0.00000,0.12823,0.00000,0.00000,0.00000,0.18795,0.00000,0.43331,0.11777,0.01808,0.11466,0.00001
52.09600,10,0.31903,0.00473,0.02283,0.01061,0.03436,0.02661,0.00880,0.00114,0.00224,0.07779,0.01965,0.22826,0.18283,0.19412,0.08470,0.10130,0.00000,0.00000,0.00000,0.00000,0.12040,0.00000,0.00000,0.00000,0.15646,0.00000,0.47937,0.11227,0.00489,0.12660,0.00000
52.11733,11,0.32479,0.00364,0.02112,0.01050,0.02453,0.04236,0.00632,0.00090,0.01162,0.08006,0.01473,0.19869,0.28546,0.15141,0.07730,0.07134,0.00000,0.00000,0.00000,0.00000,0.12379,0.00000,0.00000,0.00000,0.15435,0.00000,0.48388,0.10828,0.00132,0.12837,0.00000
52.13866,11,0.31453,0.00327,0.01720,0.01484,0.01879,0.04600,0.00875,0.00130,0.05383,0.11728,0.01403,0.19379,0.27084,0.12161,0.06814,0.05034,0.00000,0.00000,0.00000,0.00000,0.12835,0.00000,0.00000,0.00000,0.13971,0.00000,0.32051,0.26881,0.07597,0.06666,0.00000
52.16000,8,0.31250,0.00315,0.02203,0.02388,0.01609,0.04048,0.01927,0.00110,0.04727,0.23193,0.01357,0.19926,0.19794,0.09045,0.05724,0.03632,0.00000,0.00000,0.00000,0.00000,0.12069,0.00000,0.00000,0.00000,0.13095,0.00000,0.18484,0.42836,0.11713,0.01803,0.00000
52.18133,8,0.31114,0.00351,0.05764,0.03538,0.01166,0.03473,0.01839,0.00082,0.03374,0.29110,0.01328,0.16648,0.13792,0.06383,0.06460,0.06691,0.00000,0.00000,0.00000,0.00000,0.11589,0.00000,0.00000,0.00000,0.28411,0.00000,0.16625,0.30236,0.12651,0.00488,0.00000
52.20267,8,0.30901,0.00345,0.04297,0.03834,0.00869,0.02572,0.02080,0.00060,0.02392,0.30603,0.01524,0.12221,0.09541,0.04437,0.14999,0.10226,0.00000,0.00000,0.00000,0.00000,0.11205,0.00000,0.00000,0.00000,0.44952,0.00000,0.15362,0.15960,0.12389,0.00132,0.00000
52.22400,8,0.30880,0.00555,0.03491,0.02981,0.00680,0.02024,0.01758,0.00052,0.01783,0.40743,0.01892,0.09313,0.06699,0.03160,0.14733,0.10137,0.00000,0.00000,0.00000,0.00000,0.11378,0.00000,0.00000,0.00000,0.51896,0.00000,0.13622,0.11319,0.11749,0.00036,0.00000
52.24533,8,0.30450,0.00781,0.02971,0.02088,0.00516,0.01451,0.01578,0.00042,0.01294,0.42698,0.01599,0.07585,0.08334,0.06469,0.10548,0.12045,0.00000,0.00000,0.00000,0.00000,0.12129,0.00000,0.00000,0.00000,0.53522,0.00000,0.12780,0.09954,0.11606,0.00010,0.00000
52.26667,8,0.32390,0.00567,0.02110,0.01443,0.00364,0.01005,0.01130,0.00030,0.00901,0.31231,0.01138,0.08672,0.14361,0.21131,0.07419,0.08496,0.00000,0.00000,0.00000,0.00000,0.12662,0.00000,0.00000,0.00000,0.52995,0.00000,0.12738,0.09847,0.11752,0.00005,0.00000
52.28800,11,0.33218,0.00393,0.01463,0.00997,0.00253,0.00696,0.00811,0.00021,0.00622,0.21962,0.00804,0.08936,0.34703,0.17316,0.05139,0.05884,0.00000,0.00000,0.00000,0.00000,0.13888,0.00000,0.00000,0.00000,0.50167,0.00000,0.13269,0.10274,0.12400,0.00001,0.00000
52.30933,11,0.34201,0.00273,0.01045,0.00689,0.00175,0.00483,0.00809,0.00017,0.00430,0.16311,0.00562,0.06763,0.50322,0.14489,0.03549,0.04081,0.00000,0.00000,0.00000,0.00000,0.13659,0.00000,0.00000,0.00000,0.30851,0.00000,0.14383,0.26860,0.14247,0.00000,0.00000
52.33067,11,0.36408,0.00192,0.00764,0.00476,0.00122,0.00336,0.01162,0.00015,0.00298,0.12329,0.00414,0.04903,0.63026,0.10677,0.02464,0.02823,0.00000,0.00000,0.00000,0.00000,0.12292,0.00000,0.00000,0.00000,0.17662,0.00000,0.13704,0.42831,0.13512,0.00000,0.00000
52.35200,11,0.37231,0.00169,0.01342,0.00356,0.00088,0.00263,0.22888,0.00040,0.00238,0.12654,0.00363,0.03491,0.46521,0.07909,0.01721,0.01957,0.00000,0.00000,0.00000,0.00000,0.11761,0.00000,0.00000,0.00000,0.14973,0.00000,0.12454,0.49071,0.11741,0.00000,0.00000
52.37333,5,0.40217,0.00185,0.01371,0.00276,0.00080,0.00216,0.37774,0.00153,0.00642,0.14567,0.00347,0.02481,0.33018,0.06332,0.01193,0.01363,0.00000,0.00000,0.00000,0.00000,0.12077,0.00000,0.00000,0.00000,0.15305,0.00000,0.11387,0.50920,0.10310,0.00000,0.00000
52.39466,5,0.40095,0.00154,0.00984,0.00195,0.00061,0.00200,0.31704,0.00124,0.00461,0.12413,0.00250,0.01985,0.24222,0.25394,0.00825,0.01029,0.00000,0.00000,0.00000,0.00000,0.13087,0.22298,0.00000,0.00000,0.13605,0.00000,0.12063,0.26449,0.12498,0.00000,0.00000
52.41600,12,0.35802,0.00159,0.00680,0.00136,0.00049,0.00177,0.22433,0.00088,0.00320,0.08642,0.00180,0.01405,0.17996,0.46449,0.00571,0.00715,0.00000,0.00000,0.00000,0.00000,0.12236,0.45405,0.00000,0.00000,0.10403,0.00000,0.12100,0.07159,0.12697,0.00000,0.00000
52.43733,12,0.31286,0.00242,0.00470,0.00095,0.00062,0.00133,0.16608,0.00061,0.00222,0.05968,0.00143,0.01035,0.12800,0.61266,0.00397,0.00499,0.00000,0.00000,0.00000,0.00000,0.13415,0.26664,0.00000,0.00000,0.11395,0.00000,0.12422,0.07606,0.28498,0.00000,0.00000
52.45867,12,0.27914,0.00531,0.00334,0.00129,0.00160,0.00158,0.32755,0.01458,0.00746,0.04252,0.00224,0.00799,0.11067,0.46734,0.00298,0.00354,0.00000,0.00000,0.00000,0.00000,0.13022,0.07211,0.00000,0.00000,0.12010,0.00000,0.11059,0.10663,0.46035,0.00000,0.00000
52.48000,12,0.26245,0.01721,0.00252,0.00222,0.00120,0.00120,0.24521,0.02306,0.00623,0.04800,0.01627,0.00613,0.23983,0.38006,0.00805,0.00280,0.00000,0.00000,0.00000,0.00000,0.11695,0.01951,0.00000,0.00000,0.11722,0.00000,0.09519,0.11573,0.53540,0.00000,0.00000
52.50133,12,0.25015,0.03543,0.00176,0.00170,0.00084,0.00086,0.17024,0.19111,0.00543,0.03582,0.01821,0.00519,0.25114,0.27073,0.00950,0.00202,0.00000,0.00000,0.00000,0.00000,0.10968,0.00528,0.00000,0.00000,0.11818,0.00000,0.08786,0.11984,0.55917,0.00000,0.00000
52.52267,11,0.24574,0.15653,0.00152,0.00285,0.00075,0.00141,0.12020,0.18693,0.00863,0.03245,0.02561,0.00981,0.23019,0.20254,0.01777,0.00280,0.00000,0.00000,0.00000,0.00000,0.10901,0.00275,0.00000,0.00000,0.12066,0.00000,0.08747,0.12148,0.55863,0.00000,0.00000
52.54400,0,0.24416,0.23508,0.00483,0.00496,0.00978,0.01335,0.10173,0.14970,0.00975,0.02943,0.05068,0.01063,0.20057,0.15196,0.01399,0.01357,0.00000,0.00000,0.00000,0.00000,0.11263,0.00074,0.00000,0.00000,0.12869,0.00000,0.09208,0.12465,0.54121,0.00000,0.00000
52.56533,0,0.23739,0.29134,0.00676,0.01745,0.01874,0.01492,0.09492,0.11331,0.01438,0.02254,0.04764,0.01605,0.18436,0.11598,0.01308,0.02853,0.00000,0.00000,0.00000,0.00000,0.11969,0.00039,0.00000,0.00000,0.12484,0.00000,0.12017,0.27779,0.35712,0.00000,0.00000
52.58667,0,0.22824,0.29600,0.00728,0.03974,0.02161,0.01764,0.07725,0.14515,0.04822,0.01705,0.03495,0.01788,0.14466,0.08538,0.01325,0.03393,0.00000,0.00000,0.00000,0.00000,0.11969,0.00039,0.00000,0.00000,0.12484,0.00000,0.12017,0.27779,0.35712,0.00000,0.00000
52.60800,0,0.21553,0.25906,0.01456,0.04542,0.03373,0.03072,0.07084,0.16616,0.05002,0.01545,0.03118,0.03418,0.12555,0.06498,0.01381,0.04434,0.00000,0.00000,0.00000,0.00000,0.11969,0.00039,0.00000,0.00000,0.12484,0.00000,0.12017,0.27779,0.35712,0.00000,0.00000
52.62933,0,0.20415,0.21911,0.02089,0.04096,0.04423,0.03199,0.07946,0.16903,0.04330,0.01563,0.02839,0.05524,0.13013,0.05130,0.01349,0.05684,0.00000,0.00000,0.00000,0.00000,0.11969,0.00039,0.00000,0.00000,0.12484,0.00000,0.12017,0.27779,0.35712,0.00000,0.00000
52.65067,0,0.20055,0.19281,0.02562,0.04550,0.04624,0.03307,0.07383,0.18107,0.03794,0.01498,0.02942,0.07698,0.11956,0.03943,0.01617,0.06738,0.00000,0.00000,0.00000,0.00000,0.11969,0.00039,0.00000,0.00000,0.12484,0.00000,0.12017,0.27779,0.35712,0.00000,0.00000
52.67200,6,0.20035,0.15536,0.03236,0.05719,0.05034,0.03051,0.07485,0.16534,0.03468,0.01537,0.03033,0.08972,0.11111,0.03021,0.02371,0.09891,0.03541,0.00000,0.00000,0.00000,0.11545,0.00037,0.00000,0.00000,0.12042,0.00000,0.11592,0.26796,0.34448,0.00000,0.00000
52.69333,6,0.19148,0.14441,0.03259,0.06904,0.05228,0.02757,0.06917,0.19204,0.03710,0.01354,0.02594,0.09572,0.10507,0.02468,0.02472,0.08613,0.07940,0.00000,0.00000,0.00000,0.13742,0.00017,0.21948,0.05761,0.05501,0.00000,0.10094,0.12241,0.22756,0.00000,0.00000
52.71466,6,0.16575,0.14432,0.03479,0.08485,0.06163,0.02525,0.06133,0.16333,0.04025,0.01337,0.02115,0.11065,0.11846,0.02252,0.02832,0.06978,0.02148,0.00000,0.00000,0.00000,0.14877,0.00005,0.42319,0.09516,0.01488,0.00000,0.10481,0.03312,0.15854,0.00000,0.00000
52.73600,11,0.14041,0.12974,0.04034,0.09269,0.07571,0.02197,0.05356,0.12003,0.04156,0.01540,0.01885,0.12428,0.15676,0.02111,0.03154,0.05646,0.00581,0.00000,0.00000,0.00000,0.13552,0.00001,0.50090,0.09786,0.00403,0.00000,0.11419,0.00896,0.13271,0.00000,0.00000
52.75733,10,0.14040,0.09856,0.03763,0.07619,0.07190,0.01801,0.04690,0.08704,0.03234,0.01886,0.01491,0.20418,0.20131,0.01890,0.02964,0.04364,0.00157,0.00000,0.00000,0.00000,0.12744,0.00000,0.27048,0.04986,0.05899,0.00000,0.13484,0.21538,0.14142,0.00000,0.00000
52.77867,10,0.30619,0.06801,0.02604,0.05258,0.04965,0.01243,0.03270,0.06006,0.02231,0.01313,0.01030,0.37620,0.21248,0.01310,0.02083,0.03017,0.00043,0.00000,0.00000,0.00000,0.13154,0.00000,0.07318,0.01349,0.11414,0.00000,0.29103,0.23801,0.07354,0.06466,0.00000
52.80000,10,0.35785,0.04694,0.02156,0.03651,0.03427,0.00872,0.02259,0.04145,0.01540,0.02387,0.00721,0.53294,0.15760,0.00908,0.01537,0.02651,0.00022,0.00000,0.00000,0.00000,0.12971,0.00000,0.03806,0.00702,0.12614,0.00000,0.38062,0.18213,0.03825,0.09785,0.00000
52.82133,10,0.40617,0.03239,0.16299,0.02819,0.02366,0.00703,0.01559,0.02860,0.01063,0.09137,0.00511,0.44983,0.10903,0.00627,0.01061,0.01871,0.00006,0.00000,0.00000,0.00000,0.12142,0.00000,0.01030,0.00190,0.13746,0.00000,0.46359,0.13208,0.01035,0.12284,0.00000
52.84267,1,0.45351,0.02235,0.39438,0.01977,0.01653,0.00513,0.01077,0.01973,0.00733,0.08689,0.00383,0.31253,0.07527,0.00435,0.00733,0.01381,0.00002,0.00000,0.00000,0.00000,0.12031,0.00000,0.00279,0.00051,0.14577,0.00000,0.48521,0.11454,0.00280,0.12806,0.00000
52.86400,1,0.46025,0.01569,0.44439,0.01380,0.01838,0.00360,0.03856,0.01362,0.00507,0.07100,0.00294,0.24985,0.06834,0.03932,0.00512,0.01032,0.00000,0.22282,0.00000,0.00000,0.12762,0.00000,0.00075,0.00014,0.14067,0.00000,0.32515,0.05760,0.05844,0.06680,0.00000
52.88533,1,0.45340,0.01090,0.32008,0.01063,0.30355,0.00255,0.02695,0.00941,0.00354,0.05206,0.00205,0.17288,0.04718,0.02734,0.00354,0.00733,0.00000,0.45642,0.00000,0.00000,0.11116,0.00000,0.00020,0.00004,0.11616,0.00000,0.18608,0.01558,0.09628,0.01807,0.00000
52.90667,3,0.45467,0.00753,0.22118,0.00734,0.50936,0.00179,0.01877,0.00649,0.00246,0.03695,0.00143,0.12754,0.03259,0.01904,0.00245,0.00508,0.00000,0.55443,0.00000,0.00000,0.09144,0.00000,0.00006,0.00001,0.09683,0.00000,0.14305,0.00422,0.10507,0.00489,0.00000
52.92800,3,0.43995,0.00529,0.16153,0.00525,0.58534,0.00166,0.01398,0.00449,0.00175,0.04624,0.00184,0.12926,0.02281,0.01490,0.00177,0.00388,0.06818,0.29949,0.00000,0.19932,0.12093,0.00000,0.00001,0.00000,0.12346,0.00000,0.12979,0.00114,0.05635,0.00132,0.00000
52.94933,3,0.44065,0.00367,0.11212,0.00366,0.41259,0.00130,0.00973,0.00310,0.00121,0.03697,0.00148,0.37829,0.01578,0.01075,0.00605,0.00331,0.11081,0.08103,0.00000,0.36626,0.14404,0.00000,0.00000,0.00000,0.13875,0.00000,0.14320,0.00031,0.01525,0.00036,0.00000
52.97066,10,0.43091,0.00265,0.07814,0.00262,0.28818,0.00098,0.00738,0.00214,0.00085,0.02966,0.01162,0.50104,0.01124,0.00926,0.05128,0.00296,0.11546,0.02192,0.00000,0.41633,0.14494,0.00000,0.00000,0.00000,0.13211,0.00000,0.16493,0.00008,0.00412,0.00010,0.00000
52.99200,10,0.42753,0.00237,0.06468,0.00233,0.21409,0.00133,0.01285,0.00154,0.00152,0.14020,0.08186,0.37755,0.00962,0.01149,0.06921,0.00936,0.06011,0.00593,0.00000,0.22120,0.14159,0.00000,0.00000,0.00000,0.13318,0.00000,0.31060,0.06159,0.00112,0.06468,0.00000
53.01333,8,0.42061,0.00251,0.04870,0.00312,0.16603,0.00287,0.02553,0.00145,0.00478,0.30365,0.07975,0.27351,0.00709,0.01044,0.06205,0.00852,0.01626,0.00161,0.00000,0.05984,0.12799,0.00000,0.00000,0.00000,0.13799,0.00000,0.43861,0.10276,0.00030,0.11463,0.00000
53.03467,8,0.41789,0.00321,0.04138,0.00299,0.18636,0.00575,0.02334,0.00104,0.00412,0.37740,0.06108,0.21422,0.00612,0.01677,0.04849,0.00772,0.00440,0.00043,0.00000,0.01619,0.11841,0.00000,0.00000,0.00000,0.28790,0.00000,0.32783,0.11515,0.06580,0.06388,0.00000
53.05600,10,0.42214,0.00295,0.03189,0.00217,0.13172,0.00458,0.01846,0.00073,0.00298,0.29956,0.04798,0.31817,0.01759,0.04687,0.06761,0.00675,0.00229,0.00023,0.00000,0.00842,0.11479,0.00000,0.00000,0.00000,0.38543,0.00000,0.24655,0.11373,0.09534,0.03323,0.00000
53.07733,10,0.41862,0.00246,0.02760,0.00181,0.09186,0.00594,0.01438,0.00053,0.00219,0.22779,0.03828,0.46500,0.01718,0.04300,0.05553,0.00647,0.00062,0.00006,0.00000,0.00228,0.11247,0.00000,0.00000,0.00000,0.49320,0.00000,0.16688,0.10373,0.11176,0.00899,0.00000
53.09867,10,0.40981,0.00207,0.02315,0.00154,0.06514,0.00976,0.03709,0.00059,0.00331,0.18028,0.04064,0.51703,0.01384,0.04627,0.05088,0.00842,0.00017,0.00002,0.00000,0.00062,0.12656,0.00000,0.00000,0.00000,0.23517,0.00000,0.38854,0.11842,0.03025,0.10026,0.00000
53.12000,10,0.40466,0.00235,0.01680,0.00117,0.04582,0.01261,0.03017,0.00060,0.00471,0.31160,0.03766,0.43348,0.01193,0.04068,0.04314,0.00729,0.00005,0.00000,0.00000,0.00017,0.12057,0.00000,0.00000,0.00000,0.16696,0.00000,0.46573,0.11485,0.00818,0.12349,0.00000
53.14133,10,0.42273,0.00202,0.01208,0.00092,0.03518,0.01528,0.04053,0.00044,0.00334,0.30635,0.02620,0.34500,0.04925,0.12628,0.03126,0.00586,0.00001,0.00000,0.00000,0.00005,0.12008,0.00000,0.00000,0.00000,0.15375,0.00000,0.48579,0.10987,0.00221,0.12823,0.00000
53.16267,10,0.44471,0.00159,0.00846,0.00067,0.02485,0.01101,0.03249,0.00031,0.00237,0.23921,0.01820,0.27471,0.08777,0.26554,0.02755,0.00526,0.00000,0.00000,0.00000,0.00001,0.12910,0.00000,0.00000,0.00000,0.15734,0.00000,0.47738,0.10737,0.00060,0.12820,0.00000
53.18400,12,0.42820,0.00131,0.00787,0.00790,0.01808,0.01389,0.02301,0.00027,0.00434,0.21801,0.01481,0.24416,0.07370,0.30836,0.03275,0.03153,0.00000,0.00000,0.00000,0.00000,0.14576,0.00000,0.00000,0.00000,0.16574,0.00000,0.45322,0.10772,0.00016,0.12738,0.00000
53.20533,8,0.43830,0.00122,0.02102,0.01435,0.03158,0.01966,0.01806,0.00058,0.00344,0.27466,0.01497,0.18361,0.05462,0.22778,0.03547,0.09898,0.00000,0.00000,0.00000,0.00000,0.15470,0.00000,0.00000,0.00000,0.15368,0.00000,0.29000,0.11328,0.22217,0.06617,0.00000
53.22667,10,0.43380,0.00246,0.01859,0.01975,0.03151,0.02093,0.01875,0.00071,0.00262,0.20167,0.01506,0.28760,0.04528,0.21570,0.02853,0.09083,0.00000,0.00000,0.00000,0.00000,0.13055,0.00000,0.00000,0.00000,0.28812,0.00000,0.19207,0.11943,0.25193,0.01790,0.00000
53.24800,10,0.42586,0.00306,0.01521,0.02159,0.04526,0.01840,0.02445,0.00066,0.00203,0.14795,0.01849,0.30065,0.04564,0.20729,0.02804,0.12130,0.00000,0.00000,0.00000,0.00000,0.12998,0.00000,0.00000,0.00000,0.26766,0.00000,0.31103,0.12188,0.09995,0.06950,0.00000
53.26933,10,0.42424,0.00345,0.01131,0.01739,0.04179,0.01496,0.02660,0.00055,0.00164,0.10707,0.02588,0.34497,0.05608,0.19435,0.03541,0.11855,0.00000,0.00000,0.00000,0.00000,0.12484,0.00000,0.00000,0.00000,0.17437,0.00000,0.43874,0.11907,0.02704,0.11594,0.00000
53.29066,10,0.40403,0.00450,0.07332,0.03350,0.02960,0.01234,0.01878,0.00044,0.00135,0.10596,0.03052,0.34160,0.05051,0.17910,0.03043,0.08807,0.00000,0.00000,0.00000,0.00000,0.11949,0.00000,0.00000,0.00000,0.15279,0.00000,0.48084,0.11262,0.00731,0.12695,0.00000
53.31200,10,0.38594,0.00539,0.12202,0.15217,0.02175,0.00975,0.01544,0.00045,0.00119,0.10403,0.03187,0.28397,0.03648,0.12879,0.02283,0.06386,0.00000,0.00000,0.00000,0.00000,0.12355,0.00000,0.00000,0.00000,0.15336,0.00000,0.48428,0.10838,0.00198,0.12846,0.00000
53.33333,10,0.38098,0.01193,0.16290,0.15860,0.01899,0.01694,0.01173,0.00081,0.00107,0.14490,0.04953,0.20589,0.02574,0.09005,0.01776,0.08317,0.00000,0.00000,0.00000,0.00000,0.12914,0.00000,0.00000,0.00000,0.15676,0.00000,0.47743,0.10744,0.00103,0.12820,0.00000
53.35467,1,0.37840,0.01671,0.16614,0.13628,0.01922,0.01462,0.01304,0.00071,0.00143,0.13274,0.10788,0.16445,0.02025,0.08667,0.01481,0.10504,0.00000,0.00000,0.00000,0.00000,0.14578,0.00000,0.00000,0.00000,0.16558,0.00000,0.45324,0.10774,0.00028,0.12738,0.00000
53.37600,8,0.36439,0.01542,0.13713,0.10221,0.01471,0.01595,0.01087,0.00082,0.00152,0.21793,0.08384,0.17939,0.02259,0.10815,0.01153,0.07793,0.00000,0.22294,0.00000,0.00000,0.14445,0.00000,0.00000,0.00000,0.15092,0.00000,0.30117,0.05660,0.05779,0.06613,0.00000
53.39733,8,0.34828,0.01288,0.11325,0.07269,0.01338,0.01891,0.00876,0.00089,0.00137,0.41656,0.05838,0.12642,0.01587,0.07754,0.00818,0.05491,0.00000,0.18955,0.00000,0.00000,0.12214,0.00000,0.00000,0.00000,0.28450,0.00000,0.20170,0.07467,0.10955,0.01789,0.00000
53.41867,8,0.33731,0.01064,0.09470,0.05043,0.01344,0.01836,0.00737,0.00069,0.00103,0.56191,0.04344,0.08763,0.01099,0.05378,0.00570,0.03990,0.00000,0.05128,0.00000,0.00000,0.11374,0.00000,0.00000,0.00000,0.44963,0.00000,0.16321,0.09799,0.11930,0.00484,0.00000
53.44000,8,0.32383,0.01845,0.07637,0.03642,0.01372,0.01581,0.01512,0.00051,0.00102,0.58780,0.03785,0.10119,0.01274,0.04830,0.00505,0.02964,0.00000,0.01388,0.00000,0.00000,0.11423,0.00000,0.00000,0.00000,0.51897,0.00000,0.13882,0.09653,0.11625,0.00131,0.00000
53.46133,8,0.32282,0.01889,0.05754,0.02576,0.01076,0.01523,0.01341,0.00049,0.00272,0.51241,0.04710,0.11781,0.01234,0.07026,0.00551,0.08978,0.00000,0.00376,0.00000,0.00000,0.12141,0.00000,0.00000,0.00000,0.53522,0.00000,0.12850,0.09504,0.11572,0.00035,0.00000
53.48267,8,0.32503,0.01366,0.04048,0.01837,0.00887,0.01272,0.01004,0.00048,0.01178,0.45844,0.03692,0.15730,0.01537,0.13923,0.00538,0.07098,0.00000,0.00102,0.00000,0.00000,0.13263,0.00000,0.00000,0.00000,0.51824,0.00000,0.12934,0.09853,0.12016,0.00010,0.00000
53.50400,8,0.33673,0.00951,0.02809,0.01291,0.00716,0.00998,0.00711,0.00039,0.00906,0.36009,0.03211,0.23132,0.01834,0.21452,0.00611,0.05328,0.00000,0.00027,0.00000,0.00000,0.14514,0.00000,0.00000,0.00000,0.48179,0.00000,0.13761,0.10666,0.12851,0.00003,0.00000
53.52533,8,0.32506,0.00697,0.04826,0.01622,0.00667,0.02169,0.00536,0.00093,0.00705,0.37957,0.02350,0.24371,0.01853,0.17830,0.00445,0.03880,0.00000,0.00007,0.00000,0.00000,0.15617,0.00000,0.00000,0.00000,0.43796,0.00000,0.14937,0.11764,0.13878,0.00001,0.00000
53.54667,8,0.34256,0.00503,0.05345,0.01620,0.02824,0.13585,0.01066,0.00131,0.00537,0.39150,0.01654,0.16909,0.01287,0.12374,0.00310,0.02705,0.00000,0.00002,0.00000,0.00000,0.16291,0.00000,0.00000,0.00000,0.39841,0.00000,0.16063,0.12930,0.14873,0.00000,0.00000
53.56800,8,0.33754,0.00389,0.06103,0.01246,0.02403,0.14715,0.01060,0.00155,0.00388,0.46709,0.01325,0.12226,0.00917,0.10084,0.00223,0.02056,0.00000,0.00001,0.00000,0.00000,0.16353,0.00000,0.00000,0.00000,0.37600,0.00000,0.16626,0.13903,0.15517,0.00000,0.00000
53.58933,8,0.34612,0.00275,0.04333,0.00891,0.02135,0.10819,0.00752,0.00139,0.00279,0.58188,0.02056,0.09785,0.00663,0.07507,0.00164,0.02013,0.00000,0.00000,0.00000,0.00000,0.16268,0.00000,0.00000,0.00000,0.37211,0.00000,0.16605,0.14280,0.15636,0.00000,0.00000
53.61066,8,0.34491,0.00195,0.03048,0.00630,0.01565,0.08027,0.00532,0.00144,0.00203,0.60420,0.04652,0.10908,0.00511,0.06605,0.00128,0.02434,0.00000,0.00000,0.00000,0.00000,0.16026,0.00000,0.00000,0.00000,0.36946,0.00000,0.16346,0.14954,0.15728,0.00000,0.00000
53.63200,8,0.36720,0.00149,0.02219,0.00463,0.01282,0.06272,0.00481,0.00173,0.00157,0.53057,0.07593,0.13964,0.00533,0.08485,0.00734,0.04438,0.00000,0.00000,0.00000,0.00000,0.15808,0.00000,0.00000,0.00000,0.36912,0.00000,0.16064,0.15465,0.15751,0.00000,0.00000
53.65333,8,0.35621,0.00113,0.01631,0.00397,0.01182,0.04766,0.00620,0.00161,0.00125,0.53753,0.08897,0.12115,0.01317,0.08331,0.01295,0.05298,0.00000,0.00000,0.00000,0.00000,0.15743,0.00000,0.00000,0.00000,0.36904,0.00000,0.15980,0.15616,0.15757,0.00000,0.00000
53.67467,8,0.34618,0.00103,0.01281,0.00441,0.01013,0.03380,0.00719,0.00141,0.00091,0.42253,0.07062,0.15839,0.07697,0.12386,0.03146,0.04448,0.00000,0.00000,0.00000,0.00000,0.15725,0.00000,0.00000,0.00000,0.36902,0.00000,0.15957,0.15657,0.15759,0.00000,0.00000
53.69600,8,0.33258,0.00115,0.01625,0.00838,0.00736,0.02588,0.00604,0.00138,0.00074,0.29555,0.06755,0.13233,0.19851,0.17488,0.02462,0.03937,0.00000,0.00000,0.00000,0.00000,0.15721,0.00000,0.00000,0.00000,0.36901,0.00000,0.15951,0.15668,0.15760,0.00000,0.00000
53.71733,8,0.31905,0.00138,0.08945,0.02748,0.00534,0.02664,0.00566,0.00157,0.00171,0.24208,0.05529,0.11665,0.17373,0.20365,0.02101,0.02836,0.00000,0.00000,0.00000,0.00000,0.15719,0.00000,0.00000,0.00000,0.36901,0.00000,0.15949,0.15671,0.15760,0.00000,0.00000
53.73867,12,0.31367,0.00129,0.09901,0.02473,0.00388,0.02233,0.00563,0.00115,0.00175,0.17166,0.08681,0.10505,0.18948,0.20628,0.05097,0.02997,0.00000,0.00000,0.00000,0.00000,0.15719,0.00000,0.00000,0.00000,0.36901,0.00000,0.15949,0.15671,0.15760,0.00000,0.00000
53.76000,11,0.31068,0.00275,0.08600,0.02707,0.00298,0.02420,0.01072,0.00118,0.00237,0.13363,0.14611,0.09796,0.21364,0.18028,0.04858,0.02253,0.00000,0.00000,0.00000,0.00000,0.15536,0.00000,0.00000,0.00000,0.25712,0.00000,0.14508,0.13821,0.30422,0.00000,0.00000
53.78133,9,0.30908,0.00720,0.07018,0.02163,0.00238,0.01966,0.02185,0.00449,0.01324,0.09612,0.26311,0.10399,0.16818,0.15247,0.03740,0.01811,0.00000,0.00000,0.00000,0.00000,0.13732,0.00000,0.00000,0.00000,0.15905,0.00000,0.13985,0.27969,0.28409,0.00000,0.00000
53.80267,9,0.29140,0.01053,0.12431,0.01610,0.00197,0.03295,0.02916,0.00323,0.00988,0.19502,0.20411,0.08392,0.12179,0.12626,0.02652,0.01426,0.00000,0.00000,0.00000,0.00000,0.13942,0.00000,0.00000,0.00000,0.13373,0.21090,0.15329,0.19384,0.16883,0.00000,0.00000
53.82400,8,0.27698,0.05742,0.08845,0.01246,0.00166,0.16789,0.02332,0.00231,0.00710,0.21910,0.14541,0.06250,0.08936,0.09224,0.01959,0.01118,0.00000,0.00000,0.00000,0.00000,0.15011,0.00000,0.00000,0.00000,0.12160,0.38906,0.15322,0.05244,0.13357,0.00000,0.00000
53.84533,13,0.27493,0.04295,0.06313,0.00879,0.00117,0.15128,0.01668,0.00161,0.00491,0.15997,0.10064,0.09429,0.06183,0.06536,0.21407,0.01335,0.00000,0.00000,0.00000,0.00000,0.13447,0.00000,0.00000,0.00000,0.27610,0.22064,0.16270,0.07355,0.13255,0.00000,0.00000
53.86666,13,0.27828,0.02983,0.04453,0.00613,0.00082,0.10973,0.01205,0.00111,0.00339,0.12296,0.06960,0.11919,0.04350,0.04758,0.37684,0.01272,0.00000,0.00000,0.00000,0.00000,0.12314,0.00000,0.00000,0.00000,0.37929,0.11476,0.16066,0.09209,0.13006,0.00000,0.00000
53.88800,13,0.30062,0.02136,0.03257,0.00450,0.00070,0.07837,0.00899,0.00080,0.00241,0.15230,0.05413,0.13854,0.03549,0.03727,0.40206,0.03049,0.00000,0.00000,0.00000,0.00000,0.11095,0.00000,0.00000,0.00000,0.19443,0.03105,0.18916,0.02492,0.03519,0.33484,0.07947
53.90933,13,0.30496,0.01507,0.02258,0.00322,0.00118,0.05497,0.01372,0.00120,0.00768,0.29162,0.05833,0.13136,0.03497,0.04300,0.29870,0.02240,0.00000,0.00000,0.00000,0.00000,0.09937,0.00000,0.00000,0.00000,0.14474,0.00840,0.18139,0.00674,0.00952,0.45528,0.09455
53.93067,8,0.29695,0.01049,0.01564,0.00226,0.00173,0.03966,0.00970,0.00084,0.00536,0.50445,0.04051,0.09159,0.02535,0.03035,0.20654,0.01555,0.00000,0.00000,0.00000,0.00000,0.09637,0.00000,0.00000,0.00000,0.13627,0.00227,0.16774,0.00182,0.00258,0.49806,0.09488
53.95200,8,0.26376,0.00773,0.01093,0.00439,0.05986,0.05947,0.00735,0.00125,0.00487,0.55921,0.02808,0.06373,0.01767,0.02210,0.14257,0.01078,0.00000,0.00000,0.00000,0.00000,0.10560,0.00000,0.00000,0.00000,0.28693,0.00061,0.16923,0.05988,0.06643,0.26238,0.04893
53.97333,8,0.26924,0.02423,0.00923,0.00613,0.06195,0.15804,0.00763,0.00167,0.00803,0.52369,0.01964,0.04510,0.01243,0.01616,0.09856,0.00751,0.00000,0.00000,0.00000,0.00000,0.10927,0.00000,0.00000,0.00000,0.45027,0.00017,0.15443,0.09399,0.10763,0.07100,0.01324
53.99467,8,0.28222,0.01692,0.00746,0.00619,0.06101,0.10944,0.00683,0.00118,0.00558,0.37026,0.03283,0.25854,0.01621,0.03260,0.06854,0.00641,0.00000,0.00000,0.00000,0.00000,0.11302,0.00000,0.00000,0.00000,0.51916,0.00005,0.13644,0.09544,0.11309,0.01921,0.00358
54.01600,8,0.32663,0.01215,0.00866,0.02474,0.13170,0.08092,0.00650,0.00098,0.00387,0.32869,0.03176,0.22390,0.03922,0.05340,0.04746,0.00607,0.00000,0.00000,0.00000,0.00000,0.12108,0.00000,0.00000,0.00000,0.53527,0.00001,0.12786,0.09474,0.11487,0.00520,0.00097
54.03733,8,0.31952,0.00913,0.00803,0.04656,0.12395,0.05745,0.00965,0.00121,0.00291,0.23760,0.02567,0.21570,0.14468,0.07918,0.03303,0.00527,0.00000,0.00000,0.00000,0.00000,0.13254,0.00000,0.00000,0.00000,0.51825,0.00000,0.12916,0.09845,0.11993,0.00141,0.00026
54.05867,10,0.30847,0.00709,0.00596,0.03293,0.08583,0.04493,0.00921,0.00191,0.00234,0.17230,0.02015,0.26289,0.16870,0.15824,0.02316,0.00437,0.00000,0.00000,0.00000,0.00000,0.14512,0.00000,0.00000,0.00000,0.48179,0.00000,0.13756,0.10663,0.12844,0.00038,0.00007
54.08000,10,0.31436,0.00584,0.00919,0.02365,0.05977,0.03709,0.00801,0.00160,0.00179,0.12423,0.01540,0.21323,0.19845,0.21115,0.06040,0.03021,0.00000,0.00000,0.00000,0.00000,0.14553,0.00000,0.00000,0.00000,0.30642,0.00000,0.29404,0.11978,0.06944,0.06476,0.00002
54.10133,11,0.31558,0.00421,0.02275,0.01791,0.04142,0.02708,0.00575,0.00115,0.00206,0.09386,0.01101,0.18319,0.21283,0.19079,0.08640,0.09957,0.00000,0.00000,0.00000,0.00000,0.12905,0.00000,0.00000,0.00000,0.18486,0.00000,0.43413,0.11851,0.01879,0.11465,0.00001
54.12267,11,0.32157,0.00328,0.02107,0.01553,0.02940,0.04268,0.00422,0.00091,0.01150,0.09114,0.00877,0.16759,0.30616,0.14911,0.07848,0.07015,0.00000,0.00000,0.00000,0.00000,0.12339,0.00000,0.00000,0.00000,0.16452,0.00000,0.46401,0.11545,0.00977,0.12285,0.00000
54.14400,11,0.31201,0.00423,0.01593,0.01296,0.02297,0.03678,0.01000,0.00208,0.12663,0.08225,0.01081,0.19702,0.25708,0.10996,0.06166,0.04963,0.00000,0.00000,0.00000,0.00000,0.12298,0.00000,0.00000,0.00000,0.13434,0.00000,0.23051,0.36914,0.10977,0.03325,0.00000
54.16533,11,0.32037,0.00455,0.02269,0.03984,0.01881,0.03793,0.01137,0.00153,0.09002,0.13751,0.01456,0.16631,0.18133,0.07845,0.12255,0.07254,0.00000,0.00000,0.00000,0.00000,0.11755,0.00000,0.00000,0.00000,0.13359,0.00000,0.15470,0.46760,0.11757,0.00900,0.00000
