time,viseme,voice,exactTeacher,teacher_sil,teacher_PP,teacher_FF,teacher_TH,teacher_DD,teacher_kk,teacher_CH,teacher_SS,teacher_nn,teacher_RR,teacher_aa,teacher_E,teacher_I,teacher_O,teacher_U,The Wasbeer Prefab (2)/Body/vrc.v_aa,The Wasbeer Prefab (2)/Body/vrc.v_ch,The Wasbeer Prefab (2)/Body/vrc.v_dd,The Wasbeer Prefab (2)/Body/vrc.v_e,The Wasbeer Prefab (2)/Body/vrc.v_ff,The Wasbeer Prefab (2)/Body/vrc.v_ih,The Wasbeer Prefab (2)/Body/vrc.v_kk,The Wasbeer Prefab (2)/Body/vrc.v_nn,The Wasbeer Prefab (2)/Body/vrc.v_oh,The Wasbeer Prefab (2)/Body/vrc.v_ou,The Wasbeer Prefab (2)/Body/vrc.v_pp,The Wasbeer Prefab (2)/Body/vrc.v_rr,The Wasbeer Prefab (2)/Body/vrc.v_sil,The Wasbeer Prefab (2)/Body/vrc.v_ss,The Wasbeer Prefab (2)/Body/vrc.v_th,The Wasbeer Prefab/Body/vrc.v_aa,The Wasbeer Prefab/Body/vrc.v_ch,The Wasbeer Prefab/Body/vrc.v_dd,The Wasbeer Prefab/Body/vrc.v_e,The Wasbeer Prefab/Body/vrc.v_ff,The Wasbeer Prefab/Body/vrc.v_ih,The Wasbeer Prefab/Body/vrc.v_kk,The Wasbeer Prefab/Body/vrc.v_nn,The Wasbeer Prefab/Body/vrc.v_oh,The Wasbeer Prefab/Body/vrc.v_ou,The Wasbeer Prefab/Body/vrc.v_pp,The Wasbeer Prefab/Body/vrc.v_rr,The Wasbeer Prefab/Body/vrc.v_sil,The Wasbeer Prefab/Body/vrc.v_ss,The Wasbeer Prefab/Body/vrc.v_th,The Wasbeer Prefab (1)/Body/vrc.v_aa,The Wasbeer Prefab (1)/Body/vrc.v_ch,The Wasbeer Prefab (1)/Body/vrc.v_dd,The Wasbeer Prefab (1)/Body/vrc.v_e,The Wasbeer Prefab (1)/Body/vrc.v_ff,The Wasbeer Prefab (1)/Body/vrc.v_ih,The Wasbeer Prefab (1)/Body/vrc.v_kk,The Wasbeer Prefab (1)/Body/vrc.v_nn,The Wasbeer Prefab (1)/Body/vrc.v_oh,The Wasbeer Prefab (1)/Body/vrc.v_ou,The Wasbeer Prefab (1)/Body/vrc.v_pp,The Wasbeer Prefab (1)/Body/vrc.v_rr,The Wasbeer Prefab (1)/Body/vrc.v_sil,The Wasbeer Prefab (1)/Body/vrc.v_ss,The Wasbeer Prefab (1)/Body/vrc.v_th
1.32267,0,0.03916,1,1.00000,0.00000,0.00000,0.00000,0.00000,0.00000,0.00000,0.00000,0.00000,0.00000,0.00000,0.00000,0.00000,0.00000,0.00000,0.00000,0.00000,0.00000,0.00000,0.00000,0.00000,0.00000,0.00000,0.00000,0.00000,0.00000,0.00000,100.00000,0.00000,0.00000,0.00000,0.00000,0.00000,0.00000,0.00000,0.00000,0.00000,0.00000,0.00000,0.00000,0.00000,0.00000,100.00000,0.00000,0.00000,0.00000,0.00000,0.00000,0.00000,0.00000,0.00000,0.00000,0.00000,0.00000,0.00000,0.00000,0.00000,100.00000,0.00000,0.00000
1.34400,0,0.03090,1,1.00000,0.00000,0.00000,0.00000,0.00000,0.00000,0.00000,0.00000,0.00000,0.00000,0.00000,0.00000,0.00000,0.00000,0.00000,0.00000,0.00000,0.00000,0.00000,0.00000,0.00000,0.00000,0.00000,0.00000,0.00000,0.00000,0.00000,100.00000,0.00000,0.00000,0.00000,0.00000,0.00000,0.00000,0.00000,0.00000,0.00000,0.00000,0.00000,0.00000,0.00000,0.00000,100.00000,0.00000,0.00000,0.00000,0.00000,0.00000,0.00000,0.00000,0.00000,0.00000,0.00000,0.00000,0.00000,0.00000,0.00000,100.00000,0.00000,0.00000
1.36533,0,0.02438,1,1.00000,0.00000,0.00000,0.00000,0.00000,0.00000,0.00000,0.00000,0.00000,0.00000,0.00000,0.00000,0.00000,0.00000,0.00000,0.00000,0.00000,0.00000,0.00000,0.00000,0.00000,0.00000,0.00000,0.00000,0.00000,0.00000,0.00000,100.00000,0.00000,0.00000,0.00000,0.00000,0.00000,0.00000,0.00000,0.00000,0.00000,0.00000,0.00000,0.00000,0.00000,0.00000,100.00000,0.00000,0.00000,0.00000,0.00000,0.00000,0.00000,0.00000,0.00000,0.00000,0.00000,0.00000,0.00000,0.00000,0.00000,100.00000,0.00000,0.00000
1.38667,0,0.01923,1,1.00000,0.00000,0.00000,0.00000,0.00000,0.00000,0.00000,0.00000,0.00000,0.00000,0.00000,0.00000,0.00000,0.00000,0.00000,0.00000,0.00000,0.00000,0.00000,0.00000,0.00000,0.00000,0.00000,0.00000,0.00000,0.00000,0.00000,100.00000,0.00000,0.00000,0.00000,0.00000,0.00000,0.00000,0.00000,0.00000,0.00000,0.00000,0.00000,0.00000,0.00000,0.00000,100.00000,0.00000,0.00000,0.00000,0.00000,0.00000,0.00000,0.00000,0.00000,0.00000,0.00000,0.00000,0.00000,0.00000,0.00000,100.00000,0.00000,0.00000
1.40800,0,0.01517,1,1.00000,0.00000,0.00000,0.00000,0.00000,0.00000,0.00000,0.00000,0.00000,0.00000,0.00000,0.00000,0.00000,0.00000,0.00000,0.00000,0.00000,0.00000,0.00000,0.00000,0.00000,0.00000,0.00000,0.00000,0.00000,0.00000,0.00000,100.00000,0.00000,0.00000,0.00000,0.00000,0.00000,0.00000,0.00000,0.00000,0.00000,0.00000,0.00000,0.00000,0.00000,0.00000,100.00000,0.00000,0.00000,0.00000,0.00000,0.00000,0.00000,0.00000,0.00000,0.00000,0.00000,0.00000,0.00000,0.00000,0.00000,100.00000,0.00000,0.00000
1.42933,0,0.01197,1,1.00000,0.00000,0.00000,0.00000,0.00000,0.00000,0.00000,0.00000,0.00000,0.00000,0.00000,0.00000,0.00000,0.00000,0.00000,0.00000,0.00000,0.00000,0.00000,0.00000,0.00000,0.00000,0.00000,0.00000,0.00000,0.00000,0.00000,100.00000,0.00000,0.00000,0.00000,0.00000,0.00000,0.00000,0.00000,0.00000,0.00000,0.00000,0.00000,0.00000,0.00000,0.00000,100.00000,0.00000,0.00000,0.00000,0.00000,0.00000,0.00000,0.00000,0.00000,0.00000,0.00000,0.00000,0.00000,0.00000,0.00000,100.00000,0.00000,0.00000
1.45067,0,0.00945,1,1.00000,0.00000,0.00000,0.00000,0.00000,0.00000,0.00000,0.00000,0.00000,0.00000,0.00000,0.00000,0.00000,0.00000,0.00000,0.00000,0.00000,0.00000,0.00000,0.00000,0.00000,0.00000,0.00000,0.00000,0.00000,0.00000,0.00000,100.00000,0.00000,0.00000,0.00000,0.00000,0.00000,0.00000,0.00000,0.00000,0.00000,0.00000,0.00000,0.00000,0.00000,0.00000,100.00000,0.00000,0.00000,0.00000,0.00000,0.00000,0.00000,0.00000,0.00000,0.00000,0.00000,0.00000,0.00000,0.00000,0.00000,100.00000,0.00000,0.00000
1.47200,0,0.00745,1,1.00000,0.00000,0.00000,0.00000,0.00000,0.00000,0.00000,0.00000,0.00000,0.00000,0.00000,0.00000,0.00000,0.00000,0.00000,0.00000,0.00000,0.00000,0.00000,0.00000,0.00000,0.00000,0.00000,0.00000,0.00000,0.00000,0.00000,100.00000,0.00000,0.00000,0.00000,0.00000,0.00000,0.00000,0.00000,0.00000,0.00000,0.00000,0.00000,0.00000,0.00000,0.00000,100.00000,0.00000,0.00000,0.00000,0.00000,0.00000,0.00000,0.00000,0.00000,0.00000,0.00000,0.00000,0.00000,0.00000,0.00000,100.00000,0.00000,0.00000
1.49333,0,0.00588,1,1.00000,0.00000,0.00000,0.00000,0.00000,0.00000,0.00000,0.00000,0.00000,0.00000,0.00000,0.00000,0.00000,0.00000,0.00000,0.00000,0.00000,0.00000,0.00000,0.00000,0.00000,0.00000,0.00000,0.00000,0.00000,0.00000,0.00000,100.00000,0.00000,0.00000,0.00000,0.00000,0.00000,0.00000,0.00000,0.00000,0.00000,0.00000,0.00000,0.00000,0.00000,0.00000,100.00000,0.00000,0.00000,0.00000,0.00000,0.00000,0.00000,0.00000,0.00000,0.00000,0.00000,0.00000,0.00000,0.00000,0.00000,100.00000,0.00000,0.00000
1.51467,0,0.00464,1,1.00000,0.00000,0.00000,0.00000,0.00000,0.00000,0.00000,0.00000,0.00000,0.00000,0.00000,0.00000,0.00000,0.00000,0.00000,0.00000,0.00000,0.00000,0.00000,0.00000,0.00000,0.00000,0.00000,0.00000,0.00000,0.00000,0.00000,100.00000,0.00000,0.00000,0.00000,0.00000,0.00000,0.00000,0.00000,0.00000,0.00000,0.00000,0.00000,0.00000,0.00000,0.00000,100.00000,0.00000,0.00000,0.00000,0.00000,0.00000,0.00000,0.00000,0.00000,0.00000,0.00000,0.00000,0.00000,0.00000,0.00000,100.00000,0.00000,0.00000
1.53600,0,0.00366,1,1.00000,0.00000,0.00000,0.00000,0.00000,0.00000,0.00000,0.00000,0.00000,0.00000,0.00000,0.00000,0.00000,0.00000,0.00000,0.00000,0.00000,0.00000,0.00000,0.00000,0.00000,0.00000,0.00000,0.00000,0.00000,0.00000,0.00000,100.00000,0.00000,0.00000,0.00000,0.00000,0.00000,0.00000,0.00000,0.00000,0.00000,0.00000,0.00000,0.00000,0.00000,0.00000,100.00000,0.00000,0.00000,0.00000,0.00000,0.00000,0.00000,0.00000,0.00000,0.00000,0.00000,0.00000,0.00000,0.00000,0.00000,100.00000,0.00000,0.00000
1.55733,0,0.00289,1,1.00000,0.00000,0.00000,0.00000,0.00000,0.00000,0.00000,0.00000,0.00000,0.00000,0.00000,0.00000,0.00000,0.00000,0.00000,0.00000,0.00000,0.00000,0.00000,0.00000,0.00000,0.00000,0.00000,0.00000,0.00000,0.00000,0.00000,100.00000,0.00000,0.00000,0.00000,0.00000,0.00000,0.00000,0.00000,0.00000,0.00000,0.00000,0.00000,0.00000,0.00000,0.00000,100.00000,0.00000,0.00000,0.00000,0.00000,0.00000,0.00000,0.00000,0.00000,0.00000,0.00000,0.00000,0.00000,0.00000,0.00000,100.00000,0.00000,0.00000
1.57867,0,0.00228,1,1.00000,0.00000,0.00000,0.00000,0.00000,0.00000,0.00000,0.00000,0.00000,0.00000,0.00000,0.00000,0.00000,0.00000,0.00000,0.00000,0.00000,0.00000,0.00000,0.00000,0.00000,0.00000,0.00000,0.00000,0.00000,0.00000,0.00000,100.00000,0.00000,0.00000,0.00000,0.00000,0.00000,0.00000,0.00000,0.00000,0.00000,0.00000,0.00000,0.00000,0.00000,0.00000,100.00000,0.00000,0.00000,0.00000,0.00000,0.00000,0.00000,0.00000,0.00000,0.00000,0.00000,0.00000,0.00000,0.00000,0.00000,100.00000,0.00000,0.00000
1.60000,0,0.00180,1,1.00000,0.00000,0.00000,0.00000,0.00000,0.00000,0.00000,0.00000,0.00000,0.00000,0.00000,0.00000,0.00000,0.00000,0.00000,0.00000,0.00000,0.00000,0.00000,0.00000,0.00000,0.00000,0.00000,0.00000,0.00000,0.00000,0.00000,100.00000,0.00000,0.00000,0.00000,0.00000,0.00000,0.00000,0.00000,0.00000,0.00000,0.00000,0.00000,0.00000,0.00000,0.00000,100.00000,0.00000,0.00000,0.00000,0.00000,0.00000,0.00000,0.00000,0.00000,0.00000,0.00000,0.00000,0.00000,0.00000,0.00000,100.00000,0.00000,0.00000
1.62133,0,0.00142,1,1.00000,0.00000,0.00000,0.00000,0.00000,0.00000,0.00000,0.00000,0.00000,0.00000,0.00000,0.00000,0.00000,0.00000,0.00000,0.00000,0.00000,0.00000,0.00000,0.00000,0.00000,0.00000,0.00000,0.00000,0.00000,0.00000,0.00000,100.00000,0.00000,0.00000,0.00000,0.00000,0.00000,0.00000,0.00000,0.00000,0.00000,0.00000,0.00000,0.00000,0.00000,0.00000,100.00000,0.00000,0.00000,0.00000,0.00000,0.00000,0.00000,0.00000,0.00000,0.00000,0.00000,0.00000,0.00000,0.00000,0.00000,100.00000,0.00000,0.00000
1.64267,0,0.00112,1,1.00000,0.00000,0.00000,0.00000,0.00000,0.00000,0.00000,0.00000,0.00000,0.00000,0.00000,0.00000,0.00000,0.00000,0.00000,0.00000,0.00000,0.00000,0.00000,0.00000,0.00000,0.00000,0.00000,0.00000,0.00000,0.00000,0.00000,100.00000,0.00000,0.00000,0.00000,0.00000,0.00000,0.00000,0.00000,0.00000,0.00000,0.00000,0.00000,0.00000,0.00000,0.00000,100.00000,0.00000,0.00000,0.00000,0.00000,0.00000,0.00000,0.00000,0.00000,0.00000,0.00000,0.00000,0.00000,0.00000,0.00000,100.00000,0.00000,0.00000
1.66400,0,0.00713,1,1.00000,0.00000,0.00000,0.00000,0.00000,0.00000,0.00000,0.00000,0.00000,0.00000,0.00000,0.00000,0.00000,0.00000,0.00000,0.00000,0.00000,0.00000,0.00000,0.00000,0.00000,0.00000,0.00000,0.00000,0.00000,0.00000,0.00000,100.00000,0.00000,0.00000,0.00000,0.00000,0.00000,0.00000,0.00000,0.00000,0.00000,0.00000,0.00000,0.00000,0.00000,0.00000,100.00000,0.00000,0.00000,0.00000,0.00000,0.00000,0.00000,0.00000,0.00000,0.00000,0.00000,0.00000,0.00000,0.00000,0.00000,100.00000,0.00000,0.00000
1.68533,0,0.05742,1,1.00000,0.00000,0.00000,0.00000,0.00000,0.00000,0.00000,0.00000,0.00000,0.00000,0.00000,0.00000,0.00000,0.00000,0.00000,0.00000,0.00000,0.00000,0.00000,0.00000,0.00000,0.00000,0.00000,0.00000,0.00000,0.00000,0.00000,100.00000,0.00000,0.00000,0.00000,0.00000,0.00000,0.00000,0.00000,0.00000,0.00000,0.00000,0.00000,0.00000,0.00000,0.00000,100.00000,0.00000,0.00000,0.00000,0.00000,0.00000,0.00000,0.00000,0.00000,0.00000,0.00000,0.00000,0.00000,0.00000,0.00000,100.00000,0.00000,0.00000
1.70667,0,0.05911,1,1.00000,0.00000,0.00000,0.00000,0.00000,0.00000,0.00000,0.00000,0.00000,0.00000,0.00000,0.00000,0.00000,0.00000,0.00000,0.00000,0.00000,0.00000,0.00000,0.00000,0.00000,0.00000,0.00000,0.00000,0.00000,0.00000,0.00000,100.00000,0.00000,0.00000,0.00000,0.00000,0.00000,0.00000,0.00000,0.00000,0.00000,0.00000,0.00000,0.00000,0.00000,0.00000,100.00000,0.00000,0.00000,0.00000,0.00000,0.00000,0.00000,0.00000,0.00000,0.00000,0.00000,0.00000,0.00000,0.00000,0.00000,100.00000,0.00000,0.00000
1.72800,0,0.05501,1,1.00000,0.00000,0.00000,0.00000,0.00000,0.00000,0.00000,0.00000,0.00000,0.00000,0.00000,0.00000,0.00000,0.00000,0.00000,0.00000,0.00000,0.00000,0.00000,0.00000,0.00000,0.00000,0.00000,0.00000,0.00000,0.00000,0.00000,100.00000,0.00000,0.00000,0.00000,0.00000,0.00000,0.00000,0.00000,0.00000,0.00000,0.00000,0.00000,0.00000,0.00000,0.00000,100.00000,0.00000,0.00000,0.00000,0.00000,0.00000,0.00000,0.00000,0.00000,0.00000,0.00000,0.00000,0.00000,0.00000,0.00000,100.00000,0.00000,0.00000
1.74933,0,0.04822,1,1.00000,0.00000,0.00000,0.00000,0.00000,0.00000,0.00000,0.00000,0.00000,0.00000,0.00000,0.00000,0.00000,0.00000,0.00000,0.00000,0.00000,0.00000,0.00000,0.00000,0.00000,0.00000,0.00000,0.00000,0.00000,0.00000,0.00000,100.00000,0.00000,0.00000,0.00000,0.00000,0.00000,0.00000,0.00000,0.00000,0.00000,0.00000,0.00000,0.00000,0.00000,0.00000,100.00000,0.00000,0.00000,0.00000,0.00000,0.00000,0.00000,0.00000,0.00000,0.00000,0.00000,0.00000,0.00000,0.00000,0.00000,100.00000,0.00000,0.00000
1.77067,0,0.04210,1,1.00000,0.00000,0.00000,0.00000,0.00000,0.00000,0.00000,0.00000,0.00000,0.00000,0.00000,0.00000,0.00000,0.00000,0.00000,0.00000,0.00000,0.00000,0.00000,0.00000,0.00000,0.00000,0.00000,0.00000,0.00000,0.00000,0.00000,100.00000,0.00000,0.00000,0.00000,0.00000,0.00000,0.00000,0.00000,0.00000,0.00000,0.00000,0.00000,0.00000,0.00000,0.00000,100.00000,0.00000,0.00000,0.00000,0.00000,0.00000,0.00000,0.00000,0.00000,0.00000,0.00000,0.00000,0.00000,0.00000,0.00000,100.00000,0.00000,0.00000
1.79200,0,0.03585,1,1.00000,0.00000,0.00000,0.00000,0.00000,0.00000,0.00000,0.00000,0.00000,0.00000,0.00000,0.00000,0.00000,0.00000,0.00000,0.00000,0.00000,0.00000,0.00000,0.00000,0.00000,0.00000,0.00000,0.00000,0.00000,0.00000,0.00000,100.00000,0.00000,0.00000,0.00000,0.00000,0.00000,0.00000,0.00000,0.00000,0.00000,0.00000,0.00000,0.00000,0.00000,0.00000,100.00000,0.00000,0.00000,0.00000,0.00000,0.00000,0.00000,0.00000,0.00000,0.00000,0.00000,0.00000,0.00000,0.00000,0.00000,100.00000,0.00000,0.00000
1.81333,0,0.02828,1,1.00000,0.00000,0.00000,0.00000,0.00000,0.00000,0.00000,0.00000,0.00000,0.00000,0.00000,0.00000,0.00000,0.00000,0.00000,0.00000,0.00000,0.00000,0.00000,0.00000,0.00000,0.00000,0.00000,0.00000,0.00000,0.00000,0.00000,100.00000,0.00000,0.00000,0.00000,0.00000,0.00000,0.00000,0.00000,0.00000,0.00000,0.00000,0.00000,0.00000,0.00000,0.00000,100.00000,0.00000,0.00000,0.00000,0.00000,0.00000,0.00000,0.00000,0.00000,0.00000,0.00000,0.00000,0.00000,0.00000,0.00000,100.00000,0.00000,0.00000
1.83467,0,0.02235,1,1.00000,0.00000,0.00000,0.00000,0.00000,0.00000,0.00000,0.00000,0.00000,0.00000,0.00000,0.00000,0.00000,0.00000,0.00000,0.00000,0.00000,0.00000,0.00000,0.00000,0.00000,0.00000,0.00000,0.00000,0.00000,0.00000,0.00000,100.00000,0.00000,0.00000,0.00000,0.00000,0.00000,0.00000,0.00000,0.00000,0.00000,0.00000,0.00000,0.00000,0.00000,0.00000,100.00000,0.00000,0.00000,0.00000,0.00000,0.00000,0.00000,0.00000,0.00000,0.00000,0.00000,0.00000,0.00000,0.00000,0.00000,100.00000,0.00000,0.00000
1.85600,0,0.01763,1,1.00000,0.00000,0.00000,0.00000,0.00000,0.00000,0.00000,0.00000,0.00000,0.00000,0.00000,0.00000,0.00000,0.00000,0.00000,0.00000,0.00000,0.00000,0.00000,0.00000,0.00000,0.00000,0.00000,0.00000,0.00000,0.00000,0.00000,100.00000,0.00000,0.00000,0.00000,0.00000,0.00000,0.00000,0.00000,0.00000,0.00000,0.00000,0.00000,0.00000,0.00000,0.00000,100.00000,0.00000,0.00000,0.00000,0.00000,0.00000,0.00000,0.00000,0.00000,0.00000,0.00000,0.00000,0.00000,0.00000,0.00000,100.00000,0.00000,0.00000
1.87733,0,0.03409,1,1.00000,0.00000,0.00000,0.00000,0.00000,0.00000,0.00000,0.00000,0.00000,0.00000,0.00000,0.00000,0.00000,0.00000,0.00000,0.00000,0.00000,0.00000,0.00000,0.00000,0.00000,0.00000,0.00000,0.00000,0.00000,0.00000,0.00000,100.00000,0.00000,0.00000,0.00000,0.00000,0.00000,0.00000,0.00000,0.00000,0.00000,0.00000,0.00000,0.00000,0.00000,0.00000,100.00000,0.00000,0.00000,0.00000,0.00000,0.00000,0.00000,0.00000,0.00000,0.00000,0.00000,0.00000,0.00000,0.00000,0.00000,100.00000,0.00000,0.00000
1.89867,0,0.05846,1,1.00000,0.00000,0.00000,0.00000,0.00000,0.00000,0.00000,0.00000,0.00000,0.00000,0.00000,0.00000,0.00000,0.00000,0.00000,0.00000,0.00000,0.00000,0.00000,0.00000,0.00000,0.00000,0.00000,0.00000,0.00000,0.00000,0.00000,100.00000,0.00000,0.00000,0.00000,0.00000,0.00000,0.00000,0.00000,0.00000,0.00000,0.00000,0.00000,0.00000,0.00000,0.00000,100.00000,0.00000,0.00000,0.00000,0.00000,0.00000,0.00000,0.00000,0.00000,0.00000,0.00000,0.00000,0.00000,0.00000,0.00000,100.00000,0.00000,0.00000
1.92000,0,0.05652,1,1.00000,0.00000,0.00000,0.00000,0.00000,0.00000,0.00000,0.00000,0.00000,0.00000,0.00000,0.00000,0.00000,0.00000,0.00000,0.00000,0.00000,0.00000,0.00000,0.00000,0.00000,0.00000,0.00000,0.00000,0.00000,0.00000,0.00000,100.00000,0.00000,0.00000,0.00000,0.00000,0.00000,0.00000,0.00000,0.00000,0.00000,0.00000,0.00000,0.00000,0.00000,0.00000,100.00000,0.00000,0.00000,0.00000,0.00000,0.00000,0.00000,0.00000,0.00000,0.00000,0.00000,0.00000,0.00000,0.00000,0.00000,100.00000,0.00000,0.00000
1.94133,0,0.08236,1,1.00000,0.00000,0.00000,0.00000,0.00000,0.00000,0.00000,0.00000,0.00000,0.00000,0.00000,0.00000,0.00000,0.00000,0.00000,0.00000,0.00000,0.00000,0.00000,0.00000,0.00000,0.00000,0.00000,0.00000,0.00000,0.00000,0.00000,100.00000,0.00000,0.00000,0.00000,0.00000,0.00000,0.00000,0.00000,0.00000,0.00000,0.00000,0.00000,0.00000,0.00000,0.00000,100.00000,0.00000,0.00000,0.00000,0.00000,0.00000,0.00000,0.00000,0.00000,0.00000,0.00000,0.00000,0.00000,0.00000,0.00000,100.00000,0.00000,0.00000
1.96267,0,0.08229,1,1.00000,0.00000,0.00000,0.00000,0.00000,0.00000,0.00000,0.00000,0.00000,0.00000,0.00000,0.00000,0.00000,0.00000,0.00000,0.00000,0.00000,0.00000,0.00000,0.00000,0.00000,0.00000,0.00000,0.00000,0.00000,0.00000,0.00000,100.00000,0.00000,0.00000,0.00000,0.00000,0.00000,0.00000,0.00000,0.00000,0.00000,0.00000,0.00000,0.00000,0.00000,0.00000,100.00000,0.00000,0.00000,0.00000,0.00000,0.00000,0.00000,0.00000,0.00000,0.00000,0.00000,0.00000,0.00000,0.00000,0.00000,100.00000,0.00000,0.00000
1.98400,0,0.08197,1,1.00000,0.00000,0.00000,0.00000,0.00000,0.00000,0.00000,0.00000,0.00000,0.00000,0.00000,0.00000,0.00000,0.00000,0.00000,0.00000,0.00000,0.00000,0.00000,0.00000,0.00000,0.00000,0.00000,0.00000,0.00000,0.00000,0.00000,100.00000,0.00000,0.00000,0.00000,0.00000,0.00000,0.00000,0.00000,0.00000,0.00000,0.00000,0.00000,0.00000,0.00000,0.00000,100.00000,0.00000,0.00000,0.00000,0.00000,0.00000,0.00000,0.00000,0.00000,0.00000,0.00000,0.00000,0.00000,0.00000,0.00000,100.00000,0.00000,0.00000
2.00533,0,0.10382,1,0.40985,0.03426,0.25505,0.07954,0.01446,0.02841,0.00512,0.02805,0.00751,0.01601,0.03028,0.02898,0.01292,0.01176,0.03781,3.02763,0.51229,1.44605,2.89794,25.50487,1.29187,2.84069,0.75109,1.17560,3.78081,3.42619,1.60141,40.98483,2.80459,7.95415,3.02763,0.51229,1.44605,2.89794,25.50487,1.29187,2.84069,0.75109,1.17560,3.78081,3.42619,1.60141,40.98483,2.80459,7.95415,3.02763,0.51229,1.44605,2.89794,25.50487,1.29187,2.84069,0.75109,1.17560,3.78081,3.42619,1.60141,40.98483,2.80459,7.95415
2.02667,0,0.10259,1,0.46116,0.03518,0.20659,0.06325,0.01204,0.03011,0.00538,0.02424,0.00810,0.01787,0.02699,0.02554,0.01251,0.01773,0.05331,2.69896,0.53808,1.20411,2.55363,20.65917,1.25140,3.01138,0.81041,1.77259,5.33079,3.51755,1.78745,46.11566,2.42359,6.32526,2.69896,0.53808,1.20411,2.55363,20.65917,1.25140,3.01138,0.81041,1.77259,5.33079,3.51755,1.78745,46.11566,2.42359,6.32526,2.69896,0.53808,1.20411,2.55363,20.65917,1.25140,3.01138,0.81041,1.77259,5.33079,3.51755,1.78745,46.11566,2.42359,6.32526
2.04800,0,0.09570,1,1.00000,0.00000,0.00000,0.00000,0.00000,0.00000,0.00000,0.00000,0.00000,0.00000,0.00000,0.00000,0.00000,0.00000,0.00000,0.00000,0.00000,0.00000,0.00000,0.00000,0.00000,0.00000,0.00000,0.00000,0.00000,0.00000,0.00000,100.00000,0.00000,0.00000,0.00000,0.00000,0.00000,0.00000,0.00000,0.00000,0.00000,0.00000,0.00000,0.00000,0.00000,0.00000,100.00000,0.00000,0.00000,0.00000,0.00000,0.00000,0.00000,0.00000,0.00000,0.00000,0.00000,0.00000,0.00000,0.00000,0.00000,100.00000,0.00000,0.00000
2.06933,0,0.08551,1,1.00000,0.00000,0.00000,0.00000,0.00000,0.00000,0.00000,0.00000,0.00000,0.00000,0.00000,0.00000,0.00000,0.00000,0.00000,0.00000,0.00000,0.00000,0.00000,0.00000,0.00000,0.00000,0.00000,0.00000,0.00000,0.00000,0.00000,100.00000,0.00000,0.00000,0.00000,0.00000,0.00000,0.00000,0.00000,0.00000,0.00000,0.00000,0.00000,0.00000,0.00000,0.00000,100.00000,0.00000,0.00000,0.00000,0.00000,0.00000,0.00000,0.00000,0.00000,0.00000,0.00000,0.00000,0.00000,0.00000,0.00000,100.00000,0.00000,0.00000
2.09067,0,0.07444,1,1.00000,0.00000,0.00000,0.00000,0.00000,0.00000,0.00000,0.00000,0.00000,0.00000,0.00000,0.00000,0.00000,0.00000,0.00000,0.00000,0.00000,0.00000,0.00000,0.00000,0.00000,0.00000,0.00000,0.00000,0.00000,0.00000,0.00000,100.00000,0.00000,0.00000,0.00000,0.00000,0.00000,0.00000,0.00000,0.00000,0.00000,0.00000,0.00000,0.00000,0.00000,0.00000,100.00000,0.00000,0.00000,0.00000,0.00000,0.00000,0.00000,0.00000,0.00000,0.00000,0.00000,0.00000,0.00000,0.00000,0.00000,100.00000,0.00000,0.00000
2.11200,0,0.09402,1,1.00000,0.00000,0.00000,0.00000,0.00000,0.00000,0.00000,0.00000,0.00000,0.00000,0.00000,0.00000,0.00000,0.00000,0.00000,0.00000,0.00000,0.00000,0.00000,0.00000,0.00000,0.00000,0.00000,0.00000,0.00000,0.00000,0.00000,100.00000,0.00000,0.00000,0.00000,0.00000,0.00000,0.00000,0.00000,0.00000,0.00000,0.00000,0.00000,0.00000,0.00000,0.00000,100.00000,0.00000,0.00000,0.00000,0.00000,0.00000,0.00000,0.00000,0.00000,0.00000,0.00000,0.00000,0.00000,0.00000,0.00000,100.00000,0.00000,0.00000
2.13333,0,0.12393,1,1.00000,0.00000,0.00000,0.00000,0.00000,0.00000,0.00000,0.00000,0.00000,0.00000,0.00000,0.00000,0.00000,0.00000,0.00000,0.00000,0.00000,0.00000,0.00000,0.00000,0.00000,0.00000,0.00000,0.00000,0.00000,0.00000,0.00000,100.00000,0.00000,0.00000,0.00000,0.00000,0.00000,0.00000,0.00000,0.00000,0.00000,0.00000,0.00000,0.00000,0.00000,0.00000,100.00000,0.00000,0.00000,0.00000,0.00000,0.00000,0.00000,0.00000,0.00000,0.00000,0.00000,0.00000,0.00000,0.00000,0.00000,100.00000,0.00000,0.00000
2.15467,0,0.12205,1,0.49700,0.02113,0.12362,0.04943,0.10353,0.05356,0.00735,0.04952,0.00496,0.00979,0.01634,0.02000,0.01383,0.00807,0.02186,1.63391,0.73538,10.35276,2.00021,12.36188,1.38251,5.35649,0.49644,0.80652,2.18598,2.11292,0.97917,49.70016,4.95238,4.94330,1.63391,0.73538,10.35276,2.00021,12.36188,1.38251,5.35649,0.49644,0.80652,2.18598,2.11292,0.97917,49.70016,4.95238,4.94330,1.63391,0.73538,10.35276,2.00021,12.36188,1.38251,5.35649,0.49644,0.80652,2.18598,2.11292,0.97917,49.70016,4.95238,4.94330
2.17600,0,0.11534,1,0.48732,0.01843,0.16672,0.04139,0.08035,0.05051,0.00940,0.06777,0.00493,0.00867,0.01301,0.01552,0.01171,0.00593,0.01835,1.30091,0.93987,8.03458,1.55178,16.67235,1.17118,5.05126,0.49282,0.59268,1.83499,1.84278,0.86672,48.73190,6.77693,4.13925,1.30091,0.93987,8.03458,1.55178,16.67235,1.17118,5.05126,0.49282,0.59268,1.83499,1.84278,0.86672,48.73190,6.77693,4.13925,1.30091,0.93987,8.03458,1.55178,16.67235,1.17118,5.05126,0.49282,0.59268,1.83499,1.84278,0.86672,48.73190,6.77693,4.13925
2.19733,0,0.10443,1,1.00000,0.00000,0.00000,0.00000,0.00000,0.00000,0.00000,0.00000,0.00000,0.00000,0.00000,0.00000,0.00000,0.00000,0.00000,0.00000,0.00000,0.00000,0.00000,0.00000,0.00000,0.00000,0.00000,0.00000,0.00000,0.00000,0.00000,100.00000,0.00000,0.00000,0.00000,0.00000,0.00000,0.00000,0.00000,0.00000,0.00000,0.00000,0.00000,0.00000,0.00000,0.00000,100.00000,0.00000,0.00000,0.00000,0.00000,0.00000,0.00000,0.00000,0.00000,0.00000,0.00000,0.00000,0.00000,0.00000,0.00000,100.00000,0.00000,0.00000
2.21867,0,0.09340,1,1.00000,0.00000,0.00000,0.00000,0.00000,0.00000,0.00000,0.00000,0.00000,0.00000,0.00000,0.00000,0.00000,0.00000,0.00000,0.00000,0.00000,0.00000,0.00000,0.00000,0.00000,0.00000,0.00000,0.00000,0.00000,0.00000,0.00000,100.00000,0.00000,0.00000,0.00000,0.00000,0.00000,0.00000,0.00000,0.00000,0.00000,0.00000,0.00000,0.00000,0.00000,0.00000,100.00000,0.00000,0.00000,0.00000,0.00000,0.00000,0.00000,0.00000,0.00000,0.00000,0.00000,0.00000,0.00000,0.00000,0.00000,100.00000,0.00000,0.00000
2.24000,0,0.08182,1,1.00000,0.00000,0.00000,0.00000,0.00000,0.00000,0.00000,0.00000,0.00000,0.00000,0.00000,0.00000,0.00000,0.00000,0.00000,0.00000,0.00000,0.00000,0.00000,0.00000,0.00000,0.00000,0.00000,0.00000,0.00000,0.00000,0.00000,100.00000,0.00000,0.00000,0.00000,0.00000,0.00000,0.00000,0.00000,0.00000,0.00000,0.00000,0.00000,0.00000,0.00000,0.00000,100.00000,0.00000,0.00000,0.00000,0.00000,0.00000,0.00000,0.00000,0.00000,0.00000,0.00000,0.00000,0.00000,0.00000,0.00000,100.00000,0.00000,0.00000
2.26133,0,0.07043,1,1.00000,0.00000,0.00000,0.00000,0.00000,0.00000,0.00000,0.00000,0.00000,0.00000,0.00000,0.00000,0.00000,0.00000,0.00000,0.00000,0.00000,0.00000,0.00000,0.00000,0.00000,0.00000,0.00000,0.00000,0.00000,0.00000,0.00000,100.00000,0.00000,0.00000,0.00000,0.00000,0.00000,0.00000,0.00000,0.00000,0.00000,0.00000,0.00000,0.00000,0.00000,0.00000,100.00000,0.00000,0.00000,0.00000,0.00000,0.00000,0.00000,0.00000,0.00000,0.00000,0.00000,0.00000,0.00000,0.00000,0.00000,100.00000,0.00000,0.00000
2.28267,0,0.06143,1,1.00000,0.00000,0.00000,0.00000,0.00000,0.00000,0.00000,0.00000,0.00000,0.00000,0.00000,0.00000,0.00000,0.00000,0.00000,0.00000,0.00000,0.00000,0.00000,0.00000,0.00000,0.00000,0.00000,0.00000,0.00000,0.00000,0.00000,100.00000,0.00000,0.00000,0.00000,0.00000,0.00000,0.00000,0.00000,0.00000,0.00000,0.00000,0.00000,0.00000,0.00000,0.00000,100.00000,0.00000,0.00000,0.00000,0.00000,0.00000,0.00000,0.00000,0.00000,0.00000,0.00000,0.00000,0.00000,0.00000,0.00000,100.00000,0.00000,0.00000
2.30400,0,0.05304,1,1.00000,0.00000,0.00000,0.00000,0.00000,0.00000,0.00000,0.00000,0.00000,0.00000,0.00000,0.00000,0.00000,0.00000,0.00000,0.00000,0.00000,0.00000,0.00000,0.00000,0.00000,0.00000,0.00000,0.00000,0.00000,0.00000,0.00000,100.00000,0.00000,0.00000,0.00000,0.00000,0.00000,0.00000,0.00000,0.00000,0.00000,0.00000,0.00000,0.00000,0.00000,0.00000,100.00000,0.00000,0.00000,0.00000,0.00000,0.00000,0.00000,0.00000,0.00000,0.00000,0.00000,0.00000,0.00000,0.00000,0.00000,100.00000,0.00000,0.00000
2.32533,0,0.07202,1,1.00000,0.00000,0.00000,0.00000,0.00000,0.00000,0.00000,0.00000,0.00000,0.00000,0.00000,0.00000,0.00000,0.00000,0.00000,0.00000,0.00000,0.00000,0.00000,0.00000,0.00000,0.00000,0.00000,0.00000,0.00000,0.00000,0.00000,100.00000,0.00000,0.00000,0.00000,0.00000,0.00000,0.00000,0.00000,0.00000,0.00000,0.00000,0.00000,0.00000,0.00000,0.00000,100.00000,0.00000,0.00000,0.00000,0.00000,0.00000,0.00000,0.00000,0.00000,0.00000,0.00000,0.00000,0.00000,0.00000,0.00000,100.00000,0.00000,0.00000
2.34667,0,0.08678,1,1.00000,0.00000,0.00000,0.00000,0.00000,0.00000,0.00000,0.00000,0.00000,0.00000,0.00000,0.00000,0.00000,0.00000,0.00000,0.00000,0.00000,0.00000,0.00000,0.00000,0.00000,0.00000,0.00000,0.00000,0.00000,0.00000,0.00000,100.00000,0.00000,0.00000,0.00000,0.00000,0.00000,0.00000,0.00000,0.00000,0.00000,0.00000,0.00000,0.00000,0.00000,0.00000,100.00000,0.00000,0.00000,0.00000,0.00000,0.00000,0.00000,0.00000,0.00000,0.00000,0.00000,0.00000,0.00000,0.00000,0.00000,100.00000,0.00000,0.00000
2.36800,0,0.08364,1,1.00000,0.00000,0.00000,0.00000,0.00000,0.00000,0.00000,0.00000,0.00000,0.00000,0.00000,0.00000,0.00000,0.00000,0.00000,0.00000,0.00000,0.00000,0.00000,0.00000,0.00000,0.00000,0.00000,0.00000,0.00000,0.00000,0.00000,100.00000,0.00000,0.00000,0.00000,0.00000,0.00000,0.00000,0.00000,0.00000,0.00000,0.00000,0.00000,0.00000,0.00000,0.00000,100.00000,0.00000,0.00000,0.00000,0.00000,0.00000,0.00000,0.00000,0.00000,0.00000,0.00000,0.00000,0.00000,0.00000,0.00000,100.00000,0.00000,0.00000
2.38933,0,0.08304,1,0.47909,0.08012,0.05667,0.02499,0.10713,0.05356,0.00545,0.03167,0.00507,0.00406,0.00637,0.05386,0.08394,0.00165,0.00638,0.63681,0.54495,10.71335,5.38567,5.66749,8.39436,5.35590,0.50672,0.16491,0.63801,8.01158,0.40559,47.90913,3.16670,2.49884,0.63681,0.54495,10.71335,5.38567,5.66749,8.39436,5.35590,0.50672,0.16491,0.63801,8.01158,0.40559,47.90913,3.16670,2.49884,0.63681,0.54495,10.71335,5.38567,5.66749,8.39436,5.35590,0.50672,0.16491,0.63801,8.01158,0.40559,47.90913,3.16670,2.49884
2.41067,0,0.07747,1,1.00000,0.00000,0.00000,0.00000,0.00000,0.00000,0.00000,0.00000,0.00000,0.00000,0.00000,0.00000,0.00000,0.00000,0.00000,0.00000,0.00000,0.00000,0.00000,0.00000,0.00000,0.00000,0.00000,0.00000,0.00000,0.00000,0.00000,100.00000,0.00000,0.00000,0.00000,0.00000,0.00000,0.00000,0.00000,0.00000,0.00000,0.00000,0.00000,0.00000,0.00000,0.00000,100.00000,0.00000,0.00000,0.00000,0.00000,0.00000,0.00000,0.00000,0.00000,0.00000,0.00000,0.00000,0.00000,0.00000,0.00000,100.00000,0.00000,0.00000
2.43200,0,0.07296,1,1.00000,0.00000,0.00000,0.00000,0.00000,0.00000,0.00000,0.00000,0.00000,0.00000,0.00000,0.00000,0.00000,0.00000,0.00000,0.00000,0.00000,0.00000,0.00000,0.00000,0.00000,0.00000,0.00000,0.00000,0.00000,0.00000,0.00000,100.00000,0.00000,0.00000,0.00000,0.00000,0.00000,0.00000,0.00000,0.00000,0.00000,0.00000,0.00000,0.00000,0.00000,0.00000,100.00000,0.00000,0.00000,0.00000,0.00000,0.00000,0.00000,0.00000,0.00000,0.00000,0.00000,0.00000,0.00000,0.00000,0.00000,100.00000,0.00000,0.00000
2.45333,0,0.07274,1,1.00000,0.00000,0.00000,0.00000,0.00000,0.00000,0.00000,0.00000,0.00000,0.00000,0.00000,0.00000,0.00000,0.00000,0.00000,0.00000,0.00000,0.00000,0.00000,0.00000,0.00000,0.00000,0.00000,0.00000,0.00000,0.00000,0.00000,100.00000,0.00000,0.00000,0.00000,0.00000,0.00000,0.00000,0.00000,0.00000,0.00000,0.00000,0.00000,0.00000,0.00000,0.00000,100.00000,0.00000,0.00000,0.00000,0.00000,0.00000,0.00000,0.00000,0.00000,0.00000,0.00000,0.00000,0.00000,0.00000,0.00000,100.00000,0.00000,0.00000
2.47467,0,0.07184,1,1.00000,0.00000,0.00000,0.00000,0.00000,0.00000,0.00000,0.00000,0.00000,0.00000,0.00000,0.00000,0.00000,0.00000,0.00000,0.00000,0.00000,0.00000,0.00000,0.00000,0.00000,0.00000,0.00000,0.00000,0.00000,0.00000,0.00000,100.00000,0.00000,0.00000,0.00000,0.00000,0.00000,0.00000,0.00000,0.00000,0.00000,0.00000,0.00000,0.00000,0.00000,0.00000,100.00000,0.00000,0.00000,0.00000,0.00000,0.00000,0.00000,0.00000,0.00000,0.00000,0.00000,0.00000,0.00000,0.00000,0.00000,100.00000,0.00000,0.00000
2.49600,0,0.07177,1,1.00000,0.00000,0.00000,0.00000,0.00000,0.00000,0.00000,0.00000,0.00000,0.00000,0.00000,0.00000,0.00000,0.00000,0.00000,0.00000,0.00000,0.00000,0.00000,0.00000,0.00000,0.00000,0.00000,0.00000,0.00000,0.00000,0.00000,100.00000,0.00000,0.00000,0.00000,0.00000,0.00000,0.00000,0.00000,0.00000,0.00000,0.00000,0.00000,0.00000,0.00000,0.00000,100.00000,0.00000,0.00000,0.00000,0.00000,0.00000,0.00000,0.00000,0.00000,0.00000,0.00000,0.00000,0.00000,0.00000,0.00000,100.00000,0.00000,0.00000
2.51733,0,0.07355,1,1.00000,0.00000,0.00000,0.00000,0.00000,0.00000,0.00000,0.00000,0.00000,0.00000,0.00000,0.00000,0.00000,0.00000,0.00000,0.00000,0.00000,0.00000,0.00000,0.00000,0.00000,0.00000,0.00000,0.00000,0.00000,0.00000,0.00000,100.00000,0.00000,0.00000,0.00000,0.00000,0.00000,0.00000,0.00000,0.00000,0.00000,0.00000,0.00000,0.00000,0.00000,0.00000,100.00000,0.00000,0.00000,0.00000,0.00000,0.00000,0.00000,0.00000,0.00000,0.00000,0.00000,0.00000,0.00000,0.00000,0.00000,100.00000,0.00000,0.00000
2.53867,0,0.08259,1,1.00000,0.00000,0.00000,0.00000,0.00000,0.00000,0.00000,0.00000,0.00000,0.00000,0.00000,0.00000,0.00000,0.00000,0.00000,0.00000,0.00000,0.00000,0.00000,0.00000,0.00000,0.00000,0.00000,0.00000,0.00000,0.00000,0.00000,100.00000,0.00000,0.00000,0.00000,0.00000,0.00000,0.00000,0.00000,0.00000,0.00000,0.00000,0.00000,0.00000,0.00000,0.00000,100.00000,0.00000,0.00000,0.00000,0.00000,0.00000,0.00000,0.00000,0.00000,0.00000,0.00000,0.00000,0.00000,0.00000,0.00000,100.00000,0.00000,0.00000
2.56000,0,0.08257,1,1.00000,0.00000,0.00000,0.00000,0.00000,0.00000,0.00000,0.00000,0.00000,0.00000,0.00000,0.00000,0.00000,0.00000,0.00000,0.00000,0.00000,0.00000,0.00000,0.00000,0.00000,0.00000,0.00000,0.00000,0.00000,0.00000,0.00000,100.00000,0.00000,0.00000,0.00000,0.00000,0.00000,0.00000,0.00000,0.00000,0.00000,0.00000,0.00000,0.00000,0.00000,0.00000,100.00000,0.00000,0.00000,0.00000,0.00000,0.00000,0.00000,0.00000,0.00000,0.00000,0.00000,0.00000,0.00000,0.00000,0.00000,100.00000,0.00000,0.00000
2.58133,0,0.07935,1,1.00000,0.00000,0.00000,0.00000,0.00000,0.00000,0.00000,0.00000,0.00000,0.00000,0.00000,0.00000,0.00000,0.00000,0.00000,0.00000,0.00000,0.00000,0.00000,0.00000,0.00000,0.00000,0.00000,0.00000,0.00000,0.00000,0.00000,100.00000,0.00000,0.00000,0.00000,0.00000,0.00000,0.00000,0.00000,0.00000,0.00000,0.00000,0.00000,0.00000,0.00000,0.00000,100.00000,0.00000,0.00000,0.00000,0.00000,0.00000,0.00000,0.00000,0.00000,0.00000,0.00000,0.00000,0.00000,0.00000,0.00000,100.00000,0.00000,0.00000
2.60267,0,0.07697,1,1.00000,0.00000,0.00000,0.00000,0.00000,0.00000,0.00000,0.00000,0.00000,0.00000,0.00000,0.00000,0.00000,0.00000,0.00000,0.00000,0.00000,0.00000,0.00000,0.00000,0.00000,0.00000,0.00000,0.00000,0.00000,0.00000,0.00000,100.00000,0.00000,0.00000,0.00000,0.00000,0.00000,0.00000,0.00000,0.00000,0.00000,0.00000,0.00000,0.00000,0.00000,0.00000,100.00000,0.00000,0.00000,0.00000,0.00000,0.00000,0.00000,0.00000,0.00000,0.00000,0.00000,0.00000,0.00000,0.00000,0.00000,100.00000,0.00000,0.00000
2.62400,0,0.07524,1,1.00000,0.00000,0.00000,0.00000,0.00000,0.00000,0.00000,0.00000,0.00000,0.00000,0.00000,0.00000,0.00000,0.00000,0.00000,0.00000,0.00000,0.00000,0.00000,0.00000,0.00000,0.00000,0.00000,0.00000,0.00000,0.00000,0.00000,100.00000,0.00000,0.00000,0.00000,0.00000,0.00000,0.00000,0.00000,0.00000,0.00000,0.00000,0.00000,0.00000,0.00000,0.00000,100.00000,0.00000,0.00000,0.00000,0.00000,0.00000,0.00000,0.00000,0.00000,0.00000,0.00000,0.00000,0.00000,0.00000,0.00000,100.00000,0.00000,0.00000
2.64533,0,0.07664,1,1.00000,0.00000,0.00000,0.00000,0.00000,0.00000,0.00000,0.00000,0.00000,0.00000,0.00000,0.00000,0.00000,0.00000,0.00000,0.00000,0.00000,0.00000,0.00000,0.00000,0.00000,0.00000,0.00000,0.00000,0.00000,0.00000,0.00000,100.00000,0.00000,0.00000,0.00000,0.00000,0.00000,0.00000,0.00000,0.00000,0.00000,0.00000,0.00000,0.00000,0.00000,0.00000,100.00000,0.00000,0.00000,0.00000,0.00000,0.00000,0.00000,0.00000,0.00000,0.00000,0.00000,0.00000,0.00000,0.00000,0.00000,100.00000,0.00000,0.00000
2.66667,0,0.07658,1,1.00000,0.00000,0.00000,0.00000,0.00000,0.00000,0.00000,0.00000,0.00000,0.00000,0.00000,0.00000,0.00000,0.00000,0.00000,0.00000,0.00000,0.00000,0.00000,0.00000,0.00000,0.00000,0.00000,0.00000,0.00000,0.00000,0.00000,100.00000,0.00000,0.00000,0.00000,0.00000,0.00000,0.00000,0.00000,0.00000,0.00000,0.00000,0.00000,0.00000,0.00000,0.00000,100.00000,0.00000,0.00000,0.00000,0.00000,0.00000,0.00000,0.00000,0.00000,0.00000,0.00000,0.00000,0.00000,0.00000,0.00000,100.00000,0.00000,0.00000
2.68800,0,0.07259,1,1.00000,0.00000,0.00000,0.00000,0.00000,0.00000,0.00000,0.00000,0.00000,0.00000,0.00000,0.00000,0.00000,0.00000,0.00000,0.00000,0.00000,0.00000,0.00000,0.00000,0.00000,0.00000,0.00000,0.00000,0.00000,0.00000,0.00000,100.00000,0.00000,0.00000,0.00000,0.00000,0.00000,0.00000,0.00000,0.00000,0.00000,0.00000,0.00000,0.00000,0.00000,0.00000,100.00000,0.00000,0.00000,0.00000,0.00000,0.00000,0.00000,0.00000,0.00000,0.00000,0.00000,0.00000,0.00000,0.00000,0.00000,100.00000,0.00000,0.00000
2.70933,0,0.06868,1,1.00000,0.00000,0.00000,0.00000,0.00000,0.00000,0.00000,0.00000,0.00000,0.00000,0.00000,0.00000,0.00000,0.00000,0.00000,0.00000,0.00000,0.00000,0.00000,0.00000,0.00000,0.00000,0.00000,0.00000,0.00000,0.00000,0.00000,100.00000,0.00000,0.00000,0.00000,0.00000,0.00000,0.00000,0.00000,0.00000,0.00000,0.00000,0.00000,0.00000,0.00000,0.00000,100.00000,0.00000,0.00000,0.00000,0.00000,0.00000,0.00000,0.00000,0.00000,0.00000,0.00000,0.00000,0.00000,0.00000,0.00000,100.00000,0.00000,0.00000
2.73067,0,0.06387,1,1.00000,0.00000,0.00000,0.00000,0.00000,0.00000,0.00000,0.00000,0.00000,0.00000,0.00000,0.00000,0.00000,0.00000,0.00000,0.00000,0.00000,0.00000,0.00000,0.00000,0.00000,0.00000,0.00000,0.00000,0.00000,0.00000,0.00000,100.00000,0.00000,0.00000,0.00000,0.00000,0.00000,0.00000,0.00000,0.00000,0.00000,0.00000,0.00000,0.00000,0.00000,0.00000,100.00000,0.00000,0.00000,0.00000,0.00000,0.00000,0.00000,0.00000,0.00000,0.00000,0.00000,0.00000,0.00000,0.00000,0.00000,100.00000,0.00000,0.00000
2.75200,0,0.05724,1,1.00000,0.00000,0.00000,0.00000,0.00000,0.00000,0.00000,0.00000,0.00000,0.00000,0.00000,0.00000,0.00000,0.00000,0.00000,0.00000,0.00000,0.00000,0.00000,0.00000,0.00000,0.00000,0.00000,0.00000,0.00000,0.00000,0.00000,100.00000,0.00000,0.00000,0.00000,0.00000,0.00000,0.00000,0.00000,0.00000,0.00000,0.00000,0.00000,0.00000,0.00000,0.00000,100.00000,0.00000,0.00000,0.00000,0.00000,0.00000,0.00000,0.00000,0.00000,0.00000,0.00000,0.00000,0.00000,0.00000,0.00000,100.00000,0.00000,0.00000
2.77333,0,0.05200,1,0.42027,0.08059,0.06648,0.10878,0.00708,0.04218,0.01069,0.02595,0.01281,0.00933,0.03539,0.04011,0.00943,0.00616,0.12475,3.53909,1.06873,0.70797,4.01071,6.64758,0.94310,4.21795,1.28117,0.61632,12.47521,8.05859,0.93268,42.02718,2.59534,10.87837,3.53909,1.06873,0.70797,4.01071,6.64758,0.94310,4.21795,1.28117,0.61632,12.47521,8.05859,0.93268,42.02718,2.59534,10.87837,3.53909,1.06873,0.70797,4.01071,6.64758,0.94310,4.21795,1.28117,0.61632,12.47521,8.05859,0.93268,42.02718,2.59534,10.87837
2.79467,0,0.04722,1,0.30524,0.08384,0.10219,0.12217,0.00704,0.04116,0.00819,0.02416,0.01906,0.01384,0.04470,0.03228,0.00730,0.01037,0.17846,4.46989,0.81941,0.70379,3.22804,10.21884,0.73014,4.11620,1.90583,1.03713,17.84608,8.38354,1.38369,30.52433,2.41575,12.21736,4.46989,0.81941,0.70379,3.22804,10.21884,0.73014,4.11620,1.90583,1.03713,17.84608,8.38354,1.38369,30.52433,2.41575,12.21736,4.46989,0.81941,0.70379,3.22804,10.21884,0.73014,4.11620,1.90583,1.03713,17.84608,8.38354,1.38369,30.52433,2.41575,12.21736
2.81600,0,0.04626,1,0.21881,0.06301,0.21318,0.11689,0.00618,0.04197,0.00618,0.04074,0.03534,0.01342,0.05171,0.02763,0.00597,0.01007,0.14890,5.17104,0.61777,0.61806,2.76260,21.31832,0.59673,4.19748,3.53390,1.00660,14.88999,6.30102,1.34211,21.88096,4.07425,11.68919,5.17104,0.61777,0.61806,2.76260,21.31832,0.59673,4.19748,3.53390,1.00660,14.88999,6.30102,1.34211,21.88096,4.07425,11.68919,5.17104,0.61777,0.61806,2.76260,21.31832,0.59673,4.19748,3.53390,1.00660,14.88999,6.30102,1.34211,21.88096,4.07425,11.68919
2.83733,14,0.26432,1,0.15122,0.07636,0.15252,0.18656,0.00488,0.03253,0.00456,0.02837,0.05445,0.01741,0.04653,0.03834,0.01041,0.00762,0.18825,4.65259,0.45625,0.48751,3.83422,15.25244,1.04064,3.25259,5.44527,0.76223,18.82460,7.63586,1.74090,15.12176,2.83712,18.65602,4.65259,0.45625,0.48751,3.83422,15.25244,1.04064,3.25259,5.44527,0.76223,18.82460,7.63586,1.74090,15.12176,2.83712,18.65602,4.65259,0.45625,0.48751,3.83422,15.25244,1.04064,3.25259,5.44527,0.76223,18.82460,7.63586,1.74090,15.12176,2.83712,18.65602
2.85867,3,0.50082,1,0.10434,0.05286,0.10578,0.34266,0.00364,0.02321,0.00316,0.01958,0.03919,0.01242,0.07116,0.03389,0.05281,0.00527,0.13005,7.11564,0.31596,0.36365,3.38928,10.57801,5.28102,2.32056,3.91903,0.52679,13.00461,5.28594,1.24178,10.43421,1.95785,34.26566,7.11564,0.31596,0.36365,3.38928,10.57801,5.28102,2.32056,3.91903,0.52679,13.00461,5.28594,1.24178,10.43421,1.95785,34.26566,7.11564,0.31596,0.36365,3.38928,10.57801,5.28102,2.32056,3.91903,0.52679,13.00461,5.28594,1.24178,10.43421,1.95785,34.26566
2.88000,3,0.48689,1,0.07200,0.03648,0.07311,0.25711,0.00265,0.01602,0.00218,0.01351,0.02719,0.22131,0.10054,0.03245,0.05191,0.00373,0.08981,10.05440,0.21805,0.26454,3.24544,7.31111,5.19099,1.60170,2.71873,0.37308,8.98055,3.64834,22.13094,7.19981,1.35093,25.71138,10.05440,0.21805,0.26454,3.24544,7.31111,5.19099,1.60170,2.71873,0.37308,8.98055,3.64834,22.13094,7.19981,1.35093,25.71138,10.05440,0.21805,0.26454,3.24544,7.31111,5.19099,1.60170,2.71873,0.37308,8.98055,3.64834,22.13094,7.19981,1.35093,25.71138
2.90133,2,0.44529,1,0.04973,0.02518,0.30827,0.17750,0.00195,0.01106,0.00151,0.00933,0.01877,0.15295,0.11925,0.02273,0.03722,0.00258,0.06198,11.92490,0.15065,0.19470,2.27290,30.82711,3.72171,1.10633,1.87702,0.25767,6.19789,2.51826,15.29546,4.97318,0.93266,17.74956,11.92490,0.15065,0.19470,2.27290,30.82711,3.72171,1.10633,1.87702,0.25767,6.19789,2.51826,15.29546,4.97318,0.93266,17.74956,11.92490,0.15065,0.19470,2.27290,30.82711,3.72171,1.10633,1.87702,0.25767,6.19789,2.51826,15.29546,4.97318,0.93266,17.74956
2.92267,2,0.40249,1,0.03456,0.01739,0.51958,0.12257,0.00150,0.00798,0.00107,0.00644,0.01295,0.10565,0.08434,0.01569,0.02573,0.00178,0.04277,8.43366,0.10708,0.14984,1.56864,51.95842,2.57281,0.79795,1.29528,0.17783,4.27661,1.73931,10.56519,3.45606,0.64438,12.25694,8.43366,0.10708,0.14984,1.56864,51.95842,2.57281,0.79795,1.29528,0.17783,4.27661,1.73931,10.56519,3.45606,0.64438,12.25694,8.43366,0.10708,0.14984,1.56864,51.95842,2.57281,0.79795,1.29528,0.17783,4.27661,1.73931,10.56519,3.45606,0.64438,12.25694
2.94400,2,0.50827,1,0.02398,0.01220,0.45094,0.08507,0.00115,0.00755,0.00089,0.00448,0.00905,0.18608,0.15333,0.01440,0.01819,0.00264,0.03006,15.33321,0.08863,0.11514,1.43981,45.09423,1.81942,0.75481,0.90459,0.26373,3.00607,1.21993,18.60758,2.39795,0.44777,8.50713,15.33321,0.08863,0.11514,1.43981,45.09423,1.81942,0.75481,0.90459,0.26373,3.00607,1.21993,18.60758,2.39795,0.44777,8.50713,15.33321,0.08863,0.11514,1.43981,45.09423,1.81942,0.75481,0.90459,0.26373,3.00607,1.21993,18.60758,2.39795,0.44777,8.50713
2.96533,2,0.55209,1,0.01658,0.00857,0.34244,0.05874,0.00080,0.00567,0.00062,0.00310,0.00644,0.21517,0.27311,0.02904,0.01494,0.00349,0.02128,27.31138,0.06206,0.07993,2.90381,34.24441,1.49404,0.56709,0.64359,0.34901,2.12807,0.85699,21.51731,1.65810,0.30997,5.87422,27.31138,0.06206,0.07993,2.90381,34.24441,1.49404,0.56709,0.64359,0.34901,2.12807,0.85699,21.51731,1.65810,0.30997,5.87422,27.31138,0.06206,0.07993,2.90381,34.24441,1.49404,0.56709,0.64359,0.34901,2.12807,0.85699,21.51731,1.65810,0.30997,5.87422
2.98667,10,0.53651,1,0.01153,0.00674,0.25487,0.04066,0.00060,0.00544,0.00046,0.00222,0.00465,0.21481,0.31014,0.11003,0.01787,0.00484,0.01514,31.01445,0.04622,0.06003,11.00251,25.48726,1.78671,0.54443,0.46484,0.48389,1.51352,0.67428,21.48074,1.15312,0.22186,4.06615,31.01445,0.04622,0.06003,11.00251,25.48726,1.78671,0.54443,0.46484,0.48389,1.51352,0.67428,21.48074,1.15312,0.22186,4.06615,31.01445,0.04622,0.06003,11.00251,25.48726,1.78671,0.54443,0.46484,0.48389,1.51352,0.67428,21.48074,1.15312,0.22186,4.06615
3.00800,10,0.51198,1,0.00803,0.02886,0.18636,0.02954,0.00122,0.07265,0.00060,0.00541,0.05599,0.16740,0.28411,0.12676,0.01870,0.00374,0.01064,28.41064,0.05987,0.12248,12.67566,18.63594,1.87002,7.26527,5.59928,0.37449,1.06369,2.88558,16.73968,0.80305,0.54060,2.95373,28.41064,0.05987,0.12248,12.67566,18.63594,1.87002,7.26527,5.59928,0.37449,1.06369,2.88558,16.73968,0.80305,0.54060,2.95373,28.41064,0.05987,0.12248,12.67566,18.63594,1.87002,7.26527,5.59928,0.37449,1.06369,2.88558,16.73968,0.80305,0.54060,2.95373
3.02933,8,0.46510,1,0.00559,0.02867,0.12978,0.02344,0.00460,0.10884,0.00055,0.00402,0.26503,0.11725,0.19989,0.08857,0.01304,0.00280,0.00793,19.98874,0.05472,0.46033,8.85727,12.97812,1.30369,10.88395,26.50321,0.28025,0.79262,2.86680,11.72503,0.55921,0.40202,2.34405,19.98874,0.05472,0.46033,8.85727,12.97812,1.30369,10.88395,26.50321,0.28025,0.79262,2.86680,11.72503,0.55921,0.40202,2.34405,19.98874,0.05472,0.46033,8.85727,12.97812,1.30369,10.88395,26.50321,0.28025,0.79262,2.86680,11.72503,0.55921,0.40202,2.34405
3.05067,5,0.38628,1,0.00404,0.02364,0.09043,0.01777,0.11389,0.23101,0.00274,0.00335,0.21644,0.08101,0.13803,0.06117,0.00904,0.00195,0.00550,13.80331,0.27417,11.38858,6.11668,9.04283,0.90388,23.10082,21.64375,0.19531,0.54952,2.36374,8.10108,0.40368,0.33520,1.77745,13.80331,0.27417,11.38858,6.11668,9.04283,0.90388,23.10082,21.64375,0.19531,0.54952,2.36374,8.10108,0.40368,0.33520,1.77745,13.80331,0.27417,11.38858,6.11668,9.04283,0.90388,23.10082,21.64375,0.19531,0.54952,2.36374,8.10108,0.40368,0.33520,1.77745
3.07200,5,0.33571,1,0.00345,0.01714,0.06287,0.01469,0.11095,0.42681,0.00222,0.00677,0.15022,0.05591,0.09528,0.04225,0.00628,0.00135,0.00380,9.52803,0.22238,11.09536,4.22454,6.28676,0.62759,42.68137,15.02226,0.13540,0.37970,1.71354,5.59138,0.34499,0.67744,1.46926,9.52803,0.22238,11.09536,4.22454,6.28676,0.62759,42.68137,15.02226,0.13540,0.37970,1.71354,5.59138,0.34499,0.67744,1.46926,9.52803,0.22238,11.09536,4.22454,6.28676,0.62759,42.68137,15.02226,0.13540,0.37970,1.71354,5.59138,0.34499,0.67744,1.46926
3.09333,5,0.33560,1,0.00388,0.01294,0.04349,0.01133,0.07996,0.43925,0.00160,0.00507,0.11195,0.03909,0.19859,0.03132,0.01671,0.00135,0.00346,19.85933,0.16041,7.99585,3.13158,4.34916,1.67059,43.92532,11.19534,0.13467,0.34649,1.29417,3.90923,0.38820,0.50704,1.13263,19.85933,0.16041,7.99585,3.13158,4.34916,1.67059,43.92532,11.19534,0.13467,0.34649,1.29417,3.90923,0.38820,0.50704,1.13263,19.85933,0.16041,7.99585,3.13158,4.34916,1.67059,43.92532,11.19534,0.13467,0.34649,1.29417,3.90923,0.38820,0.50704,1.13263
3.11467,10,0.33949,1,0.00291,0.00899,0.03003,0.00792,0.05526,0.31197,0.00119,0.00363,0.07813,0.03441,0.35017,0.02993,0.08060,0.00113,0.00373,35.01729,0.11922,5.52599,2.99251,3.00275,8.06024,31.19681,7.81329,0.11318,0.37266,0.89925,3.44097,0.29096,0.36269,0.79219,35.01729,0.11922,5.52599,2.99251,3.00275,8.06024,31.19681,7.81329,0.11318,0.37266,0.89925,3.44097,0.29096,0.36269,0.79219,35.01729,0.11922,5.52599,2.99251,3.00275,8.06024,31.19681,7.81329,0.11318,0.37266,0.89925,3.44097,0.29096,0.36269,0.79219
3.13600,10,0.37056,1,0.00215,0.00645,0.02193,0.00559,0.03837,0.21936,0.00086,0.00270,0.05823,0.03121,0.44511,0.02615,0.13625,0.00174,0.00390,44.51123,0.08614,3.83652,2.61542,2.19309,13.62477,21.93627,5.82250,0.17363,0.39034,0.64539,3.12054,0.21508,0.27018,0.55891,44.51123,0.08614,3.83652,2.61542,2.19309,13.62477,21.93627,5.82250,0.17363,0.39034,0.64539,3.12054,0.21508,0.27018,0.55891,44.51123,0.08614,3.83652,2.61542,2.19309,13.62477,21.93627,5.82250,0.17363,0.39034,0.64539,3.12054,0.21508,0.27018,0.55891
3.15733,10,0.42404,1,0.00163,0.01113,0.03819,0.00502,0.02923,0.19255,0.00129,0.00246,0.18371,0.03218,0.36548,0.01988,0.10312,0.00452,0.00963,36.54834,0.12889,2.92313,1.98773,3.81867,10.31235,19.25477,18.37116,0.45182,0.96259,1.11273,3.21765,0.16283,0.24568,0.50168,36.54834,0.12889,2.92313,1.98773,3.81867,10.31235,19.25477,18.37116,0.45182,0.96259,1.11273,3.21765,0.16283,0.24568,0.50168,36.54834,0.12889,2.92313,1.98773,3.81867,10.31235,19.25477,18.37116,0.45182,0.96259,1.11273,3.21765,0.16283,0.24568,0.50168
3.17867,10,0.42070,1,0.00128,0.01191,0.04144,0.00581,0.02468,0.15011,0.00126,0.09268,0.21065,0.03511,0.28440,0.01582,0.10152,0.00447,0.01887,28.44019,0.12573,2.46790,1.58203,4.14386,10.15190,15.01051,21.06456,0.44718,1.88728,1.19070,3.51130,0.12804,9.26813,0.58069,28.44019,0.12573,2.46790,1.58203,4.14386,10.15190,15.01051,21.06456,0.44718,1.88728,1.19070,3.51130,0.12804,9.26813,0.58069,28.44019,0.12573,2.46790,1.58203,4.14386,10.15190,15.01051,21.06456,0.44718,1.88728,1.19070,3.51130,0.12804,9.26813,0.58069
3.20000,7,0.38509,1,0.00092,0.00868,0.03026,0.00410,0.01843,0.10403,0.00088,0.33449,0.15367,0.02515,0.21180,0.01135,0.07925,0.00311,0.01389,21.18016,0.08786,1.84333,1.13470,3.02641,7.92480,10.40260,15.36701,0.31058,1.38863,0.86817,2.51492,0.09175,33.44944,0.40965,21.18016,0.08786,1.84333,1.13470,3.02641,7.92480,10.40260,15.36701,0.31058,1.38863,0.86817,2.51492,0.09175,33.44944,0.40965,21.18016,0.08786,1.84333,1.13470,3.02641,7.92480,10.40260,15.36701,0.31058,1.38863,0.86817,2.51492,0.09175,33.44944,0.40965
3.22133,7,0.36035,1,0.00074,0.00601,0.02095,0.00286,0.01320,0.07218,0.00062,0.53922,0.10613,0.01737,0.14637,0.00785,0.05473,0.00216,0.00959,14.63726,0.06202,1.32010,0.78489,2.09528,5.47324,7.21843,10.61269,0.21600,0.95903,0.60148,1.73693,0.07418,53.92215,0.28633,14.63726,0.06202,1.32010,0.78489,2.09528,5.47324,7.21843,10.61269,0.21600,0.95903,0.60148,1.73693,0.07418,53.92215,0.28633,14.63726,0.06202,1.32010,0.78489,2.09528,5.47324,7.21843,10.61269,0.21600,0.95903,0.60148,1.73693,0.07418,53.92215,0.28633
3.24267,7,0.34572,1,0.00071,0.00480,0.01523,0.00279,0.01040,0.06817,0.00048,0.65833,0.07364,0.01200,0.10131,0.00563,0.03814,0.00171,0.00666,10.13107,0.04753,1.04033,0.56256,1.52326,3.81398,6.81691,7.36427,0.17094,0.66621,0.48018,1.19996,0.07084,65.83331,0.27865,10.13107,0.04753,1.04033,0.56256,1.52326,3.81398,6.81691,7.36427,0.17094,0.66621,0.48018,1.19996,0.07084,65.83331,0.27865,10.13107,0.04753,1.04033,0.56256,1.52326,3.81398,6.81691,7.36427,0.17094,0.66621,0.48018,1.19996,0.07084,65.83331,0.27865
3.26400,7,0.31173,1,0.00108,0.00486,0.01417,0.00428,0.00849,0.13099,0.00035,0.63605,0.05159,0.00848,0.09210,0.00694,0.03029,0.00450,0.00583,9.20952,0.03457,0.84889,0.69367,1.41721,3.02891,13.09904,5.15907,0.45015,0.58280,0.48584,0.84849,0.10845,63.60515,0.42827,9.20952,0.03457,0.84889,0.69367,1.41721,3.02891,13.09904,5.15907,0.45015,0.58280,0.48584,0.84849,0.10845,63.60515,0.42827,9.20952,0.03457,0.84889,0.69367,1.41721,3.02891,13.09904,5.15907,0.45015,0.58280,0.48584,0.84849,0.10845,63.60515,0.42827
3.28533,7,0.27412,1,0.00316,0.00463,0.23408,0.00340,0.00659,0.15027,0.00025,0.45255,0.03576,0.00603,0.06566,0.00495,0.02153,0.00322,0.00792,6.56638,0.02539,0.65879,0.49490,23.40806,2.15270,15.02657,3.57621,0.32204,0.79243,0.46287,0.60257,0.31604,45.25470,0.34034,6.56638,0.02539,0.65879,0.49490,23.40806,2.15270,15.02657,3.57621,0.32204,0.79243,0.46287,0.60257,0.31604,45.25470,0.34034,6.56638,0.02539,0.65879,0.49490,23.40806,2.15270,15.02657,3.57621,0.32204,0.79243,0.46287,0.60257,0.31604,45.25470,0.34034
3.30667,5,0.33850,1,0.00237,0.00343,0.17634,0.00238,0.00460,0.38655,0.00018,0.31252,0.02474,0.00470,0.04778,0.00439,0.01888,0.00255,0.00860,4.77773,0.01801,0.45978,0.43914,17.63445,1.88793,38.65498,2.47398,0.25515,0.85972,0.34319,0.46970,0.23650,31.25212,0.23762,4.77773,0.01801,0.45978,0.43914,17.63445,1.88793,38.65498,2.47398,0.25515,0.85972,0.34319,0.46970,0.23650,31.25212,0.23762,4.77773,0.01801,0.45978,0.43914,17.63445,1.88793,38.65498,2.47398,0.25515,0.85972,0.34319,0.46970,0.23650,31.25212,0.23762
3.32800,5,0.40053,1,0.00174,0.00258,0.12238,0.00166,0.00318,0.49880,0.00013,0.21576,0.01712,0.00572,0.03439,0.06323,0.02477,0.00213,0.00642,3.43914,0.01330,0.31765,6.32258,12.23770,2.47658,49.87957,1.71249,0.21315,0.64196,0.25780,0.57202,0.17400,21.57621,0.16584,3.43914,0.01330,0.31765,6.32258,12.23770,2.47658,49.87957,1.71249,0.21315,0.64196,0.25780,0.57202,0.17400,21.57621,0.16584,3.43914,0.01330,0.31765,6.32258,12.23770,2.47658,49.87957,1.71249,0.21315,0.64196,0.25780,0.57202,0.17400,21.57621,0.16584
3.34933,5,0.40802,1,0.00124,0.00471,0.08871,0.00128,0.00257,0.35166,0.00012,0.15017,0.01613,0.00585,0.03410,0.21971,0.10794,0.00603,0.00975,3.40965,0.01181,0.25740,21.97114,8.87131,10.79431,35.16566,1.61343,0.60309,0.97546,0.47132,0.58549,0.12444,15.01703,0.12847,3.40965,0.01181,0.25740,21.97114,8.87131,10.79431,35.16566,1.61343,0.60309,0.97546,0.47132,0.58549,0.12444,15.01703,0.12847,3.40965,0.01181,0.25740,21.97114,8.87131,10.79431,35.16566,1.61343,0.60309,0.97546,0.47132,0.58549,0.12444,15.01703,0.12847
3.37067,5,0.43783,1,0.00088,0.20316,0.07189,0.00108,0.00460,0.24364,0.00012,0.10432,0.07194,0.00421,0.02479,0.15442,0.09594,0.00456,0.01446,2.47895,0.01152,0.46040,15.44169,7.18940,9.59437,24.36355,7.19367,0.45565,1.44635,20.31594,0.42061,0.08755,10.43239,0.10797,2.47895,0.01152,0.46040,15.44169,7.18940,9.59437,24.36355,7.19367,0.45565,1.44635,20.31594,0.42061,0.08755,10.43239,0.10797,2.47895,0.01152,0.46040,15.44169,7.18940,9.59437,24.36355,7.19367,0.45565,1.44635,20.31594,0.42061,0.08755,10.43239,0.10797
3.39200,8,0.45125,1,0.00061,0.15383,0.05003,0.00374,0.00454,0.16906,0.00008,0.07199,0.33751,0.00316,0.01795,0.10661,0.06630,0.00330,0.01129,1.79505,0.00800,0.45424,10.66119,5.00308,6.63011,16.90594,33.75063,0.32974,1.12885,15.38276,0.31621,0.06121,7.19934,0.37364,1.79505,0.00800,0.45424,10.66119,5.00308,6.63011,16.90594,33.75063,0.32974,1.12885,15.38276,0.31621,0.06121,7.19934,0.37364,1.79505,0.00800,0.45424,10.66119,5.00308,6.63011,16.90594,33.75063,0.32974,1.12885,15.38276,0.31621,0.06121,7.19934,0.37364
3.41333,8,0.47140,1,0.00044,0.11783,0.03455,0.00463,0.00389,0.11690,0.00006,0.04968,0.52256,0.00267,0.01404,0.07365,0.04584,0.00256,0.01070,1.40394,0.00555,0.38880,7.36501,3.45501,4.58431,11.68981,52.25594,0.25622,1.06979,11.78313,0.26729,0.04365,4.96832,0.46324,1.40394,0.00555,0.38880,7.36501,3.45501,4.58431,11.68981,52.25594,0.25622,1.06979,11.78313,0.26729,0.04365,4.96832,0.46324,1.40394,0.00555,0.38880,7.36501,3.45501,4.58431,11.68981,52.25594,0.25622,1.06979,11.78313,0.26729,0.04365,4.96832,0.46324
3.43467,8,0.51393,1,0.00032,0.08328,0.02386,0.00573,0.00269,0.08175,0.00004,0.03428,0.55910,0.01179,0.07255,0.05325,0.04906,0.00233,0.01997,7.25482,0.00425,0.26895,5.32518,2.38570,4.90619,8.17546,55.91020,0.23293,1.99673,8.32754,1.17893,0.03224,3.42830,0.57258,7.25482,0.00425,0.26895,5.32518,2.38570,4.90619,8.17546,55.91020,0.23293,1.99673,8.32754,1.17893,0.03224,3.42830,0.57258,7.25482,0.00425,0.26895,5.32518,2.38570,4.90619,8.17546,55.91020,0.23293,1.99673,8.32754,1.17893,0.03224,3.42830,0.57258
3.45600,8,0.55197,1,0.00024,0.05809,0.01654,0.00474,0.00188,0.05649,0.00005,0.02367,0.45641,0.01267,0.12110,0.05472,0.16687,0.00216,0.02436,12.11040,0.00508,0.18801,5.47244,1.65408,16.68709,5.64929,45.64083,0.21594,2.43606,5.80916,1.26722,0.02369,2.36655,0.47416,12.11040,0.00508,0.18801,5.47244,1.65408,16.68709,5.64929,45.64083,0.21594,2.43606,5.80916,1.26722,0.02369,2.36655,0.47416,12.11040,0.00508,0.18801,5.47244,1.65408,16.68709,5.64929,45.64083,0.21594,2.43606,5.80916,1.26722,0.02369,2.36655,0.47416
3.47733,8,0.55933,1,0.00018,0.04023,0.01149,0.00370,0.00138,0.03913,0.00022,0.01651,0.34559,0.03605,0.11898,0.06884,0.24253,0.00808,0.06709,11.89755,0.02228,0.13784,6.88380,1.14856,24.25305,3.91250,34.55943,0.80826,6.70886,4.02344,3.60489,0.01817,1.65114,0.37024,11.89755,0.02228,0.13784,6.88380,1.14856,24.25305,3.91250,34.55943,0.80826,6.70886,4.02344,3.60489,0.01817,1.65114,0.37024,11.89755,0.02228,0.13784,6.88380,1.14856,24.25305,3.91250,34.55943,0.80826,6.70886,4.02344,3.60489,0.01817,1.65114,0.37024
3.49867,12,0.54269,1,0.00014,0.02785,0.00802,0.00265,0.00195,0.02720,0.00074,0.01181,0.24181,0.02921,0.14966,0.05955,0.32356,0.01376,0.10210,14.96568,0.07365,0.19528,5.95508,0.80199,32.35614,2.72019,24.18143,1.37567,10.21001,2.78457,2.92070,0.01364,1.18106,0.26493,14.96568,0.07365,0.19528,5.95508,0.80199,32.35614,2.72019,24.18143,1.37567,10.21001,2.78457,2.92070,0.01364,1.18106,0.26493,14.96568,0.07365,0.19528,5.95508,0.80199,32.35614,2.72019,24.18143,1.37567,10.21001,2.78457,2.92070,0.01364,1.18106,0.26493
3.52000,12,0.49306,1,0.00011,0.01931,0.00682,0.02092,0.07236,0.02083,0.00457,0.01104,0.17224,0.02224,0.13908,0.04567,0.37971,0.00978,0.07531,13.90776,0.45746,7.23561,4.56711,0.68182,37.97133,2.08342,17.22384,0.97781,7.53062,1.93121,2.22426,0.01136,1.10448,2.09190,13.90776,0.45746,7.23561,4.56711,0.68182,37.97133,2.08342,17.22384,0.97781,7.53062,1.93121,2.22426,0.01136,1.10448,2.09190,13.90776,0.45746,7.23561,4.56711,0.68182,37.97133,2.08342,17.22384,0.97781,7.53062,1.93121,2.22426,0.01136,1.10448,2.09190
3.54133,12,0.43274,1,0.00016,0.01340,0.01742,0.13502,0.16478,0.01869,0.04519,0.02022,0.11930,0.01537,0.09649,0.03171,0.26307,0.00676,0.05244,9.64895,4.51860,16.47783,3.17059,1.74229,26.30678,1.86855,11.92991,0.67550,5.24411,1.33970,1.53749,0.01573,2.02191,13.50206,9.64895,4.51860,16.47783,3.17059,1.74229,26.30678,1.86855,11.92991,0.67550,5.24411,1.33970,1.53749,0.01573,2.02191,13.50206,9.64895,4.51860,16.47783,3.17059,1.74229,26.30678,1.86855,11.92991,0.67550,5.24411,1.33970,1.53749,0.01573,2.02191,13.50206
3.56267,4,0.37211,1,0.00065,0.00927,0.01354,0.09915,0.21376,0.01337,0.04185,0.20366,0.08249,0.01062,0.06719,0.02194,0.18163,0.00466,0.03622,6.71881,4.18498,21.37566,2.19433,1.35367,18.16331,1.33653,8.24915,0.46640,3.62212,0.92666,1.06187,0.06494,20.36624,9.91534,6.71881,4.18498,21.37566,2.19433,1.35367,18.16331,1.33653,8.24915,0.46640,3.62212,0.92666,1.06187,0.06494,20.36624,9.91534,6.71881,4.18498,21.37566,2.19433,1.35367,18.16331,1.33653,8.24915,0.46640,3.62212,0.92666,1.06187,0.06494,20.36624,9.91534
3.58400,7,0.33208,1,0.00083,0.00641,0.01078,0.07486,0.17795,0.01035,0.03526,0.40187,0.05700,0.00735,0.04656,0.01518,0.12736,0.00322,0.02503,4.65598,3.52604,17.79522,1.51791,1.07799,12.73555,1.03470,5.69971,0.32200,2.50281,0.64145,0.73484,0.08320,40.18676,7.48586,4.65598,3.52604,17.79522,1.51791,1.07799,12.73555,1.03470,5.69971,0.32200,2.50281,0.64145,0.73484,0.08320,40.18676,7.48586,4.65598,3.52604,17.79522,1.51791,1.07799,12.73555,1.03470,5.69971,0.32200,2.50281,0.64145,0.73484,0.08320,40.18676,7.48586
3.60533,7,0.41645,1,0.00087,0.00474,0.02075,0.10503,0.16030,0.02383,0.03988,0.32777,0.04422,0.00557,0.06082,0.01590,0.16976,0.00224,0.01831,6.08214,3.98838,16.03014,1.59018,2.07525,16.97567,2.38282,4.42164,0.22415,1.83105,0.47364,0.55692,0.08728,32.77732,10.50342,6.08214,3.98838,16.03014,1.59018,2.07525,16.97567,2.38282,4.42164,0.22415,1.83105,0.47364,0.55692,0.08728,32.77732,10.50342,6.08214,3.98838,16.03014,1.59018,2.07525,16.97567,2.38282,4.42164,0.22415,1.83105,0.47364,0.55692,0.08728,32.77732,10.50342
3.62667,12,0.47353,1,0.00069,0.00340,0.01534,0.07413,0.11905,0.02505,0.02973,0.22859,0.03339,0.00405,0.07715,0.04941,0.32377,0.00155,0.01468,7.71489,2.97325,11.90498,4.94126,1.53441,32.37714,2.50543,3.33871,0.15541,1.46829,0.34002,0.40523,0.06871,22.85892,7.41334,7.71489,2.97325,11.90498,4.94126,1.53441,32.37714,2.50543,3.33871,0.15541,1.46829,0.34002,0.40523,0.06871,22.85892,7.41334,7.71489,2.97325,11.90498,4.94126,1.53441,32.37714,2.50543,3.33871,0.15541,1.46829,0.34002,0.40523,0.06871,22.85892,7.41334
3.64800,12,0.47344,1,0.00049,0.00244,0.01059,0.05116,0.08226,0.01893,0.02054,0.15774,0.03070,0.00281,0.06511,0.04446,0.50070,0.00108,0.01099,6.51142,2.05363,8.22648,4.44586,1.05937,50.06955,1.89280,3.07047,0.10778,1.09851,0.24437,0.28106,0.04913,15.77378,5.11578,6.51142,2.05363,8.22648,4.44586,1.05937,50.06955,1.89280,3.07047,0.10778,1.09851,0.24437,0.28106,0.04913,15.77378,5.11578,6.51142,2.05363,8.22648,4.44586,1.05937,50.06955,1.89280,3.07047,0.10778,1.09851,0.24437,0.28106,0.04913,15.77378,5.11578
3.66933,12,0.46735,1,0.00035,0.00307,0.00732,0.03531,0.05695,0.04397,0.01418,0.10885,0.23334,0.00194,0.04755,0.03362,0.40520,0.00074,0.00762,4.75456,1.41827,5.69463,3.36247,0.73167,40.51996,4.39664,23.33370,0.07442,0.76181,0.30694,0.19427,0.03461,10.88496,3.53109,4.75456,1.41827,5.69463,3.36247,0.73167,40.51996,4.39664,23.33370,0.07442,0.76181,0.30694,0.19427,0.03461,10.88496,3.53109,4.75456,1.41827,5.69463,3.36247,0.73167,40.51996,4.39664,23.33370,0.07442,0.76181,0.30694,0.19427,0.03461,10.88496,3.53109
3.69067,8,0.46052,1,0.00026,0.00416,0.00507,0.02566,0.03968,0.16478,0.00981,0.07513,0.33174,0.00135,0.03288,0.02326,0.28041,0.00051,0.00529,3.28840,0.98138,3.96757,2.32605,0.50714,28.04134,16.47751,33.17397,0.05141,0.52910,0.41586,0.13516,0.02615,7.51313,2.56584,3.28840,0.98138,3.96757,2.32605,0.50714,28.04134,16.47751,33.17397,0.05141,0.52910,0.41586,0.13516,0.02615,7.51313,2.56584,3.28840,0.98138,3.96757,2.32605,0.50714,28.04134,16.47751,33.17397,0.05141,0.52910,0.41586,0.13516,0.02615,7.51313,2.56584
3.71200,8,0.45538,1,0.00049,0.03132,0.00857,0.04196,0.03932,0.21241,0.00770,0.05202,0.35690,0.00666,0.02285,0.01612,0.19581,0.00036,0.00751,2.28472,0.76951,3.93150,1.61216,0.85721,19.58101,21.24106,35.69042,0.03638,0.75147,3.13151,0.66617,0.04891,5.20160,4.19636,2.28472,0.76951,3.93150,1.61216,0.85721,19.58101,21.24106,35.69042,0.03638,0.75147,3.13151,0.66617,0.04891,5.20160,4.19636,2.28472,0.76951,3.93150,1.61216,0.85721,19.58101,21.24106,35.69042,0.03638,0.75147,3.13151,0.66617,0.04891,5.20160,4.19636
3.73333,8,0.45336,1,0.00080,0.08372,0.01703,0.04483,0.03558,0.16862,0.00590,0.03603,0.41971,0.00986,0.01594,0.01127,0.13947,0.00026,0.01099,1.59380,0.58976,3.55833,1.12676,1.70326,13.94719,16.86177,41.97141,0.02597,1.09885,8.37187,0.98555,0.07959,3.60294,4.48296,1.59380,0.58976,3.55833,1.12676,1.70326,13.94719,16.86177,41.97141,0.02597,1.09885,8.37187,0.98555,0.07959,3.60294,4.48296,1.59380,0.58976,3.55833,1.12676,1.70326,13.94719,16.86177,41.97141,0.02597,1.09885,8.37187,0.98555,0.07959,3.60294,4.48296
3.75467,8,0.45608,1,0.00131,0.11281,0.01381,0.03601,0.02606,0.13229,0.00415,0.02490,0.48502,0.02382,0.01123,0.00811,0.09725,0.00020,0.02303,1.12334,0.41499,2.60647,0.81089,1.38104,9.72506,13.22903,48.50215,0.01962,2.30267,11.28135,2.38152,0.13078,2.48970,3.60141,1.12334,0.41499,2.60647,0.81089,1.38104,9.72506,13.22903,48.50215,0.01962,2.30267,11.28135,2.38152,0.13078,2.48970,3.60141,1.12334,0.41499,2.60647,0.81089,1.38104,9.72506,13.22903,48.50215,0.01962,2.30267,11.28135,2.38152,0.13078,2.48970,3.60141
3.77600,8,0.45497,1,0.00266,0.10001,0.01206,0.04141,0.02142,0.12899,0.00320,0.01869,0.53267,0.02544,0.00808,0.00583,0.07277,0.00019,0.02659,0.80794,0.32026,2.14173,0.58268,1.20550,7.27700,12.89850,53.26701,0.01884,2.65935,10.00077,2.54445,0.26573,1.86908,4.14116,0.80794,0.32026,2.14173,0.58268,1.20550,7.27700,12.89850,53.26701,0.01884,2.65935,10.00077,2.54445,0.26573,1.86908,4.14116,0.80794,0.32026,2.14173,0.58268,1.20550,7.27700,12.89850,53.26701,0.01884,2.65935,10.00077,2.54445,0.26573,1.86908,4.14116
3.79733,8,0.46729,1,0.00193,0.07040,0.00836,0.03050,0.01495,0.08956,0.00221,0.01291,0.64888,0.01760,0.02948,0.00423,0.05025,0.00032,0.01842,2.94828,0.22116,1.49462,0.42343,0.83603,5.02462,8.95647,64.88779,0.03208,1.84157,7.04002,1.75964,0.19284,1.29136,3.05007,2.94828,0.22116,1.49462,0.42343,0.83603,5.02462,8.95647,64.88779,0.03208,1.84157,7.04002,1.75964,0.19284,1.29136,3.05007,2.94828,0.22116,1.49462,0.42343,0.83603,5.02462,8.95647,64.88779,0.03208,1.84157,7.04002,1.75964,0.19284,1.29136,3.05007
3.81867,8,0.48014,1,0.00135,0.04862,0.00577,0.02110,0.01068,0.06214,0.00153,0.00896,0.49978,0.01216,0.22005,0.00391,0.03489,0.05632,0.01274,22.00495,0.15269,1.06831,0.39125,0.57714,3.48889,6.21441,49.97825,5.63174,1.27360,4.86157,1.21562,0.13490,0.89637,2.11031,22.00495,0.15269,1.06831,0.39125,0.57714,3.48889,6.21441,49.97825,5.63174,1.27360,4.86157,1.21562,0.13490,0.89637,2.11031,22.00495,0.15269,1.06831,0.39125,0.57714,3.48889,6.21441,49.97825,5.63174,1.27360,4.86157,1.21562,0.13490,0.89637,2.11031
3.84000,8,0.46690,1,0.00094,0.03416,0.00404,0.01501,0.00757,0.04307,0.00106,0.00620,0.37012,0.00867,0.24620,0.01763,0.02724,0.20795,0.01014,24.61964,0.10568,0.75716,1.76321,0.40367,2.72383,4.30651,37.01246,20.79547,1.01431,3.41585,0.86686,0.09381,0.62050,1.50105,24.61964,0.10568,0.75716,1.76321,0.40367,2.72383,4.30651,37.01246,20.79547,1.01431,3.41585,0.86686,0.09381,0.62050,1.50105,24.61964,0.10568,0.75716,1.76321,0.40367,2.72383,4.30651,37.01246,20.79547,1.01431,3.41585,0.86686,0.09381,0.62050,1.50105
3.86133,8,0.45265,1,0.00066,0.02490,0.00289,0.01079,0.00551,0.03190,0.00074,0.00438,0.45419,0.00640,0.18919,0.01257,0.01912,0.22850,0.00828,18.91882,0.07369,0.55056,1.25685,0.28858,1.91199,3.19023,45.41948,22.84981,0.82790,2.48973,0.63996,0.06618,0.43754,1.07869,18.91882,0.07369,0.55056,1.25685,0.28858,1.91199,3.19023,45.41948,22.84981,0.82790,2.48973,0.63996,0.06618,0.43754,1.07869,18.91882,0.07369,0.55056,1.25685,0.28858,1.91199,3.19023,45.41948,22.84981,0.82790,2.48973,0.63996,0.06618,0.43754,1.07869
3.88267,8,0.41763,1,0.00073,0.01761,0.00263,0.02118,0.01984,0.02320,0.00088,0.09172,0.36490,0.00668,0.13831,0.00883,0.01362,0.28390,0.00599,13.83056,0.08775,1.98384,0.88320,0.26282,1.36198,2.31982,36.48952,28.38978,0.59857,1.76130,0.66773,0.07283,9.17202,2.11829,13.83056,0.08775,1.98384,0.88320,0.26282,1.36198,2.31982,36.48952,28.38978,0.59857,1.76130,0.66773,0.07283,9.17202,2.11829,13.83056,0.08775,1.98384,0.88320,0.26282,1.36198,2.31982,36.48952,28.38978,0.59857,1.76130,0.66773,0.07283,9.17202,2.11829
3.90400,7,0.36939,1,0.00051,0.01217,0.00190,0.01467,0.01417,0.01603,0.00066,0.37114,0.25254,0.00462,0.09564,0.00610,0.00944,0.19629,0.00413,9.56363,0.06620,1.41669,0.61002,0.18964,0.94376,1.60340,25.25379,19.62855,0.41315,1.21688,0.46161,0.05121,37.11399,1.46750,9.56363,0.06620,1.41669,0.61002,0.18964,0.94376,1.60340,25.25379,19.62855,0.41315,1.21688,0.46161,0.05121,37.11399,1.46750,9.56363,0.06620,1.41669,0.61002,0.18964,0.94376,1.60340,25.25379,19.62855,0.41315,1.21688,0.46161,0.05121,37.11399,1.46750
3.92533,7,0.33987,1,0.00036,0.00840,0.00134,0.01014,0.01012,0.01108,0.00048,0.56558,0.17430,0.00319,0.06600,0.00421,0.00651,0.13544,0.00285,6.60026,0.04783,1.01175,0.42097,0.13383,0.65138,1.10783,17.43003,13.54394,0.28508,0.83977,0.31858,0.03617,56.55831,1.01427,6.60026,0.04783,1.01175,0.42097,0.13383,0.65138,1.10783,17.43003,13.54394,0.28508,0.83977,0.31858,0.03617,56.55831,1.01427,6.60026,0.04783,1.01175,0.42097,0.13383,0.65138,1.10783,17.43003,13.54394,0.28508,0.83977,0.31858,0.03617,56.55831,1.01427
3.94667,7,0.32476,1,0.00026,0.00580,0.00096,0.00702,0.01157,0.00775,0.00036,0.69540,0.12030,0.00220,0.04556,0.00291,0.00450,0.09345,0.00197,4.55559,0.03564,1.15687,0.29052,0.09618,0.45015,0.77538,12.02979,9.34542,0.19673,0.58012,0.21988,0.02606,69.53987,0.70177,4.55559,0.03564,1.15687,0.29052,0.09618,0.45015,0.77538,12.02979,9.34542,0.19673,0.58012,0.21988,0.02606,69.53987,0.70177,4.55559,0.03564,1.15687,0.29052,0.09618,0.45015,0.77538,12.02979,9.34542,0.19673,0.58012,0.21988,0.02606,69.53987,0.70177
3.96800,7,0.31453,1,0.00024,0.00403,0.00076,0.00516,0.02484,0.00564,0.00028,0.77185,0.08317,0.00152,0.03151,0.00201,0.00314,0.06449,0.00136,3.15133,0.02841,2.48410,0.20077,0.07595,0.31400,0.56443,8.31676,6.44875,0.13614,0.40343,0.15185,0.02358,77.18456,0.51594,3.15133,0.02841,2.48410,0.20077,0.07595,0.31400,0.56443,8.31676,6.44875,0.13614,0.40343,0.15185,0.02358,77.18456,0.51594,3.15133,0.02841,2.48410,0.20077,0.07595,0.31400,0.56443,8.31676,6.44875,0.13614,0.40343,0.15185,0.02358,77.18456,0.51594
3.98933,7,0.30941,1,0.00030,0.00279,0.00068,0.00656,0.08904,0.00432,0.00027,0.76286,0.06105,0.00105,0.02191,0.00142,0.00227,0.04452,0.00095,2.19142,0.02703,8.90431,0.14157,0.06829,0.22696,0.43204,6.10490,4.45175,0.09456,0.27927,0.10493,0.03017,76.28649,0.65631,2.19142,0.02703,8.90431,0.14157,0.06829,0.22696,0.43204,6.10490,4.45175,0.09456,0.27927,0.10493,0.03017,76.28649,0.65631,2.19142,0.02703,8.90431,0.14157,0.06829,0.22696,0.43204,6.10490,4.45175,0.09456,0.27927,0.10493,0.03017,76.28649,0.65631
4.01067,7,0.28254,1,0.00057,0.00195,0.00068,0.00828,0.09582,0.01048,0.00044,0.77021,0.05003,0.00077,0.01957,0.00349,0.00601,0.03103,0.00067,1.95659,0.04381,9.58245,0.34912,0.06848,0.60105,1.04782,5.00326,3.10270,0.06676,0.19525,0.07655,0.05733,77.02131,0.82753,1.95659,0.04381,9.58245,0.34912,0.06848,0.60105,1.04782,5.00326,3.10270,0.06676,0.19525,0.07655,0.05733,77.02131,0.82753,1.95659,0.04381,9.58245,0.34912,0.06848,0.60105,1.04782,5.00326,3.10270,0.06676,0.19525,0.07655,0.05733,77.02131,0.82753
4.03200,7,0.38467,1,0.00043,0.00136,0.00073,0.00644,0.06745,0.02062,0.00042,0.54517,0.03459,0.00092,0.18347,0.10482,0.00783,0.02528,0.00048,18.34678,0.04151,6.74526,10.48159,0.07326,0.78316,2.06235,3.45889,2.52798,0.04770,0.13559,0.09227,0.04303,54.51690,0.64373,18.34678,0.04151,6.74526,10.48159,0.07326,0.78316,2.06235,3.45889,2.52798,0.04770,0.13559,0.09227,0.04303,54.51690,0.64373,18.34678,0.04151,6.74526,10.48159,0.07326,0.78316,2.06235,3.45889,2.52798,0.04770,0.13559,0.09227,0.04303,54.51690,0.64373
4.05333,7,0.44303,1,0.00034,0.00094,0.00057,0.00448,0.04686,0.01523,0.00029,0.37660,0.02411,0.00141,0.32689,0.17497,0.00798,0.01900,0.00034,32.68857,0.02920,4.68560,17.49683,0.05657,0.79776,1.52311,2.41087,1.90018,0.03419,0.09443,0.14129,0.03407,37.65963,0.44770,32.68857,0.02920,4.68560,17.49683,0.05657,0.79776,1.52311,2.41087,1.90018,0.03419,0.09443,0.14129,0.03407,37.65963,0.44770,32.68857,0.02920,4.68560,17.49683,0.05657,0.79776,1.52311,2.41087,1.90018,0.03419,0.09443,0.14129,0.03407,37.65963,0.44770
4.07467,10,0.43160,1,0.00024,0.00105,0.00042,0.00309,0.03462,0.01105,0.00078,0.26033,0.06845,0.00104,0.45488,0.14428,0.00602,0.01347,0.00027,45.48827,0.07826,3.46227,14.42763,0.04192,0.60216,1.10453,6.84540,1.34709,0.02653,0.10534,0.10384,0.02439,26.03289,0.30949,45.48827,0.07826,3.46227,14.42763,0.04192,0.60216,1.10453,6.84540,1.34709,0.02653,0.10534,0.10384,0.02439,26.03289,0.30949,45.48827,0.07826,3.46227,14.42763,0.04192,0.60216,1.10453,6.84540,1.34709,0.02653,0.10534,0.10384,0.02439,26.03289,0.30949
4.09600,10,0.39675,1,0.00020,0.00116,0.00077,0.00217,0.08224,0.00977,0.00655,0.17965,0.07028,0.00074,0.52831,0.10419,0.00429,0.00940,0.00026,52.83106,0.65464,8.22419,10.41933,0.07727,0.42946,0.97676,7.02813,0.94022,0.02637,0.11636,0.07441,0.01969,17.96544,0.21667,52.83106,0.65464,8.22419,10.41933,0.07727,0.42946,0.97676,7.02813,0.94022,0.02637,0.11636,0.07441,0.01969,17.96544,0.21667,52.83106,0.65464,8.22419,10.41933,0.07727,0.42946,0.97676,7.02813,0.94022,0.02637,0.11636,0.07441,0.01969,17.96544,0.21667
4.11733,10,0.34221,1,0.00016,0.00083,0.00061,0.00153,0.06531,0.00711,0.24272,0.12397,0.05051,0.00055,0.42499,0.07201,0.00300,0.00652,0.00018,42.49906,24.27150,6.53134,7.20108,0.06052,0.29975,0.71114,5.05108,0.65210,0.01841,0.08282,0.05529,0.01571,12.39707,0.15312,42.49906,24.27150,6.53134,7.20108,0.06052,0.29975,0.71114,5.05108,0.65210,0.01841,0.08282,0.05529,0.01571,12.39707,0.15312,42.49906,24.27150,6.53134,7.20108,0.06052,0.29975,0.71114,5.05108,0.65210,0.01841,0.08282,0.05529,0.01571,12.39707,0.15312
4.13867,6,0.30959,1,0.00011,0.00060,0.00052,0.00108,0.04911,0.00521,0.47278,0.08562,0.03487,0.00039,0.29332,0.04969,0.00208,0.00450,0.00013,29.33153,47.27800,4.91130,4.96890,0.05172,0.20808,0.52062,3.48698,0.45019,0.01274,0.05997,0.03904,0.01118,8.56197,0.10778,29.33153,47.27800,4.91130,4.96890,0.05172,0.20808,0.52062,3.48698,0.45019,0.01274,0.05997,0.03904,0.01118,8.56197,0.10778,29.33153,47.27800,4.91130,4.96890,0.05172,0.20808,0.52062,3.48698,0.45019,0.01274,0.05997,0.03904,0.01118,8.56197,0.10778
4.16000,6,0.28422,1,0.00008,0.00042,0.00038,0.00076,0.03640,0.00362,0.63325,0.05912,0.02406,0.00056,0.20240,0.03429,0.00146,0.00311,0.00010,20.23964,63.32474,3.64046,3.42861,0.03756,0.14635,0.36216,2.40648,0.31077,0.00980,0.04169,0.05632,0.00779,5.91193,0.07570,20.23964,63.32474,3.64046,3.42861,0.03756,0.14635,0.36216,2.40648,0.31077,0.00980,0.04169,0.05632,0.00779,5.91193,0.07570,20.23964,63.32474,3.64046,3.42861,0.03756,0.14635,0.36216,2.40648,0.31077,0.00980,0.04169,0.05632,0.00779,5.91193,0.07570
4.18133,6,0.26539,1,0.00009,0.00044,0.00152,0.00055,0.04320,0.00267,0.70408,0.04093,0.01675,0.02242,0.13987,0.02366,0.00103,0.00218,0.00061,13.98733,70.40836,4.32043,2.36602,0.15206,0.10308,0.26655,1.67485,0.21761,0.06079,0.04397,2.24205,0.00860,4.09295,0.05535,13.98733,70.40836,4.32043,2.36602,0.15206,0.10308,0.26655,1.67485,0.21761,0.06079,0.04397,2.24205,0.00860,4.09295,0.05535,13.98733,70.40836,4.32043,2.36602,0.15206,0.10308,0.26655,1.67485,0.21761,0.06079,0.04397,2.24205,0.00860,4.09295,0.05535
4.20267,6,0.24793,1,0.00018,0.00112,0.00341,0.00040,0.06634,0.00283,0.58042,0.02827,0.01247,0.18255,0.09836,0.01634,0.00076,0.00175,0.00481,9.83564,58.04178,6.63354,1.63371,0.34075,0.07559,0.28338,1.24723,0.17497,0.48077,0.11188,18.25505,0.01828,2.82708,0.04035,9.83564,58.04178,6.63354,1.63371,0.34075,0.07559,0.28338,1.24723,0.17497,0.48077,0.11188,18.25505,0.01828,2.82708,0.04035,9.83564,58.04178,6.63354,1.63371,0.34075,0.07559,0.28338,1.24723,0.17497,0.48077,0.11188,18.25505,0.01828,2.82708,0.04035
4.22400,9,0.23231,1,0.00015,0.00125,0.00285,0.00028,0.04886,0.00218,0.40484,0.01951,0.01170,0.41904,0.07094,0.01128,0.00058,0.00130,0.00523,7.09447,40.48372,4.88606,1.12835,0.28523,0.05778,0.21766,1.16989,0.13047,0.52317,0.12497,41.90385,0.01479,1.95147,0.02814,7.09447,40.48372,4.88606,1.12835,0.28523,0.05778,0.21766,1.16989,0.13047,0.52317,0.12497,41.90385,0.01479,1.95147,0.02814,7.09447,40.48372,4.88606,1.12835,0.28523,0.05778,0.21766,1.16989,0.13047,0.52317,0.12497,41.90385,0.01479,1.95147,0.02814
4.24533,9,0.35564,1,0.00010,0.00091,0.00207,0.00020,0.03376,0.00157,0.27960,0.01347,0.01145,0.58298,0.05681,0.00864,0.00292,0.00105,0.00448,5.68063,27.95967,3.37577,0.86431,0.20674,0.29247,0.15711,1.14473,0.10490,0.44758,0.09098,58.29791,0.01046,1.34671,0.02005,5.68063,27.95967,3.37577,0.86431,0.20674,0.29247,0.15711,1.14473,0.10490,0.44758,0.09098,58.29791,0.01046,1.34671,0.02005,5.68063,27.95967,3.37577,0.86431,0.20674,0.29247,0.15711,1.14473,0.10490,0.44758,0.09098,58.29791,0.01046,1.34671,0.02005
4.26667,9,0.43440,1,0.00007,0.00064,0.00144,0.00014,0.02330,0.00111,0.19292,0.00929,0.00815,0.64341,0.04726,0.00874,0.05883,0.00083,0.00386,4.72643,19.29235,2.32960,0.87359,0.14442,5.88282,0.11111,0.81538,0.08303,0.38626,0.06397,64.34059,0.00731,0.92925,0.01389,4.72643,19.29235,2.32960,0.87359,0.14442,5.88282,0.11111,0.81538,0.08303,0.38626,0.06397,64.34059,0.00731,0.92925,0.01389,4.72643,19.29235,2.32960,0.87359,0.14442,5.88282,0.11111,0.81538,0.08303,0.38626,0.06397,64.34059,0.00731,0.92925,0.01389
4.28800,9,0.42934,1,0.00005,0.00052,0.00104,0.00010,0.01611,0.00096,0.13313,0.00641,0.00574,0.49810,0.05063,0.02885,0.24669,0.00068,0.01097,5.06272,13.31305,1.61052,2.88525,0.10436,24.66924,0.09608,0.57415,0.06843,1.09703,0.05232,49.81026,0.00521,0.64142,0.00997,5.06272,13.31305,1.61052,2.88525,0.10436,24.66924,0.09608,0.57415,0.06843,1.09703,0.05232,49.81026,0.00521,0.64142,0.00997,5.06272,13.31305,1.61052,2.88525,0.10436,24.66924,0.09608,0.57415,0.06843,1.09703,0.05232,49.81026,0.00521,0.64142,0.00997
4.30933,12,0.38952,1,0.00004,0.00180,0.00223,0.00077,0.06046,0.00433,0.09244,0.00450,0.00852,0.34708,0.04633,0.02211,0.39943,0.00056,0.00939,4.63262,9.24405,6.04589,2.21107,0.22318,39.94305,0.43284,0.85239,0.05640,0.93897,0.18003,34.70805,0.00434,0.44987,0.07724,4.63262,9.24405,6.04589,2.21107,0.22318,39.94305,0.43284,0.85239,0.05640,0.93897,0.18003,34.70805,0.00434,0.44987,0.07724,4.63262,9.24405,6.04589,2.21107,0.22318,39.94305,0.43284,0.85239,0.05640,0.93897,0.18003,34.70805,0.00434,0.44987,0.07724
4.33067,12,0.33621,1,0.00017,0.00392,0.00279,0.00214,0.13719,0.05359,0.15351,0.00317,0.00774,0.24086,0.03451,0.01663,0.33644,0.00044,0.00691,3.45145,15.35083,13.71908,1.66271,0.27907,33.64417,5.35850,0.77405,0.04385,0.69079,0.39172,24.08588,0.01718,0.31666,0.21405,3.45145,15.35083,13.71908,1.66271,0.27907,33.64417,5.35850,0.77405,0.04385,0.69079,0.39172,24.08588,0.01718,0.31666,0.21405,3.45145,15.35083,13.71908,1.66271,0.27907,33.64417,5.35850,0.77405,0.04385,0.69079,0.39172,24.08588,0.01718,0.31666,0.21405
4.35200,12,0.30141,1,0.00033,0.00284,0.00207,0.00223,0.21948,0.03847,0.11546,0.17455,0.00558,0.16621,0.02395,0.01149,0.23227,0.00030,0.00478,2.39473,11.54574,21.94826,1.14919,0.20733,23.22673,3.84711,0.55804,0.03036,0.47837,0.28367,16.62056,0.03259,17.45452,0.22279,2.39473,11.54574,21.94826,1.14919,0.20733,23.22673,3.84711,0.55804,0.03036,0.47837,0.28367,16.62056,0.03259,17.45452,0.22279,2.39473,11.54574,21.94826,1.14919,0.20733,23.22673,3.84711,0.55804,0.03036,0.47837,0.28367,16.62056,0.03259,17.45452,0.22279
4.37333,7,0.27387,1,0.00041,0.00198,0.00153,0.00196,0.20924,0.02765,0.08134,0.36426,0.00389,0.11470,0.01949,0.00800,0.16184,0.00021,0.00350,1.94909,8.13394,20.92448,0.79974,0.15274,16.18403,2.76514,0.38933,0.02114,0.34973,0.19772,11.46960,0.04101,36.42632,0.19597,1.94909,8.13394,20.92448,0.79974,0.15274,16.18403,2.76514,0.38933,0.02114,0.34973,0.19772,11.46960,0.04101,36.42632,0.19597,1.94909,8.13394,20.92448,0.79974,0.15274,16.18403,2.76514,0.38933,0.02114,0.34973,0.19772,11.46960,0.04101,36.42632,0.19597
4.39467,7,0.24455,1,0.00377,0.00239,0.00176,0.00235,0.16021,0.02120,0.05686,0.43138,0.00351,0.07929,0.09430,0.00943,0.12994,0.00072,0.00288,9.42986,5.68619,16.02125,0.94349,0.17570,12.99442,2.12026,0.35070,0.07232,0.28850,0.23896,7.92862,0.37670,43.13832,0.23473,9.42986,5.68619,16.02125,0.94349,0.17570,12.99442,2.12026,0.35070,0.07232,0.28850,0.23896,7.92862,0.37670,43.13832,0.23473,9.42986,5.68619,16.02125,0.94349,0.17570,12.99442,2.12026,0.35070,0.07232,0.28850,0.23896,7.92862,0.37670,43.13832,0.23473
4.41600,7,0.20477,1,0.18861,0.00507,0.00157,0.00175,0.12052,0.01488,0.03976,0.36499,0.00328,0.05516,0.08502,0.01494,0.09732,0.00504,0.00208,8.50161,3.97602,12.05246,1.49404,0.15678,9.73232,1.48833,0.32806,0.50405,0.20755,0.50737,5.51614,18.86116,36.49887,0.17524,8.50161,3.97602,12.05246,1.49404,0.15678,9.73232,1.48833,0.32806,0.50405,0.20755,0.50737,5.51614,18.86116,36.49887,0.17524,8.50161,3.97602,12.05246,1.49404,0.15678,9.73232,1.48833,0.32806,0.50405,0.20755,0.50737,5.51614,18.86116,36.49887,0.17524
4.43733,0,0.17157,1,0.34592,0.00693,0.00150,0.00125,0.08417,0.01044,0.02764,0.27168,0.00269,0.04026,0.09434,0.02124,0.07255,0.01786,0.00152,9.43434,2.76424,8.41738,2.12375,0.14967,7.25516,1.04444,0.26895,1.78644,0.15151,0.69295,4.02623,34.59201,27.16828,0.12465,9.43434,2.76424,8.41738,2.12375,0.14967,7.25516,1.04444,0.26895,1.78644,0.15151,0.69295,4.02623,34.59201,27.16828,0.12465,9.43434,2.76424,8.41738,2.12375,0.14967,7.25516,1.04444,0.26895,1.78644,0.15151,0.69295,4.02623,34.59201,27.16828,0.12465
4.45867,0,0.25917,1,0.25819,0.01120,0.00239,0.00114,0.05866,0.00768,0.01946,0.19712,0.00257,0.03514,0.17979,0.06487,0.05526,0.10498,0.00155,17.97879,1.94639,5.86644,6.48705,0.23858,5.52606,0.76838,0.25691,10.49805,0.15505,1.12012,3.51382,25.81852,19.71168,0.11418,17.97879,1.94639,5.86644,6.48705,0.23858,5.52606,0.76838,0.25691,10.49805,0.15505,1.12012,3.51382,25.81852,19.71168,0.11418,17.97879,1.94639,5.86644,6.48705,0.23858,5.52606,0.76838,0.25691,10.49805,0.15505,1.12012,3.51382,25.81852,19.71168,0.11418
4.48000,10,0.37086,1,0.17816,0.00784,0.00204,0.00081,0.04049,0.00541,0.01343,0.13603,0.00182,0.02643,0.40751,0.04482,0.03814,0.09598,0.00109,40.75054,1.34326,4.04931,4.48224,0.20413,3.81439,0.54083,0.18215,9.59766,0.10893,0.78371,2.64273,17.81596,13.60340,0.08076,40.75054,1.34326,4.04931,4.48224,0.20413,3.81439,0.54083,0.18215,9.59766,0.10893,0.78371,2.64273,17.81596,13.60340,0.08076,40.75054,1.34326,4.04931,4.48224,0.20413,3.81439,0.54083,0.18215,9.59766,0.10893,0.78371,2.64273,17.81596,13.60340,0.08076
4.50133,9,0.43347,1,0.12293,0.00541,0.00141,0.00056,0.02800,0.00404,0.00927,0.09386,0.00151,0.30637,0.29843,0.03097,0.02633,0.06983,0.00108,29.84265,0.92701,2.79997,3.09656,0.14117,2.63323,0.40377,0.15116,6.98261,0.10850,0.54127,30.63685,12.29306,9.38637,0.05583,29.84265,0.92701,2.79997,3.09656,0.14117,2.63323,0.40377,0.15116,6.98261,0.10850,0.54127,30.63685,12.29306,9.38637,0.05583,29.84265,0.92701,2.79997,3.09656,0.14117,2.63323,0.40377,0.15116,6.98261,0.10850,0.54127,30.63685,12.29306,9.38637,0.05583
4.52267,9,0.44188,1,0.08482,0.00378,0.00098,0.00039,0.01933,0.00289,0.00640,0.06477,0.00117,0.51966,0.20696,0.02140,0.01819,0.04841,0.00087,20.69587,0.63967,1.93287,2.13983,0.09780,1.81851,0.28895,0.11706,4.84084,0.08661,0.37777,51.96603,8.48248,6.47664,0.03905,20.69587,0.63967,1.93287,2.13983,0.09780,1.81851,0.28895,0.11706,4.84084,0.08661,0.37777,51.96603,8.48248,6.47664,0.03905,20.69587,0.63967,1.93287,2.13983,0.09780,1.81851,0.28895,0.11706,4.84084,0.08661,0.37777,51.96603,8.48248,6.47664,0.03905
4.54400,9,0.41341,1,0.05861,0.01377,0.00167,0.00060,0.01370,0.00530,0.00442,0.04470,0.01555,0.63345,0.14610,0.01489,0.01268,0.03353,0.00103,14.61022,0.44176,1.36994,1.48882,0.16703,1.26821,0.53044,1.55543,3.35270,0.10285,1.37717,63.34520,5.86096,4.46969,0.05957,14.61022,0.44176,1.36994,1.48882,0.16703,1.26821,0.53044,1.55543,3.35270,0.10285,1.37717,63.34520,5.86096,4.46969,0.05957,14.61022,0.44176,1.36994,1.48882,0.16703,1.26821,0.53044,1.55543,3.35270,0.10285,1.37717,63.34520,5.86096,4.46969,0.05957
4.56533,9,0.35179,1,0.04057,0.03708,0.00191,0.00080,0.01916,0.09778,0.00488,0.03085,0.01214,0.60915,0.10158,0.01037,0.00933,0.02326,0.00115,10.15772,0.48762,1.91594,1.03663,0.19136,0.93268,9.77843,1.21448,2.32561,0.11498,3.70758,60.91453,4.05709,3.08544,0.07991,10.15772,0.48762,1.91594,1.03663,0.19136,0.93268,9.77843,1.21448,2.32561,0.11498,3.70758,60.91453,4.05709,3.08544,0.07991,10.15772,0.48762,1.91594,1.03663,0.19136,0.93268,9.77843,1.21448,2.32561,0.11498,3.70758,60.91453,4.05709,3.08544,0.07991
4.58667,9,0.29504,1,0.02820,0.05874,0.00136,0.00094,0.01918,0.32974,0.00629,0.02132,0.00857,0.42475,0.07025,0.00717,0.00651,0.01610,0.00087,7.02474,0.62949,1.91758,0.71664,0.13649,0.65097,32.97400,0.85707,1.60987,0.08734,5.87422,42.47516,2.82000,2.13229,0.09414,7.02474,0.62949,1.91758,0.71664,0.13649,0.65097,32.97400,0.85707,1.60987,0.08734,5.87422,42.47516,2.82000,2.13229,0.09414,7.02474,0.62949,1.91758,0.71664,0.13649,0.65097,32.97400,0.85707,1.60987,0.08734,5.87422,42.47516,2.82000,2.13229,0.09414
4.60800,5,0.24455,1,0.01967,0.05243,0.00099,0.00109,0.01654,0.51785,0.00684,0.01474,0.00594,0.29417,0.04853,0.00495,0.00450,0.01114,0.00062,4.85280,0.68435,1.65378,0.49467,0.09911,0.45033,51.78535,0.59428,1.11368,0.06159,5.24329,29.41696,1.96666,1.47420,0.10894,4.85280,0.68435,1.65378,0.49467,0.09911,0.45033,51.78535,0.59428,1.11368,0.06159,5.24329,29.41696,1.96666,1.47420,0.10894,4.85280,0.68435,1.65378,0.49467,0.09911,0.45033,51.78535,0.59428,1.11368,0.06159,5.24329,29.41696,1.96666,1.47420,0.10894
4.62933,5,0.21991,1,0.01390,0.03646,0.00069,0.00077,0.01199,0.66456,0.00478,0.01018,0.00429,0.20321,0.03382,0.00343,0.00312,0.00788,0.00094,3.38225,0.47752,1.19922,0.34275,0.06880,0.31223,66.45611,0.42857,0.78759,0.09388,3.64580,20.32089,1.38979,1.01778,0.07682,3.38225,0.47752,1.19922,0.34275,0.06880,0.31223,66.45611,0.42857,0.78759,0.09388,3.64580,20.32089,1.38979,1.01778,0.07682,3.38225,0.47752,1.19922,0.34275,0.06880,0.31223,66.45611,0.42857,0.78759,0.09388,3.64580,20.32089,1.38979,1.01778,0.07682
4.65067,5,0.20001,1,0.01082,0.02617,0.00049,0.00054,0.00910,0.70635,0.00331,0.00706,0.00524,0.14079,0.02467,0.00239,0.00217,0.00695,0.05395,2.46723,0.33066,0.90953,0.23892,0.04900,0.21671,70.63529,0.52402,0.69492,5.39493,2.61749,14.07866,1.08236,0.70626,0.05402,2.46723,0.33066,0.90953,0.23892,0.04900,0.21671,70.63529,0.52402,0.69492,5.39493,2.61749,14.07866,1.08236,0.70626,0.05402,2.46723,0.33066,0.90953,0.23892,0.04900,0.21671,70.63529,0.52402,0.69492,5.39493,2.61749,14.07866,1.08236,0.70626,0.05402
4.67200,5,0.17741,1,0.00794,0.01853,0.00094,0.00050,0.01189,0.74546,0.00239,0.00903,0.03986,0.09721,0.01776,0.00165,0.00184,0.00491,0.04009,1.77571,0.23894,1.18924,0.16496,0.09415,0.18396,74.54635,3.98558,0.49103,4.00881,1.85258,9.72124,0.79446,0.90326,0.04972,1.77571,0.23894,1.18924,0.16496,0.09415,0.18396,74.54635,3.98558,0.49103,4.00881,1.85258,9.72124,0.79446,0.90326,0.04972,1.77571,0.23894,1.18924,0.16496,0.09415,0.18396,74.54635,3.98558,0.49103,4.00881,1.85258,9.72124,0.79446,0.90326,0.04972
4.69333,5,0.15766,1,0.00697,0.01505,0.00701,0.00072,0.01093,0.75467,0.00189,0.00940,0.06426,0.06739,0.01290,0.00114,0.00136,0.00463,0.04168,1.29045,0.18874,1.09286,0.11395,0.70079,0.13629,75.46677,6.42586,0.46342,4.16848,1.50492,6.73870,0.69653,0.93986,0.07239,1.29045,0.18874,1.09286,0.11395,0.70079,0.13629,75.46677,6.42586,0.46342,4.16848,1.50492,6.73870,0.69653,0.93986,0.07239,1.29045,0.18874,1.09286,0.11395,0.70079,0.13629,75.46677,6.42586,0.46342,4.16848,1.50492,6.73870,0.69653,0.93986,0.07239
4.71467,5,0.17063,1,0.00631,0.01124,0.00679,0.00085,0.00921,0.63612,0.00152,0.00795,0.19512,0.04778,0.01448,0.00081,0.00141,0.00941,0.05099,1.44782,0.15193,0.92132,0.08139,0.67879,0.14109,63.61198,19.51224,0.94143,5.09930,1.12397,4.77787,0.63096,0.79536,0.08455,1.44782,0.15193,0.92132,0.08139,0.67879,0.14109,63.61198,19.51224,0.94143,5.09930,1.12397,4.77787,0.63096,0.79536,0.08455,1.44782,0.15193,0.92132,0.08139,0.67879,0.14109,63.61198,19.51224,0.94143,5.09930,1.12397,4.77787,0.63096,0.79536,0.08455
4.73600,5,0.30311,1,0.00439,0.00838,0.00474,0.00062,0.00640,0.44283,0.00106,0.00550,0.42300,0.03309,0.01381,0.00058,0.00101,0.01412,0.04047,1.38134,0.10569,0.63998,0.05801,0.47431,0.10059,44.28341,42.30013,1.41161,4.04652,0.83807,3.30899,0.43887,0.55015,0.06234,1.38134,0.10569,0.63998,0.05801,0.47431,0.10059,44.28341,42.30013,1.41161,4.04652,0.83807,3.30899,0.43887,0.55015,0.06234,1.38134,0.10569,0.63998,0.05801,0.47431,0.10059,44.28341,42.30013,1.41161,4.04652,0.83807,3.30899,0.43887,0.55015,0.06234
4.75733,8,0.36623,1,0.00304,0.00580,0.00327,0.00048,0.00442,0.30570,0.00073,0.00380,0.41301,0.02308,0.01322,0.00051,0.00097,0.19159,0.03038,1.32187,0.07297,0.44234,0.05115,0.32741,0.09685,30.57014,41.30085,19.15864,3.03821,0.57998,2.30810,0.30366,0.37998,0.04786,1.32187,0.07297,0.44234,0.05115,0.32741,0.09685,30.57014,41.30085,19.15864,3.03821,0.57998,2.30810,0.30366,0.37998,0.04786,1.32187,0.07297,0.44234,0.05115,0.32741,0.09685,30.57014,41.30085,19.15864,3.03821,0.57998,2.30810,0.30366,0.37998,0.04786
4.77867,13,0.35266,1,0.00210,0.00401,0.00226,0.00035,0.00307,0.21097,0.00051,0.00266,0.28931,0.01600,0.01389,0.00056,0.00137,0.42811,0.02483,1.38885,0.05070,0.30684,0.05575,0.22619,0.13743,21.09668,28.93120,42.81086,2.48333,0.40086,1.59989,0.21041,0.26556,0.03547,1.38885,0.05070,0.30684,0.05575,0.22619,0.13743,21.09668,28.93120,42.81086,2.48333,0.40086,1.59989,0.21041,0.26556,0.03547,1.38885,0.05070,0.30684,0.05575,0.22619,0.13743,21.09668,28.93120,42.81086,2.48333,0.40086,1.59989,0.21041,0.26556,0.03547
4.80000,13,0.31159,1,0.00146,0.00278,0.00165,0.00035,0.00325,0.14587,0.00357,0.12544,0.20248,0.01118,0.01894,0.00112,0.00435,0.45623,0.02134,1.89383,0.35725,0.32483,0.11168,0.16453,0.43491,14.58710,20.24779,45.62336,2.13358,0.27831,1.11751,0.14641,12.54352,0.03540,1.89383,0.35725,0.32483,0.11168,0.16453,0.43491,14.58710,20.24779,45.62336,2.13358,0.27831,1.11751,0.14641,12.54352,0.03540,1.89383,0.35725,0.32483,0.11168,0.16453,0.43491,14.58710,20.24779,45.62336,2.13358,0.27831,1.11751,0.14641,12.54352,0.03540
4.82133,13,0.27103,1,0.00102,0.00216,0.00130,0.00136,0.09894,0.10900,0.19816,0.08761,0.14009,0.00773,0.01426,0.00095,0.00318,0.31840,0.01584,1.42555,19.81640,9.89449,0.09460,0.13047,0.31828,10.89990,14.00876,31.83983,1.58414,0.21572,0.77288,0.10191,8.76063,0.13645,1.42555,19.81640,9.89449,0.09460,0.13047,0.31828,10.89990,14.00876,31.83983,1.58414,0.21572,0.77288,0.10191,8.76063,0.13645,1.42555,19.81640,9.89449,0.09460,0.13047,0.31828,10.89990,14.00876,31.83983,1.58414,0.21572,0.77288,0.10191,8.76063,0.13645
4.84267,4,0.23678,1,0.00076,0.00171,0.00143,0.00128,0.26484,0.08995,0.23269,0.06103,0.09670,0.00547,0.00991,0.00066,0.00271,0.21975,0.01111,0.99149,23.26948,26.48354,0.06617,0.14289,0.27130,8.99458,9.66974,21.97495,1.11107,0.17125,0.54749,0.07565,6.10275,0.12765,0.99149,23.26948,26.48354,0.06617,0.14289,0.27130,8.99458,9.66974,21.97495,1.11107,0.17125,0.54749,0.07565,6.10275,0.12765,0.99149,23.26948,26.48354,0.06617,0.14289,0.27130,8.99458,9.66974,21.97495,1.11107,0.17125,0.54749,0.07565,6.10275,0.12765
4.86400,6,0.21838,1,0.00053,0.00121,0.00103,0.00094,0.23184,0.06364,0.39518,0.06628,0.06673,0.00395,0.00685,0.00046,0.00203,0.15164,0.00768,0.68527,39.51798,23.18357,0.04588,0.10285,0.20292,6.36444,6.67341,15.16449,0.76844,0.12094,0.39456,0.05302,6.62817,0.09407,0.68527,39.51798,23.18357,0.04588,0.10285,0.20292,6.36444,6.67341,15.16449,0.76844,0.12094,0.39456,0.05302,6.62817,0.09407,0.68527,39.51798,23.18357,0.04588,0.10285,0.20292,6.36444,6.67341,15.16449,0.76844,0.12094,0.39456,0.05302,6.62817,0.09407
4.88533,6,0.20245,1,0.00040,0.00086,0.00093,0.00088,0.19926,0.04411,0.53300,0.05107,0.04613,0.00650,0.00478,0.00032,0.00169,0.10464,0.00542,0.47760,53.29966,19.92637,0.03197,0.09299,0.16865,4.41138,4.61312,10.46407,0.54234,0.08574,0.65036,0.04042,5.10700,0.08833,0.47760,53.29966,19.92637,0.03197,0.09299,0.16865,4.41138,4.61312,10.46407,0.54234,0.08574,0.65036,0.04042,5.10700,0.08833,0.47760,53.29966,19.92637,0.03197,0.09299,0.16865,4.41138,4.61312,10.46407,0.54234,0.08574,0.65036,0.04042,5.10700,0.08833
4.90667,6,0.19219,1,0.00030,0.00061,0.00072,0.00076,0.19834,0.03079,0.57915,0.03580,0.03186,0.03951,0.00345,0.00023,0.00236,0.07222,0.00389,0.34458,57.91529,19.83377,0.02274,0.07245,0.23622,3.07867,3.18582,7.22217,0.38946,0.06121,3.95142,0.02976,3.57998,0.07646,0.34458,57.91529,19.83377,0.02274,0.07245,0.23622,3.07867,3.18582,7.22217,0.38946,0.06121,3.95142,0.02976,3.57998,0.07646,0.34458,57.91529,19.83377,0.02274,0.07245,0.23622,3.07867,3.18582,7.22217,0.38946,0.06121,3.95142,0.02976,3.57998,0.07646
4.92800,6,0.17111,1,0.00022,0.00048,0.00063,0.00066,0.14223,0.02174,0.45053,0.02518,0.02213,0.27824,0.00299,0.00017,0.00195,0.04990,0.00294,0.29929,45.05284,14.22333,0.01750,0.06254,0.19488,2.17450,2.21326,4.98981,0.29425,0.04825,27.82366,0.02197,2.51806,0.06587,0.29929,45.05284,14.22333,0.01750,0.06254,0.19488,2.17450,2.21326,4.98981,0.29425,0.04825,27.82366,0.02197,2.51806,0.06587,0.29929,45.05284,14.22333,0.01750,0.06254,0.19488,2.17450,2.21326,4.98981,0.29425,0.04825,27.82366,0.02197,2.51806,0.06587
4.94933,9,0.15519,1,0.00025,0.00048,0.00062,0.00053,0.10215,0.01609,0.33397,0.01775,0.01596,0.46938,0.00308,0.00015,0.00161,0.03469,0.00329,0.30842,33.39672,10.21478,0.01500,0.06180,0.16105,1.60865,1.59557,3.46897,0.32933,0.04771,46.93828,0.02511,1.77536,0.05324,0.30842,33.39672,10.21478,0.01500,0.06180,0.16105,1.60865,1.59557,3.46897,0.32933,0.04771,46.93828,0.02511,1.77536,0.05324,0.30842,33.39672,10.21478,0.01500,0.06180,0.16105,1.60865,1.59557,3.46897,0.32933,0.04771,46.93828,0.02511,1.77536,0.05324
4.97067,9,0.19387,1,0.00018,0.00034,0.00043,0.00037,0.07063,0.01146,0.23180,0.01225,0.01103,0.63019,0.00315,0.00021,0.00155,0.02400,0.00241,0.31514,23.17952,7.06281,0.02122,0.04335,0.15534,1.14616,1.10339,2.39971,0.24051,0.03359,63.01855,0.01838,1.22515,0.03719,0.31514,23.17952,7.06281,0.02122,0.04335,0.15534,1.14616,1.10339,2.39971,0.24051,0.03359,63.01855,0.01838,1.22515,0.03719,0.31514,23.17952,7.06281,0.02122,0.04335,0.15534,1.14616,1.10339,2.39971,0.24051,0.03359,63.01855,0.01838,1.22515,0.03719
4.99200,9,0.18905,1,0.00014,0.00075,0.00030,0.00026,0.04885,0.00927,0.16004,0.00845,0.00771,0.63377,0.02571,0.02627,0.05846,0.01729,0.00272,2.57083,16.00439,4.88547,2.62653,0.03018,5.84586,0.92657,0.77142,1.72907,0.27185,0.07543,63.37726,0.01360,0.84544,0.02611,2.57083,16.00439,4.88547,2.62653,0.03018,5.84586,0.92657,0.77142,1.72907,0.27185,0.07543,63.37726,0.01360,0.84544,0.02611,2.57083,16.00439,4.88547,2.62653,0.03018,5.84586,0.92657,0.77142,1.72907,0.27185,0.07543,63.37726,0.01360,0.84544,0.02611
5.01333,9,0.17908,1,0.00028,0.04766,0.00037,0.00022,0.03388,0.00651,0.11049,0.00584,0.00690,0.48035,0.05699,0.04250,0.19065,0.01250,0.00487,5.69871,11.04877,3.38810,4.24952,0.03727,19.06513,0.65072,0.68979,1.25021,0.48717,4.76593,48.03466,0.02762,0.58414,0.02227,5.69871,11.04877,3.38810,4.24952,0.03727,19.06513,0.65072,0.68979,1.25021,0.48717,4.76593,48.03466,0.02762,0.58414,0.02227,5.69871,11.04877,3.38810,4.24952,0.03727,19.06513,0.65072,0.68979,1.25021,0.48717,4.76593,48.03466,0.02762,0.58414,0.02227
5.03467,9,0.15328,1,0.00186,0.22164,0.00230,0.00020,0.02419,0.00774,0.07630,0.00409,0.00914,0.36284,0.06880,0.03470,0.17300,0.00883,0.00436,6.88023,7.63032,2.41893,3.47018,0.23028,17.30026,0.77383,0.91380,0.88309,0.43649,22.16405,36.28419,0.18609,0.40867,0.01959,6.88023,7.63032,2.41893,3.47018,0.23028,17.30026,0.77383,0.91380,0.88309,0.43649,22.16405,36.28419,0.18609,0.40867,0.01959,6.88023,7.63032,2.41893,3.47018,0.23028,17.30026,0.77383,0.91380,0.88309,0.43649,22.16405,36.28419,0.18609,0.40867,0.01959
5.05600,1,0.13714,1,0.01678,0.36028,0.00463,0.00022,0.02496,0.01458,0.05300,0.00290,0.00737,0.31160,0.05012,0.02419,0.11996,0.00628,0.00315,5.01217,5.29952,2.49555,2.41894,0.46259,11.99613,1.45842,0.73677,0.62752,0.31468,36.02849,31.15968,1.67802,0.28991,0.02161,5.01217,5.29952,2.49555,2.41894,0.46259,11.99613,1.45842,0.73677,0.62752,0.31468,36.02849,31.15968,1.67802,0.28991,0.02161,5.01217,5.29952,2.49555,2.41894,0.46259,11.99613,1.45842,0.73677,0.62752,0.31468,36.02849,31.15968,1.67802,0.28991,0.02161
5.07733,1,0.12822,1,0.02048,0.50015,0.00625,0.00076,0.03598,0.02028,0.03680,0.00227,0.00782,0.22392,0.03718,0.01699,0.08311,0.00451,0.00350,3.71805,3.68022,3.59806,1.69865,0.62536,8.31079,2.02757,0.78189,0.45091,0.35037,50.01473,22.39191,2.04815,0.22707,0.07627,3.71805,3.68022,3.59806,1.69865,0.62536,8.31079,2.02757,0.78189,0.45091,0.35037,50.01473,22.39191,2.04815,0.22707,0.07627,3.71805,3.68022,3.59806,1.69865,0.62536,8.31079,2.02757,0.78189,0.45091,0.35037,50.01473,22.39191,2.04815,0.22707,0.07627
5.09867,1,0.12031,1,0.02665,0.58916,0.00585,0.00152,0.04094,0.01984,0.02562,0.00197,0.00682,0.17513,0.03016,0.01204,0.05784,0.00341,0.00304,3.01596,2.56202,4.09379,1.20400,0.58536,5.78434,1.98435,0.68181,0.34092,0.30432,58.91609,17.51264,2.66548,0.19732,0.15162,3.01596,2.56202,4.09379,1.20400,0.58536,5.78434,1.98435,0.68181,0.34092,0.30432,58.91609,17.51264,2.66548,0.19732,0.15162,3.01596,2.56202,4.09379,1.20400,0.58536,5.78434,1.98435,0.68181,0.34092,0.30432,58.91609,17.51264,2.66548,0.19732,0.15162
5.12000,1,0.11746,1,0.04048,0.53018,0.00548,0.00264,0.03752,0.01804,0.01790,0.00205,0.00736,0.25399,0.02874,0.00901,0.04092,0.00280,0.00289,2.87397,1.78979,3.75239,0.90104,0.54775,4.09188,1.80391,0.73638,0.27964,0.28923,53.01837,25.39923,4.04808,0.20477,0.26359,2.87397,1.78979,3.75239,0.90104,0.54775,4.09188,1.80391,0.73638,0.27964,0.28923,53.01837,25.39923,4.04808,0.20477,0.26359,2.87397,1.78979,3.75239,0.90104,0.54775,4.09188,1.80391,0.73638,0.27964,0.28923,53.01837,25.39923,4.04808,0.20477,0.26359
5.14133,1,0.13361,1,0.06145,0.44802,0.00521,0.00406,0.02764,0.01434,0.01264,0.00315,0.04025,0.27218,0.02248,0.00690,0.02889,0.00392,0.04887,2.24807,1.26401,2.76432,0.69033,0.52064,2.88946,1.43413,4.02467,0.39151,4.88699,44.80190,27.21765,6.14533,0.31541,0.40560,2.24807,1.26401,2.76432,0.69033,0.52064,2.88946,1.43413,4.02467,0.39151,4.88699,44.80190,27.21765,6.14533,0.31541,0.40560,2.24807,1.26401,2.76432,0.69033,0.52064,2.88946,1.43413,4.02467,0.39151,4.88699,44.80190,27.21765,6.14533,0.31541,0.40560
5.16267,9,0.12265,1,0.14351,0.31826,0.00476,0.00542,0.02078,0.01212,0.00916,0.00567,0.03926,0.34564,0.01919,0.00744,0.02112,0.00399,0.04368,1.91873,0.91599,2.07799,0.74446,0.47598,2.11159,1.21198,3.92630,0.39879,4.36848,31.82565,34.56359,14.35148,0.56746,0.54154,1.91873,0.91599,2.07799,0.74446,0.47598,2.11159,1.21198,3.92630,0.39879,4.36848,31.82565,34.56359,14.35148,0.56746,0.54154,1.91873,0.91599,2.07799,0.74446,0.47598,2.11159,1.21198,3.92630,0.39879,4.36848,31.82565,34.56359,14.35148,0.56746,0.54154
5.18400,9,0.10418,1,0.18261,0.22825,0.00366,0.00460,0.01503,0.00946,0.00642,0.00430,0.03048,0.44402,0.01444,0.00580,0.01491,0.00307,0.03294,1.44364,0.64223,1.50282,0.57997,0.36579,1.49131,0.94600,3.04846,0.30656,3.29448,22.82515,44.40241,18.26147,0.42958,0.46013,1.44364,0.64223,1.50282,0.57997,0.36579,1.49131,0.94600,3.04846,0.30656,3.29448,22.82515,44.40241,18.26147,0.42958,0.46013,1.44364,0.64223,1.50282,0.57997,0.36579,1.49131,0.94600,3.04846,0.30656,3.29448,22.82515,44.40241,18.26147,0.42958,0.46013
5.20533,9,0.08857,1,0.23801,0.17347,0.00301,0.00408,0.01129,0.00774,0.00458,0.00368,0.02415,0.47119,0.01320,0.00519,0.01095,0.00268,0.02678,1.32019,0.45764,1.12897,0.51876,0.30092,1.09457,0.77401,2.41538,0.26757,2.67793,17.34737,47.11932,23.80099,0.36808,0.40829,1.32019,0.45764,1.12897,0.51876,0.30092,1.09457,0.77401,2.41538,0.26757,2.67793,17.34737,47.11932,23.80099,0.36808,0.40829,1.32019,0.45764,1.12897,0.51876,0.30092,1.09457,0.77401,2.41538,0.26757,2.67793,17.34737,47.11932,23.80099,0.36808,0.40829
5.22667,9,0.11565,1,0.21393,0.12788,0.00264,0.00408,0.01463,0.02478,0.00601,0.00415,0.02519,0.37737,0.01324,0.14137,0.02323,0.00194,0.01956,1.32388,0.60102,1.46312,14.13686,0.26382,2.32312,2.47789,2.51907,0.19429,1.95553,12.78829,37.73738,21.39345,0.41456,0.40771,1.32388,0.60102,1.46312,14.13686,0.26382,2.32312,2.47789,2.51907,0.19429,1.95553,12.78829,37.73738,21.39345,0.41456,0.40771,1.32388,0.60102,1.46312,14.13686,0.26382,2.32312,2.47789,2.51907,0.19429,1.95553,12.78829,37.73738,21.39345,0.41456,0.40771
5.24800,12,0.26988,1,0.14771,0.08948,0.00201,0.00789,0.01045,0.05719,0.00453,0.00295,0.01869,0.26057,0.01010,0.10871,0.26448,0.00135,0.01389,1.01017,0.45315,1.04545,10.87083,0.20076,26.44785,5.71858,1.86913,0.13506,1.38949,8.94782,26.05742,14.77058,0.29482,0.78890,1.01017,0.45315,1.04545,10.87083,0.20076,26.44785,5.71858,1.86913,0.13506,1.38949,8.94782,26.05742,14.77058,0.29482,0.78890,1.01017,0.45315,1.04545,10.87083,0.20076,26.44785,5.71858,1.86913,0.13506,1.38949,8.94782,26.05742,14.77058,0.29482,0.78890
5.26933,12,0.36058,1,0.10193,0.06186,0.00148,0.00558,0.00726,0.04193,0.00318,0.00205,0.01412,0.17991,0.00712,0.08456,0.47789,0.00095,0.01019,0.71196,0.31806,0.72573,8.45618,0.14754,47.78886,4.19333,1.41171,0.09451,1.01950,6.18594,17.99133,10.19303,0.20459,0.55774,0.71196,0.31806,0.72573,8.45618,0.14754,47.78886,4.19333,1.41171,0.09451,1.01950,6.18594,17.99133,10.19303,0.20459,0.55774,0.71196,0.31806,0.72573,8.45618,0.14754,47.78886,4.19333,1.41171,0.09451,1.01950,6.18594,17.99133,10.19303,0.20459,0.55774
5.29067,12,0.35235,1,0.07035,0.04281,0.00601,0.00394,0.01497,0.03901,0.00260,0.00166,0.01529,0.12431,0.00541,0.07201,0.59262,0.00067,0.00833,0.54073,0.25986,1.49670,7.20082,0.60118,59.26161,3.90133,1.52927,0.06670,0.83349,4.28122,12.43135,7.03538,0.16633,0.39403,0.54073,0.25986,1.49670,7.20082,0.60118,59.26161,3.90133,1.52927,0.06670,0.83349,4.28122,12.43135,7.03538,0.16633,0.39403,0.54073,0.25986,1.49670,7.20082,0.60118,59.26161,3.90133,1.52927,0.06670,0.83349,4.28122,12.43135,7.03538,0.16633,0.39403
5.31200,12,0.32668,1,0.04888,0.02977,0.01653,0.00367,0.21683,0.05683,0.00276,0.02963,0.02554,0.08582,0.00412,0.05080,0.42250,0.00047,0.00586,0.41188,0.27580,21.68276,5.07995,1.65332,42.25018,5.68270,2.55414,0.04673,0.58596,2.97738,8.58177,4.88814,2.96275,0.36654,0.41188,0.27580,21.68276,5.07995,1.65332,42.25018,5.68270,2.55414,0.04673,0.58596,2.97738,8.58177,4.88814,2.96275,0.36654,0.41188,0.27580,21.68276,5.07995,1.65332,42.25018,5.68270,2.55414,0.04673,0.58596,2.97738,8.58177,4.88814,2.96275,0.36654
5.33333,4,0.32601,1,0.03382,0.02057,0.01155,0.00290,0.35671,0.13235,0.00200,0.02053,0.02068,0.05928,0.00315,0.03524,0.29663,0.00033,0.00425,0.31494,0.20028,35.67072,3.52438,1.15528,29.66290,13.23543,2.06801,0.03343,0.42530,2.05736,5.92780,3.38162,2.05300,0.28956,0.31494,0.20028,35.67072,3.52438,1.15528,29.66290,13.23543,2.06801,0.03343,0.42530,2.05736,5.92780,3.38162,2.05300,0.28956,0.31494,0.20028,35.67072,3.52438,1.15528,29.66290,13.23543,2.06801,0.03343,0.42530,2.05736,5.92780,3.38162,2.05300,0.28956
5.35467,12,0.33128,1,0.02374,0.01425,0.00811,0.00240,0.26769,0.20927,0.00144,0.01424,0.01493,0.04119,0.00982,0.03078,0.35456,0.00023,0.00735,0.98216,0.14364,26.76871,3.07760,0.81092,35.45596,20.92730,1.49274,0.02350,0.73471,1.42507,4.11920,2.37430,1.42429,0.23993,0.98216,0.14364,26.76871,3.07760,0.81092,35.45596,20.92730,1.49274,0.02350,0.73471,1.42507,4.11920,2.37430,1.42429,0.23993,0.98216,0.14364,26.76871,3.07760,0.81092,35.45596,20.92730,1.49274,0.02350,0.73471,1.42507,4.11920,2.37430,1.42429,0.23993
5.37600,12,0.30731,1,0.01701,0.00986,0.00747,0.00208,0.19013,0.14940,0.00151,0.02098,0.01080,0.02862,0.01479,0.02568,0.51426,0.00017,0.00722,1.47911,0.15106,19.01256,2.56817,0.74659,51.42640,14.94024,1.07962,0.01747,0.72247,0.98647,2.86226,1.70095,2.09829,0.20833,1.47911,0.15106,19.01256,2.56817,0.74659,51.42640,14.94024,1.07962,0.01747,0.72247,0.98647,2.86226,1.70095,2.09829,0.20833,1.47911,0.15106,19.01256,2.56817,0.74659,51.42640,14.94024,1.07962,0.01747,0.72247,0.98647,2.86226,1.70095,2.09829,0.20833
5.39733,12,0.28356,1,0.01179,0.00682,0.00609,0.00153,0.13172,0.10379,0.00136,0.27240,0.00752,0.01979,0.01949,0.01816,0.39348,0.00013,0.00594,1.94872,0.13620,13.17186,1.81636,0.60878,39.34805,10.37854,0.75165,0.01280,0.59363,0.68247,1.97867,1.17923,27.23997,0.15305,1.94872,0.13620,13.17186,1.81636,0.60878,39.34805,10.37854,0.75165,0.01280,0.59363,0.68247,1.97867,1.17923,27.23997,0.15305,1.94872,0.13620,13.17186,1.81636,0.60878,39.34805,10.37854,0.75165,0.01280,0.59363,0.68247,1.97867,1.17923,27.23997,0.15305
5.41867,7,0.26420,1,0.00817,0.00472,0.00470,0.00143,0.09120,0.07243,0.00122,0.49448,0.00519,0.01366,0.01380,0.01254,0.27227,0.00009,0.00411,1.37975,0.12189,9.11993,1.25373,0.46964,27.22701,7.24337,0.51894,0.00888,0.41100,0.47157,1.36590,0.81716,49.44807,0.14317,1.37975,0.12189,9.11993,1.25373,0.46964,27.22701,7.24337,0.51894,0.00888,0.41100,0.47157,1.36590,0.81716,49.44807,0.14317,1.37975,0.12189,9.11993,1.25373,0.46964,27.22701,7.24337,0.51894,0.00888,0.41100,0.47157,1.36590,0.81716,49.44807,0.14317
5.44000,7,0.24960,1,0.00565,0.00325,0.00327,0.00117,0.06317,0.05004,0.00098,0.65049,0.00358,0.00942,0.00953,0.00865,0.18787,0.00006,0.00284,0.95337,0.09764,6.31716,0.86514,0.32742,18.78744,5.00419,0.35818,0.00619,0.28361,0.32548,0.94248,0.56529,65.04948,0.11694,0.95337,0.09764,6.31716,0.86514,0.32742,18.78744,5.00419,0.35818,0.00619,0.28361,0.32548,0.94248,0.56529,65.04948,0.11694,0.95337,0.09764,6.31716,0.86514,0.32742,18.78744,5.00419,0.35818,0.00619,0.28361,0.32548,0.94248,0.56529,65.04948,0.11694
5.46133,7,0.23841,1,0.00391,0.00225,0.00232,0.00091,0.04374,0.03473,0.00077,0.75756,0.00250,0.00651,0.00685,0.00598,0.12995,0.00005,0.00196,0.68464,0.07739,4.37402,0.59823,0.23227,12.99547,3.47346,0.25018,0.00494,0.19632,0.22467,0.65051,0.39104,75.75563,0.09121,0.68464,0.07739,4.37402,0.59823,0.23227,12.99547,3.47346,0.25018,0.00494,0.19632,0.22467,0.65051,0.39104,75.75563,0.09121,0.68464,0.07739,4.37402,0.59823,0.23227,12.99547,3.47346,0.25018,0.00494,0.19632,0.22467,0.65051,0.39104,75.75563,0.09121
5.48267,7,0.21857,1,0.00276,0.00158,0.00297,0.00073,0.03055,0.02565,0.00075,0.81839,0.00187,0.00452,0.01100,0.00443,0.09278,0.00037,0.00164,1.10034,0.07515,3.05504,0.44266,0.29722,9.27788,2.56498,0.18698,0.03741,0.16352,0.15829,0.45186,0.27638,81.83897,0.07331,1.10034,0.07515,3.05504,0.44266,0.29722,9.27788,2.56498,0.18698,0.03741,0.16352,0.15829,0.45186,0.27638,81.83897,0.07331,1.10034,0.07515,3.05504,0.44266,0.29722,9.27788,2.56498,0.18698,0.03741,0.16352,0.15829,0.45186,0.27638,81.83897,0.07331
5.50400,7,0.20144,1,0.00234,0.00186,0.00501,0.00054,0.02140,0.02456,0.00063,0.69198,0.00158,0.00339,0.01401,0.00323,0.06607,0.01633,0.14709,1.40123,0.06259,2.13951,0.32286,0.50077,6.60684,2.45572,0.15816,1.63317,14.70893,0.18594,0.33884,0.23376,69.19799,0.05368,1.40123,0.06259,2.13951,0.32286,0.50077,6.60684,2.45572,0.15816,1.63317,14.70893,0.18594,0.33884,0.23376,69.19799,0.05368,1.40123,0.06259,2.13951,0.32286,0.50077,6.60684,2.45572,0.15816,1.63317,14.70893,0.18594,0.33884,0.23376,69.19799,0.05368
5.52533,7,0.34150,1,0.00166,0.00152,0.00375,0.00039,0.01483,0.02075,0.00046,0.48870,0.00244,0.00245,0.01893,0.00259,0.04790,0.07884,0.31480,1.89271,0.04587,1.48253,0.25910,0.37511,4.79029,2.07455,0.24431,7.88394,31.47983,0.15170,0.24529,0.16636,48.86972,0.03871,1.89271,0.04587,1.48253,0.25910,0.37511,4.79029,2.07455,0.24431,7.88394,31.47983,0.15170,0.24529,0.16636,48.86972,0.03871,1.89271,0.04587,1.48253,0.25910,0.37511,4.79029,2.07455,0.24431,7.88394,31.47983,0.15170,0.24529,0.16636,48.86972,0.03871
5.54667,14,0.43578,1,0.00115,0.00109,0.00261,0.00028,0.01023,0.01506,0.00032,0.33722,0.00459,0.00180,0.01958,0.00342,0.04959,0.05911,0.49395,1.95843,0.03198,1.02298,0.34185,0.26113,4.95924,1.50639,0.45929,5.91120,49.39478,0.10905,0.17957,0.11492,33.72154,0.02767,1.95843,0.03198,1.02298,0.34185,0.26113,4.95924,1.50639,0.45929,5.91120,49.39478,0.10905,0.17957,0.11492,33.72154,0.02767,1.95843,0.03198,1.02298,0.34185,0.26113,4.95924,1.50639,0.45929,5.91120,49.39478,0.10905,0.17957,0.11492,33.72154,0.02767
5.56800,14,0.45187,1,0.00080,0.00077,0.00181,0.00038,0.00706,0.01355,0.00022,0.23268,0.00769,0.00513,0.13915,0.00589,0.12282,0.04185,0.42020,13.91460,0.02240,0.70635,0.58948,0.18122,12.28192,1.35523,0.76860,4.18462,42.02033,0.07674,0.51275,0.07974,23.26848,0.03753,13.91460,0.02240,0.70635,0.58948,0.18122,12.28192,1.35523,0.76860,4.18462,42.02033,0.07674,0.51275,0.07974,23.26848,0.03753,13.91460,0.02240,0.70635,0.58948,0.18122,12.28192,1.35523,0.76860,4.18462,42.02033,0.07674,0.51275,0.07974,23.26848,0.03753
5.58933,14,0.44001,1,0.00056,0.00068,0.00156,0.00569,0.00508,0.00940,0.00016,0.16116,0.00687,0.00449,0.27593,0.00766,0.19732,0.02963,0.29381,27.59253,0.01645,0.50839,0.76575,0.15649,19.73249,0.93971,0.68650,2.96345,29.38105,0.06797,0.44874,0.05560,16.11554,0.56933,27.59253,0.01645,0.50839,0.76575,0.15649,19.73249,0.93971,0.68650,2.96345,29.38105,0.06797,0.44874,0.05560,16.11554,0.56933,27.59253,0.01645,0.50839,0.76575,0.15649,19.73249,0.93971,0.68650,2.96345,29.38105,0.06797,0.44874,0.05560,16.11554,0.56933
5.61067,8,0.41769,1,0.00039,0.00487,0.00649,0.02363,0.00998,0.00704,0.00013,0.11129,0.25600,0.00426,0.20246,0.00643,0.14165,0.02058,0.20481,20.24603,0.01267,0.99805,0.64297,0.64858,14.16492,0.70445,25.59966,2.05773,20.48054,0.48707,0.42647,0.03895,11.12871,2.36320,20.24603,0.01267,0.99805,0.64297,0.64858,14.16492,0.70445,25.59966,2.05773,20.48054,0.48707,0.42647,0.03895,11.12871,2.36320,20.24603,0.01267,0.99805,0.64297,0.64858,14.16492,0.70445,25.59966,2.05773,20.48054,0.48707,0.42647,0.03895,11.12871,2.36320
5.63200,8,0.39891,1,0.00027,0.00351,0.00460,0.01734,0.00759,0.00489,0.00009,0.07680,0.48405,0.00296,0.14008,0.00444,0.09775,0.01420,0.14142,14.00819,0.00894,0.75913,0.44396,0.45965,9.77533,0.48893,48.40474,1.42024,14.14245,0.35086,0.29590,0.02723,7.68015,1.73430,14.00819,0.00894,0.75913,0.44396,0.45965,9.77533,0.48893,48.40474,1.42024,14.14245,0.35086,0.29590,0.02723,7.68015,1.73430,14.00819,0.00894,0.75913,0.44396,0.45965,9.77533,0.48893,48.40474,1.42024,14.14245,0.35086,0.29590,0.02723,7.68015,1.73430
5.65333,8,0.39168,1,0.00020,0.00256,0.00320,0.01314,0.00552,0.00365,0.00006,0.05300,0.64012,0.00211,0.09770,0.00317,0.06806,0.00981,0.09770,9.77011,0.00647,0.55172,0.31711,0.31984,6.80587,0.36454,64.01235,0.98063,9.77001,0.25638,0.21083,0.01992,5.30010,1.31412,9.77011,0.00647,0.55172,0.31711,0.31984,6.80587,0.36454,64.01235,0.98063,9.77001,0.25638,0.21083,0.01992,5.30010,1.31412,9.77011,0.00647,0.55172,0.31711,0.31984,6.80587,0.36454,64.01235,0.98063,9.77001,0.25638,0.21083,0.01992,5.30010,1.31412
5.67467,8,0.40574,1,0.00015,0.00182,0.00222,0.01001,0.00432,0.00284,0.00010,0.03661,0.49573,0.02386,0.17231,0.00327,0.11886,0.01043,0.11747,17.23110,0.00952,0.43212,0.32742,0.22246,11.88569,0.28396,49.57323,1.04281,11.74701,0.18215,2.38614,0.01500,3.66079,1.00060,17.23110,0.00952,0.43212,0.32742,0.22246,11.88569,0.28396,49.57323,1.04281,11.74701,0.18215,2.38614,0.01500,3.66079,1.00060,17.23110,0.00952,0.43212,0.32742,0.22246,11.88569,0.28396,49.57323,1.04281,11.74701,0.18215,2.38614,0.01500,3.66079,1.00060
5.69600,8,0.39589,1,0.00011,0.00159,0.00174,0.00700,0.00358,0.00206,0.00007,0.02528,0.34284,0.06172,0.29518,0.00400,0.09986,0.01396,0.14101,29.51788,0.00696,0.35841,0.39984,0.17379,9.98564,0.20569,34.28417,1.39573,14.10145,0.15948,6.17210,0.01078,2.52763,0.70048,29.51788,0.00696,0.35841,0.39984,0.17379,9.98564,0.20569,34.28417,1.39573,14.10145,0.15948,6.17210,0.01078,2.52763,0.70048,29.51788,0.00696,0.35841,0.39984,0.17379,9.98564,0.20569,34.28417,1.39573,14.10145,0.15948,6.17210,0.01078,2.52763,0.70048
5.71733,10,0.38769,1,0.00011,0.08355,0.01890,0.00484,0.00349,0.00178,0.00006,0.01745,0.24945,0.05268,0.37372,0.00293,0.07004,0.00997,0.11103,37.37160,0.00568,0.34940,0.29281,1.89029,7.00435,0.17776,24.94505,0.99739,11.10279,8.35482,5.26803,0.01140,1.74462,0.48402,37.37160,0.00568,0.34940,0.29281,1.89029,7.00435,0.17776,24.94505,0.99739,11.10279,8.35482,5.26803,0.01140,1.74462,0.48402,37.37160,0.00568,0.34940,0.29281,1.89029,7.00435,0.17776,24.94505,0.99739,11.10279,8.35482,5.26803,0.01140,1.74462,0.48402
5.73867,1,0.38271,1,0.00020,0.30017,0.02119,0.00345,0.00282,0.00243,0.00005,0.01205,0.18396,0.04166,0.25879,0.00207,0.04853,0.00766,0.11496,25.87855,0.00503,0.28242,0.20717,2.11900,4.85256,0.24300,18.39638,0.76631,11.49644,30.01654,4.16602,0.02045,1.20486,0.34527,25.87855,0.00503,0.28242,0.20717,2.11900,4.85256,0.24300,18.39638,0.76631,11.49644,30.01654,4.16602,0.02045,1.20486,0.34527,25.87855,0.00503,0.28242,0.20717,2.11900,4.85256,0.24300,18.39638,0.76631,11.49644,30.01654,4.16602,0.02045,1.20486,0.34527
5.76000,1,0.39479,1,0.00025,0.35706,0.01652,0.00254,0.00199,0.00712,0.00005,0.00832,0.13068,0.03107,0.23456,0.02461,0.07315,0.00606,0.10601,23.45557,0.00455,0.19900,2.46097,1.65217,7.31484,0.71171,13.06813,0.60625,10.60133,35.70643,3.10740,0.02519,0.83215,0.25431,23.45557,0.00455,0.19900,2.46097,1.65217,7.31484,0.71171,13.06813,0.60625,10.60133,35.70643,3.10740,0.02519,0.83215,0.25431,23.45557,0.00455,0.19900,2.46097,1.65217,7.31484,0.71171,13.06813,0.60625,10.60133,35.70643,3.10740,0.02519,0.83215,0.25431
5.78133,12,0.39780,1,0.00018,0.25712,0.01191,0.00193,0.00139,0.00543,0.00004,0.00574,0.09116,0.02171,0.16948,0.05823,0.29713,0.00423,0.07432,16.94757,0.00365,0.13899,5.82337,1.19104,29.71337,0.54251,9.11566,0.42321,7.43185,25.71209,2.17053,0.01835,0.57439,0.19343,16.94757,0.00365,0.13899,5.82337,1.19104,29.71337,0.54251,9.11566,0.42321,7.43185,25.71209,2.17053,0.01835,0.57439,0.19343,16.94757,0.00365,0.13899,5.82337,1.19104,29.71337,0.54251,9.11566,0.42321,7.43185,25.71209,2.17053,0.01835,0.57439,0.19343
5.80267,12,0.40656,1,0.00015,0.17857,0.00830,0.00156,0.00097,0.00554,0.00006,0.00397,0.07342,0.01513,0.12028,0.13817,0.39694,0.00324,0.05371,12.02760,0.00591,0.09681,13.81681,0.83035,39.69389,0.55378,7.34156,0.32444,5.37083,17.85704,1.51303,0.01501,0.39729,0.15565,12.02760,0.00591,0.09681,13.81681,0.83035,39.69389,0.55378,7.34156,0.32444,5.37083,17.85704,1.51303,0.01501,0.39729,0.15565,12.02760,0.00591,0.09681,13.81681,0.83035,39.69389,0.55378,7.34156,0.32444,5.37083,17.85704,1.51303,0.01501,0.39729,0.15565
5.82400,12,0.41301,1,0.00013,0.12355,0.00577,0.00129,0.00469,0.00573,0.00016,0.00279,0.19481,0.01094,0.08875,0.14440,0.37453,0.00237,0.04009,8.87546,0.01622,0.46901,14.43975,0.57717,37.45314,0.57284,19.48134,0.23686,4.00888,12.35516,1.09370,0.01323,0.27862,0.12863,8.87546,0.01622,0.46901,14.43975,0.57717,37.45314,0.57284,19.48134,0.23686,4.00888,12.35516,1.09370,0.01323,0.27862,0.12863,8.87546,0.01622,0.46901,14.43975,0.57717,37.45314,0.57284,19.48134,0.23686,4.00888,12.35516,1.09370,0.01323,0.27862,0.12863
5.84533,12,0.41553,1,0.00010,0.09004,0.00422,0.00101,0.00499,0.01166,0.00026,0.00194,0.31171,0.00881,0.06526,0.12631,0.33931,0.00168,0.03271,6.52586,0.02590,0.49865,12.63063,0.42199,33.93126,1.16592,31.17065,0.16824,3.27093,9.00352,0.88096,0.01036,0.19449,0.10064,6.52586,0.02590,0.49865,12.63063,0.42199,33.93126,1.16592,31.17065,0.16824,3.27093,9.00352,0.88096,0.01036,0.19449,0.10064,6.52586,0.02590,0.49865,12.63063,0.42199,33.93126,1.16592,31.17065,0.16824,3.27093,9.00352,0.88096,0.01036,0.19449,0.10064
5.86667,8,0.43175,1,0.00011,0.06641,0.00312,0.00185,0.00771,0.02562,0.00069,0.00138,0.42747,0.00845,0.05250,0.12392,0.25555,0.00122,0.02400,5.25009,0.06883,0.77087,12.39238,0.31231,25.55527,2.56205,42.74728,0.12173,2.39951,6.64098,0.84464,0.01121,0.13794,0.18491,5.25009,0.06883,0.77087,12.39238,0.31231,25.55527,2.56205,42.74728,0.12173,2.39951,6.64098,0.84464,0.01121,0.13794,0.18491,5.25009,0.06883,0.77087,12.39238,0.31231,25.55527,2.56205,42.74728,0.12173,2.39951,6.64098,0.84464,0.01121,0.13794,0.18491
5.88800,12,0.43756,1,0.00012,0.04715,0.00226,0.00141,0.00538,0.05825,0.00050,0.00096,0.31930,0.00603,0.05147,0.10128,0.38808,0.00084,0.01697,5.14698,0.04979,0.53785,10.12759,0.22566,38.80832,5.82467,31.93030,0.08449,1.69693,4.71530,0.60347,0.01213,0.09554,0.14100,5.14698,0.04979,0.53785,10.12759,0.22566,38.80832,5.82467,31.93030,0.08449,1.69693,4.71530,0.60347,0.01213,0.09554,0.14100,5.14698,0.04979,0.53785,10.12759,0.22566,38.80832,5.82467,31.93030,0.08449,1.69693,4.71530,0.60347,0.01213,0.09554,0.14100
5.90933,12,0.43305,1,0.00015,0.03582,0.00162,0.00099,0.00379,0.20270,0.00036,0.00066,0.26797,0.00422,0.03695,0.07112,0.36109,0.00059,0.01197,3.69521,0.03586,0.37942,7.11201,0.16178,36.10877,20.26992,26.79673,0.05887,1.19651,3.58249,0.42223,0.01508,0.06609,0.09905,3.69521,0.03586,0.37942,7.11201,0.16178,36.10877,20.26992,26.79673,0.05887,1.19651,3.58249,0.42223,0.01508,0.06609,0.09905,3.69521,0.03586,0.37942,7.11201,0.16178,36.10877,20.26992,26.79673,0.05887,1.19651,3.58249,0.42223,0.01508,0.06609,0.09905
5.93067,5,0.42572,1,0.00011,0.02496,0.00112,0.00069,0.00262,0.44262,0.00025,0.00046,0.19043,0.00291,0.02552,0.04907,0.25058,0.00041,0.00826,2.55169,0.02480,0.26214,4.90734,0.11174,25.05750,44.26242,19.04252,0.04064,0.82638,2.49606,0.29141,0.01122,0.04562,0.06852,2.55169,0.02480,0.26214,4.90734,0.11174,25.05750,44.26242,19.04252,0.04064,0.82638,2.49606,0.29141,0.01122,0.04562,0.06852,2.55169,0.02480,0.26214,4.90734,0.11174,25.05750,44.26242,19.04252,0.04064,0.82638,2.49606,0.29141,0.01122,0.04562,0.06852
5.95200,5,0.41685,1,0.00036,0.01792,0.00081,0.00069,0.00328,0.60024,0.00038,0.00036,0.14348,0.00203,0.01762,0.03386,0.17291,0.00029,0.00576,1.76209,0.03844,0.32809,3.38615,0.08144,17.29057,60.02394,14.34772,0.02876,0.57640,1.79178,0.20339,0.03605,0.03603,0.06913,1.76209,0.03844,0.32809,3.38615,0.08144,17.29057,60.02394,14.34772,0.02876,0.57640,1.79178,0.20339,0.03605,0.03603,0.06913,1.76209,0.03844,0.32809,3.38615,0.08144,17.29057,60.02394,14.34772,0.02876,0.57640,1.79178,0.20339,0.03605,0.03603,0.06913
5.97333,5,0.38739,1,0.00091,0.01365,0.00133,0.00424,0.01057,0.70149,0.00078,0.00341,0.10309,0.00144,0.01216,0.02337,0.11933,0.00021,0.00403,1.21636,0.07752,1.05687,2.33717,0.13263,11.93264,70.14906,10.30943,0.02055,0.40306,1.36465,0.14372,0.09133,0.34059,0.42442,1.21636,0.07752,1.05687,2.33717,0.13263,11.93264,70.14906,10.30943,0.02055,0.40306,1.36465,0.14372,0.09133,0.34059,0.42442,1.21636,0.07752,1.05687,2.33717,0.13263,11.93264,70.14906,10.30943,0.02055,0.40306,1.36465,0.14372,0.09133,0.34059,0.42442
5.99467,5,0.33249,1,0.00433,0.01951,0.02087,0.01390,0.04545,0.70711,0.00349,0.00280,0.07151,0.00103,0.00844,0.01614,0.08239,0.00014,0.00288,0.84446,0.34858,4.54516,1.61407,2.08663,8.23925,70.71129,7.15079,0.01440,0.28821,1.95054,0.10281,0.43337,0.28041,1.39004,0.84446,0.34858,4.54516,1.61407,2.08663,8.23925,70.71129,7.15079,0.01440,0.28821,1.95054,0.10281,0.43337,0.28041,1.39004,0.84446,0.34858,4.54516,1.61407,2.08663,8.23925,70.71129,7.15079,0.01440,0.28821,1.95054,0.10281,0.43337,0.28041,1.39004
6.01600,5,0.29704,1,0.00309,0.01367,0.01451,0.01049,0.33312,0.49448,0.00265,0.00200,0.04935,0.00071,0.00584,0.01114,0.05685,0.00010,0.00199,0.58401,0.26501,33.31198,1.11384,1.45141,5.68542,49.44793,4.93511,0.00995,0.19890,1.36722,0.07096,0.30941,0.19969,1.04914,0.58401,0.26501,33.31198,1.11384,1.45141,5.68542,49.44793,4.93511,0.00995,0.19890,1.36722,0.07096,0.30941,0.19969,1.04914,0.58401,0.26501,33.31198,1.11384,1.45141,5.68542,49.44793,4.93511,0.00995,0.19890,1.36722,0.07096,0.30941,0.19969,1.04914
6.03733,4,0.26302,1,0.00241,0.00944,0.01011,0.00737,0.50191,0.34205,0.00185,0.00144,0.03406,0.00049,0.03972,0.00771,0.03938,0.00018,0.00188,3.97249,0.18482,50.19149,0.77052,1.01106,3.93755,34.20486,3.40583,0.01819,0.18820,0.94408,0.04941,0.24100,0.14378,0.73669,3.97249,0.18482,50.19149,0.77052,1.01106,3.93755,34.20486,3.40583,0.01819,0.18820,0.94408,0.04941,0.24100,0.14378,0.73669,3.97249,0.18482,50.19149,0.77052,1.01106,3.93755,34.20486,3.40583,0.01819,0.18820,0.94408,0.04941,0.24100,0.14378,0.73669
6.05867,4,0.22777,1,0.00308,0.00655,0.00827,0.00533,0.52495,0.23975,0.00143,0.00155,0.02352,0.00062,0.10863,0.00538,0.02741,0.00208,0.04145,10.86322,0.14259,52.49509,0.53845,0.82704,2.74095,23.97453,2.35151,0.20831,4.14453,0.65546,0.06174,0.30816,0.15497,0.53345,10.86322,0.14259,52.49509,0.53845,0.82704,2.74095,23.97453,2.35151,0.20831,4.14453,0.65546,0.06174,0.30816,0.15497,0.53345,10.86322,0.14259,52.49509,0.53845,0.82704,2.74095,23.97453,2.35151,0.20831,4.14453,0.65546,0.06174,0.30816,0.15497,0.53345
6.08000,4,0.26591,1,0.00307,0.00455,0.00611,0.00370,0.37370,0.16586,0.00100,0.00110,0.01624,0.00120,0.09277,0.00375,0.01902,0.01211,0.29583,9.27669,0.09980,37.37038,0.37472,0.61072,1.90247,16.58560,1.62384,1.21075,29.58307,0.45489,0.12012,0.30688,0.10977,0.37031,9.27669,0.09980,37.37038,0.37472,0.61072,1.90247,16.58560,1.62384,1.21075,29.58307,0.45489,0.12012,0.30688,0.10977,0.37031,9.27669,0.09980,37.37038,0.37472,0.61072,1.90247,16.58560,1.62384,1.21075,29.58307,0.45489,0.12012,0.30688,0.10977,0.37031
6.10133,14,0.33228,1,0.00213,0.00314,0.00421,0.00257,0.25793,0.11466,0.00069,0.00076,0.01174,0.00104,0.07292,0.00262,0.01631,0.00859,0.50069,7.29232,0.06889,25.79337,0.26155,0.42145,1.63123,11.46576,1.17371,0.85924,50.06892,0.31415,0.10384,0.21264,0.07576,0.25718,7.29232,0.06889,25.79337,0.26155,0.42145,1.63123,11.46576,1.17371,0.85924,50.06892,0.31415,0.10384,0.21264,0.07576,0.25718,7.29232,0.06889,25.79337,0.26155,0.42145,1.63123,11.46576,1.17371,0.85924,50.06892,0.31415,0.10384,0.21264,0.07576,0.25718
6.12267,14,0.32843,1,0.00147,0.00221,0.00291,0.01259,0.17808,0.07919,0.00048,0.00052,0.04727,0.00085,0.06839,0.00183,0.01190,0.00596,0.58636,6.83924,0.04754,17.80779,0.18260,0.29147,1.19030,7.91897,4.72657,0.59568,58.63610,0.22084,0.08466,0.14684,0.05245,1.25895,6.83924,0.04754,17.80779,0.18260,0.29147,1.19030,7.91897,4.72657,0.59568,58.63610,0.22084,0.08466,0.14684,0.05245,1.25895,6.83924,0.04754,17.80779,0.18260,0.29147,1.19030,7.91897,4.72657,0.59568,58.63610,0.22084,0.08466,0.14684,0.05245,1.25895
6.14400,14,0.32408,1,0.00101,0.00158,0.00203,0.01832,0.12296,0.05466,0.00033,0.00036,0.32201,0.00062,0.04776,0.00126,0.00832,0.00411,0.41466,4.77598,0.03283,12.29577,0.12620,0.20263,0.83233,5.46591,32.20131,0.41116,41.46625,0.15764,0.06214,0.10147,0.03643,1.83194,4.77598,0.03283,12.29577,0.12620,0.20263,0.83233,5.46591,32.20131,0.41116,41.46625,0.15764,0.06214,0.10147,0.03643,1.83194,4.77598,0.03283,12.29577,0.12620,0.20263,0.83233,5.46591,32.20131,0.41116,41.46625,0.15764,0.06214,0.10147,0.03643,1.83194
6.16533,8,0.40726,1,0.00071,0.00130,0.00148,0.05003,0.08530,0.03871,0.00026,0.00025,0.38434,0.00123,0.11519,0.00115,0.00871,0.00286,0.30848,11.51941,0.02552,8.52991,0.11457,0.14840,0.87134,3.87083,38.43374,0.28567,30.84812,0.13001,0.12290,0.07089,0.02526,5.00341,11.51941,0.02552,8.52991,0.11457,0.14840,0.87134,3.87083,38.43374,0.28567,30.84812,0.13001,0.12290,0.07089,0.02526,5.00341,11.51941,0.02552,8.52991,0.11457,0.14840,0.87134,3.87083,38.43374,0.28567,30.84812,0.13001,0.12290,0.07089,0.02526,5.00341
6.18667,14,0.40046,1,0.00049,0.00092,0.00104,0.03472,0.05892,0.02676,0.00018,0.00018,0.26564,0.00098,0.26030,0.00082,0.00681,0.00295,0.33931,26.02958,0.01803,5.89178,0.08191,0.10382,0.68087,2.67552,26.56407,0.29497,33.93068,0.09184,0.09781,0.04949,0.01751,3.47212,26.02958,0.01803,5.89178,0.08191,0.10382,0.68087,2.67552,26.56407,0.29497,33.93068,0.09184,0.09781,0.04949,0.01751,3.47212,26.02958,0.01803,5.89178,0.08191,0.10382,0.68087,2.67552,26.56407,0.29497,33.93068,0.09184,0.09781,0.04949,0.01751,3.47212
6.20800,10,0.34211,1,0.00034,0.00095,0.00086,0.02396,0.04175,0.02061,0.00014,0.00012,0.18334,0.00084,0.37288,0.00058,0.00671,0.00208,0.34485,37.28786,0.01390,4.17510,0.05802,0.08562,0.67061,2.06053,18.33415,0.20826,34.48479,0.09456,0.08383,0.03440,0.01235,2.39602,37.28786,0.01390,4.17510,0.05802,0.08562,0.67061,2.06053,18.33415,0.20826,34.48479,0.09456,0.08383,0.03440,0.01235,2.39602,37.28786,0.01390,4.17510,0.05802,0.08562,0.67061,2.06053,18.33415,0.20826,34.48479,0.09456,0.08383,0.03440,0.01235,2.39602
6.22933,10,0.28758,1,0.00025,0.03546,0.00063,0.01653,0.02901,0.22061,0.00013,0.00010,0.12651,0.00060,0.30250,0.00040,0.00493,0.00156,0.26076,30.25015,0.01278,2.90101,0.04047,0.06271,0.49338,22.06145,12.65125,0.15594,26.07644,3.54622,0.05979,0.02524,0.00979,1.65339,30.25015,0.01278,2.90101,0.04047,0.06271,0.49338,22.06145,12.65125,0.15594,26.07644,3.54622,0.05979,0.02524,0.00979,1.65339,30.25015,0.01278,2.90101,0.04047,0.06271,0.49338,22.06145,12.65125,0.15594,26.07644,3.54622,0.05979,0.02524,0.00979,1.65339
6.25067,5,0.23989,1,0.00018,0.06485,0.00044,0.01141,0.02016,0.42101,0.00010,0.00007,0.08729,0.00042,0.20925,0.00028,0.00341,0.00109,0.18004,20.92468,0.00987,2.01615,0.02795,0.04359,0.34079,42.10069,8.72939,0.10901,18.00441,6.48532,0.04199,0.01819,0.00705,1.14093,20.92468,0.00987,2.01615,0.02795,0.04359,0.34079,42.10069,8.72939,0.10901,18.00441,6.48532,0.04199,0.01819,0.00705,1.14093,20.92468,0.00987,2.01615,0.02795,0.04359,0.34079,42.10069,8.72939,0.10901,18.00441,6.48532,0.04199,0.01819,0.00705,1.14093
6.27200,5,0.19788,1,0.00117,0.16180,0.00034,0.00801,0.03176,0.46369,0.00008,0.00006,0.06025,0.00030,0.14452,0.00019,0.00236,0.00079,0.12465,14.45223,0.00843,3.17640,0.01943,0.03412,0.23597,46.36947,6.02470,0.07922,12.46536,16.18037,0.02977,0.11727,0.00648,0.80079,14.45223,0.00843,3.17640,0.01943,0.03412,0.23597,46.36947,6.02470,0.07922,12.46536,16.18037,0.02977,0.11727,0.00648,0.80079,14.45223,0.00843,3.17640,0.01943,0.03412,0.23597,46.36947,6.02470,0.07922,12.46536,16.18037,0.02977,0.11727,0.00648,0.80079
6.29333,5,0.16092,1,0.00428,0.32720,0.00062,0.00712,0.06981,0.35783,0.00012,0.00007,0.04170,0.00025,0.09985,0.00014,0.00164,0.00065,0.08872,9.98533,0.01191,6.98052,0.01402,0.06184,0.16369,35.78335,4.16963,0.06478,8.87235,32.72014,0.02506,0.42807,0.00683,0.71247,9.98533,0.01191,6.98052,0.01402,0.06184,0.16369,35.78335,4.16963,0.06478,8.87235,32.72014,0.02506,0.42807,0.00683,0.71247,9.98533,0.01191,6.98052,0.01402,0.06184,0.16369,35.78335,4.16963,0.06478,8.87235,32.72014,0.02506,0.42807,0.00683,0.71247
6.31467,1,0.13273,1,0.01205,0.45186,0.00176,0.00731,0.09484,0.26753,0.00015,0.00009,0.02912,0.00027,0.06920,0.00012,0.00116,0.00068,0.06388,6.91959,0.01498,9.48364,0.01183,0.17556,0.11578,26.75257,2.91214,0.06787,6.38837,45.18559,0.02671,1.20474,0.00921,0.73143,6.91959,0.01498,9.48364,0.01183,0.17556,0.11578,26.75257,2.91214,0.06787,6.38837,45.18559,0.02671,1.20474,0.00921,0.73143,6.91959,0.01498,9.48364,0.01183,0.17556,0.11578,26.75257,2.91214,0.06787,6.38837,45.18559,0.02671,1.20474,0.00921,0.73143
6.33600,1,0.25251,1,0.00844,0.58843,0.00136,0.00578,0.09524,0.18546,0.00011,0.00013,0.02033,0.00020,0.04851,0.00017,0.00113,0.00053,0.04419,4.85071,0.01053,9.52353,0.01750,0.13619,0.11313,18.54554,2.03295,0.05303,4.41850,58.84341,0.01979,0.84361,0.01332,0.57827,4.85071,0.01053,9.52353,0.01750,0.13619,0.11313,18.54554,2.03295,0.05303,4.41850,58.84341,0.01979,0.84361,0.01332,0.57827,4.85071,0.01053,9.52353,0.01750,0.13619,0.11313,18.54554,2.03295,0.05303,4.41850,58.84341,0.01979,0.84361,0.01332,0.57827
6.35733,1,0.45243,1,0.00582,0.62740,0.00576,0.00628,0.06652,0.12800,0.00011,0.00012,0.01426,0.02608,0.05163,0.03312,0.00142,0.00295,0.03052,5.16313,0.01073,6.65175,3.31227,0.57576,0.14225,12.79977,1.42604,0.29515,3.05247,62.73993,2.60826,0.58231,0.01182,0.62836,5.16313,0.01073,6.65175,3.31227,0.57576,0.14225,12.79977,1.42604,0.29515,3.05247,62.73993,2.60826,0.58231,0.01182,0.62836,5.16313,0.01073,6.65175,3.31227,0.57576,0.14225,12.79977,1.42604,0.29515,3.05247,62.73993,2.60826,0.58231,0.01182,0.62836
6.37867,1,0.54936,1,0.00402,0.45720,0.00458,0.00440,0.04599,0.08833,0.00008,0.00009,0.00995,0.02337,0.06300,0.27200,0.00164,0.00429,0.02107,6.29983,0.00810,4.59861,27.19973,0.45763,0.16426,8.83322,0.99546,0.42855,2.10706,45.71951,2.33734,0.40207,0.00883,0.43979,6.29983,0.00810,4.59861,27.19973,0.45763,0.16426,8.83322,0.99546,0.42855,2.10706,45.71951,2.33734,0.40207,0.00883,0.43979,6.29983,0.00810,4.59861,27.19973,0.45763,0.16426,8.83322,0.99546,0.42855,2.10706,45.71951,2.33734,0.40207,0.00883,0.43979
6.40000,11,0.56204,1,0.00278,0.32136,0.00323,0.00305,0.03196,0.06097,0.00006,0.00007,0.00689,0.01979,0.09032,0.43823,0.00170,0.00505,0.01455,9.03186,0.00608,3.19572,43.82340,0.32255,0.17016,6.09657,0.68936,0.50516,1.45471,32.13590,1.97880,0.27843,0.00654,0.30476,9.03186,0.00608,3.19572,43.82340,0.32255,0.17016,6.09657,0.68936,0.50516,1.45471,32.13590,1.97880,0.27843,0.00654,0.30476,9.03186,0.00608,3.19572,43.82340,0.32255,0.17016,6.09657,0.68936,0.50516,1.45471,32.13590,1.97880,0.27843,0.00654,0.30476
6.42133,11,0.53629,1,0.00193,0.22194,0.00225,0.00213,0.02482,0.04213,0.00006,0.00005,0.00495,0.01668,0.07322,0.59364,0.00158,0.00441,0.01022,7.32185,0.00560,2.48238,59.36367,0.22478,0.15849,4.21260,0.49458,0.44093,1.02184,22.19401,1.66828,0.19262,0.00548,0.21288,7.32185,0.00560,2.48238,59.36367,0.22478,0.15849,4.21260,0.49458,0.44093,1.02184,22.19401,1.66828,0.19262,0.00548,0.21288,7.32185,0.00560,2.48238,59.36367,0.22478,0.15849,4.21260,0.49458,0.44093,1.02184,22.19401,1.66828,0.19262,0.00548,0.21288
6.44267,11,0.50433,1,0.00134,0.15356,0.00172,0.00148,0.02320,0.05455,0.00016,0.00005,0.00400,0.01243,0.05840,0.67595,0.00167,0.00439,0.00710,5.83991,0.01563,2.31968,67.59495,0.17186,0.16749,5.45463,0.40002,0.43941,0.71040,15.35587,1.24339,0.13385,0.00496,0.14796,5.83991,0.01563,2.31968,67.59495,0.17186,0.16749,5.45463,0.40002,0.43941,0.71040,15.35587,1.24339,0.13385,0.00496,0.14796,5.83991,0.01563,2.31968,67.59495,0.17186,0.16749,5.45463,0.40002,0.43941,0.71040,15.35587,1.24339,0.13385,0.00496,0.14796
6.46400,11,0.44616,1,0.00093,0.10598,0.00119,0.00103,0.02169,0.33634,0.00015,0.00013,0.00279,0.00859,0.04041,0.47163,0.00120,0.00304,0.00490,4.04081,0.01472,2.16913,47.16328,0.11936,0.11957,33.63410,0.27931,0.30400,0.49037,10.59816,0.85879,0.09266,0.01311,0.10263,4.04081,0.01472,2.16913,47.16328,0.11936,0.11957,33.63410,0.27931,0.30400,0.49037,10.59816,0.85879,0.09266,0.01311,0.10263,4.04081,0.01472,2.16913,47.16328,0.11936,0.11957,33.63410,0.27931,0.30400,0.49037,10.59816,0.85879,0.09266,0.01311,0.10263
6.48533,5,0.37277,1,0.00064,0.07313,0.00083,0.00071,0.02644,0.52940,0.00013,0.00014,0.00193,0.00593,0.02793,0.32648,0.00083,0.00210,0.00338,2.79266,0.01286,2.64394,32.64751,0.08265,0.08332,52.93959,0.19309,0.21008,0.33840,7.31342,0.59273,0.06427,0.01434,0.07117,2.79266,0.01286,2.64394,32.64751,0.08265,0.08332,52.93959,0.19309,0.21008,0.33840,7.31342,0.59273,0.06427,0.01434,0.07117,2.79266,0.01286,2.64394,32.64751,0.08265,0.08332,52.93959,0.19309,0.21008,0.33840,7.31342,0.59273,0.06427,0.01434,0.07117
6.50667,5,0.30480,1,0.00049,0.05047,0.00057,0.00050,0.04570,0.64725,0.00047,0.00012,0.00134,0.00409,0.01931,0.22532,0.00058,0.00145,0.00234,1.93141,0.04659,4.56993,22.53228,0.05722,0.05829,64.72514,0.13366,0.14522,0.23351,5.04661,0.40909,0.04885,0.01230,0.04990,1.93141,0.04659,4.56993,22.53228,0.05722,0.05829,64.72514,0.13366,0.14522,0.23351,5.04661,0.40909,0.04885,0.01230,0.04990,1.93141,0.04659,4.56993,22.53228,0.05722,0.05829,64.72514,0.13366,0.14522,0.23351,5.04661,0.40909,0.04885,0.01230,0.04990
6.52800,5,0.25060,1,0.00145,0.03498,0.00044,0.00141,0.16636,0.61756,0.00169,0.00019,0.00103,0.00283,0.01343,0.15551,0.00044,0.00101,0.00167,1.34257,0.16876,16.63636,15.55074,0.04426,0.04399,61.75600,0.10270,0.10149,0.16667,3.49821,0.28328,0.14507,0.01877,0.14114,1.34257,0.16876,16.63636,15.55074,0.04426,0.04399,61.75600,0.10270,0.10149,0.16667,3.49821,0.28328,0.14507,0.01877,0.14114,1.34257,0.16876,16.63636,15.55074,0.04426,0.04399,61.75600,0.10270,0.10149,0.16667,3.49821,0.28328,0.14507,0.01877,0.14114
6.54933,5,0.23353,1,0.00173,0.02416,0.00037,0.00140,0.14665,0.70095,0.00139,0.00145,0.00077,0.00196,0.00942,0.10747,0.00039,0.00071,0.00118,0.94207,0.13860,14.66470,10.74677,0.03702,0.03911,70.09493,0.07736,0.07062,0.11782,2.41649,0.19641,0.17316,0.14495,0.14001,0.94207,0.13860,14.66470,10.74677,0.03702,0.03911,70.09493,0.07736,0.07062,0.11782,2.41649,0.19641,0.17316,0.14495,0.14001,0.94207,0.13860,14.66470,10.74677,0.03702,0.03911,70.09493,0.07736,0.07062,0.11782,2.41649,0.19641,0.17316,0.14495,0.14001
6.57067,5,0.21068,1,0.00127,0.01668,0.00028,0.00102,0.10286,0.78526,0.00116,0.00673,0.00055,0.00137,0.00675,0.07429,0.00044,0.00049,0.00083,0.67515,0.11623,10.28574,7.42912,0.02817,0.04404,78.52639,0.05472,0.04932,0.08288,1.66783,0.13740,0.12742,0.67327,0.10231,0.67515,0.11623,10.28574,7.42912,0.02817,0.04404,78.52639,0.05472,0.04932,0.08288,1.66783,0.13740,0.12742,0.67327,0.10231,0.67515,0.11623,10.28574,7.42912,0.02817,0.04404,78.52639,0.05472,0.04932,0.08288,1.66783,0.13740,0.12742,0.67327,0.10231
6.59200,5,0.18429,1,0.00277,0.01159,0.00034,0.00148,0.07282,0.83194,0.00105,0.01102,0.00086,0.00107,0.01023,0.05137,0.00099,0.00036,0.00212,1.02256,0.10504,7.28197,5.13668,0.03416,0.09865,83.19375,0.08604,0.03604,0.21206,1.15892,0.10672,0.27709,1.10208,0.14827,1.02256,0.10504,7.28197,5.13668,0.03416,0.09865,83.19375,0.08604,0.03604,0.21206,1.15892,0.10672,0.27709,1.10208,0.14827,1.02256,0.10504,7.28197,5.13668,0.03416,0.09865,83.19375,0.08604,0.03604,0.21206,1.15892,0.10672,0.27709,1.10208,0.14827
6.61333,5,0.16362,1,0.01554,0.00823,0.00047,0.00450,0.05325,0.84930,0.00210,0.01263,0.00099,0.00095,0.01192,0.03583,0.00120,0.00027,0.00280,1.19168,0.21014,5.32537,3.58337,0.04749,0.12021,84.93008,0.09903,0.02671,0.28046,0.82314,0.09508,1.55403,1.26320,0.45001,1.19168,0.21014,5.32537,3.58337,0.04749,0.12021,84.93008,0.09903,0.02671,0.28046,0.82314,0.09508,1.55403,1.26320,0.45001,1.19168,0.21014,5.32537,3.58337,0.04749,0.12021,84.93008,0.09903,0.02671,0.28046,0.82314,0.09508,1.55403,1.26320,0.45001
6.63467,5,0.14552,1,0.06156,0.00613,0.00695,0.01933,0.04183,0.80639,0.00239,0.01573,0.00092,0.00076,0.00918,0.02520,0.00132,0.00020,0.00212,0.91750,0.23895,4.18332,2.51999,0.69514,0.13176,80.63934,0.09186,0.02010,0.21175,0.61275,0.07631,6.15559,1.57277,1.93286,0.91750,0.23895,4.18332,2.51999,0.69514,0.13176,80.63934,0.09186,0.02010,0.21175,0.61275,0.07631,6.15559,1.57277,1.93286,0.91750,0.23895,4.18332,2.51999,0.69514,0.13176,80.63934,0.09186,0.02010,0.21175,0.61275,0.07631,6.15559,1.57277,1.93286
6.65600,5,0.13019,1,0.07742,0.00436,0.00551,0.02160,0.02942,0.81671,0.00212,0.01323,0.00066,0.00053,0.00670,0.01859,0.00138,0.00015,0.00159,0.66993,0.21245,2.94238,1.85891,0.55114,0.13847,81.67141,0.06636,0.01539,0.15878,0.43604,0.05320,7.74222,1.32345,2.15986,0.66993,0.21245,2.94238,1.85891,0.55114,0.13847,81.67141,0.06636,0.01539,0.15878,0.43604,0.05320,7.74222,1.32345,2.15986,0.66993,0.21245,2.94238,1.85891,0.55114,0.13847,81.67141,0.06636,0.01539,0.15878,0.43604,0.05320,7.74222,1.32345,2.15986
6.67733,5,0.11715,1,0.06527,0.00307,0.00455,0.02118,0.02051,0.85097,0.00183,0.01057,0.00047,0.00037,0.00520,0.01351,0.00113,0.00013,0.00124,0.52002,0.18294,2.05137,1.35081,0.45507,0.11267,85.09718,0.04731,0.01264,0.12362,0.30730,0.03717,6.52722,1.05660,2.11807,0.52002,0.18294,2.05137,1.35081,0.45507,0.11267,85.09718,0.04731,0.01264,0.12362,0.30730,0.03717,6.52722,1.05660,2.11807,0.52002,0.18294,2.05137,1.35081,0.45507,0.11267,85.09718,0.04731,0.01264,0.12362,0.30730,0.03717,6.52722,1.05660,2.11807
6.69867,5,0.17509,1,0.08617,0.00228,0.01437,0.02737,0.01458,0.69693,0.00228,0.01312,0.00127,0.01279,0.05749,0.02180,0.01633,0.00290,0.03031,5.74906,0.22763,1.45771,2.18047,1.43655,1.63277,69.69318,0.12679,0.29036,3.03149,0.22798,1.27919,8.61712,1.31231,2.73738,5.74906,0.22763,1.45771,2.18047,1.43655,1.63277,69.69318,0.12679,0.29036,3.03149,0.22798,1.27919,8.61712,1.31231,2.73738,5.74906,0.22763,1.45771,2.18047,1.43655,1.63277,69.69318,0.12679,0.29036,3.03149,0.22798,1.27919,8.61712,1.31231,2.73738
6.72000,5,0.18391,1,0.08799,0.00234,0.01351,0.02563,0.01041,0.56577,0.00280,0.01269,0.00207,0.01756,0.13881,0.05298,0.02735,0.00775,0.03233,13.88076,0.27995,1.04072,5.29816,1.35096,2.73460,56.57731,0.20713,0.77495,3.23334,0.23449,1.75625,8.79931,1.26927,2.56281,13.88076,0.27995,1.04072,5.29816,1.35096,2.73460,56.57731,0.20713,0.77495,3.23334,0.23449,1.75625,8.79931,1.26927,2.56281,13.88076,0.27995,1.04072,5.29816,1.35096,2.73460,56.57731,0.20713,0.77495,3.23334,0.23449,1.75625,8.79931,1.26927,2.56281
6.74133,5,0.19663,1,0.06127,0.05070,0.01150,0.01899,0.00997,0.39190,0.00206,0.00886,0.20634,0.01347,0.11426,0.04755,0.02953,0.00590,0.02771,11.42647,0.20616,0.99695,4.75479,1.15036,2.95286,39.18993,20.63403,0.58954,2.77085,5.06951,1.34672,6.12744,0.88585,1.89853,11.42647,0.20616,0.99695,4.75479,1.15036,2.95286,39.18993,20.63403,0.58954,2.77085,5.06951,1.34672,6.12744,0.88585,1.89853,11.42647,0.20616,0.99695,4.75479,1.15036,2.95286,39.18993,20.63403,0.58954,2.77085,5.06951,1.34672,6.12744,0.88585,1.89853
6.76267,8,0.22154,1,0.04313,0.04210,0.00835,0.01435,0.01092,0.27218,0.00146,0.00616,0.40335,0.00940,0.10587,0.03443,0.02176,0.00646,0.02008,10.58723,0.14634,1.09176,3.44336,0.83471,2.17607,27.21795,40.33464,0.64636,2.00789,4.21017,0.93969,4.31344,0.61587,1.43452,10.58723,0.14634,1.09176,3.44336,0.83471,2.17607,27.21795,40.33464,0.64636,2.00789,4.21017,0.93969,4.31344,0.61587,1.43452,10.58723,0.14634,1.09176,3.44336,0.83471,2.17607,27.21795,40.33464,0.64636,2.00789,4.21017,0.93969,4.31344,0.61587,1.43452
6.78400,8,0.28574,1,0.03009,0.02986,0.00671,0.01322,0.00977,0.19023,0.00102,0.00434,0.33841,0.00670,0.29344,0.03523,0.01865,0.00800,0.01434,29.34409,0.10216,0.97682,3.52295,0.67077,1.86461,19.02255,33.84118,0.80008,1.43400,2.98589,0.66950,3.00921,0.43408,1.32211,29.34409,0.10216,0.97682,3.52295,0.67077,1.86461,19.02255,33.84118,0.80008,1.43400,2.98589,0.66950,3.00921,0.43408,1.32211,29.34409,0.10216,0.97682,3.52295,0.67077,1.86461,19.02255,33.84118,0.80008,1.43400,2.98589,0.66950,3.00921,0.43408,1.32211
6.80533,10,0.30685,1,0.02105,0.02076,0.00533,0.01040,0.00830,0.13157,0.00072,0.00323,0.24476,0.00596,0.43984,0.05050,0.01878,0.02851,0.01028,43.98406,0.07209,0.83036,5.05044,0.53329,1.87844,13.15730,24.47561,2.85074,1.02813,2.07576,0.59589,2.10486,0.32320,1.03984,43.98406,0.07209,0.83036,5.05044,0.53329,1.87844,13.15730,24.47561,2.85074,1.02813,2.07576,0.59589,2.10486,0.32320,1.03984,43.98406,0.07209,0.83036,5.05044,0.53329,1.87844,13.15730,24.47561,2.85074,1.02813,2.07576,0.59589,2.10486,0.32320,1.03984
6.82667,10,0.33150,1,0.01480,0.01468,0.00461,0.00870,0.00808,0.09121,0.00053,0.00237,0.18123,0.00968,0.55762,0.05324,0.01592,0.02936,0.00796,55.76242,0.05322,0.80825,5.32360,0.46072,1.59204,9.12131,18.12278,2.93612,0.79638,1.46798,0.96782,1.48033,0.23692,0.87010,55.76242,0.05322,0.80825,5.32360,0.46072,1.59204,9.12131,18.12278,2.93612,0.79638,1.46798,0.96782,1.48033,0.23692,0.87010,55.76242,0.05322,0.80825,5.32360,0.46072,1.59204,9.12131,18.12278,2.93612,0.79638,1.46798,0.96782,1.48033,0.23692,0.87010
6.84800,10,0.33017,1,0.01069,0.01023,0.00352,0.00690,0.00783,0.06363,0.00043,0.00176,0.13218,0.04489,0.56416,0.05263,0.01658,0.07581,0.00876,56.41648,0.04332,0.78337,5.26284,0.35233,1.65805,6.36261,13.21779,7.58068,0.87588,1.02310,4.48856,1.06922,0.17576,0.68999,56.41648,0.04332,0.78337,5.26284,0.35233,1.65805,6.36261,13.21779,7.58068,0.87588,1.02310,4.48856,1.06922,0.17576,0.68999,56.41648,0.04332,0.78337,5.26284,0.35233,1.65805,6.36261,13.21779,7.58068,0.87588,1.02310,4.48856,1.06922,0.17576,0.68999
6.86933,10,0.34308,1,0.00773,0.00738,0.00306,0.00821,0.00919,0.04496,0.00044,0.00151,0.10001,0.07081,0.58398,0.07098,0.01439,0.06724,0.01012,58.39754,0.04357,0.91895,7.09843,0.30595,1.43938,4.49551,10.00084,6.72423,1.01244,0.73766,7.08063,0.77269,0.15081,0.82134,58.39754,0.04357,0.91895,7.09843,0.30595,1.43938,4.49551,10.00084,6.72423,1.01244,0.73766,7.08063,0.77269,0.15081,0.82134,58.39754,0.04357,0.91895,7.09843,0.30595,1.43938,4.49551,10.00084,6.72423,1.01244,0.73766,7.08063,0.77269,0.15081,0.82134
6.89067,10,0.34196,1,0.00643,0.00544,0.00259,0.00645,0.00880,0.03498,0.00046,0.00129,0.07202,0.11606,0.57678,0.06791,0.01241,0.06917,0.01920,57.67843,0.04618,0.88045,6.79135,0.25856,1.24125,3.49845,7.20166,6.91666,1.91965,0.54388,11.60556,0.64317,0.12945,0.64529,57.67843,0.04618,0.88045,6.79135,0.25856,1.24125,3.49845,7.20166,6.91666,1.91965,0.54388,11.60556,0.64317,0.12945,0.64529,57.67843,0.04618,0.88045,6.79135,0.25856,1.24125,3.49845,7.20166,6.91666,1.91965,0.54388,11.60556,0.64317,0.12945,0.64529
6.91200,10,0.34605,1,0.00484,0.00395,0.00197,0.00459,0.00673,0.02705,0.00044,0.00099,0.05099,0.11999,0.62899,0.06768,0.01065,0.05465,0.01650,62.89946,0.04356,0.67349,6.76755,0.19703,1.06466,2.70533,5.09881,5.46497,1.65001,0.39476,11.99904,0.48411,0.09855,0.45869,62.89946,0.04356,0.67349,6.76755,0.19703,1.06466,2.70533,5.09881,5.46497,1.65001,0.39476,11.99904,0.48411,0.09855,0.45869,62.89946,0.04356,0.67349,6.76755,0.19703,1.06466,2.70533,5.09881,5.46497,1.65001,0.39476,11.99904,0.48411,0.09855,0.45869
6.93333,10,0.34668,1,0.00422,0.00383,0.00182,0.00333,0.00566,0.02206,0.00037,0.00092,0.04175,0.12874,0.59665,0.11098,0.00965,0.05689,0.01314,59.66483,0.03677,0.56585,11.09786,0.18188,0.96498,2.20553,4.17497,5.68916,1.31353,0.38349,12.87405,0.42196,0.09217,0.33296,59.66483,0.03677,0.56585,11.09786,0.18188,0.96498,2.20553,4.17497,5.68916,1.31353,0.38349,12.87405,0.42196,0.09217,0.33296,59.66483,0.03677,0.56585,11.09786,0.18188,0.96498,2.20553,4.17497,5.68916,1.31353,0.38349,12.87405,0.42196,0.09217,0.33296
6.95467,10,0.35093,1,0.00364,0.00419,0.00152,0.00251,0.00513,0.01623,0.00030,0.00076,0.03670,0.20806,0.51933,0.12824,0.00856,0.05441,0.01040,51.93331,0.02978,0.51255,12.82375,0.15160,0.85618,1.62330,3.67041,5.44142,1.04027,0.41939,20.80645,0.36393,0.07648,0.25118,51.93331,0.02978,0.51255,12.82375,0.15160,0.85618,1.62330,3.67041,5.44142,1.04027,0.41939,20.80645,0.36393,0.07648,0.25118,51.93331,0.02978,0.51255,12.82375,0.15160,0.85618,1.62330,3.67041,5.44142,1.04027,0.41939,20.80645,0.36393,0.07648,0.25118
6.97600,10,0.36249,1,0.00316,0.00555,0.00151,0.00188,0.00529,0.01183,0.00029,0.00066,0.02838,0.33540,0.43295,0.10639,0.00714,0.05055,0.00903,43.29549,0.02881,0.52865,10.63895,0.15106,0.71414,1.18341,2.83773,5.05473,0.90320,0.55517,33.53975,0.31553,0.06588,0.18751,43.29549,0.02881,0.52865,10.63895,0.15106,0.71414,1.18341,2.83773,5.05473,0.90320,0.55517,33.53975,0.31553,0.06588,0.18751,43.29549,0.02881,0.52865,10.63895,0.15106,0.71414,1.18341,2.83773,5.05473,0.90320,0.55517,33.53975,0.31553,0.06588,0.18751
6.99733,10,0.36369,1,0.00277,0.00556,0.00133,0.00147,0.00484,0.00922,0.00026,0.00050,0.02582,0.36012,0.44089,0.09324,0.00572,0.04100,0.00726,44.08932,0.02648,0.48356,9.32420,0.13324,0.57161,0.92168,2.58211,4.09956,0.72557,0.55596,36.01202,0.27721,0.05017,0.14730,44.08932,0.02648,0.48356,9.32420,0.13324,0.57161,0.92168,2.58211,4.09956,0.72557,0.55596,36.01202,0.27721,0.05017,0.14730,44.08932,0.02648,0.48356,9.32420,0.13324,0.57161,0.92168,2.58211,4.09956,0.72557,0.55596,36.01202,0.27721,0.05017,0.14730
7.01867,10,0.36267,1,0.00374,0.00648,0.00277,0.00160,0.01917,0.00743,0.00055,0.00046,0.02209,0.37202,0.41753,0.09968,0.00604,0.03324,0.00722,41.75320,0.05450,1.91662,9.96832,0.27712,0.60387,0.74260,2.20927,3.32395,0.72168,0.64784,37.20157,0.37413,0.04582,0.15951,41.75320,0.05450,1.91662,9.96832,0.27712,0.60387,0.74260,2.20927,3.32395,0.72168,0.64784,37.20157,0.37413,0.04582,0.15951,41.75320,0.05450,1.91662,9.96832,0.27712,0.60387,0.74260,2.20927,3.32395,0.72168,0.64784,37.20157,0.37413,0.04582,0.15951
7.04000,10,0.36645,1,0.00372,0.00719,0.00577,0.00137,0.05399,0.00600,0.00111,0.00064,0.02623,0.36065,0.36904,0.12127,0.00702,0.02834,0.00767,36.90391,0.11105,5.39889,12.12704,0.57706,0.70170,0.60001,2.62349,2.83355,0.76661,0.71942,36.06511,0.37183,0.06376,0.13656,36.90391,0.11105,5.39889,12.12704,0.57706,0.70170,0.60001,2.62349,2.83355,0.76661,0.71942,36.06511,0.37183,0.06376,0.13656,36.90391,0.11105,5.39889,12.12704,0.57706,0.70170,0.60001,2.62349,2.83355,0.76661,0.71942,36.06511,0.37183,0.06376,0.13656
7.06133,4,0.35925,1,0.00390,0.00533,0.00517,0.00103,0.27582,0.00681,0.00422,0.00145,0.02373,0.26057,0.26643,0.11384,0.00579,0.02009,0.00583,26.64305,0.42152,27.58186,11.38372,0.51659,0.57873,0.68114,2.37334,2.00945,0.58324,0.53295,26.05653,0.39040,0.14458,0.10288,26.64305,0.42152,27.58186,11.38372,0.51659,0.57873,0.68114,2.37334,2.00945,0.58324,0.53295,26.05653,0.39040,0.14458,0.10288,26.64305,0.42152,27.58186,11.38372,0.51659,0.57873,0.68114,2.37334,2.00945,0.58324,0.53295,26.05653,0.39040,0.14458,0.10288
7.08267,4,0.32651,1,0.00663,0.00416,0.00751,0.00098,0.44056,0.01867,0.01159,0.00202,0.01905,0.18133,0.19493,0.08926,0.00513,0.01395,0.00421,19.49343,1.15873,44.05633,8.92643,0.75085,0.51348,1.86707,1.90463,1.39517,0.42141,0.41610,18.13306,0.66334,0.20230,0.09767,19.49343,1.15873,44.05633,8.92643,0.75085,0.51348,1.86707,1.90463,1.39517,0.42141,0.41610,18.13306,0.66334,0.20230,0.09767,19.49343,1.15873,44.05633,8.92643,0.75085,0.51348,1.86707,1.90463,1.39517,0.42141,0.41610,18.13306,0.66334,0.20230,0.09767
7.10400,4,0.27414,1,0.01181,0.00297,0.00526,0.00085,0.42195,0.17738,0.01008,0.00168,0.01319,0.12634,0.14953,0.06216,0.00413,0.00974,0.00293,14.95272,1.00816,42.19462,6.21578,0.52634,0.41300,17.73771,1.31919,0.97390,0.29333,0.29709,12.63365,1.18134,0.16770,0.08548,14.95272,1.00816,42.19462,6.21578,0.52634,0.41300,17.73771,1.31919,0.97390,0.29333,0.29709,12.63365,1.18134,0.16770,0.08548,14.95272,1.00816,42.19462,6.21578,0.52634,0.41300,17.73771,1.31919,0.97390,0.29333,0.29709,12.63365,1.18134,0.16770,0.08548
7.12533,4,0.24242,1,0.01341,0.00210,0.00365,0.00073,0.42098,0.29051,0.00865,0.00154,0.00912,0.08815,0.10639,0.04302,0.00295,0.00678,0.00203,10.63928,0.86549,42.09801,4.30203,0.36474,0.29524,29.05125,0.91151,0.67779,0.20282,0.20976,8.81455,1.34108,0.15359,0.07287,10.63928,0.86549,42.09801,4.30203,0.36474,0.29524,29.05125,0.91151,0.67779,0.20282,0.20976,8.81455,1.34108,0.15359,0.07287,10.63928,0.86549,42.09801,4.30203,0.36474,0.29524,29.05125,0.91151,0.67779,0.20282,0.20976,8.81455,1.34108,0.15359,0.07287
7.14667,5,0.23071,1,0.00947,0.00145,0.00252,0.00051,0.29293,0.50610,0.00604,0.00254,0.00629,0.06083,0.07344,0.02973,0.00204,0.00468,0.00140,7.34398,0.60445,29.29338,2.97317,0.25194,0.20423,50.61042,0.62923,0.46814,0.14020,0.14482,6.08334,0.94735,0.25449,0.05087,7.34398,0.60445,29.29338,2.97317,0.25194,0.20423,50.61042,0.62923,0.46814,0.14020,0.14482,6.08334,0.94735,0.25449,0.05087,7.34398,0.60445,29.29338,2.97317,0.25194,0.20423,50.61042,0.62923,0.46814,0.14020,0.14482,6.08334,0.94735,0.25449,0.05087
7.16800,5,0.21011,1,0.00668,0.00100,0.00174,0.00036,0.20263,0.65328,0.00418,0.00179,0.00435,0.04199,0.05445,0.02066,0.00154,0.00324,0.00212,5.44466,0.41808,20.26251,2.06598,0.17392,0.15416,65.32760,0.43532,0.32396,0.21228,0.10000,4.19906,0.66770,0.17881,0.03599,5.44466,0.41808,20.26251,2.06598,0.17392,0.15416,65.32760,0.43532,0.32396,0.21228,0.10000,4.19906,0.66770,0.17881,0.03599,5.44466,0.41808,20.26251,2.06598,0.17392,0.15416,65.32760,0.43532,0.32396,0.21228,0.10000,4.19906,0.66770,0.17881,0.03599
7.18933,5,0.18990,1,0.00544,0.00069,0.00120,0.00026,0.14016,0.75610,0.00293,0.00125,0.00301,0.02900,0.04055,0.01446,0.00109,0.00225,0.00161,4.05486,0.29259,14.01579,1.44615,0.12006,0.10886,75.60954,0.30109,0.22483,0.16101,0.06941,2.90002,0.54444,0.12548,0.02587,4.05486,0.29259,14.01579,1.44615,0.12006,0.10886,75.60954,0.30109,0.22483,0.16101,0.06941,2.90002,0.54444,0.12548,0.02587,4.05486,0.29259,14.01579,1.44615,0.12006,0.10886,75.60954,0.30109,0.22483,0.16101,0.06941,2.90002,0.54444,0.12548,0.02587
7.21067,5,0.16272,1,0.00573,0.00049,0.00083,0.00018,0.09681,0.82902,0.00207,0.00089,0.00208,0.02006,0.02829,0.01005,0.00076,0.00159,0.00114,2.82921,0.20718,9.68056,1.00519,0.08313,0.07610,82.90244,0.20793,0.15932,0.11394,0.04903,2.00637,0.57273,0.08867,0.01820,2.82921,0.20718,9.68056,1.00519,0.08313,0.07610,82.90244,0.20793,0.15932,0.11394,0.04903,2.00637,0.57273,0.08867,0.01820,2.82921,0.20718,9.68056,1.00519,0.08313,0.07610,82.90244,0.20793,0.15932,0.11394,0.04903,2.00637,0.57273,0.08867,0.01820
7.23200,5,0.14044,1,0.01213,0.00048,0.00059,0.00015,0.06701,0.87287,0.00164,0.00069,0.00144,0.01387,0.01968,0.00699,0.00055,0.00111,0.00080,1.96819,0.16378,6.70122,0.69948,0.05913,0.05496,87.28674,0.14365,0.11114,0.07951,0.04768,1.38711,1.21327,0.06911,0.01502,1.96819,0.16378,6.70122,0.69948,0.05913,0.05496,87.28674,0.14365,0.11114,0.07951,0.04768,1.38711,1.21327,0.06911,0.01502,1.96819,0.16378,6.70122,0.69948,0.05913,0.05496,87.28674,0.14365,0.11114,0.07951,0.04768,1.38711,1.21327,0.06911,0.01502
7.25333,5,0.19591,1,0.04042,0.03205,0.00387,0.00903,0.05018,0.73445,0.00144,0.00095,0.01954,0.01572,0.06006,0.01319,0.00191,0.00193,0.01526,6.00627,0.14389,5.01759,1.31933,0.38711,0.19147,73.44482,1.95392,0.19280,1.52555,3.20524,1.57168,4.04219,0.09517,0.90297,6.00627,0.14389,5.01759,1.31933,0.38711,0.19147,73.44482,1.95392,0.19280,1.52555,3.20524,1.57168,4.04219,0.09517,0.90297,6.00627,0.14389,5.01759,1.31933,0.38711,0.19147,73.44482,1.95392,0.19280,1.52555,3.20524,1.57168,4.04219,0.09517,0.90297
7.27467,5,0.21754,1,0.02876,0.03246,0.00469,0.00650,0.03508,0.51471,0.00105,0.00069,0.01705,0.25912,0.06598,0.00961,0.00196,0.00430,0.01803,6.59811,0.10452,3.50842,0.96105,0.46894,0.19638,51.47149,1.70483,0.42978,1.80331,3.24554,25.91229,2.87625,0.06882,0.65028,6.59811,0.10452,3.50842,0.96105,0.46894,0.19638,51.47149,1.70483,0.42978,1.80331,3.24554,25.91229,2.87625,0.06882,0.65028,6.59811,0.10452,3.50842,0.96105,0.46894,0.19638,51.47149,1.70483,0.42978,1.80331,3.24554,25.91229,2.87625,0.06882,0.65028
7.29600,5,0.21947,1,0.02057,0.15312,0.03274,0.00498,0.02459,0.35734,0.00073,0.00065,0.06697,0.25837,0.05492,0.00684,0.00157,0.00315,0.01345,5.49199,0.07338,2.45926,0.68429,3.27438,0.15681,35.73371,6.69722,0.31466,1.34539,15.31231,25.83663,2.05711,0.06456,0.49830,5.49199,0.07338,2.45926,0.68429,3.27438,0.15681,35.73371,6.69722,0.31466,1.34539,15.31231,25.83663,2.05711,0.06456,0.49830,5.49199,0.07338,2.45926,0.68429,3.27438,0.15681,35.73371,6.69722,0.31466,1.34539,15.31231,25.83663,2.05711,0.06456,0.49830
7.31733,5,0.20980,1,0.01456,0.20408,0.03133,0.00539,0.01745,0.24689,0.00053,0.01605,0.22291,0.17953,0.04301,0.00474,0.00154,0.00219,0.00979,4.30097,0.05336,1.74516,0.47427,3.13326,0.15420,24.68910,22.29148,0.21926,0.97910,20.40751,17.95260,1.45623,1.60498,0.53854,4.30097,0.05336,1.74516,0.47427,3.13326,0.15420,24.68910,22.29148,0.21926,0.97910,20.40751,17.95260,1.45623,1.60498,0.53854,4.30097,0.05336,1.74516,0.47427,3.13326,0.15420,24.68910,22.29148,0.21926,0.97910,20.40751,17.95260,1.45623,1.60498,0.53854
7.33867,7,0.20391,1,0.01006,0.14091,0.02185,0.00381,0.01223,0.17039,0.00041,0.31871,0.15451,0.12424,0.03015,0.00327,0.00112,0.00151,0.00681,3.01544,0.04114,1.22337,0.32741,2.18478,0.11231,17.03852,15.45067,0.15136,0.68128,14.09136,12.42394,1.00647,31.87118,0.38076,3.01544,0.04114,1.22337,0.32741,2.18478,0.11231,17.03852,15.45067,0.15136,0.68128,14.09136,12.42394,1.00647,31.87118,0.38076,3.01544,0.04114,1.22337,0.32741,2.18478,0.11231,17.03852,15.45067,0.15136,0.68128,14.09136,12.42394,1.00647,31.87118,0.38076
7.36000,7,0.18399,1,0.00695,0.09724,0.01545,0.00275,0.00891,0.11829,0.00032,0.52800,0.10662,0.08575,0.02084,0.00226,0.00081,0.00106,0.00473,2.08427,0.03159,0.89068,0.22617,1.54547,0.08095,11.82948,10.66217,0.10557,0.47296,9.72448,8.57523,0.69536,52.80016,0.27545,2.08427,0.03159,0.89068,0.22617,1.54547,0.08095,11.82948,10.66217,0.10557,0.47296,9.72448,8.57523,0.69536,52.80016,0.27545,2.08427,0.03159,0.89068,0.22617,1.54547,0.08095,11.82948,10.66217,0.10557,0.47296,9.72448,8.57523,0.69536,52.80016,0.27545
7.38133,7,0.16445,1,0.00502,0.06878,0.12312,0.00208,0.00798,0.23019,0.00107,0.39757,0.07408,0.05931,0.01615,0.00276,0.00483,0.00096,0.00611,1.61523,0.10706,0.79770,0.27610,12.31209,0.48300,23.01868,7.40764,0.09603,0.61070,6.87804,5.93069,0.50175,39.75710,0.20820,1.61523,0.10706,0.79770,0.27610,12.31209,0.48300,23.01868,7.40764,0.09603,0.61070,6.87804,5.93069,0.50175,39.75710,0.20820,1.61523,0.10706,0.79770,0.27610,12.31209,0.48300,23.01868,7.40764,0.09603,0.61070,6.87804,5.93069,0.50175,39.75710,0.20820
7.40267,7,0.25482,1,0.00350,0.04763,0.08647,0.00156,0.00566,0.16963,0.00081,0.27892,0.06530,0.04531,0.10390,0.02724,0.07906,0.06989,0.01512,10.38962,0.08058,0.56642,2.72448,8.64666,7.90627,16.96314,6.52971,6.98934,1.51175,4.76328,4.53080,0.35044,27.89159,0.15592,10.38962,0.08058,0.56642,2.72448,8.64666,7.90627,16.96314,6.52971,6.98934,1.51175,4.76328,4.53080,0.35044,27.89159,0.15592,10.38962,0.08058,0.56642,2.72448,8.64666,7.90627,16.96314,6.52971,6.98934,1.51175,4.76328,4.53080,0.35044,27.89159,0.15592
7.42400,13,0.29149,1,0.00248,0.03289,0.05980,0.00116,0.00393,0.12131,0.00059,0.19272,0.06066,0.03417,0.15330,0.02874,0.07052,0.21527,0.02246,15.33005,0.05907,0.39285,2.87397,5.97999,7.05183,12.13075,6.06649,21.52732,2.24629,3.28856,3.41687,0.24784,19.27195,0.11618,15.33005,0.05907,0.39285,2.87397,5.97999,7.05183,12.13075,6.06649,21.52732,2.24629,3.28856,3.41687,0.24784,19.27195,0.11618,15.33005,0.05907,0.39285,2.87397,5.97999,7.05183,12.13075,6.06649,21.52732,2.24629,3.28856,3.41687,0.24784,19.27195,0.11618
7.44533,13,0.29700,1,0.00171,0.02274,0.04130,0.00086,0.00284,0.08390,0.00041,0.13305,0.17815,0.02400,0.13350,0.02016,0.04950,0.29017,0.01770,13.34992,0.04132,0.28409,2.01601,4.13013,4.94968,8.39036,17.81529,29.01701,1.77001,2.27366,2.39985,0.17147,13.30528,0.08593,13.34992,0.04132,0.28409,2.01601,4.13013,4.94968,8.39036,17.81529,29.01701,1.77001,2.27366,2.39985,0.17147,13.30528,0.08593,13.34992,0.04132,0.28409,2.01601,4.13013,4.94968,8.39036,17.81529,29.01701,1.77001,2.27366,2.39985,0.17147,13.30528,0.08593
7.46667,8,0.27490,1,0.00141,0.05033,0.05210,0.01190,0.02121,0.06942,0.00044,0.09232,0.28006,0.01768,0.10212,0.01397,0.03421,0.23802,0.01481,10.21208,0.04362,2.12104,1.39663,5.21033,3.42116,6.94235,28.00636,23.80208,1.48104,5.03278,1.76849,0.14091,9.23162,1.18952,10.21208,0.04362,2.12104,1.39663,5.21033,3.42116,6.94235,28.00636,23.80208,1.48104,5.03278,1.76849,0.14091,9.23162,1.18952,10.21208,0.04362,2.12104,1.39663,5.21033,3.42116,6.94235,28.00636,23.80208,1.48104,5.03278,1.76849,0.14091,9.23162,1.18952
7.48800,8,0.25200,1,0.00118,0.06654,0.05824,0.08538,0.13821,0.06768,0.00095,0.06379,0.22354,0.01278,0.07076,0.00966,0.02366,0.16513,0.01249,7.07606,0.09549,13.82073,0.96592,5.82403,2.36586,6.76839,22.35391,16.51306,1.24919,6.65412,1.27806,0.11847,6.37857,8.53816,7.07606,0.09549,13.82073,0.96592,5.82403,2.36586,6.76839,22.35391,16.51306,1.24919,6.65412,1.27806,0.11847,6.37857,8.53816,7.07606,0.09549,13.82073,0.96592,5.82403,2.36586,6.76839,22.35391,16.51306,1.24919,6.65412,1.27806,0.11847,6.37857,8.53816
7.50933,3,0.22553,1,0.00085,0.06343,0.05132,0.31555,0.11538,0.04710,0.00125,0.04409,0.15704,0.00890,0.04890,0.00667,0.01635,0.11397,0.00919,4.88971,0.12480,11.53838,0.66724,5.13192,1.63470,4.71045,15.70410,11.39686,0.91895,6.34340,0.89017,0.08544,4.40886,31.55502,4.88971,0.12480,11.53838,0.66724,5.13192,1.63470,4.71045,15.70410,11.39686,0.91895,6.34340,0.89017,0.08544,4.40886,31.55502,4.88971,0.12480,11.53838,0.66724,5.13192,1.63470,4.71045,15.70410,11.39686,0.91895,6.34340,0.89017,0.08544,4.40886,31.55502
7.53067,3,0.26464,1,0.00135,0.04633,0.07964,0.36158,0.17411,0.03361,0.00205,0.03615,0.11063,0.00655,0.04220,0.00485,0.01562,0.07874,0.00659,4.21970,0.20503,17.41122,0.48501,7.96418,1.56246,3.36086,11.06293,7.87381,0.65851,4.63268,0.65516,0.13542,3.61459,36.15845,4.21970,0.20503,17.41122,0.48501,7.96418,1.56246,3.36086,11.06293,7.87381,0.65851,4.63268,0.65516,0.13542,3.61459,36.15845,4.21970,0.20503,17.41122,0.48501,7.96418,1.56246,3.36086,11.06293,7.87381,0.65851,4.63268,0.65516,0.13542,3.61459,36.15845
7.55200,3,0.28424,1,0.00095,0.03209,0.05566,0.25599,0.15014,0.02361,0.00154,0.02496,0.07650,0.01200,0.20997,0.01806,0.07887,0.05442,0.00525,20.99729,0.15405,15.01415,1.80588,5.56645,7.88740,2.36067,7.64989,5.44203,0.52470,3.20861,1.19977,0.09485,2.49567,25.59858,20.99729,0.15405,15.01415,1.80588,5.56645,7.88740,2.36067,7.64989,5.44203,0.52470,3.20861,1.19977,0.09485,2.49567,25.59858,20.99729,0.15405,15.01415,1.80588,5.56645,7.88740,2.36067,7.64989,5.44203,0.52470,3.20861,1.19977,0.09485,2.49567,25.59858
7.57333,10,0.27926,1,0.00069,0.02240,0.03959,0.17747,0.10998,0.01671,0.00193,0.01730,0.05336,0.01143,0.24086,0.10732,0.15805,0.03767,0.00525,24.08562,0.19288,10.99826,10.73152,3.95934,15.80456,1.67144,5.33624,3.76672,0.52482,2.24041,1.14262,0.06934,1.72971,17.74655,24.08562,0.19288,10.99826,10.73152,3.95934,15.80456,1.67144,5.33624,3.76672,0.52482,2.24041,1.14262,0.06934,1.72971,17.74655,24.08562,0.19288,10.99826,10.73152,3.95934,15.80456,1.67144,5.33624,3.76672,0.52482,2.24041,1.14262,0.06934,1.72971,17.74655
7.59467,12,0.26909,1,0.00121,0.01576,0.02765,0.12254,0.13841,0.01344,0.00183,0.01234,0.08911,0.00967,0.20701,0.09980,0.23107,0.02606,0.00411,20.70120,0.18264,13.84073,9.97995,2.76504,23.10744,1.34418,8.91089,2.60551,0.41087,1.57574,0.96663,0.12117,1.23380,12.25422,20.70120,0.18264,13.84073,9.97995,2.76504,23.10744,1.34418,8.91089,2.60551,0.41087,1.57574,0.96663,0.12117,1.23380,12.25422,20.70120,0.18264,13.84073,9.97995,2.76504,23.10744,1.34418,8.91089,2.60551,0.41087,1.57574,0.96663,0.12117,1.23380,12.25422
7.61600,12,0.26476,1,0.00219,0.01159,0.02219,0.08621,0.12444,0.01495,0.00252,0.03809,0.11605,0.00776,0.15675,0.08065,0.29970,0.02207,0.01484,15.67546,0.25246,12.44394,8.06478,2.21870,29.97040,1.49507,11.60486,2.20703,1.48398,1.15871,0.77572,0.21871,3.80870,8.62150,15.67546,0.25246,12.44394,8.06478,2.21870,29.97040,1.49507,11.60486,2.20703,1.48398,1.15871,0.77572,0.21871,3.80870,8.62150,15.67546,0.25246,12.44394,8.06478,2.21870,29.97040,1.49507,11.60486,2.20703,1.48398,1.15871,0.77572,0.21871,3.80870,8.62150
7.63733,12,0.24041,1,0.00308,0.00818,0.01575,0.06118,0.17105,0.01061,0.00198,0.12995,0.09147,0.00594,0.11514,0.06269,0.29696,0.01534,0.01069,11.51368,0.19788,17.10460,6.26922,1.57490,29.69621,1.06087,9.14735,1.53445,1.06867,0.81754,0.59363,0.30789,12.99463,6.11848,11.51368,0.19788,17.10460,6.26922,1.57490,29.69621,1.06087,9.14735,1.53445,1.06867,0.81754,0.59363,0.30789,12.99463,6.11848,11.51368,0.19788,17.10460,6.26922,1.57490,29.69621,1.06087,9.14735,1.53445,1.06867,0.81754,0.59363,0.30789,12.99463,6.11848
7.65867,7,0.21766,1,0.00230,0.00567,0.01133,0.04295,0.13647,0.00849,0.00276,0.37462,0.06375,0.00415,0.08011,0.04335,0.20576,0.01059,0.00771,8.01098,0.27606,13.64686,4.33535,1.13257,20.57558,0.84945,6.37452,1.05892,0.77122,0.56690,0.41481,0.22974,37.46170,4.29533,8.01098,0.27606,13.64686,4.33535,1.13257,20.57558,0.84945,6.37452,1.05892,0.77122,0.56690,0.41481,0.22974,37.46170,4.29533,8.01098,0.27606,13.64686,4.33535,1.13257,20.57558,0.84945,6.37452,1.05892,0.77122,0.56690,0.41481,0.22974,37.46170,4.29533
7.68000,7,0.20396,1,0.00167,0.00392,0.00785,0.02997,0.09587,0.00600,0.00217,0.56578,0.04400,0.00286,0.05536,0.02992,0.14199,0.00731,0.00533,5.53563,0.21749,9.58711,2.99171,0.78498,14.19909,0.59951,4.39968,0.73067,0.53316,0.39176,0.28640,0.16737,56.57837,2.99706,5.53563,0.21749,9.58711,2.99171,0.78498,14.19909,0.59951,4.39968,0.73067,0.53316,0.39176,0.28640,0.16737,56.57837,2.99706,5.53563,0.21749,9.58711,2.99171,0.78498,14.19909,0.59951,4.39968,0.73067,0.53316,0.39176,0.28640,0.16737,56.57837,2.99706
7.70133,7,0.19419,1,0.00123,0.00271,0.00542,0.02101,0.08088,0.00423,0.00187,0.68474,0.03037,0.00198,0.03822,0.02064,0.09798,0.00504,0.00368,3.82173,0.18729,8.08752,2.06441,0.54248,9.79836,0.42286,3.03692,0.50426,0.36794,0.27129,0.19764,0.12267,68.47360,2.10105,3.82173,0.18729,8.08752,2.06441,0.54248,9.79836,0.42286,3.03692,0.50426,0.36794,0.27129,0.19764,0.12267,68.47360,2.10105,3.82173,0.18729,8.08752,2.06441,0.54248,9.79836,0.42286,3.03692,0.50426,0.36794,0.27129,0.19764,0.12267,68.47360,2.10105
7.72267,7,0.19367,1,0.00184,0.00196,0.00392,0.01512,0.06535,0.00356,0.00145,0.76924,0.02116,0.00137,0.02668,0.01429,0.06797,0.00349,0.00261,2.66789,0.14452,6.53474,1.42949,0.39170,6.79683,0.35635,2.11586,0.34868,0.26101,0.19589,0.13677,0.18370,76.92434,1.51224,2.66789,0.14452,6.53474,1.42949,0.39170,6.79683,0.35635,2.11586,0.34868,0.26101,0.19589,0.13677,0.18370,76.92434,1.51224,2.66789,0.14452,6.53474,1.42949,0.39170,6.79683,0.35635,2.11586,0.34868,0.26101,0.19589,0.13677,0.18370,76.92434,1.51224
7.74400,7,0.18985,1,0.00279,0.00139,0.00273,0.01058,0.05608,0.00269,0.00113,0.82697,0.01469,0.00095,0.01871,0.00990,0.04715,0.00241,0.00183,1.87143,0.11310,5.60793,0.98952,0.27317,4.71486,0.26933,1.46930,0.24093,0.18297,0.13867,0.09475,0.27914,82.69731,1.05761,1.87143,0.11310,5.60793,0.98952,0.27317,4.71486,0.26933,1.46930,0.24093,0.18297,0.13867,0.09475,0.27914,82.69731,1.05761,1.87143,0.11310,5.60793,0.98952,0.27317,4.71486,0.26933,1.46930,0.24093,0.18297,0.13867,0.09475,0.27914,82.69731,1.05761
7.76533,7,0.18418,1,0.00328,0.00097,0.00191,0.00741,0.04201,0.00207,0.00094,0.87494,0.01016,0.00066,0.01305,0.00686,0.03281,0.00167,0.00128,1.30456,0.09372,4.20106,0.68578,0.19115,3.28106,0.20667,1.01575,0.16671,0.12824,0.09723,0.06585,0.32772,87.49358,0.74093,1.30456,0.09372,4.20106,0.68578,0.19115,3.28106,0.20667,1.01575,0.16671,0.12824,0.09723,0.06585,0.32772,87.49358,0.74093,1.30456,0.09372,4.20106,0.68578,0.19115,3.28106,0.20667,1.01575,0.16671,0.12824,0.09723,0.06585,0.32772,87.49358,0.74093
7.78667,7,0.18697,1,0.00321,0.00069,0.00138,0.00530,0.02998,0.00155,0.00080,0.91032,0.00706,0.00046,0.00913,0.00477,0.02326,0.00116,0.00093,0.91276,0.07962,2.99837,0.47737,0.13846,2.32561,0.15461,0.70573,0.11587,0.09256,0.06905,0.04620,0.32135,91.03234,0.53012,0.91276,0.07962,2.99837,0.47737,0.13846,2.32561,0.15461,0.70573,0.11587,0.09256,0.06905,0.04620,0.32135,91.03234,0.53012,0.91276,0.07962,2.99837,0.47737,0.13846,2.32561,0.15461,0.70573,0.11587,0.09256,0.06905,0.04620,0.32135,91.03234,0.53012
7.80800,7,0.18614,1,0.00324,0.00051,0.00102,0.00381,0.02123,0.00123,0.00064,0.93290,0.00503,0.00033,0.00691,0.00348,0.01816,0.00083,0.00069,0.69076,0.06388,2.12292,0.34762,0.10182,1.81632,0.12347,0.50251,0.08345,0.06945,0.05061,0.03278,0.32358,93.28965,0.38119,0.69076,0.06388,2.12292,0.34762,0.10182,1.81632,0.12347,0.50251,0.08345,0.06945,0.05061,0.03278,0.32358,93.28965,0.38119,0.69076,0.06388,2.12292,0.34762,0.10182,1.81632,0.12347,0.50251,0.08345,0.06945,0.05061,0.03278,0.32358,93.28965,0.38119
7.82933,7,0.18078,1,0.00427,0.00037,0.00086,0.00282,0.01594,0.00094,0.00053,0.94942,0.00348,0.00023,0.00488,0.00243,0.01276,0.00058,0.00050,0.48754,0.05256,1.59398,0.24301,0.08640,1.27587,0.09407,0.34826,0.05793,0.05000,0.03720,0.02302,0.42654,94.94189,0.28174,0.48754,0.05256,1.59398,0.24301,0.08640,1.27587,0.09407,0.34826,0.05793,0.05000,0.03720,0.02302,0.42654,94.94189,0.28174,0.48754,0.05256,1.59398,0.24301,0.08640,1.27587,0.09407,0.34826,0.05793,0.05000,0.03720,0.02302,0.42654,94.94189,0.28174
7.85067,7,0.17039,1,0.00413,0.00027,0.00105,0.00214,0.01176,0.00081,0.00049,0.96099,0.00244,0.00017,0.00358,0.00179,0.00960,0.00041,0.00038,0.35757,0.04944,1.17563,0.17882,0.10497,0.96041,0.08089,0.24417,0.04116,0.03789,0.02660,0.01689,0.41261,96.09879,0.21416,0.35757,0.04944,1.17563,0.17882,0.10497,0.96041,0.08089,0.24417,0.04116,0.03789,0.02660,0.01689,0.41261,96.09879,0.21416,0.35757,0.04944,1.17563,0.17882,0.10497,0.96041,0.08089,0.24417,0.04116,0.03789,0.02660,0.01689,0.41261,96.09879,0.21416
7.87200,7,0.15586,1,0.00576,0.00019,0.00103,0.00171,0.00837,0.00475,0.00055,0.96252,0.00187,0.00016,0.00275,0.00181,0.00793,0.00030,0.00030,0.27485,0.05502,0.83735,0.18053,0.10296,0.79284,0.47533,0.18689,0.03013,0.02961,0.01900,0.01626,0.57576,96.25197,0.17150,0.27485,0.05502,0.83735,0.18053,0.10296,0.79284,0.47533,0.18689,0.03013,0.02961,0.01900,0.01626,0.57576,96.25197,0.17150,0.27485,0.05502,0.83735,0.18053,0.10296,0.79284,0.47533,0.18689,0.03013,0.02961,0.01900,0.01626,0.57576,96.25197,0.17150
7.89333,7,0.16348,1,0.01158,0.00028,0.00180,0.00147,0.00621,0.01403,0.00062,0.92255,0.00328,0.00049,0.01158,0.00368,0.02034,0.00087,0.00124,1.15763,0.06247,0.62058,0.36763,0.18025,2.03398,1.40278,0.32772,0.08659,0.12383,0.02825,0.04877,1.15751,92.25497,0.14705,1.15763,0.06247,0.62058,0.36763,0.18025,2.03398,1.40278,0.32772,0.08659,0.12383,0.02825,0.04877,1.15751,92.25497,0.14705,1.15763,0.06247,0.62058,0.36763,0.18025,2.03398,1.40278,0.32772,0.08659,0.12383,0.02825,0.04877,1.15751,92.25497,0.14705
7.91467,7,0.17437,1,0.01710,0.00184,0.00136,0.00116,0.00442,0.01069,0.00046,0.70828,0.00816,0.00363,0.13409,0.01355,0.05456,0.02133,0.01937,13.40903,0.04600,0.44242,1.35525,0.13638,5.45585,1.06870,0.81620,2.13268,1.93687,0.18420,0.36349,1.70959,70.82758,0.11576,13.40903,0.04600,0.44242,1.35525,0.13638,5.45585,1.06870,0.81620,2.13268,1.93687,0.18420,0.36349,1.70959,70.82758,0.11576,13.40903,0.04600,0.44242,1.35525,0.13638,5.45585,1.06870,0.81620,2.13268,1.93687,0.18420,0.36349,1.70959,70.82758,0.11576
7.93600,7,0.15974,1,0.02211,0.00186,0.00148,0.00117,0.00380,0.01201,0.00052,0.51633,0.00760,0.00871,0.18855,0.07201,0.04755,0.09713,0.01919,18.85505,0.05152,0.38020,7.20127,0.14763,4.75479,1.20133,0.75960,9.71282,1.91865,0.18565,0.87138,2.21082,51.63256,0.11672,18.85505,0.05152,0.38020,7.20127,0.14763,4.75479,1.20133,0.75960,9.71282,1.91865,0.18565,0.87138,2.21082,51.63256,0.11672,18.85505,0.05152,0.38020,7.20127,0.14763,4.75479,1.20133,0.75960,9.71282,1.91865,0.18565,0.87138,2.21082,51.63256,0.11672
7.95733,7,0.19756,1,0.02088,0.00275,0.00202,0.00123,0.00369,0.01528,0.00058,0.35936,0.00593,0.01169,0.34285,0.09320,0.03548,0.08911,0.01596,34.28459,0.05844,0.36906,9.31964,0.20157,3.54791,1.52838,0.59305,8.91062,1.59598,0.27514,1.16875,2.08842,35.93573,0.12272,34.28459,0.05844,0.36906,9.31964,0.20157,3.54791,1.52838,0.59305,8.91062,1.59598,0.27514,1.16875,2.08842,35.93573,0.12272,34.28459,0.05844,0.36906,9.31964,0.20157,3.54791,1.52838,0.59305,8.91062,1.59598,0.27514,1.16875,2.08842,35.93573,0.12272
7.97867,10,0.18801,1,0.01576,0.00230,0.00167,0.00119,0.00361,0.01125,0.00052,0.24839,0.00572,0.01091,0.43253,0.16650,0.02614,0.06216,0.01134,43.25328,0.05183,0.36054,16.64992,0.16746,2.61422,1.12489,0.57234,6.21622,1.13410,0.22980,1.09133,1.57609,24.83886,0.11911,43.25328,0.05183,0.36054,16.64992,0.16746,2.61422,1.12489,0.57234,6.21622,1.13410,0.22980,1.09133,1.57609,24.83886,0.11911,43.25328,0.05183,0.36054,16.64992,0.16746,2.61422,1.12489,0.57234,6.21622,1.13410,0.22980,1.09133,1.57609,24.83886,0.11911
8.00000,10,0.18332,1,0.01144,0.00232,0.00165,0.00133,0.13660,0.00880,0.00768,0.17390,0.05898,0.00775,0.40193,0.11813,0.01853,0.04304,0.00792,40.19341,0.76850,13.65984,11.81323,0.16491,1.85275,0.87962,5.89810,4.30410,0.79201,0.23160,0.77520,1.14377,17.39002,0.13292,40.19341,0.76850,13.65984,11.81323,0.16491,1.85275,0.87962,5.89810,4.30410,0.79201,0.23160,0.77520,1.14377,17.39002,0.13292,40.19341,0.76850,13.65984,11.81323,0.16491,1.85275,0.87962,5.89810,4.30410,0.79201,0.23160,0.77520,1.14377,17.39002,0.13292
8.02133,4,0.16653,1,0.01795,0.00510,0.00256,0.00342,0.31505,0.01742,0.02012,0.12037,0.05695,0.00555,0.30468,0.08199,0.01327,0.03006,0.00551,30.46827,2.01185,31.50503,8.19935,0.25592,1.32676,1.74203,5.69474,3.00560,0.55078,0.50982,0.55470,1.79535,12.03737,0.34243,30.46827,2.01185,31.50503,8.19935,0.25592,1.32676,1.74203,5.69474,3.00560,0.55078,0.50982,0.55470,1.79535,12.03737,0.34243,30.46827,2.01185,31.50503,8.19935,0.25592,1.32676,1.74203,5.69474,3.00560,0.55078,0.50982,0.55470,1.79535,12.03737,0.34243
8.04267,4,0.13974,1,0.01974,0.01582,0.00284,0.00378,0.44334,0.02860,0.04594,0.08439,0.04644,0.00471,0.21301,0.05678,0.00946,0.02133,0.00382,21.30085,4.59435,44.33447,5.67842,0.28373,0.94586,2.85991,4.64377,2.13302,0.38188,1.58230,0.47114,1.97387,8.43870,0.37773,21.30085,4.59435,44.33447,5.67842,0.28373,0.94586,2.85991,4.64377,2.13302,0.38188,1.58230,0.47114,1.97387,8.43870,0.37773,21.30085,4.59435,44.33447,5.67842,0.28373,0.94586,2.85991,4.64377,2.13302,0.38188,1.58230,0.47114,1.97387,8.43870,0.37773
8.06400,4,0.12931,1,0.03672,0.03009,0.00431,0.00683,0.49906,0.03346,0.05110,0.06365,0.05613,0.00395,0.14993,0.03941,0.00679,0.01550,0.00309,14.99274,5.10990,49.90604,3.94058,0.43063,0.67947,3.34601,5.61264,1.54962,0.30927,3.00897,0.39477,3.67186,6.36479,0.68271,14.99274,5.10990,49.90604,3.94058,0.43063,0.67947,3.34601,5.61264,1.54962,0.30927,3.00897,0.39477,3.67186,6.36479,0.68271,14.99274,5.10990,49.90604,3.94058,0.43063,0.67947,3.34601,5.61264,1.54962,0.30927,3.00897,0.39477,3.67186,6.36479,0.68271
8.08533,4,0.18018,1,0.04413,0.10500,0.00775,0.00936,0.37022,0.03075,0.03623,0.04524,0.11322,0.00798,0.15727,0.03006,0.00968,0.01138,0.02170,15.72714,3.62335,37.02225,3.00583,0.77501,0.96838,3.07514,11.32248,1.13849,2.17008,10.50037,0.79846,4.41261,4.52409,0.93633,15.72714,3.62335,37.02225,3.00583,0.77501,0.96838,3.07514,11.32248,1.13849,2.17008,10.50037,0.79846,4.41261,4.52409,0.93633,15.72714,3.62335,37.02225,3.00583,0.77501,0.96838,3.07514,11.32248,1.13849,2.17008,10.50037,0.79846,4.41261,4.52409,0.93633
8.10667,10,0.22761,1,0.03802,0.09127,0.00835,0.00807,0.26238,0.02367,0.02528,0.03306,0.08462,0.01281,0.28602,0.03191,0.06586,0.00900,0.01968,28.60203,2.52850,26.23844,3.19106,0.83528,6.58562,2.36665,8.46168,0.89953,1.96768,9.12747,1.28115,3.80201,3.30564,0.80727,28.60203,2.52850,26.23844,3.19106,0.83528,6.58562,2.36665,8.46168,0.89953,1.96768,9.12747,1.28115,3.80201,3.30564,0.80727,28.60203,2.52850,26.23844,3.19106,0.83528,6.58562,2.36665,8.46168,0.89953,1.96768,9.12747,1.28115,3.80201,3.30564,0.80727
8.12800,10,0.25905,1,0.02851,0.09526,0.03647,0.01599,0.18714,0.02096,0.01856,0.02286,0.06010,0.13097,0.24135,0.03873,0.07945,0.00747,0.01619,24.13462,1.85561,18.71387,3.87257,3.64653,7.94470,2.09638,6.00989,0.74713,1.61904,9.52572,13.09715,2.85124,2.28616,1.59938,24.13462,1.85561,18.71387,3.87257,3.64653,7.94470,2.09638,6.00989,0.74713,1.61904,9.52572,13.09715,2.85124,2.28616,1.59938,24.13462,1.85561,18.71387,3.87257,3.64653,7.94470,2.09638,6.00989,0.74713,1.61904,9.52572,13.09715,2.85124,2.28616,1.59938
8.14933,10,0.23708,1,0.01999,0.06768,0.02972,0.01157,0.13053,0.02941,0.01291,0.01586,0.05086,0.10425,0.34182,0.04053,0.12380,0.00552,0.01556,34.18183,1.29106,13.05316,4.05323,2.97161,12.37998,2.94057,5.08574,0.55162,1.55616,6.76758,10.42517,1.99923,1.58624,1.15681,34.18183,1.29106,13.05316,4.05323,2.97161,12.37998,2.94057,5.08574,0.55162,1.55616,6.76758,10.42517,1.99923,1.58624,1.15681,34.18183,1.29106,13.05316,4.05323,2.97161,12.37998,2.94057,5.08574,0.55162,1.55616,6.76758,10.42517,1.99923,1.58624,1.15681
8.17067,10,0.20644,1,0.01433,0.04735,0.03067,0.00893,0.09294,0.25813,0.00919,0.01231,0.03646,0.07711,0.27199,0.02969,0.09479,0.00405,0.01207,27.19854,0.91892,9.29425,2.96947,3.06653,9.47882,25.81314,3.64562,0.40497,1.20652,4.73520,7.71081,1.43262,1.23144,0.89316,27.19854,0.91892,9.29425,2.96947,3.06653,9.47882,25.81314,3.64562,0.40497,1.20652,4.73520,7.71081,1.43262,1.23144,0.89316,27.19854,0.91892,9.29425,2.96947,3.06653,9.47882,25.81314,3.64562,0.40497,1.20652,4.73520,7.71081,1.43262,1.23144,0.89316
8.19200,5,0.18457,1,0.01004,0.03268,0.02125,0.00652,0.06442,0.46538,0.00641,0.02855,0.02518,0.05325,0.18860,0.02049,0.06541,0.00291,0.00890,18.86039,0.64139,6.44190,2.04936,2.12453,6.54107,46.53800,2.51850,0.29053,0.89047,3.26844,5.32543,1.00391,2.85458,0.65151,18.86039,0.64139,6.44190,2.04936,2.12453,6.54107,46.53800,2.51850,0.29053,0.89047,3.26844,5.32543,1.00391,2.85458,0.65151,18.86039,0.64139,6.44190,2.04936,2.12453,6.54107,46.53800,2.51850,0.29053,0.89047,3.26844,5.32543,1.00391,2.85458,0.65151
8.21333,5,0.16226,1,0.00710,0.02263,0.01471,0.00457,0.04478,0.61772,0.00449,0.02053,0.01794,0.03746,0.13770,0.01416,0.04523,0.00214,0.00883,13.76957,0.44852,4.47810,1.41621,1.47149,4.52298,61.77204,1.79399,0.21449,0.88309,2.26253,3.74627,0.71005,2.05323,0.45746,13.76957,0.44852,4.47810,1.41621,1.47149,4.52298,61.77204,1.79399,0.21449,0.88309,2.26253,3.74627,0.71005,2.05323,0.45746,13.76957,0.44852,4.47810,1.41621,1.47149,4.52298,61.77204,1.79399,0.21449,0.88309,2.26253,3.74627,0.71005,2.05323,0.45746
8.23467,5,0.14494,1,0.00608,0.01682,0.01159,0.00339,0.03475,0.67109,0.00339,0.01566,0.02662,0.03952,0.10618,0.00987,0.03379,0.00277,0.01848,10.61762,0.33870,3.47476,0.98708,1.15932,3.37945,67.10947,2.66205,0.27668,1.84832,1.68166,3.95219,0.60776,1.56624,0.33870,10.61762,0.33870,3.47476,0.98708,1.15932,3.37945,67.10947,2.66205,0.27668,1.84832,1.68166,3.95219,0.60776,1.56624,0.33870,10.61762,0.33870,3.47476,0.98708,1.15932,3.37945,67.10947,2.66205,0.27668,1.84832,1.68166,3.95219,0.60776,1.56624,0.33870
8.25600,5,0.16749,1,0.00505,0.01247,0.01007,0.00249,0.02516,0.63971,0.00300,0.01102,0.05075,0.05419,0.11552,0.01016,0.02704,0.01737,0.01598,11.55207,0.30008,2.51636,1.01617,1.00719,2.70439,63.97075,5.07528,1.73725,1.59825,1.24719,5.41906,0.50457,1.10235,0.24902,11.55207,0.30008,2.51636,1.01617,1.00719,2.70439,63.97075,5.07528,1.73725,1.59825,1.24719,5.41906,0.50457,1.10235,0.24902,11.55207,0.30008,2.51636,1.01617,1.00719,2.70439,63.97075,5.07528,1.73725,1.59825,1.24719,5.41906,0.50457,1.10235,0.24902
8.27733,5,0.23050,1,0.00355,0.00925,0.00797,0.00182,0.01772,0.47001,0.00292,0.00774,0.03687,0.05636,0.29069,0.02377,0.01941,0.03974,0.01218,29.06875,0.29202,1.77226,2.37661,0.79690,1.94129,47.00093,3.68681,3.97380,1.21821,0.92516,5.63586,0.35541,0.77427,0.18172,29.06875,0.29202,1.77226,2.37661,0.79690,1.94129,47.00093,3.68681,3.97380,1.21821,0.92516,5.63586,0.35541,0.77427,0.18172,29.06875,0.29202,1.77226,2.37661,0.79690,1.94129,47.00093,3.68681,3.97380,1.21821,0.92516,5.63586,0.35541,0.77427,0.18172
8.29867,10,0.25213,1,0.00248,0.10944,0.00624,0.00126,0.01238,0.32475,0.00202,0.00536,0.05926,0.04020,0.36587,0.01734,0.01582,0.02859,0.00898,36.58731,0.20218,1.23838,1.73412,0.62402,1.58163,32.47534,5.92566,2.85871,0.89835,10.94443,4.01959,0.24808,0.53625,0.12595,36.58731,0.20218,1.23838,1.73412,0.62402,1.58163,32.47534,5.92566,2.85871,0.89835,10.94443,4.01959,0.24808,0.53625,0.12595,36.58731,0.20218,1.23838,1.73412,0.62402,1.58163,32.47534,5.92566,2.85871,0.89835,10.94443,4.01959,0.24808,0.53625,0.12595
8.32000,1,0.24852,1,0.00172,0.34869,0.00676,0.00089,0.00859,0.22423,0.00140,0.00375,0.07041,0.02780,0.25675,0.01198,0.01094,0.01984,0.00623,25.67489,0.13975,0.85895,1.19844,0.67597,1.09401,22.42328,7.04102,1.98408,0.62345,34.86948,2.78037,0.17241,0.37511,0.08879,25.67489,0.13975,0.85895,1.19844,0.67597,1.09401,22.42328,7.04102,1.98408,0.62345,34.86948,2.78037,0.17241,0.37511,0.08879,25.67489,0.13975,0.85895,1.19844,0.67597,1.09401,22.42328,7.04102,1.98408,0.62345,34.86948,2.78037,0.17241,0.37511,0.08879
8.34133,1,0.25588,1,0.00132,0.53219,0.00749,0.00309,0.00636,0.15524,0.00098,0.00339,0.05909,0.01945,0.17737,0.00827,0.00757,0.01371,0.00448,17.73706,0.09777,0.63554,0.82732,0.74875,0.75690,15.52424,5.90940,1.37080,0.44764,53.21888,1.94542,0.13191,0.33923,0.30913,17.73706,0.09777,0.63554,0.82732,0.74875,0.75690,15.52424,5.90940,1.37080,0.44764,53.21888,1.94542,0.13191,0.33923,0.30913,17.73706,0.09777,0.63554,0.82732,0.74875,0.75690,15.52424,5.90940,1.37080,0.44764,53.21888,1.94542,0.13191,0.33923,0.30913
8.36267,1,0.25236,1,0.00147,0.59168,0.00889,0.01670,0.00627,0.10772,0.00129,0.04762,0.05725,0.01358,0.12352,0.00574,0.00545,0.00947,0.00335,12.35154,0.12914,0.62676,0.57374,0.88855,0.54540,10.77181,5.72512,0.94737,0.33508,59.16806,1.35825,0.14680,4.76215,1.67022,12.35154,0.12914,0.62676,0.57374,0.88855,0.54540,10.77181,5.72512,0.94737,0.33508,59.16806,1.35825,0.14680,4.76215,1.67022,12.35154,0.12914,0.62676,0.57374,0.88855,0.54540,10.77181,5.72512,0.94737,0.33508,59.16806,1.35825,0.14680,4.76215,1.67022
8.38400,1,0.23816,1,0.00121,0.56704,0.00824,0.01213,0.00619,0.07448,0.00109,0.16802,0.04908,0.00944,0.08627,0.00398,0.00398,0.00654,0.00232,8.62723,0.10877,0.61870,0.39770,0.82353,0.39830,7.44844,4.90785,0.65408,0.23201,56.70392,0.94370,0.12124,16.80174,1.21280,8.62723,0.10877,0.61870,0.39770,0.82353,0.39830,7.44844,4.90785,0.65408,0.23201,56.70392,0.94370,0.12124,16.80174,1.21280,8.62723,0.10877,0.61870,0.39770,0.82353,0.39830,7.44844,4.90785,0.65408,0.23201,56.70392,0.94370,0.12124,16.80174,1.21280
8.40533,7,0.23027,1,0.00089,0.39217,0.00585,0.00840,0.00467,0.05143,0.00086,0.42392,0.03392,0.00653,0.05970,0.00275,0.00278,0.00451,0.00160,5.97020,0.08606,0.46703,0.27460,0.58531,0.27843,5.14319,3.39208,0.45144,0.16023,39.21710,0.65315,0.08888,42.39183,0.84047,5.97020,0.08606,0.46703,0.27460,0.58531,0.27843,5.14319,3.39208,0.45144,0.16023,39.21710,0.65315,0.08888,42.39183,0.84047,5.97020,0.08606,0.46703,0.27460,0.58531,0.27843,5.14319,3.39208,0.45144,0.16023,39.21710,0.65315,0.08888,42.39183,0.84047
8.42667,7,0.22417,1,0.00064,0.27061,0.00411,0.00582,0.00362,0.03635,0.00071,0.60086,0.02347,0.00451,0.04123,0.00190,0.00195,0.00312,0.00111,4.12270,0.07123,0.36245,0.18967,0.41052,0.19484,3.63488,2.34703,0.31184,0.11069,27.06075,0.45106,0.06372,60.08648,0.58213,4.12270,0.07123,0.36245,0.18967,0.41052,0.19484,3.63488,2.34703,0.31184,0.11069,27.06075,0.45106,0.06372,60.08648,0.58213,4.12270,0.07123,0.36245,0.18967,0.41052,0.19484,3.63488,2.34703,0.31184,0.11069,27.06075,0.45106,0.06372,60.08648,0.58213
8.44800,7,0.20779,1,0.00047,0.18673,0.00291,0.00403,0.00300,0.02558,0.00063,0.72298,0.01632,0.00313,0.02856,0.00131,0.00143,0.00216,0.00078,2.85560,0.06275,0.29951,0.13128,0.29112,0.14251,2.55804,1.63199,0.21601,0.07790,18.67290,0.31262,0.04663,72.29809,0.40307,2.85560,0.06275,0.29951,0.13128,0.29112,0.14251,2.55804,1.63199,0.21601,0.07790,18.67290,0.31262,0.04663,72.29809,0.40307,2.85560,0.06275,0.29951,0.13128,0.29112,0.14251,2.55804,1.63199,0.21601,0.07790,18.67290,0.31262,0.04663,72.29809,0.40307
8.46933,7,0.17828,1,0.00049,0.13120,0.01360,0.00284,0.00575,0.02026,0.00058,0.78586,0.01130,0.00223,0.01998,0.00092,0.00112,0.00154,0.00234,1.99797,0.05775,0.57512,0.09175,1.35966,0.11194,2.02591,1.12975,0.15423,0.23384,13.12003,0.22295,0.04855,78.58645,0.28412,1.99797,0.05775,0.57512,0.09175,1.35966,0.11194,2.02591,1.12975,0.15423,0.23384,13.12003,0.22295,0.04855,78.58645,0.28412,1.99797,0.05775,0.57512,0.09175,1.35966,0.11194,2.02591,1.12975,0.15423,0.23384,13.12003,0.22295,0.04855,78.58645,0.28412
8.49067,7,0.21943,1,0.00168,0.11380,0.02844,0.00197,0.00464,0.01698,0.00068,0.70032,0.01107,0.00763,0.04080,0.00132,0.00738,0.01163,0.05167,4.07991,0.06753,0.46431,0.13168,2.84417,0.73784,1.69752,1.10733,1.16304,5.16727,11.37973,0.76283,0.16768,70.03188,0.19726,4.07991,0.06753,0.46431,0.13168,2.84417,0.73784,1.69752,1.10733,1.16304,5.16727,11.37973,0.76283,0.16768,70.03188,0.19726,4.07991,0.06753,0.46431,0.13168,2.84417,0.73784,1.69752,1.10733,1.16304,5.16727,11.37973,0.76283,0.16768,70.03188,0.19726
8.51200,7,0.25180,1,0.00123,0.07869,0.01969,0.00137,0.00323,0.01193,0.00047,0.48392,0.03403,0.00612,0.07689,0.00262,0.01000,0.22789,0.04191,7.68922,0.04735,0.32321,0.26212,1.96929,0.99991,1.19285,3.40288,22.78870,4.19112,7.86892,0.61209,0.12283,48.39246,0.13707,7.68922,0.04735,0.32321,0.26212,1.96929,0.99991,1.19285,3.40288,22.78870,4.19112,7.86892,0.61209,0.12283,48.39246,0.13707,7.68922,0.04735,0.32321,0.26212,1.96929,0.99991,1.19285,3.40288,22.78870,4.19112,7.86892,0.61209,0.12283,48.39246,0.13707
8.53333,13,0.25515,1,0.00088,0.05551,0.01566,0.00102,0.00259,0.00841,0.00033,0.33393,0.05882,0.00530,0.10850,0.00273,0.00949,0.36221,0.03461,10.85017,0.03299,0.25876,0.27269,1.56557,0.94872,0.84066,5.88249,36.22145,3.46112,5.55108,0.53026,0.08838,33.39341,0.10226,10.85017,0.03299,0.25876,0.27269,1.56557,0.94872,0.84066,5.88249,36.22145,3.46112,5.55108,0.53026,0.08838,33.39341,0.10226,10.85017,0.03299,0.25876,0.27269,1.56557,0.94872,0.84066,5.88249,36.22145,3.46112,5.55108,0.53026,0.08838,33.39341,0.10226
8.55467,13,0.25092,1,0.00071,0.06131,0.01889,0.00101,0.00203,0.00946,0.00023,0.23049,0.06995,0.00444,0.08077,0.00243,0.00732,0.47920,0.03175,8.07668,0.02350,0.20310,0.24277,1.88887,0.73212,0.94595,6.99511,47.92022,3.17476,6.13074,0.44427,0.07132,23.04928,0.10133,8.07668,0.02350,0.20310,0.24277,1.88887,0.73212,0.94595,6.99511,47.92022,3.17476,6.13074,0.44427,0.07132,23.04928,0.10133,8.07668,0.02350,0.20310,0.24277,1.88887,0.73212,0.94595,6.99511,47.92022,3.17476,6.13074,0.44427,0.07132,23.04928,0.10133
8.57600,13,0.24202,1,0.00101,0.04468,0.01677,0.00086,0.00190,0.01166,0.00017,0.15914,0.12225,0.00474,0.06029,0.00184,0.00525,0.54419,0.02526,6.02862,0.01736,0.18971,0.18401,1.67700,0.52486,1.16582,12.22456,54.41888,2.52553,4.46760,0.47419,0.10144,15.91394,0.08647,6.02862,0.01736,0.18971,0.18401,1.67700,0.52486,1.16582,12.22456,54.41888,2.52553,4.46760,0.47419,0.10144,15.91394,0.08647,6.02862,0.01736,0.18971,0.18401,1.67700,0.52486,1.16582,12.22456,54.41888,2.52553,4.46760,0.47419,0.10144,15.91394,0.08647
8.59733,13,0.23188,1,0.00420,0.03178,0.04258,0.00075,0.00271,0.01116,0.00015,0.11058,0.18579,0.01094,0.04269,0.00132,0.00370,0.52546,0.02618,4.26938,0.01478,0.27108,0.13245,4.25780,0.37022,1.11616,18.57885,52.54615,2.61822,3.17808,1.09404,0.41971,11.05801,0.07505,4.26938,0.01478,0.27108,0.13245,4.25780,0.37022,1.11616,18.57885,52.54615,2.61822,3.17808,1.09404,0.41971,11.05801,0.07505,4.26938,0.01478,0.27108,0.13245,4.25780,0.37022,1.11616,18.57885,52.54615,2.61822,3.17808,1.09404,0.41971,11.05801,0.07505
8.61867,13,0.22375,1,0.00570,0.02339,0.04786,0.00094,0.00307,0.00872,0.00015,0.07672,0.30220,0.04690,0.02997,0.00099,0.00276,0.37080,0.07983,2.99699,0.01536,0.30725,0.09896,4.78629,0.27573,0.87167,30.22015,37.08027,7.98291,2.33872,4.69037,0.57009,7.67157,0.09367,2.99699,0.01536,0.30725,0.09896,4.78629,0.27573,0.87167,30.22015,37.08027,7.98291,2.33872,4.69037,0.57009,7.67157,0.09367,2.99699,0.01536,0.30725,0.09896,4.78629,0.27573,0.87167,30.22015,37.08027,7.98291,2.33872,4.69037,0.57009,7.67157,0.09367
8.64000,8,0.20177,1,0.00671,0.01816,0.04298,0.00138,0.00614,0.00668,0.00463,0.20749,0.33129,0.03291,0.02117,0.00074,0.00226,0.26179,0.05567,2.11714,0.46270,0.61417,0.07360,4.29836,0.22635,0.66768,33.12889,26.17850,5.56723,1.81606,3.29078,0.67132,20.74897,0.13825,2.11714,0.46270,0.61417,0.07360,4.29836,0.22635,0.66768,33.12889,26.17850,5.56723,1.81606,3.29078,0.67132,20.74897,0.13825,2.11714,0.46270,0.61417,0.07360,4.29836,0.22635,0.66768,33.12889,26.17850,5.56723,1.81606,3.29078,0.67132,20.74897,0.13825
8.66133,7,0.23417,1,0.00517,0.01261,0.03332,0.00101,0.00456,0.00475,0.01962,0.42919,0.23090,0.02277,0.01473,0.00051,0.00161,0.18081,0.03846,1.47256,1.96151,0.45562,0.05133,3.33171,0.16139,0.47479,23.09001,18.08119,3.84582,1.26057,2.27663,0.51712,42.91886,0.10089,1.47256,1.96151,0.45562,0.05133,3.33171,0.16139,0.47479,23.09001,18.08119,3.84582,1.26057,2.27663,0.51712,42.91886,0.10089,1.47256,1.96151,0.45562,0.05133,3.33171,0.16139,0.47479,23.09001,18.08119,3.84582,1.26057,2.27663,0.51712,42.91886,0.10089
8.68267,7,0.22942,1,0.00379,0.00877,0.02342,0.00086,0.00348,0.00334,0.01408,0.60412,0.15947,0.01571,0.01018,0.00036,0.00112,0.12477,0.02654,1.01763,1.40807,0.34836,0.03553,2.34238,0.11215,0.33418,15.94652,12.47723,2.65393,0.87654,1.57104,0.37890,60.41174,0.08582,1.01763,1.40807,0.34836,0.03553,2.34238,0.11215,0.33418,15.94652,12.47723,2.65393,0.87654,1.57104,0.37890,60.41174,0.08582,1.01763,1.40807,0.34836,0.03553,2.34238,0.11215,0.33418,15.94652,12.47723,2.65393,0.87654,1.57104,0.37890,60.41174,0.08582
8.70400,7,0.21583,1,0.00312,0.00611,0.01651,0.00070,0.00333,0.00264,0.01008,0.72396,0.11021,0.01084,0.00704,0.00025,0.00079,0.08610,0.01832,0.70424,1.00766,0.33344,0.02471,1.65109,0.07851,0.26365,11.02129,8.61022,1.83182,0.61117,1.08418,0.31184,72.39580,0.07037,0.70424,1.00766,0.33344,0.02471,1.65109,0.07851,0.26365,11.02129,8.61022,1.83182,0.61117,1.08418,0.31184,72.39580,0.07037,0.70424,1.00766,0.33344,0.02471,1.65109,0.07851,0.26365,11.02129,8.61022,1.83182,0.61117,1.08418,0.31184,72.39580,0.07037
